[NAV_PATH] 0.2225,0.1225
[NAV_END]
[PUSH_PATH] 0 0.2225,0.1225 0.219358,0.202438 0.19972,0.702052
[PUSH_CTRL] 0 3.57133 3.57133 TRACK
[PUSH_CTRL] 1 3.57133 3.57133 TRACK
[PUSH_CTRL] 2 3.57133 3.57133 TRACK
[PUSH_CTRL] 3 3.57133 3.57133 TRACK
[PUSH_CTRL] 4 3.57133 3.57133 TRACK
[PUSH_CTRL] 5 3.57133 3.57133 TRACK
[PUSH_CTRL] 6 3.57133 3.57133 TRACK
[PUSH_CTRL] 7 3.57133 3.57133 TRACK
[PUSH_CTRL] 8 3.57133 3.57133 TRACK
[PUSH_CTRL] 9 3.57133 3.57133 TRACK
[PUSH_CTRL] 10 3.57133 3.57133 TRACK
[PUSH_CTRL] 11 3.57133 3.57133 TRACK
[PUSH_CTRL] 12 3.57133 3.57133 TRACK
[PUSH_CTRL] 13 3.57133 3.57133 TRACK
[PUSH_CTRL] 14 3.57133 3.57133 TRACK
[PUSH_CTRL] 15 3.57133 3.57133 TRACK
[PUSH_CTRL] 16 3.57133 3.57133 TRACK
[PUSH_CTRL] 17 3.57133 3.57133 TRACK
[PUSH_CTRL] 18 3.57133 3.57133 TRACK
[PUSH_CTRL] 19 3.57133 3.57133 TRACK
[PUSH_CTRL] 20 3.57133 3.57133 TRACK
[PUSH_CTRL] 21 3.57133 3.57133 TRACK
[PUSH_CTRL] 22 3.57133 3.57133 TRACK
[PUSH_CTRL] 23 3.57133 3.57133 TRACK
[PUSH_CTRL] 24 3.57133 3.57133 TRACK
[PUSH_CTRL] 25 3.57133 3.57133 TRACK
[PUSH_CTRL] 26 3.57133 3.57133 TRACK
[PUSH_CTRL] 27 3.57133 3.57133 TRACK
[PUSH_CTRL] 28 3.57133 3.57133 TRACK
[PUSH_CTRL] 29 3.57133 3.57133 TRACK
[PUSH_CTRL] 30 3.57133 3.57133 TRACK
[PUSH_CTRL] 31 3.57133 3.57133 TRACK
[PUSH_CTRL] 32 3.57133 3.57133 TRACK
[PUSH_CTRL] 33 3.57133 3.57133 TRACK
[PUSH_CTRL] 34 3.57133 3.57133 TRACK
[PUSH_CTRL] 35 3.57133 3.57133 TRACK
[PUSH_CTRL] 36 3.57133 3.57133 TRACK
[PUSH_CTRL] 37 3.57133 3.57133 TRACK
[PUSH_CTRL] 38 3.57133 3.57133 TRACK
[PUSH_CTRL] 39 3.57133 3.57133 TRACK
[PUSH_CTRL] 40 3.57133 3.57133 TRACK
[PUSH_CTRL] 41 3.57133 3.57133 TRACK
[PUSH_CTRL] 42 3.57133 3.57133 TRACK
[PUSH_CTRL] 43 3.57133 3.57133 TRACK
[PUSH_CTRL] 44 3.57133 3.57133 TRACK
[PUSH_CTRL] 45 3.57133 3.57133 TRACK
[PUSH_CTRL] 46 3.57133 3.57133 TRACK
[PUSH_CTRL] 47 3.57133 3.57133 TRACK
[PUSH_CTRL] 48 3.57133 3.57133 TRACK
[PUSH_CTRL] 49 3.57133 3.57133 TRACK
[PUSH_CTRL] 50 3.57133 3.57133 TRACK
[PUSH_CTRL] 51 3.57133 3.57133 TRACK
[PUSH_CTRL] 52 3.57133 3.57133 TRACK
[PUSH_CTRL] 53 3.57133 3.57133 TRACK
[PUSH_CTRL] 54 3.57133 3.57133 TRACK
[PUSH_CTRL] 55 3.57133 3.57133 TRACK
[PUSH_CTRL] 56 3.57133 3.57133 TRACK
[PUSH_CTRL] 57 3.57133 3.57133 TRACK
[PUSH_CTRL] 58 3.57133 3.57133 TRACK
[PUSH_CTRL] 59 3.57133 3.57133 TRACK
[PUSH_CTRL] 60 3.57133 3.57133 TRACK
[PUSH_CTRL] 61 3.57133 3.57133 TRACK
[PUSH_CTRL] 62 3.57133 3.57133 TRACK
[PUSH_CTRL] 63 3.57133 3.57133 TRACK
[PUSH_CTRL] 64 3.57133 3.57133 TRACK
[PUSH_CTRL] 65 3.57133 3.57133 TRACK
[PUSH_CTRL] 66 3.57133 3.57133 TRACK
[PUSH_CTRL] 67 3.57133 3.57133 TRACK
[PUSH_CTRL] 68 3.57133 3.57133 TRACK
[PUSH_CTRL] 69 3.57133 3.57133 TRACK
[PUSH_CTRL] 70 3.57133 3.57133 TRACK
[PUSH_CTRL] 71 3.57133 3.57133 TRACK
[PUSH_CTRL] 72 3.57133 3.57133 TRACK
[PUSH_CTRL] 73 3.57133 3.57133 TRACK
[PUSH_CTRL] 74 3.57133 3.57133 TRACK
[PUSH_CTRL] 75 3.57133 3.57133 TRACK
[PUSH_CTRL] 76 3.57133 3.57133 TRACK
[PUSH_CTRL] 77 3.57133 3.57133 TRACK
[PUSH_CTRL] 78 3.57133 3.57133 TRACK
[PUSH_CTRL] 79 3.57133 3.57133 TRACK
[PUSH_CTRL] 80 3.57133 3.57133 TRACK
[PUSH_CTRL] 81 3.57133 3.57133 TRACK
[PUSH_CTRL] 82 3.57133 3.57133 TRACK
[PUSH_CTRL] 83 3.57133 3.57133 TRACK
[PUSH_CTRL] 84 3.57133 3.57133 TRACK
[PUSH_CTRL] 85 3.57133 3.57133 TRACK
[PUSH_CTRL] 86 3.57133 3.57133 TRACK
[PUSH_CTRL] 87 3.57133 3.57133 TRACK
[PUSH_CTRL] 88 3.57133 3.57133 TRACK
[PUSH_CTRL] 89 3.57133 3.57133 TRACK
[PUSH_CTRL] 90 3.57133 3.57133 TRACK
[PUSH_CTRL] 91 3.57133 3.57133 TRACK
[PUSH_CTRL] 92 3.57133 3.57133 TRACK
[PUSH_CTRL] 93 3.57133 3.57133 TRACK
[PUSH_CTRL] 94 3.57133 3.57133 TRACK
[PUSH_CTRL] 95 3.57133 3.57133 TRACK
[PUSH_CTRL] 96 3.57133 3.57133 TRACK
[PUSH_CTRL] 97 3.57133 3.57133 TRACK
[PUSH_CTRL] 98 3.57133 3.57133 TRACK
[PUSH_CTRL] 99 3.57133 3.57133 TRACK
[PUSH_CTRL] 100 3.57133 3.57133 TRACK
[PUSH_CTRL] 101 3.57133 3.57133 TRACK
[PUSH_CTRL] 102 3.57133 3.57133 TRACK
[PUSH_CTRL] 103 3.57133 3.57133 TRACK
[PUSH_CTRL] 104 3.57133 3.57133 TRACK
[PUSH_CTRL] 105 3.57133 3.57133 TRACK
[PUSH_CTRL] 106 3.57133 3.57133 TRACK
[PUSH_CTRL] 107 3.57133 3.57133 TRACK
[PUSH_CTRL] 108 3.57133 3.57133 TRACK
[PUSH_CTRL] 109 3.57133 3.57133 TRACK
[PUSH_CTRL] 110 3.57133 3.57133 TRACK
[PUSH_CTRL] 111 3.57133 3.57133 TRACK
[PUSH_CTRL] 112 3.57133 3.57133 TRACK
[PUSH_CTRL] 113 3.57133 3.57133 TRACK
[PUSH_CTRL] 114 3.57133 3.57133 TRACK
[PUSH_CTRL] 115 3.57133 3.57133 TRACK
[PUSH_CTRL] 116 3.57133 3.57133 TRACK
[PUSH_CTRL] 117 3.57133 3.57133 TRACK
[PUSH_CTRL] 118 3.57133 3.57133 TRACK
[PUSH_CTRL] 119 3.57133 3.57098 TRACK
[PUSH_CTRL] 120 3.57133 3.57132 TRACK
[PUSH_CTRL] 121 3.57111 3.57133 TRACK
[PUSH_CTRL] 122 3.57077 3.57133 TRACK
[PUSH_CTRL] 123 3.57068 3.57133 TRACK
[PUSH_CTRL] 124 3.57066 3.57133 TRACK
[PUSH_CTRL] 125 3.5707 3.57133 TRACK
[PUSH_CTRL] 126 3.57078 3.57133 TRACK
[PUSH_CTRL] 127 3.57075 3.57133 TRACK
[PUSH_CTRL] 128 3.56954 3.57133 TRACK
[PUSH_CTRL] 129 3.56832 3.57133 TRACK
[PUSH_CTRL] 130 3.56715 3.57133 TRACK
[PUSH_CTRL] 131 3.56605 3.57133 TRACK
[PUSH_CTRL] 132 3.56505 3.57133 TRACK
[PUSH_CTRL] 133 3.56407 3.57133 TRACK
[PUSH_CTRL] 134 3.56386 3.57133 TRACK
[PUSH_CTRL] 135 3.56426 3.57133 TRACK
[PUSH_CTRL] 136 3.56535 3.57133 TRACK
[PUSH_CTRL] 137 3.56708 3.57133 TRACK
[PUSH_CTRL] 138 3.56952 3.57133 TRACK
[PUSH_CTRL] 139 3.57054 3.57133 TRACK
[PUSH_CTRL] 140 3.57022 3.57133 TRACK
[PUSH_CTRL] 141 3.56943 3.57133 TRACK
[PUSH_CTRL] 142 3.56833 3.57133 TRACK
[PUSH_CTRL] 143 3.56754 3.57133 TRACK
[PUSH_CTRL] 144 3.56666 3.57133 TRACK
[PUSH_CTRL] 145 3.56581 3.57133 TRACK
[PUSH_CTRL] 146 3.56522 3.57133 TRACK
[PUSH_CTRL] 147 3.56514 3.57133 TRACK
[PUSH_CTRL] 148 3.56566 3.57133 TRACK
[PUSH_CTRL] 149 3.56688 3.57133 TRACK
[PUSH_CTRL] 150 3.56748 3.57133 TRACK
[PUSH_CTRL] 151 3.56752 3.57133 TRACK
[PUSH_CTRL] 152 3.56448 3.57133 TRACK
[PUSH_CTRL] 153 3.5607 3.57133 TRACK
[PUSH_CTRL] 154 3.55585 3.57133 TRACK
[PUSH_CTRL] 155 3.55157 3.57133 TRACK
[PUSH_CTRL] 156 3.54795 3.57133 TRACK
[PUSH_CTRL] 157 3.54652 3.57133 TRACK
[PUSH_CTRL] 158 3.54588 3.57133 TRACK
[PUSH_CTRL] 159 3.54567 3.57133 TRACK
[PUSH_CTRL] 160 3.54582 3.57133 TRACK
[PUSH_CTRL] 161 3.54613 3.57133 TRACK
[PUSH_CTRL] 162 3.54655 3.57133 TRACK
[PUSH_CTRL] 163 3.54684 3.57133 TRACK
[PUSH_CTRL] 164 3.54609 3.57133 TRACK
[PUSH_CTRL] 165 3.54165 3.57133 TRACK
[PUSH_CTRL] 166 3.53663 3.57133 TRACK
[PUSH_CTRL] 167 3.5343 3.57133 TRACK
[PUSH_CTRL] 168 3.53014 3.57133 TRACK
[PUSH_CTRL] 169 3.52679 3.57133 TRACK
[PUSH_CTRL] 170 3.52357 3.57133 TRACK
[PUSH_CTRL] 171 3.52035 3.57133 TRACK
[PUSH_CTRL] 172 3.51715 3.57133 TRACK
[PUSH_CTRL] 173 3.5144 3.57133 TRACK
[PUSH_CTRL] 174 3.51218 3.57133 TRACK
[PUSH_CTRL] 175 3.51048 3.57133 TRACK
[PUSH_CTRL] 176 3.50916 3.57133 TRACK
[PUSH_CTRL] 177 3.50827 3.57133 TRACK
[PUSH_CTRL] 178 3.50935 3.57133 TRACK
[PUSH_CTRL] 179 3.51203 3.57133 TRACK
[PUSH_CTRL] 180 3.51146 3.57133 TRACK
[PUSH_CTRL] 181 3.51067 3.57133 TRACK
[PUSH_CTRL] 182 3.51013 3.57133 TRACK
[PUSH_CTRL] 183 3.51007 3.57133 TRACK
[PUSH_CTRL] 184 3.51151 3.57133 TRACK
[PUSH_CTRL] 185 3.51498 3.57133 TRACK
[PUSH_CTRL] 186 3.51747 3.57133 TRACK
[PUSH_CTRL] 187 3.51897 3.57133 TRACK
[PUSH_CTRL] 188 3.51952 3.57133 TRACK
[PUSH_CTRL] 189 3.52169 3.57133 TRACK
[PUSH_CTRL] 190 3.51888 3.57133 TRACK
[PUSH_CTRL] 191 3.51638 3.57133 TRACK
[PUSH_CTRL] 192 3.51444 3.57133 TRACK
[PUSH_CTRL] 193 3.51302 3.57133 TRACK
[PUSH_CTRL] 194 3.51209 3.57133 TRACK
[PUSH_CTRL] 195 3.51154 3.57133 TRACK
[PUSH_CTRL] 196 3.51132 3.57133 TRACK
[PUSH_CTRL] 197 3.51302 3.57133 TRACK
[PUSH_CTRL] 198 3.51941 3.57133 TRACK
[PUSH_CTRL] 199 3.52268 3.57133 TRACK
[PUSH_CTRL] 200 3.52528 3.57133 TRACK
[PUSH_CTRL] 201 3.52698 3.57133 TRACK
[PUSH_CTRL] 202 3.52799 3.57133 TRACK
[PUSH_CTRL] 203 3.52854 3.57133 TRACK
[PUSH_CTRL] 204 3.52876 3.57133 TRACK
[PUSH_CTRL] 205 3.52874 3.57133 TRACK
[PUSH_CTRL] 206 3.52856 3.57133 TRACK
[PUSH_CTRL] 207 3.52825 3.57133 TRACK
[PUSH_CTRL] 208 3.52998 3.57133 TRACK
[PUSH_CTRL] 209 3.53097 3.57133 TRACK
[PUSH_CTRL] 210 3.53134 3.57133 TRACK
[PUSH_CTRL] 211 3.53128 3.57133 TRACK
[PUSH_CTRL] 212 3.53071 3.57133 TRACK
[PUSH_CTRL] 213 3.52967 3.57133 TRACK
[PUSH_CTRL] 214 3.52943 3.57133 TRACK
[PUSH_CTRL] 215 3.53017 3.57133 TRACK
[PUSH_CTRL] 216 3.53191 3.57133 TRACK
[PUSH_CTRL] 217 3.53507 3.57133 TRACK
[PUSH_CTRL] 218 3.53908 3.57133 TRACK
[PUSH_CTRL] 219 3.54456 3.57133 TRACK
[PUSH_CTRL] 220 3.5472 3.57133 TRACK
[PUSH_CTRL] 221 3.54886 3.57133 TRACK
[PUSH_CTRL] 222 3.54973 3.57133 TRACK
[PUSH_CTRL] 223 3.54997 3.57133 TRACK
[PUSH_CTRL] 224 3.54829 3.57133 TRACK
[PUSH_CTRL] 225 3.54267 3.57133 TRACK
[PUSH_CTRL] 226 3.53716 3.57133 TRACK
[PUSH_CTRL] 227 3.52953 3.57133 TRACK
[PUSH_CTRL] 228 3.52201 3.57133 TRACK
[PUSH_CTRL] 229 3.51772 3.57133 TRACK
[PUSH_CTRL] 230 3.51163 3.57133 TRACK
[PUSH_CTRL] 231 3.50622 3.57133 TRACK
[PUSH_CTRL] 232 3.50147 3.57133 TRACK
[PUSH_CTRL] 233 3.49795 3.57133 TRACK
[PUSH_CTRL] 234 3.49556 3.57133 TRACK
[PUSH_CTRL] 235 3.49392 3.57133 TRACK
[PUSH_CTRL] 236 3.49365 3.57133 TRACK
[PUSH_CTRL] 237 3.49603 3.57133 TRACK
[PUSH_CTRL] 238 3.49892 3.57133 TRACK
[PUSH_CTRL] 239 3.5078 3.57133 TRACK
[PUSH_CTRL] 240 3.51273 3.57133 TRACK
[PUSH_CTRL] 241 3.51606 3.57133 TRACK
[PUSH_CTRL] 242 3.51808 3.57133 TRACK
[PUSH_CTRL] 243 3.51953 3.57133 TRACK
[PUSH_CTRL] 244 3.52057 3.57133 TRACK
[PUSH_CTRL] 245 3.52138 3.57133 TRACK
[PUSH_CTRL] 246 3.52206 3.57133 TRACK
[PUSH_CTRL] 247 3.52221 3.57133 TRACK
[PUSH_CTRL] 248 3.52253 3.57133 TRACK
[PUSH_CTRL] 249 3.52529 3.57133 TRACK
[PUSH_CTRL] 250 3.52526 3.57133 TRACK
[PUSH_CTRL] 251 3.52529 3.57133 TRACK
[PUSH_CTRL] 252 3.52483 3.57133 TRACK
[PUSH_CTRL] 253 3.52279 3.57133 TRACK
[PUSH_CTRL] 254 3.52024 3.57133 TRACK
[PUSH_CTRL] 255 3.51718 3.57133 TRACK
[PUSH_CTRL] 256 3.51405 3.57133 TRACK
[PUSH_CTRL] 257 3.51096 3.57133 TRACK
[PUSH_CTRL] 258 3.50821 3.57133 TRACK
[PUSH_CTRL] 259 3.5104 3.57133 TRACK
[PUSH_CTRL] 260 3.50991 3.57133 TRACK
[PUSH_CTRL] 261 3.50944 3.57133 TRACK
[PUSH_CTRL] 262 3.50763 3.57133 TRACK
[PUSH_CTRL] 263 3.50332 3.57133 TRACK
[PUSH_CTRL] 264 3.49901 3.57133 TRACK
[PUSH_CTRL] 265 3.49506 3.57133 TRACK
[PUSH_CTRL] 266 3.49183 3.57133 TRACK
[PUSH_CTRL] 267 3.48923 3.57133 TRACK
[PUSH_CTRL] 268 3.48715 3.57133 TRACK
[PUSH_CTRL] 269 3.48902 3.57133 TRACK
[PUSH_CTRL] 270 3.48741 3.57133 TRACK
[PUSH_CTRL] 271 3.48609 3.57133 TRACK
[PUSH_CTRL] 272 3.48598 3.57133 TRACK
[PUSH_CTRL] 273 3.48987 3.57133 TRACK
[PUSH_CTRL] 274 3.49148 3.57133 TRACK
[PUSH_CTRL] 275 3.49295 3.57133 TRACK
[PUSH_CTRL] 276 3.49392 3.57133 TRACK
[PUSH_CTRL] 277 3.49369 3.57133 TRACK
[PUSH_CTRL] 278 3.49238 3.57133 TRACK
[PUSH_CTRL] 279 3.4941 3.57133 TRACK
[PUSH_CTRL] 280 3.49142 3.57133 TRACK
[PUSH_CTRL] 281 3.48844 3.57133 TRACK
[PUSH_CTRL] 282 3.48513 3.57133 TRACK
[PUSH_CTRL] 283 3.48167 3.57133 TRACK
[PUSH_CTRL] 284 3.4788 3.57133 TRACK
[PUSH_CTRL] 285 3.47579 3.57133 TRACK
[PUSH_CTRL] 286 3.47338 3.57133 TRACK
[PUSH_CTRL] 287 3.47208 3.57133 TRACK
[PUSH_CTRL] 288 3.47466 3.57133 TRACK
[PUSH_CTRL] 289 3.47302 3.57133 TRACK
[PUSH_CTRL] 290 3.47102 3.57133 TRACK
[PUSH_CTRL] 291 3.46949 3.57133 TRACK
[PUSH_CTRL] 292 3.4683 3.57133 TRACK
[PUSH_CTRL] 293 3.46691 3.57133 TRACK
[PUSH_CTRL] 294 3.46524 3.57133 TRACK
[PUSH_CTRL] 295 3.46691 3.57133 TRACK
[PUSH_CTRL] 296 3.46847 3.57133 TRACK
[PUSH_CTRL] 297 3.46981 3.57133 TRACK
[PUSH_CTRL] 298 3.47076 3.57133 TRACK
[PUSH_CTRL] 299 3.47536 3.57133 TRACK
[PUSH_CTRL] 300 3.4755 3.57133 TRACK
[PUSH_CTRL] 301 3.47534 3.57133 TRACK
[PUSH_CTRL] 302 3.47482 3.57133 TRACK
[PUSH_CTRL] 303 3.47407 3.57133 TRACK
[PUSH_CTRL] 304 3.47308 3.57133 TRACK
[PUSH_CTRL] 305 3.47217 3.57133 TRACK
[PUSH_CTRL] 306 3.47151 3.57133 TRACK
[PUSH_CTRL] 307 3.46932 3.57133 TRACK
[PUSH_CTRL] 308 3.47112 3.57133 TRACK
[PUSH_CTRL] 309 3.46878 3.57133 TRACK
[PUSH_CTRL] 310 3.46656 3.57133 TRACK
[PUSH_CTRL] 311 3.46494 3.57133 TRACK
[PUSH_CTRL] 312 3.46657 3.57133 TRACK
[PUSH_CTRL] 313 3.46823 3.57133 TRACK
[PUSH_CTRL] 314 3.46967 3.57133 TRACK
[PUSH_CTRL] 315 3.47356 3.57133 TRACK
[PUSH_CTRL] 316 3.47518 3.57133 TRACK
[PUSH_CTRL] 317 3.4797 3.57133 TRACK
[PUSH_CTRL] 318 3.47946 3.57133 TRACK
[PUSH_CTRL] 319 3.47865 3.57133 TRACK
[PUSH_CTRL] 320 3.47659 3.57133 TRACK
[PUSH_CTRL] 321 3.47401 3.57133 TRACK
[PUSH_CTRL] 322 3.47194 3.57133 TRACK
[PUSH_CTRL] 323 3.47016 3.57133 TRACK
[PUSH_CTRL] 324 3.46832 3.57133 TRACK
[PUSH_CTRL] 325 3.4662 3.57133 TRACK
[PUSH_CTRL] 326 3.46902 3.57133 TRACK
[PUSH_CTRL] 327 3.46843 3.57133 TRACK
[PUSH_CTRL] 328 3.46853 3.57133 TRACK
[PUSH_CTRL] 329 3.46896 3.57133 TRACK
[PUSH_CTRL] 330 3.46924 3.57133 TRACK
[PUSH_CTRL] 331 3.46969 3.57133 TRACK
[PUSH_CTRL] 332 3.47246 3.57133 TRACK
[PUSH_CTRL] 333 3.47439 3.57133 TRACK
[PUSH_CTRL] 334 3.4811 3.57133 TRACK
[PUSH_CTRL] 335 3.48452 3.57133 TRACK
[PUSH_CTRL] 336 3.48711 3.57133 TRACK
[PUSH_CTRL] 337 3.48876 3.57133 TRACK
[PUSH_CTRL] 338 3.48863 3.57133 TRACK
[PUSH_CTRL] 339 3.48761 3.57133 TRACK
[PUSH_CTRL] 340 3.48577 3.57133 TRACK
[PUSH_CTRL] 341 3.48668 3.57133 TRACK
[PUSH_CTRL] 342 3.48783 3.57133 TRACK
[PUSH_CTRL] 343 3.49213 3.57133 TRACK
[PUSH_CTRL] 344 3.493 3.57133 TRACK
[PUSH_CTRL] 345 3.49334 3.57133 TRACK
[PUSH_CTRL] 346 3.49314 3.57133 TRACK
[PUSH_CTRL] 347 3.48975 3.57133 TRACK
[PUSH_CTRL] 348 3.48646 3.57133 TRACK
[PUSH_CTRL] 349 3.48328 3.57133 TRACK
[PUSH_CTRL] 350 3.48012 3.57133 TRACK
[PUSH_CTRL] 351 3.47735 3.57133 TRACK
[PUSH_CTRL] 352 3.47889 3.57133 TRACK
[PUSH_CTRL] 353 3.47755 3.57133 TRACK
[PUSH_CTRL] 354 3.47668 3.57133 TRACK
[PUSH_CTRL] 355 3.47715 3.57133 TRACK
[PUSH_CTRL] 356 3.47983 3.57133 TRACK
[PUSH_CTRL] 357 3.48251 3.57133 TRACK
[PUSH_CTRL] 358 3.48486 3.57133 TRACK
[PUSH_CTRL] 359 3.48709 3.57133 TRACK
[PUSH_CTRL] 360 3.49182 3.57133 TRACK
[PUSH_CTRL] 361 3.49287 3.57133 TRACK
[PUSH_CTRL] 362 3.49285 3.57133 TRACK
[PUSH_CTRL] 363 3.49156 3.57133 TRACK
[PUSH_CTRL] 364 3.48916 3.57133 TRACK
[PUSH_CTRL] 365 3.48624 3.57133 TRACK
[PUSH_CTRL] 366 3.48252 3.57133 TRACK
[PUSH_CTRL] 367 3.47875 3.57133 TRACK
[PUSH_CTRL] 368 3.475 3.57133 TRACK
[PUSH_CTRL] 369 3.47586 3.57133 TRACK
[PUSH_CTRL] 370 3.4739 3.57133 TRACK
[PUSH_CTRL] 371 3.47344 3.57133 TRACK
[PUSH_CTRL] 372 3.47555 3.57133 TRACK
[PUSH_CTRL] 373 3.47878 3.57133 TRACK
[PUSH_CTRL] 374 3.48192 3.57133 TRACK
[PUSH_CTRL] 375 3.48492 3.57133 TRACK
[PUSH_CTRL] 376 3.48633 3.57133 TRACK
[PUSH_CTRL] 377 3.48704 3.57133 TRACK
[PUSH_CTRL] 378 3.4901 3.57133 TRACK
[PUSH_CTRL] 379 3.49017 3.57133 TRACK
[PUSH_CTRL] 380 3.48954 3.57133 TRACK
[PUSH_CTRL] 381 3.48671 3.57133 TRACK
[PUSH_CTRL] 382 3.48209 3.57133 TRACK
[PUSH_CTRL] 383 3.47817 3.57133 TRACK
[PUSH_CTRL] 384 3.47433 3.57133 TRACK
[PUSH_CTRL] 385 3.47064 3.57133 TRACK
[PUSH_CTRL] 386 3.46771 3.57133 TRACK
[PUSH_CTRL] 387 3.46915 3.57133 TRACK
[PUSH_CTRL] 388 3.46873 3.57133 TRACK
[PUSH_CTRL] 389 3.4699 3.57133 TRACK
[PUSH_CTRL] 390 3.47151 3.57133 TRACK
[PUSH_CTRL] 391 3.47204 3.57133 TRACK
[PUSH_CTRL] 392 3.47078 3.57133 TRACK
[PUSH_CTRL] 393 3.46935 3.57133 TRACK
[PUSH_CTRL] 394 3.46797 3.57133 TRACK
[PUSH_CTRL] 395 3.46668 3.57133 TRACK
[PUSH_CTRL] 396 3.4655 3.57133 TRACK
[PUSH_CTRL] 397 3.46821 3.57133 TRACK
[PUSH_CTRL] 398 3.46727 3.57133 TRACK
[PUSH_CTRL] 399 3.46639 3.57133 TRACK
[PUSH_CTRL] 400 3.46871 3.57133 TRACK
[PUSH_CTRL] 401 3.47098 3.57133 TRACK
[PUSH_CTRL] 402 3.4731 3.57133 TRACK
[PUSH_CTRL] 403 3.47502 3.57133 TRACK
[PUSH_CTRL] 404 3.47339 3.57133 TRACK
[PUSH_CTRL] 405 3.47079 3.57133 TRACK
[PUSH_CTRL] 406 3.47106 3.57133 TRACK
[PUSH_CTRL] 407 3.46799 3.57133 TRACK
[PUSH_CTRL] 408 3.46556 3.57133 TRACK
[PUSH_CTRL] 409 3.46338 3.57133 TRACK
[PUSH_CTRL] 410 3.46146 3.57133 TRACK
[PUSH_CTRL] 411 3.46017 3.57133 TRACK
[PUSH_CTRL] 412 3.45986 3.57133 TRACK
[PUSH_CTRL] 413 3.46092 3.57133 TRACK
[PUSH_CTRL] 414 3.46273 3.57133 TRACK
[PUSH_CTRL] 415 3.46877 3.57133 TRACK
[PUSH_CTRL] 416 3.47046 3.57133 TRACK
[PUSH_CTRL] 417 3.47149 3.57133 TRACK
[PUSH_CTRL] 418 3.47094 3.57133 TRACK
[PUSH_CTRL] 419 3.47057 3.57133 TRACK
[PUSH_CTRL] 420 3.47011 3.57133 TRACK
[PUSH_CTRL] 421 3.46961 3.57133 TRACK
[PUSH_CTRL] 422 3.46916 3.57133 TRACK
[PUSH_CTRL] 423 3.47281 3.57133 TRACK
[PUSH_CTRL] 424 3.47257 3.57133 TRACK
[PUSH_CTRL] 425 3.47205 3.57133 TRACK
[PUSH_CTRL] 426 3.47137 3.57133 TRACK
[PUSH_CTRL] 427 3.46983 3.57133 TRACK
[PUSH_CTRL] 428 3.46813 3.57133 TRACK
[PUSH_CTRL] 429 3.46605 3.57133 TRACK
[PUSH_CTRL] 430 3.46378 3.57133 TRACK
[PUSH_CTRL] 431 3.46591 3.57133 TRACK
[PUSH_CTRL] 432 3.46459 3.57133 TRACK
[PUSH_CTRL] 433 3.46407 3.57133 TRACK
[PUSH_CTRL] 434 3.46316 3.57133 TRACK
[PUSH_CTRL] 435 3.46149 3.57133 TRACK
[PUSH_CTRL] 436 3.45901 3.57133 TRACK
[PUSH_CTRL] 437 3.45638 3.57133 TRACK
[PUSH_CTRL] 438 3.45393 3.57133 TRACK
[PUSH_CTRL] 439 3.45171 3.57133 TRACK
[PUSH_CTRL] 440 3.44989 3.57133 TRACK
[PUSH_CTRL] 441 3.45335 3.57133 TRACK
[PUSH_CTRL] 442 3.45235 3.57133 TRACK
[PUSH_CTRL] 443 3.45155 3.57133 TRACK
[PUSH_CTRL] 444 3.44978 3.57133 TRACK
[PUSH_CTRL] 445 3.44922 3.57133 TRACK
[PUSH_CTRL] 446 3.45064 3.57133 TRACK
[PUSH_CTRL] 447 3.45262 3.57133 TRACK
[PUSH_CTRL] 448 3.45388 3.57133 TRACK
[PUSH_CTRL] 449 3.4594 3.57133 TRACK
[PUSH_CTRL] 450 3.45986 3.57133 TRACK
[PUSH_CTRL] 451 3.46045 3.57133 TRACK
[PUSH_CTRL] 452 3.4609 3.57133 TRACK
[PUSH_CTRL] 453 3.46057 3.57133 TRACK
[PUSH_CTRL] 454 3.4601 3.57133 TRACK
[PUSH_CTRL] 455 3.45924 3.57133 TRACK
[PUSH_CTRL] 456 3.45781 3.57133 TRACK
[PUSH_CTRL] 457 3.46053 3.57133 TRACK
[PUSH_CTRL] 458 3.45837 3.57133 TRACK
[PUSH_CTRL] 459 3.45543 3.57133 TRACK
[PUSH_CTRL] 460 3.4527 3.57133 TRACK
[PUSH_CTRL] 461 3.45038 3.57133 TRACK
[PUSH_CTRL] 462 3.44855 3.57133 TRACK
[PUSH_CTRL] 463 3.44731 3.57133 TRACK
[PUSH_CTRL] 464 3.4466 3.57133 TRACK
[PUSH_CTRL] 465 3.44626 3.57133 TRACK
[PUSH_CTRL] 466 3.45134 3.57133 TRACK
[PUSH_CTRL] 467 3.45283 3.57133 TRACK
[PUSH_CTRL] 468 3.45534 3.57133 TRACK
[PUSH_CTRL] 469 3.45729 3.57133 TRACK
[PUSH_CTRL] 470 3.45877 3.57133 TRACK
[PUSH_CTRL] 471 3.45983 3.57133 TRACK
[PUSH_CTRL] 472 3.46054 3.57133 TRACK
[PUSH_CTRL] 473 3.46029 3.57133 TRACK
[PUSH_CTRL] 474 3.45848 3.57133 TRACK
[PUSH_CTRL] 475 3.46139 3.57133 TRACK
[PUSH_CTRL] 476 3.45958 3.57133 TRACK
[PUSH_CTRL] 477 3.45789 3.57133 TRACK
[PUSH_CTRL] 478 3.45638 3.57133 TRACK
[PUSH_CTRL] 479 3.45545 3.57133 TRACK
[PUSH_CTRL] 480 3.45518 3.57133 TRACK
[PUSH_CTRL] 481 3.45603 3.57133 TRACK
[PUSH_CTRL] 482 3.45895 3.57133 TRACK
[PUSH_CTRL] 483 3.46234 3.57133 TRACK
[PUSH_CTRL] 484 3.47046 3.57133 TRACK
[PUSH_CTRL] 485 3.47292 3.57133 TRACK
[PUSH_CTRL] 486 3.47491 3.57133 TRACK
[PUSH_CTRL] 487 3.47598 3.57133 TRACK
[PUSH_CTRL] 488 3.47635 3.57133 TRACK
[PUSH_CTRL] 489 3.47558 3.57133 TRACK
[PUSH_CTRL] 490 3.47173 3.57133 TRACK
[PUSH_CTRL] 491 3.46654 3.57133 TRACK
[PUSH_CTRL] 492 3.46683 3.57133 TRACK
[PUSH_CTRL] 493 3.46303 3.57133 TRACK
[PUSH_CTRL] 494 3.46018 3.57133 TRACK
[PUSH_CTRL] 495 3.45779 3.57133 TRACK
[PUSH_CTRL] 496 3.45613 3.57133 TRACK
[PUSH_CTRL] 497 3.45505 3.57133 TRACK
[PUSH_CTRL] 498 3.45532 3.57133 TRACK
[PUSH_CTRL] 499 3.45707 3.57133 TRACK
[PUSH_CTRL] 500 3.46236 3.57133 TRACK
[PUSH_CTRL] 501 3.47338 3.57133 TRACK
[PUSH_CTRL] 502 3.47895 3.57133 TRACK
[PUSH_CTRL] 503 3.48365 3.57133 TRACK
[PUSH_CTRL] 504 3.48715 3.57133 TRACK
[PUSH_CTRL] 505 3.48958 3.57133 TRACK
[PUSH_CTRL] 506 3.491 3.57133 TRACK
[PUSH_CTRL] 507 3.49123 3.57133 TRACK
[PUSH_CTRL] 508 3.49094 3.57133 TRACK
[PUSH_CTRL] 509 3.49437 3.57133 TRACK
[PUSH_CTRL] 510 3.4908 3.57133 TRACK
[PUSH_CTRL] 511 3.48706 3.57133 TRACK
[PUSH_CTRL] 512 3.48334 3.57133 TRACK
[PUSH_CTRL] 513 3.47981 3.57133 TRACK
[PUSH_CTRL] 514 3.47593 3.57133 TRACK
[PUSH_CTRL] 515 3.47191 3.57133 TRACK
[PUSH_CTRL] 516 3.46938 3.57133 TRACK
[PUSH_CTRL] 517 3.47307 3.57133 TRACK
[PUSH_CTRL] 518 3.47286 3.57133 TRACK
[PUSH_CTRL] 519 3.47306 3.57133 TRACK
[PUSH_CTRL] 520 3.47353 3.57133 TRACK
[PUSH_CTRL] 521 3.47509 3.57133 TRACK
[PUSH_CTRL] 522 3.47797 3.57133 TRACK
[PUSH_CTRL] 523 3.48182 3.57133 TRACK
[PUSH_CTRL] 524 3.48561 3.57133 TRACK
[PUSH_CTRL] 525 3.49328 3.57133 TRACK
[PUSH_CTRL] 526 3.49603 3.57133 TRACK
[PUSH_CTRL] 527 3.49795 3.57133 TRACK
[PUSH_CTRL] 528 3.49827 3.57133 TRACK
[PUSH_CTRL] 529 3.49736 3.57133 TRACK
[PUSH_CTRL] 530 3.49559 3.57133 TRACK
[PUSH_CTRL] 531 3.49424 3.57133 TRACK
[PUSH_CTRL] 532 3.49254 3.57133 TRACK
[PUSH_CTRL] 533 3.49068 3.57133 TRACK
[PUSH_CTRL] 534 3.49348 3.57133 TRACK
[PUSH_CTRL] 535 3.49308 3.57133 TRACK
[PUSH_CTRL] 536 3.49284 3.57133 TRACK
[PUSH_CTRL] 537 3.4929 3.57133 TRACK
[PUSH_CTRL] 538 3.49256 3.57133 TRACK
[PUSH_CTRL] 539 3.49232 3.57133 TRACK
[PUSH_CTRL] 540 3.49189 3.57133 TRACK
[PUSH_CTRL] 541 3.49118 3.57133 TRACK
[PUSH_CTRL] 542 3.49463 3.57133 TRACK
[PUSH_CTRL] 543 3.49347 3.57133 TRACK
[PUSH_CTRL] 544 3.4908 3.57133 TRACK
[PUSH_CTRL] 545 3.48817 3.57133 TRACK
[PUSH_CTRL] 546 3.48434 3.57133 TRACK
[PUSH_CTRL] 547 3.48138 3.57133 TRACK
[PUSH_CTRL] 548 3.47919 3.57133 TRACK
[PUSH_CTRL] 549 3.47736 3.57133 TRACK
[PUSH_CTRL] 550 3.48068 3.57133 TRACK
[PUSH_CTRL] 551 3.48015 3.57133 TRACK
[PUSH_CTRL] 552 3.4796 3.57133 TRACK
[PUSH_CTRL] 553 3.47905 3.57133 TRACK
[PUSH_CTRL] 554 3.47974 3.57133 TRACK
[PUSH_CTRL] 555 3.48042 3.57133 TRACK
[PUSH_CTRL] 556 3.4812 3.57133 TRACK
[PUSH_CTRL] 557 3.48226 3.57133 TRACK
[PUSH_CTRL] 558 3.48864 3.57133 TRACK
[PUSH_CTRL] 559 3.48907 3.57133 TRACK
[PUSH_CTRL] 560 3.48927 3.57133 TRACK
[PUSH_CTRL] 561 3.49041 3.57133 TRACK
[PUSH_CTRL] 562 3.49121 3.57133 TRACK
[PUSH_CTRL] 563 3.49175 3.57133 TRACK
[PUSH_CTRL] 564 3.49208 3.57133 TRACK
[PUSH_CTRL] 565 3.49242 3.57133 TRACK
[PUSH_CTRL] 566 3.49725 3.57133 TRACK
[PUSH_CTRL] 567 3.49709 3.57133 TRACK
[PUSH_CTRL] 568 3.49575 3.57133 TRACK
[PUSH_CTRL] 569 3.49425 3.57133 TRACK
[PUSH_CTRL] 570 3.49273 3.57133 TRACK
[PUSH_CTRL] 571 3.49111 3.57133 TRACK
[PUSH_CTRL] 572 3.48925 3.57133 TRACK
[PUSH_CTRL] 573 3.48955 3.57133 TRACK
[PUSH_CTRL] 574 3.49586 3.57133 TRACK
[PUSH_CTRL] 575 3.49779 3.57133 TRACK
[PUSH_CTRL] 576 3.49938 3.57133 TRACK
[PUSH_CTRL] 577 3.50065 3.57133 TRACK
[PUSH_CTRL] 578 3.50237 3.57133 TRACK
[PUSH_CTRL] 579 3.50353 3.57133 TRACK
[PUSH_CTRL] 580 3.5037 3.57133 TRACK
[PUSH_CTRL] 581 3.50368 3.57133 TRACK
[PUSH_CTRL] 582 3.50769 3.57133 TRACK
[PUSH_CTRL] 583 3.50813 3.57133 TRACK
[PUSH_CTRL] 584 3.50751 3.57133 TRACK
[PUSH_CTRL] 585 3.50692 3.57133 TRACK
[PUSH_CTRL] 586 3.50623 3.57133 TRACK
[PUSH_CTRL] 587 3.50609 3.57133 TRACK
[PUSH_CTRL] 588 3.50545 3.57133 TRACK
[PUSH_CTRL] 589 3.50397 3.57133 TRACK
[PUSH_CTRL] 590 3.50499 3.57133 TRACK
[PUSH_CTRL] 591 3.50214 3.57133 TRACK
[PUSH_CTRL] 592 3.49963 3.57133 TRACK
[PUSH_CTRL] 593 3.49798 3.57133 TRACK
[PUSH_CTRL] 594 3.49745 3.57133 TRACK
[PUSH_CTRL] 595 3.49743 3.57133 TRACK
[PUSH_CTRL] 596 3.49703 3.57133 TRACK
[PUSH_CTRL] 597 3.49621 3.57133 TRACK
[PUSH_CTRL] 598 3.49496 3.57133 TRACK
[PUSH_CTRL] 599 3.49812 3.57133 TRACK
[PUSH_CTRL] 600 3.49668 3.57133 TRACK
[PUSH_CTRL] 601 3.49527 3.57133 TRACK
[PUSH_CTRL] 602 3.49375 3.57133 TRACK
[PUSH_CTRL] 603 3.49241 3.57133 TRACK
[PUSH_CTRL] 604 3.49127 3.57133 TRACK
[PUSH_CTRL] 605 3.49013 3.57133 TRACK
[PUSH_CTRL] 606 3.48861 3.57133 TRACK
[PUSH_CTRL] 607 3.48694 3.57133 TRACK
[PUSH_CTRL] 608 3.49057 3.57133 TRACK
[PUSH_CTRL] 609 3.48961 3.57133 TRACK
[PUSH_CTRL] 610 3.48876 3.57133 TRACK
[PUSH_CTRL] 611 3.48799 3.57133 TRACK
[PUSH_CTRL] 612 3.48729 3.57133 TRACK
[PUSH_CTRL] 613 3.48663 3.57133 TRACK
[PUSH_CTRL] 614 3.48568 3.57133 TRACK
[PUSH_CTRL] 615 3.48973 3.57133 TRACK
[PUSH_CTRL] 616 3.48887 3.57133 TRACK
[PUSH_CTRL] 617 3.48806 3.57133 TRACK
[PUSH_CTRL] 618 3.48681 3.57133 TRACK
[PUSH_CTRL] 619 3.48508 3.57133 TRACK
[PUSH_CTRL] 620 3.48387 3.57133 TRACK
[PUSH_CTRL] 621 3.48327 3.57133 TRACK
[PUSH_CTRL] 622 3.48312 3.57133 TRACK
[PUSH_CTRL] 623 3.48331 3.57133 TRACK
[PUSH_CTRL] 624 3.48776 3.57133 TRACK
[PUSH_CTRL] 625 3.4862 3.57133 TRACK
[PUSH_CTRL] 626 3.4842 3.57133 TRACK
[PUSH_CTRL] 627 3.48224 3.57133 TRACK
[PUSH_CTRL] 628 3.48058 3.57133 TRACK
[PUSH_CTRL] 629 3.4787 3.57133 TRACK
[PUSH_CTRL] 630 3.47681 3.57133 TRACK
[PUSH_CTRL] 631 3.47635 3.57133 TRACK
[PUSH_CTRL] 632 3.47596 3.57133 TRACK
[PUSH_CTRL] 633 3.48082 3.57133 TRACK
[PUSH_CTRL] 634 3.4805 3.57133 TRACK
[PUSH_CTRL] 635 3.48097 3.57133 TRACK
[PUSH_CTRL] 636 3.48151 3.57133 TRACK
[PUSH_CTRL] 637 3.48228 3.57133 TRACK
[PUSH_CTRL] 638 3.48262 3.57133 TRACK
[PUSH_CTRL] 639 3.48261 3.57133 TRACK
[PUSH_CTRL] 640 3.48231 3.57133 TRACK
[PUSH_CTRL] 641 3.48601 3.57133 TRACK
[PUSH_CTRL] 642 3.48406 3.57133 TRACK
[PUSH_CTRL] 643 3.48198 3.57133 TRACK
[PUSH_CTRL] 644 3.47992 3.57133 TRACK
[PUSH_CTRL] 645 3.47811 3.57133 TRACK
[PUSH_CTRL] 646 3.47628 3.57133 TRACK
[PUSH_CTRL] 647 3.47538 3.57133 TRACK
[PUSH_CTRL] 648 3.47483 3.57133 TRACK
[PUSH_CTRL] 649 3.47957 3.57133 TRACK
[PUSH_CTRL] 650 3.47891 3.57133 TRACK
[PUSH_CTRL] 651 3.47803 3.57133 TRACK
[PUSH_CTRL] 652 3.4781 3.57133 TRACK
[PUSH_CTRL] 653 3.4787 3.57133 TRACK
[PUSH_CTRL] 654 3.47989 3.57133 TRACK
[PUSH_CTRL] 655 3.48171 3.57133 TRACK
[PUSH_CTRL] 656 3.4841 3.57133 TRACK
[PUSH_CTRL] 657 3.48655 3.57133 TRACK
[PUSH_CTRL] 658 3.4939 3.57133 TRACK
[PUSH_CTRL] 659 3.49405 3.57133 TRACK
[PUSH_CTRL] 660 3.4929 3.57133 TRACK
[PUSH_CTRL] 661 3.49137 3.57133 TRACK
[PUSH_CTRL] 662 3.48985 3.57133 TRACK
[PUSH_CTRL] 663 3.48841 3.57133 TRACK
[PUSH_CTRL] 664 3.48687 3.57133 TRACK
[PUSH_CTRL] 665 3.48525 3.57133 TRACK
[PUSH_CTRL] 666 3.48934 3.57133 TRACK
[PUSH_CTRL] 667 3.48832 3.57133 TRACK
[PUSH_CTRL] 668 3.4872 3.57133 TRACK
[PUSH_CTRL] 669 3.48598 3.57133 TRACK
[PUSH_CTRL] 670 3.48489 3.57133 TRACK
[PUSH_CTRL] 671 3.48493 3.57133 TRACK
[PUSH_CTRL] 672 3.48552 3.57133 TRACK
[PUSH_CTRL] 673 3.48514 3.57133 TRACK
[PUSH_CTRL] 674 3.48976 3.57133 TRACK
[PUSH_CTRL] 675 3.48928 3.57133 TRACK
[PUSH_CTRL] 676 3.48872 3.57133 TRACK
[PUSH_CTRL] 677 3.48784 3.57133 TRACK
[PUSH_CTRL] 678 3.48702 3.57133 TRACK
[PUSH_CTRL] 679 3.48596 3.57133 TRACK
[PUSH_CTRL] 680 3.48472 3.57133 TRACK
[PUSH_CTRL] 681 3.48338 3.57133 TRACK
[PUSH_CTRL] 682 3.48196 3.57133 TRACK
[PUSH_CTRL] 683 3.48611 3.57133 TRACK
[PUSH_CTRL] 684 3.48506 3.57133 TRACK
[PUSH_CTRL] 685 3.48416 3.57133 TRACK
[PUSH_CTRL] 686 3.48342 3.57133 TRACK
[PUSH_CTRL] 687 3.48313 3.57133 TRACK
[PUSH_CTRL] 688 3.48298 3.57133 TRACK
[PUSH_CTRL] 689 3.48297 3.57133 TRACK
[PUSH_CTRL] 690 3.48851 3.57133 TRACK
[PUSH_CTRL] 691 3.48879 3.57133 TRACK
[PUSH_CTRL] 692 3.48894 3.57133 TRACK
[PUSH_CTRL] 693 3.48948 3.57133 TRACK
[PUSH_CTRL] 694 3.49047 3.57133 TRACK
[PUSH_CTRL] 695 3.4896 3.57133 TRACK
[PUSH_CTRL] 696 3.48794 3.57133 TRACK
[PUSH_CTRL] 697 3.48616 3.57133 TRACK
[PUSH_CTRL] 698 3.48445 3.57133 TRACK
[PUSH_CTRL] 699 3.48839 3.57133 TRACK
[PUSH_CTRL] 700 3.48698 3.57133 TRACK
[PUSH_CTRL] 701 3.48565 3.57133 TRACK
[PUSH_CTRL] 702 3.48452 3.57133 TRACK
[PUSH_CTRL] 703 3.48319 3.57133 TRACK
[PUSH_CTRL] 704 3.48206 3.57133 TRACK
[PUSH_CTRL] 705 3.48144 3.57133 TRACK
[PUSH_CTRL] 706 3.48183 3.57133 TRACK
[PUSH_CTRL] 707 3.48758 3.57133 TRACK
[PUSH_CTRL] 708 3.4875 3.57133 TRACK
[PUSH_CTRL] 709 3.48691 3.57133 TRACK
[PUSH_CTRL] 710 3.48593 3.57133 TRACK
[PUSH_CTRL] 711 3.48382 3.57133 TRACK
[PUSH_CTRL] 712 3.48046 3.57133 TRACK
[PUSH_CTRL] 713 3.47578 3.57133 TRACK
[PUSH_CTRL] 714 3.46986 3.57133 TRACK
[PUSH_CTRL] 715 3.46468 3.57133 TRACK
[PUSH_CTRL] 716 3.46555 3.57133 TRACK
[PUSH_CTRL] 717 3.46129 3.57133 TRACK
[PUSH_CTRL] 718 3.45818 3.57133 TRACK
[PUSH_CTRL] 719 3.456 3.57133 TRACK
[PUSH_CTRL] 720 3.45453 3.57133 TRACK
[PUSH_CTRL] 721 3.45364 3.57133 TRACK
[PUSH_CTRL] 722 3.45404 3.57133 TRACK
[PUSH_CTRL] 723 3.45569 3.57133 TRACK
[PUSH_CTRL] 724 3.46509 3.57133 TRACK
[PUSH_CTRL] 725 3.46777 3.57133 TRACK
[PUSH_CTRL] 726 3.46969 3.57133 TRACK
[PUSH_CTRL] 727 3.47149 3.57133 TRACK
[PUSH_CTRL] 728 3.47269 3.57133 TRACK
[PUSH_CTRL] 729 3.47086 3.57133 TRACK
[PUSH_CTRL] 730 3.46795 3.57133 TRACK
[PUSH_CTRL] 731 3.46489 3.57133 TRACK
[PUSH_CTRL] 732 3.46853 3.57133 TRACK
[PUSH_CTRL] 733 3.46623 3.57133 TRACK
[PUSH_CTRL] 734 3.4642 3.57133 TRACK
[PUSH_CTRL] 735 3.46243 3.57133 TRACK
[PUSH_CTRL] 736 3.46057 3.57133 TRACK
[PUSH_CTRL] 737 3.45913 3.57133 TRACK
[PUSH_CTRL] 738 3.45728 3.57133 TRACK
[PUSH_CTRL] 739 3.45494 3.57133 TRACK
[PUSH_CTRL] 740 3.45347 3.57133 TRACK
[PUSH_CTRL] 741 3.45948 3.57133 TRACK
[PUSH_CTRL] 742 3.4586 3.57133 TRACK
[PUSH_CTRL] 743 3.45753 3.57133 TRACK
[PUSH_CTRL] 744 3.45632 3.57133 TRACK
[PUSH_CTRL] 745 3.45502 3.57133 TRACK
[PUSH_CTRL] 746 3.45365 3.57133 TRACK
[PUSH_CTRL] 747 3.45225 3.57133 TRACK
[PUSH_CTRL] 748 3.45088 3.57133 TRACK
[PUSH_CTRL] 749 3.45711 3.57133 TRACK
[PUSH_CTRL] 750 3.45663 3.57133 TRACK
[PUSH_CTRL] 751 3.45726 3.57133 TRACK
[PUSH_CTRL] 752 3.45856 3.57133 TRACK
[PUSH_CTRL] 753 3.45976 3.57133 TRACK
[PUSH_CTRL] 754 3.46049 3.57133 TRACK
[PUSH_CTRL] 755 3.46087 3.57133 TRACK
[PUSH_CTRL] 756 3.46098 3.57133 TRACK
[PUSH_CTRL] 757 3.4674 3.57133 TRACK
[PUSH_CTRL] 758 3.46698 3.57133 TRACK
[PUSH_CTRL] 759 3.4664 3.57133 TRACK
[PUSH_CTRL] 760 3.46546 3.57133 TRACK
[PUSH_CTRL] 761 3.46453 3.57133 TRACK
[PUSH_CTRL] 762 3.46362 3.57133 TRACK
[PUSH_CTRL] 763 3.46271 3.57133 TRACK
[PUSH_CTRL] 764 3.46189 3.57133 TRACK
[PUSH_CTRL] 765 3.4678 3.57133 TRACK
[PUSH_CTRL] 766 3.46693 3.57133 TRACK
[PUSH_CTRL] 767 3.4656 3.57133 TRACK
[PUSH_CTRL] 768 3.46165 3.57133 TRACK
[PUSH_CTRL] 769 3.45665 3.57133 TRACK
[PUSH_CTRL] 770 3.45248 3.57133 TRACK
[PUSH_CTRL] 771 3.44883 3.57133 TRACK
[PUSH_CTRL] 772 3.44574 3.57133 TRACK
[PUSH_CTRL] 773 3.45057 3.57133 TRACK
[PUSH_CTRL] 774 3.4497 3.57133 TRACK
[PUSH_CTRL] 775 3.44882 3.57133 TRACK
[PUSH_CTRL] 776 3.44795 3.57133 TRACK
[PUSH_CTRL] 777 3.4471 3.57133 TRACK
[PUSH_CTRL] 778 3.44626 3.57133 TRACK
[PUSH_CTRL] 779 3.44529 3.57133 TRACK
[PUSH_CTRL] 780 3.44421 3.57133 TRACK
[PUSH_CTRL] 781 3.4504 3.57133 TRACK
[PUSH_CTRL] 782 3.44949 3.57133 TRACK
[PUSH_CTRL] 783 3.44845 3.57133 TRACK
[PUSH_CTRL] 784 3.4466 3.57133 TRACK
[PUSH_CTRL] 785 3.44337 3.57133 TRACK
[PUSH_CTRL] 786 3.43967 3.57133 TRACK
[PUSH_CTRL] 787 3.43592 3.57133 TRACK
[PUSH_CTRL] 788 3.43232 3.57133 TRACK
[PUSH_CTRL] 789 3.42845 3.57133 TRACK
[PUSH_CTRL] 790 3.43348 3.57133 TRACK
[PUSH_CTRL] 791 3.43255 3.57133 TRACK
[PUSH_CTRL] 792 3.43354 3.57133 TRACK
[PUSH_CTRL] 793 3.43459 3.57133 TRACK
[PUSH_CTRL] 794 3.43512 3.57133 TRACK
[PUSH_CTRL] 795 3.43516 3.57133 TRACK
[PUSH_CTRL] 796 3.43477 3.57133 TRACK
[PUSH_CTRL] 797 3.43439 3.57133 TRACK
[PUSH_CTRL] 798 3.44202 3.57133 TRACK
[PUSH_CTRL] 799 3.44169 3.57133 TRACK
[PUSH_CTRL] 800 3.44172 3.57133 TRACK
[PUSH_CTRL] 801 3.44174 3.57133 TRACK
[PUSH_CTRL] 802 3.44181 3.57133 TRACK
[PUSH_CTRL] 803 3.44118 3.57133 TRACK
[PUSH_CTRL] 804 3.43953 3.57133 TRACK
[PUSH_CTRL] 805 3.43753 3.57133 TRACK
[PUSH_CTRL] 806 3.4431 3.57133 TRACK
[PUSH_CTRL] 807 3.44138 3.57133 TRACK
[PUSH_CTRL] 808 3.4397 3.57133 TRACK
[PUSH_CTRL] 809 3.4381 3.57133 TRACK
[PUSH_CTRL] 810 3.43629 3.57133 TRACK
[PUSH_CTRL] 811 3.43435 3.57133 TRACK
[PUSH_CTRL] 812 3.4326 3.57133 TRACK
[PUSH_CTRL] 813 3.43089 3.57133 TRACK
[PUSH_CTRL] 814 3.43865 3.57133 TRACK
[PUSH_CTRL] 815 3.43952 3.57133 TRACK
[PUSH_CTRL] 816 3.4409 3.57133 TRACK
[PUSH_CTRL] 817 3.44192 3.57133 TRACK
[PUSH_CTRL] 818 3.4426 3.57133 TRACK
[PUSH_CTRL] 819 3.44312 3.57133 TRACK
[PUSH_CTRL] 820 3.4432 3.57133 TRACK
[PUSH_CTRL] 821 3.44249 3.57133 TRACK
[PUSH_CTRL] 822 3.4489 3.57133 TRACK
[PUSH_CTRL] 823 3.44741 3.57133 TRACK
[PUSH_CTRL] 824 3.44571 3.57133 TRACK
[PUSH_CTRL] 825 3.44442 3.57133 TRACK
[PUSH_CTRL] 826 3.44308 3.57133 TRACK
[PUSH_CTRL] 827 3.44142 3.57133 TRACK
[PUSH_CTRL] 828 3.43954 3.57133 TRACK
[PUSH_CTRL] 829 3.43807 3.57133 TRACK
[PUSH_CTRL] 830 3.44473 3.57133 TRACK
[PUSH_CTRL] 831 3.44179 3.57133 TRACK
[PUSH_CTRL] 832 3.43774 3.57133 TRACK
[PUSH_CTRL] 833 3.43335 3.57133 TRACK
[PUSH_CTRL] 834 3.42986 3.57133 TRACK
[PUSH_CTRL] 835 3.42687 3.57133 TRACK
[PUSH_CTRL] 836 3.42475 3.57133 TRACK
[PUSH_CTRL] 837 3.4233 3.57133 TRACK
[PUSH_CTRL] 838 3.42238 3.57133 TRACK
[PUSH_CTRL] 839 3.43024 3.57133 TRACK
[PUSH_CTRL] 840 3.42987 3.57133 TRACK
[PUSH_CTRL] 841 3.42931 3.57133 TRACK
[PUSH_CTRL] 842 3.42748 3.57133 TRACK
[PUSH_CTRL] 843 3.42449 3.57133 TRACK
[PUSH_CTRL] 844 3.42171 3.57133 TRACK
[PUSH_CTRL] 845 3.41923 3.57133 TRACK
[PUSH_CTRL] 846 3.41704 3.57133 TRACK
[PUSH_CTRL] 847 3.42515 3.57133 TRACK
[PUSH_CTRL] 848 3.42641 3.57133 TRACK
[PUSH_CTRL] 849 3.42739 3.57133 TRACK
[PUSH_CTRL] 850 3.42779 3.57133 TRACK
[PUSH_CTRL] 851 3.42795 3.57133 TRACK
[PUSH_CTRL] 852 3.4277 3.57133 TRACK
[PUSH_CTRL] 853 3.42797 3.57133 TRACK
[PUSH_CTRL] 854 3.42832 3.57133 TRACK
[PUSH_CTRL] 855 3.43628 3.57133 TRACK
[PUSH_CTRL] 856 3.43588 3.57133 TRACK
[PUSH_CTRL] 857 3.43634 3.57133 TRACK
[PUSH_CTRL] 858 3.43709 3.57133 TRACK
[PUSH_CTRL] 859 3.43635 3.57133 TRACK
[PUSH_CTRL] 860 3.43458 3.57133 TRACK
[PUSH_CTRL] 861 3.43197 3.57133 TRACK
[PUSH_CTRL] 862 3.42918 3.57133 TRACK
[PUSH_CTRL] 863 3.42657 3.57133 TRACK
[PUSH_CTRL] 864 3.43239 3.57133 TRACK
[PUSH_CTRL] 865 3.42994 3.57133 TRACK
[PUSH_CTRL] 866 3.42779 3.57133 TRACK
[PUSH_CTRL] 867 3.42593 3.57133 TRACK
[PUSH_CTRL] 868 3.42496 3.57133 TRACK
[PUSH_CTRL] 869 3.42531 3.57133 TRACK
[PUSH_CTRL] 870 3.42523 3.57133 TRACK
[PUSH_CTRL] 871 3.42502 3.57133 TRACK
[PUSH_CTRL] 872 3.43335 3.57133 TRACK
[PUSH_CTRL] 873 3.43475 3.57133 TRACK
[PUSH_CTRL] 874 3.4366 3.57133 TRACK
[PUSH_CTRL] 875 3.43789 3.57133 TRACK
[PUSH_CTRL] 876 3.43863 3.57133 TRACK
[PUSH_CTRL] 877 3.43889 3.57133 TRACK
[PUSH_CTRL] 878 3.43875 3.57133 TRACK
[PUSH_CTRL] 879 3.43871 3.57133 TRACK
[PUSH_CTRL] 880 3.44704 3.57133 TRACK
[PUSH_CTRL] 881 3.44707 3.57133 TRACK
[PUSH_CTRL] 882 3.44739 3.57133 TRACK
[PUSH_CTRL] 883 3.447 3.57133 TRACK
[PUSH_CTRL] 884 3.44609 3.57133 TRACK
[PUSH_CTRL] 885 3.44481 3.57133 TRACK
[PUSH_CTRL] 886 3.44326 3.57133 TRACK
[PUSH_CTRL] 887 3.44159 3.57133 TRACK
[PUSH_CTRL] 888 3.44715 3.57133 TRACK
[PUSH_CTRL] 889 3.44454 3.57133 TRACK
[PUSH_CTRL] 890 3.44196 3.57133 TRACK
[PUSH_CTRL] 891 3.43934 3.57133 TRACK
[PUSH_CTRL] 892 3.43749 3.57133 TRACK
[PUSH_CTRL] 893 3.43624 3.57133 TRACK
[PUSH_CTRL] 894 3.43541 3.57133 TRACK
[PUSH_CTRL] 895 3.43528 3.57133 TRACK
[PUSH_CTRL] 896 3.43564 3.57133 TRACK
[PUSH_CTRL] 897 3.44476 3.57133 TRACK
[PUSH_CTRL] 898 3.4456 3.57133 TRACK
[PUSH_CTRL] 899 3.44609 3.57133 TRACK
[PUSH_CTRL] 900 3.44597 3.57133 TRACK
[PUSH_CTRL] 901 3.44602 3.57133 TRACK
[PUSH_CTRL] 902 3.4455 3.57133 TRACK
[PUSH_CTRL] 903 3.44426 3.57133 TRACK
[PUSH_CTRL] 904 3.44244 3.57133 TRACK
[PUSH_CTRL] 905 3.44837 3.57133 TRACK
[PUSH_CTRL] 906 3.44608 3.57133 TRACK
[PUSH_CTRL] 907 3.44397 3.57133 TRACK
[PUSH_CTRL] 908 3.44225 3.57133 TRACK
[PUSH_CTRL] 909 3.44046 3.57133 TRACK
[PUSH_CTRL] 910 3.43993 3.57133 TRACK
[PUSH_CTRL] 911 3.44106 3.57133 TRACK
[PUSH_CTRL] 912 3.44211 3.57133 TRACK
[PUSH_CTRL] 913 3.45098 3.57133 TRACK
[PUSH_CTRL] 914 3.45153 3.57133 TRACK
[PUSH_CTRL] 915 3.45144 3.57133 TRACK
[PUSH_CTRL] 916 3.45077 3.57133 TRACK
[PUSH_CTRL] 917 3.44997 3.57133 TRACK
[PUSH_CTRL] 918 3.44895 3.57133 TRACK
[PUSH_CTRL] 919 3.44735 3.57133 TRACK
[PUSH_CTRL] 920 3.44561 3.57133 TRACK
[PUSH_CTRL] 921 3.4518 3.57133 TRACK
[PUSH_CTRL] 922 3.4499 3.57133 TRACK
[PUSH_CTRL] 923 3.44813 3.57133 TRACK
[PUSH_CTRL] 924 3.44623 3.57133 TRACK
[PUSH_CTRL] 925 3.44427 3.57133 TRACK
[PUSH_CTRL] 926 3.44266 3.57133 TRACK
[PUSH_CTRL] 927 3.44138 3.57133 TRACK
[PUSH_CTRL] 928 3.44046 3.57133 TRACK
[PUSH_CTRL] 929 3.44733 3.57133 TRACK
[PUSH_CTRL] 930 3.44578 3.57133 TRACK
[PUSH_CTRL] 931 3.44561 3.57133 TRACK
[PUSH_CTRL] 932 3.44592 3.57133 TRACK
[PUSH_CTRL] 933 3.44633 3.57133 TRACK
[PUSH_CTRL] 934 3.44667 3.57133 TRACK
[PUSH_CTRL] 935 3.44688 3.57133 TRACK
[PUSH_CTRL] 936 3.44729 3.57133 TRACK
[PUSH_CTRL] 937 3.45461 3.57133 TRACK
[PUSH_CTRL] 938 3.45306 3.57133 TRACK
[PUSH_CTRL] 939 3.45028 3.57133 TRACK
[PUSH_CTRL] 940 3.4468 3.57133 TRACK
[PUSH_CTRL] 941 3.44311 3.57133 TRACK
[PUSH_CTRL] 942 3.43982 3.57133 TRACK
[PUSH_CTRL] 943 3.43647 3.57133 TRACK
[PUSH_CTRL] 944 3.43344 3.57133 TRACK
[PUSH_CTRL] 945 3.43112 3.57133 TRACK
[PUSH_CTRL] 946 3.43745 3.57133 TRACK
[PUSH_CTRL] 947 3.43605 3.57133 TRACK
[PUSH_CTRL] 948 3.43512 3.57133 TRACK
[PUSH_CTRL] 949 3.43394 3.57133 TRACK
[PUSH_CTRL] 950 3.43272 3.57133 TRACK
[PUSH_CTRL] 951 3.43152 3.57133 TRACK
[PUSH_CTRL] 952 3.43004 3.57133 TRACK
[PUSH_CTRL] 953 3.4289 3.57133 TRACK
[PUSH_CTRL] 954 3.43639 3.57133 TRACK
[PUSH_CTRL] 955 3.43558 3.57133 TRACK
[PUSH_CTRL] 956 3.43458 3.57133 TRACK
[PUSH_CTRL] 957 3.43386 3.57133 TRACK
[PUSH_CTRL] 958 3.43342 3.57133 TRACK
[PUSH_CTRL] 959 3.43303 3.57133 TRACK
[PUSH_CTRL] 960 3.43277 3.57133 TRACK
[PUSH_CTRL] 961 3.4402 3.57133 TRACK
[PUSH_CTRL] 962 3.43901 3.57133 TRACK
[PUSH_CTRL] 963 3.43748 3.57133 TRACK
[PUSH_CTRL] 964 3.43497 3.57133 TRACK
[PUSH_CTRL] 965 3.43205 3.57133 TRACK
[PUSH_CTRL] 966 3.42877 3.57133 TRACK
[PUSH_CTRL] 967 3.4254 3.57133 TRACK
[PUSH_CTRL] 968 3.42186 3.57133 TRACK
[PUSH_CTRL] 969 3.41798 3.57133 TRACK
[PUSH_CTRL] 970 3.42355 3.57133 TRACK
[PUSH_CTRL] 971 3.42084 3.57133 TRACK
[PUSH_CTRL] 972 3.41865 3.57133 TRACK
[PUSH_CTRL] 973 3.41702 3.57133 TRACK
[PUSH_CTRL] 974 3.41532 3.57133 TRACK
[PUSH_CTRL] 975 3.4137 3.57133 TRACK
[PUSH_CTRL] 976 3.41262 3.57133 TRACK
[PUSH_CTRL] 977 3.41263 3.57133 TRACK
[PUSH_CTRL] 978 3.42175 3.57133 TRACK
[PUSH_CTRL] 979 3.42168 3.57133 TRACK
[PUSH_CTRL] 980 3.42108 3.57133 TRACK
[PUSH_CTRL] 981 3.42035 3.57133 TRACK
[PUSH_CTRL] 982 3.41921 3.57133 TRACK
[PUSH_CTRL] 983 3.4173 3.57133 TRACK
[PUSH_CTRL] 984 3.41531 3.57133 TRACK
[PUSH_CTRL] 985 3.41314 3.57133 TRACK
[PUSH_CTRL] 986 3.41976 3.57133 TRACK
[PUSH_CTRL] 987 3.41733 3.57133 TRACK
[PUSH_CTRL] 988 3.41488 3.57133 TRACK
[PUSH_CTRL] 989 3.41247 3.57133 TRACK
[PUSH_CTRL] 990 3.4106 3.57133 TRACK
[PUSH_CTRL] 991 3.40958 3.57133 TRACK
[PUSH_CTRL] 992 3.40925 3.57133 TRACK
[PUSH_CTRL] 993 3.40966 3.57133 TRACK
[PUSH_CTRL] 994 3.41978 3.57133 TRACK
[PUSH_CTRL] 995 3.42081 3.57133 TRACK
[PUSH_CTRL] 996 3.42146 3.57133 TRACK
[PUSH_CTRL] 997 3.42178 3.57133 TRACK
[PUSH_CTRL] 998 3.42185 3.57133 TRACK
[PUSH_CTRL] 999 3.4217 3.57133 TRACK
[PUSH_CTRL] 1000 3.42138 3.57133 TRACK
[PUSH_CTRL] 1001 3.41959 3.57133 TRACK
[PUSH_CTRL] 1002 3.4249 3.57133 TRACK
[PUSH_CTRL] 1003 3.4199 3.57133 TRACK
[PUSH_CTRL] 1004 3.4133 3.57133 TRACK
[PUSH_CTRL] 1005 3.40758 3.57133 TRACK
[PUSH_CTRL] 1006 3.4031 3.57133 TRACK
[PUSH_CTRL] 1007 3.39967 3.57133 TRACK
[PUSH_CTRL] 1008 3.39712 3.57133 TRACK
[PUSH_CTRL] 1009 3.39606 3.57133 TRACK
[PUSH_CTRL] 1010 3.39539 3.57133 TRACK
[PUSH_CTRL] 1011 3.40446 3.57133 TRACK
[PUSH_CTRL] 1012 3.40394 3.57133 TRACK
[PUSH_CTRL] 1013 3.40327 3.57133 TRACK
[PUSH_CTRL] 1014 3.40255 3.57133 TRACK
[PUSH_CTRL] 1015 3.40085 3.57133 TRACK
[PUSH_CTRL] 1016 3.39877 3.57133 TRACK
[PUSH_CTRL] 1017 3.39759 3.57133 TRACK
[PUSH_CTRL] 1018 3.39708 3.57133 TRACK
[PUSH_CTRL] 1019 3.40652 3.57133 TRACK
[PUSH_CTRL] 1020 3.40637 3.57133 TRACK
[PUSH_CTRL] 1021 3.40609 3.57133 TRACK
[PUSH_CTRL] 1022 3.40608 3.57133 TRACK
[PUSH_CTRL] 1023 3.40628 3.57133 TRACK
[PUSH_CTRL] 1024 3.40744 3.57133 TRACK
[PUSH_CTRL] 1025 3.40899 3.57133 TRACK
[PUSH_CTRL] 1026 3.41093 3.57133 TRACK
[PUSH_CTRL] 1027 3.42368 3.57133 TRACK
[PUSH_CTRL] 1028 3.42801 3.57133 TRACK
[PUSH_CTRL] 1029 3.43215 3.57133 TRACK
[PUSH_CTRL] 1030 3.43507 3.57133 TRACK
[PUSH_CTRL] 1031 3.4368 3.57133 TRACK
[PUSH_CTRL] 1032 3.43712 3.57133 TRACK
[PUSH_CTRL] 1033 3.43686 3.57133 TRACK
[PUSH_CTRL] 1034 3.43621 3.57133 TRACK
[PUSH_CTRL] 1035 3.44299 3.57133 TRACK
[PUSH_CTRL] 1036 3.44048 3.57133 TRACK
[PUSH_CTRL] 1037 3.43841 3.57133 TRACK
[PUSH_CTRL] 1038 3.43565 3.57133 TRACK
[PUSH_CTRL] 1039 3.43373 3.57133 TRACK
[PUSH_CTRL] 1040 3.43212 3.57133 TRACK
[PUSH_CTRL] 1041 3.43073 3.57133 TRACK
[PUSH_CTRL] 1042 3.42951 3.57133 TRACK
[PUSH_CTRL] 1043 3.43685 3.57133 TRACK
[PUSH_CTRL] 1044 3.43616 3.57133 TRACK
[PUSH_CTRL] 1045 3.43494 3.57133 TRACK
[PUSH_CTRL] 1046 3.43365 3.57133 TRACK
[PUSH_CTRL] 1047 3.43139 3.57133 TRACK
[PUSH_CTRL] 1048 3.42892 3.57133 TRACK
[PUSH_CTRL] 1049 3.42693 3.57133 TRACK
[PUSH_CTRL] 1050 3.42618 3.57133 TRACK
[PUSH_CTRL] 1051 3.42638 3.57133 TRACK
[PUSH_CTRL] 1052 3.43573 3.57133 TRACK
[PUSH_CTRL] 1053 3.43678 3.57133 TRACK
[PUSH_CTRL] 1054 3.43821 3.57133 TRACK
[PUSH_CTRL] 1055 3.43981 3.57133 TRACK
[PUSH_CTRL] 1056 3.44143 3.57133 TRACK
[PUSH_CTRL] 1057 3.44314 3.57133 TRACK
[PUSH_CTRL] 1058 3.44507 3.57133 TRACK
[PUSH_CTRL] 1059 3.4463 3.57133 TRACK
[PUSH_CTRL] 1060 3.45494 3.57133 TRACK
[PUSH_CTRL] 1061 3.45536 3.57133 TRACK
[PUSH_CTRL] 1062 3.45556 3.57133 TRACK
[PUSH_CTRL] 1063 3.45655 3.57133 TRACK
[PUSH_CTRL] 1064 3.4578 3.57133 TRACK
[PUSH_CTRL] 1065 3.45954 3.57133 TRACK
[PUSH_CTRL] 1066 3.46106 3.57133 TRACK
[PUSH_CTRL] 1067 3.46213 3.57133 TRACK
[PUSH_CTRL] 1068 3.47024 3.57133 TRACK
[PUSH_CTRL] 1069 3.47039 3.57133 TRACK
[PUSH_CTRL] 1070 3.47066 3.57133 TRACK
[PUSH_CTRL] 1071 3.47108 3.57133 TRACK
[PUSH_CTRL] 1072 3.47078 3.57133 TRACK
[PUSH_CTRL] 1073 3.46993 3.57133 TRACK
[PUSH_CTRL] 1074 3.46896 3.57133 TRACK
[PUSH_CTRL] 1075 3.47422 3.57133 TRACK
[PUSH_CTRL] 1076 3.47191 3.57133 TRACK
[PUSH_CTRL] 1077 3.46954 3.57133 TRACK
[PUSH_CTRL] 1078 3.46699 3.57133 TRACK
[PUSH_CTRL] 1079 3.46468 3.57133 TRACK
[PUSH_CTRL] 1080 3.46263 3.57133 TRACK
[PUSH_CTRL] 1081 3.46088 3.57133 TRACK
[PUSH_CTRL] 1082 3.45913 3.57133 TRACK
[PUSH_CTRL] 1083 3.45817 3.57133 TRACK
[PUSH_CTRL] 1084 3.46514 3.57133 TRACK
[PUSH_CTRL] 1085 3.46461 3.57133 TRACK
[PUSH_CTRL] 1086 3.46398 3.57133 TRACK
[PUSH_CTRL] 1087 3.46324 3.57133 TRACK
[PUSH_CTRL] 1088 3.46239 3.57133 TRACK
[PUSH_CTRL] 1089 3.46086 3.57133 TRACK
[PUSH_CTRL] 1090 3.46061 3.57133 TRACK
[PUSH_CTRL] 1091 3.45877 3.57133 TRACK
[PUSH_CTRL] 1092 3.46498 3.57133 TRACK
[PUSH_CTRL] 1093 3.46386 3.57133 TRACK
[PUSH_CTRL] 1094 3.46273 3.57133 TRACK
[PUSH_CTRL] 1095 3.46151 3.57133 TRACK
[PUSH_CTRL] 1096 3.4603 3.57133 TRACK
[PUSH_CTRL] 1097 3.45905 3.57133 TRACK
[PUSH_CTRL] 1098 3.45783 3.57133 TRACK
[PUSH_CTRL] 1099 3.45666 3.57133 TRACK
[PUSH_CTRL] 1100 3.46317 3.57133 TRACK
[PUSH_CTRL] 1101 3.4618 3.57133 TRACK
[PUSH_CTRL] 1102 3.46064 3.57133 TRACK
[PUSH_CTRL] 1103 3.45958 3.57133 TRACK
[PUSH_CTRL] 1104 3.45864 3.57133 TRACK
[PUSH_CTRL] 1105 3.45755 3.57133 TRACK
[PUSH_CTRL] 1106 3.4566 3.57133 TRACK
[PUSH_CTRL] 1107 3.45646 3.57133 TRACK
[PUSH_CTRL] 1108 3.46395 3.57133 TRACK
[PUSH_CTRL] 1109 3.46311 3.57133 TRACK
[PUSH_CTRL] 1110 3.46225 3.57133 TRACK
[PUSH_CTRL] 1111 3.46139 3.57133 TRACK
[PUSH_CTRL] 1112 3.46033 3.57133 TRACK
[PUSH_CTRL] 1113 3.45854 3.57133 TRACK
[PUSH_CTRL] 1114 3.45546 3.57133 TRACK
[PUSH_CTRL] 1115 3.45975 3.57133 TRACK
[PUSH_CTRL] 1116 3.45629 3.57133 TRACK
[PUSH_CTRL] 1117 3.45247 3.57133 TRACK
[PUSH_CTRL] 1118 3.44999 3.57133 TRACK
[PUSH_CTRL] 1119 3.44987 3.57133 TRACK
[PUSH_CTRL] 1120 3.44985 3.57133 TRACK
[PUSH_CTRL] 1121 3.44986 3.57133 TRACK
[PUSH_CTRL] 1122 3.44981 3.57133 TRACK
[PUSH_CTRL] 1123 3.44952 3.57133 TRACK
[PUSH_CTRL] 1124 3.45694 3.57133 TRACK
[PUSH_CTRL] 1125 3.45628 3.57133 TRACK
[PUSH_CTRL] 1126 3.45486 3.57133 TRACK
[PUSH_CTRL] 1127 3.45206 3.57133 TRACK
[PUSH_CTRL] 1128 3.44844 3.57133 TRACK
[PUSH_CTRL] 1129 3.44478 3.57133 TRACK
[PUSH_CTRL] 1130 3.44134 3.57133 TRACK
[PUSH_CTRL] 1131 3.43852 3.57133 TRACK
[PUSH_CTRL] 1132 3.44433 3.57133 TRACK
[PUSH_CTRL] 1133 3.44223 3.57133 TRACK
[PUSH_CTRL] 1134 3.44054 3.57133 TRACK
[PUSH_CTRL] 1135 3.43947 3.57133 TRACK
[PUSH_CTRL] 1136 3.43872 3.57133 TRACK
[PUSH_CTRL] 1137 3.4388 3.57133 TRACK
[PUSH_CTRL] 1138 3.44054 3.57133 TRACK
[PUSH_CTRL] 1139 3.44253 3.57133 TRACK
[PUSH_CTRL] 1140 3.45249 3.57133 TRACK
[PUSH_CTRL] 1141 3.45431 3.57133 TRACK
[PUSH_CTRL] 1142 3.45496 3.57133 TRACK
[PUSH_CTRL] 1143 3.45477 3.57133 TRACK
[PUSH_CTRL] 1144 3.45414 3.57133 TRACK
[PUSH_CTRL] 1145 3.45313 3.57133 TRACK
[PUSH_CTRL] 1146 3.45202 3.57133 TRACK
[PUSH_CTRL] 1147 3.45144 3.57133 TRACK
[PUSH_CTRL] 1148 3.45854 3.57133 TRACK
[PUSH_CTRL] 1149 3.4577 3.57133 TRACK
[PUSH_CTRL] 1150 3.45679 3.57133 TRACK
[PUSH_CTRL] 1151 3.45599 3.57133 TRACK
[PUSH_CTRL] 1152 3.45484 3.57133 TRACK
[PUSH_CTRL] 1153 3.45294 3.57133 TRACK
[PUSH_CTRL] 1154 3.45098 3.57133 TRACK
[PUSH_CTRL] 1155 3.44883 3.57133 TRACK
[PUSH_CTRL] 1156 3.45453 3.57133 TRACK
[PUSH_CTRL] 1157 3.4528 3.57133 TRACK
[PUSH_CTRL] 1158 3.45093 3.57133 TRACK
[PUSH_CTRL] 1159 3.44899 3.57133 TRACK
[PUSH_CTRL] 1160 3.44735 3.57133 TRACK
[PUSH_CTRL] 1161 3.44624 3.57133 TRACK
[PUSH_CTRL] 1162 3.44483 3.57133 TRACK
[PUSH_CTRL] 1163 3.44334 3.57133 TRACK
[PUSH_CTRL] 1164 3.44995 3.57133 TRACK
[PUSH_CTRL] 1165 3.44905 3.57133 TRACK
[PUSH_CTRL] 1166 3.44843 3.57133 TRACK
[PUSH_CTRL] 1167 3.44774 3.57133 TRACK
[PUSH_CTRL] 1168 3.44713 3.57133 TRACK
[PUSH_CTRL] 1169 3.44662 3.57133 TRACK
[PUSH_CTRL] 1170 3.44603 3.57133 TRACK
[PUSH_CTRL] 1171 3.45347 3.57133 TRACK
[PUSH_CTRL] 1172 3.45307 3.57133 TRACK
[PUSH_CTRL] 1173 3.45257 3.57133 TRACK
[PUSH_CTRL] 1174 3.45201 3.57133 TRACK
[PUSH_CTRL] 1175 3.4514 3.57133 TRACK
[PUSH_CTRL] 1176 3.45062 3.57133 TRACK
[PUSH_CTRL] 1177 3.45042 3.57133 TRACK
[PUSH_CTRL] 1178 3.44958 3.57133 TRACK
[PUSH_CTRL] 1179 3.45597 3.57133 TRACK
[PUSH_CTRL] 1180 3.45434 3.57133 TRACK
[PUSH_CTRL] 1181 3.45255 3.57133 TRACK
[PUSH_CTRL] 1182 3.45127 3.57133 TRACK
[PUSH_CTRL] 1183 3.4504 3.57133 TRACK
[PUSH_CTRL] 1184 3.45047 3.57133 TRACK
[PUSH_CTRL] 1185 3.45056 3.57133 TRACK
[PUSH_CTRL] 1186 3.45058 3.57133 TRACK
[PUSH_CTRL] 1187 3.45828 3.57133 TRACK
[PUSH_CTRL] 1188 3.45782 3.57133 TRACK
[PUSH_CTRL] 1189 3.45719 3.57133 TRACK
[PUSH_CTRL] 1190 3.45686 3.57133 TRACK
[PUSH_CTRL] 1191 3.45576 3.57133 TRACK
[PUSH_CTRL] 1192 3.45436 3.57133 TRACK
[PUSH_CTRL] 1193 3.45272 3.57133 TRACK
[PUSH_CTRL] 1194 3.45092 3.57133 TRACK
[PUSH_CTRL] 1195 3.45552 3.57133 TRACK
[PUSH_CTRL] 1196 3.4515 3.57133 TRACK
[PUSH_CTRL] 1197 3.44724 3.57133 TRACK
[PUSH_CTRL] 1198 3.44302 3.57133 TRACK
[PUSH_CTRL] 1199 3.43897 3.57133 TRACK
[PUSH_CTRL] 1200 3.43538 3.57133 TRACK
[PUSH_CTRL] 1201 3.43331 3.57133 TRACK
[PUSH_CTRL] 1202 3.43133 3.57133 TRACK
[PUSH_CTRL] 1203 3.43805 3.57133 TRACK
[PUSH_CTRL] 1204 3.43669 3.57133 TRACK
[PUSH_CTRL] 1205 3.43564 3.57133 TRACK
[PUSH_CTRL] 1206 3.43494 3.57133 TRACK
[PUSH_CTRL] 1207 3.43398 3.57133 TRACK
[PUSH_CTRL] 1208 3.43251 3.57133 TRACK
[PUSH_CTRL] 1209 3.43174 3.57133 TRACK
[PUSH_CTRL] 1210 3.43112 3.57133 TRACK
[PUSH_CTRL] 1211 3.43978 3.57133 TRACK
[PUSH_CTRL] 1212 3.43965 3.57133 TRACK
[PUSH_CTRL] 1213 3.43917 3.57133 TRACK
[PUSH_CTRL] 1214 3.43868 3.57133 TRACK
[PUSH_CTRL] 1215 3.43798 3.57133 TRACK
[PUSH_CTRL] 1216 3.43777 3.57133 TRACK
[PUSH_CTRL] 1217 3.43744 3.57133 TRACK
[PUSH_CTRL] 1218 3.43701 3.57133 TRACK
[PUSH_CTRL] 1219 3.44448 3.57133 TRACK
[PUSH_CTRL] 1220 3.44357 3.57133 TRACK
[PUSH_CTRL] 1221 3.44264 3.57133 TRACK
[PUSH_CTRL] 1222 3.44294 3.57133 TRACK
[PUSH_CTRL] 1223 3.44385 3.57133 TRACK
[PUSH_CTRL] 1224 3.44506 3.57133 TRACK
[PUSH_CTRL] 1225 3.4453 3.57133 TRACK
[PUSH_CTRL] 1226 3.45367 3.57133 TRACK
[PUSH_CTRL] 1227 3.45386 3.57133 TRACK
[PUSH_CTRL] 1228 3.45433 3.57133 TRACK
[PUSH_CTRL] 1229 3.45458 3.57133 TRACK
[PUSH_CTRL] 1230 3.45466 3.57133 TRACK
[PUSH_CTRL] 1231 3.45439 3.57133 TRACK
[PUSH_CTRL] 1232 3.45382 3.57133 TRACK
[PUSH_CTRL] 1233 3.4532 3.57133 TRACK
[PUSH_CTRL] 1234 3.45966 3.57133 TRACK
[PUSH_CTRL] 1235 3.45745 3.57133 TRACK
[PUSH_CTRL] 1236 3.45381 3.57133 TRACK
[PUSH_CTRL] 1237 3.4502 3.57133 TRACK
[PUSH_CTRL] 1238 3.44716 3.57133 TRACK
[PUSH_CTRL] 1239 3.44472 3.57133 TRACK
[PUSH_CTRL] 1240 3.44281 3.57133 TRACK
[PUSH_CTRL] 1241 3.44119 3.57133 TRACK
[PUSH_CTRL] 1242 3.4482 3.57133 TRACK
[PUSH_CTRL] 1243 3.44756 3.57133 TRACK
[PUSH_CTRL] 1244 3.44696 3.57133 TRACK
[PUSH_CTRL] 1245 3.44588 3.57133 TRACK
[PUSH_CTRL] 1246 3.44511 3.57133 TRACK
[PUSH_CTRL] 1247 3.44526 3.57133 TRACK
[PUSH_CTRL] 1248 3.44611 3.57133 TRACK
[PUSH_CTRL] 1249 3.44753 3.57133 TRACK
[PUSH_CTRL] 1250 3.45676 3.57133 TRACK
[PUSH_CTRL] 1251 3.458 3.57133 TRACK
[PUSH_CTRL] 1252 3.45863 3.57133 TRACK
[PUSH_CTRL] 1253 3.45806 3.57133 TRACK
[PUSH_CTRL] 1254 3.45678 3.57133 TRACK
[PUSH_CTRL] 1255 3.4561 3.57133 TRACK
[PUSH_CTRL] 1256 3.45584 3.57133 TRACK
[PUSH_CTRL] 1257 3.45603 3.57133 TRACK
[PUSH_CTRL] 1258 3.46423 3.57133 TRACK
[PUSH_CTRL] 1259 3.46484 3.57133 TRACK
[PUSH_CTRL] 1260 3.46551 3.57133 TRACK
[PUSH_CTRL] 1261 3.46617 3.57133 TRACK
[PUSH_CTRL] 1262 3.46677 3.57133 TRACK
[PUSH_CTRL] 1263 3.46627 3.57133 TRACK
[PUSH_CTRL] 1264 3.46471 3.57133 TRACK
[PUSH_CTRL] 1265 3.46209 3.57133 TRACK
[PUSH_CTRL] 1266 3.46664 3.57133 TRACK
[PUSH_CTRL] 1267 3.46423 3.57133 TRACK
[PUSH_CTRL] 1268 3.46198 3.57133 TRACK
[PUSH_CTRL] 1269 3.4599 3.57133 TRACK
[PUSH_CTRL] 1270 3.45798 3.57133 TRACK
[PUSH_CTRL] 1271 3.45619 3.57133 TRACK
[PUSH_CTRL] 1272 3.45465 3.57133 TRACK
[PUSH_CTRL] 1273 3.45416 3.57133 TRACK
[PUSH_CTRL] 1274 3.46114 3.57133 TRACK
[PUSH_CTRL] 1275 3.46029 3.57133 TRACK
[PUSH_CTRL] 1276 3.45879 3.57133 TRACK
[PUSH_CTRL] 1277 3.45685 3.57133 TRACK
[PUSH_CTRL] 1278 3.45564 3.57133 TRACK
[PUSH_CTRL] 1279 3.45497 3.57133 TRACK
[PUSH_CTRL] 1280 3.45449 3.57133 TRACK
[PUSH_CTRL] 1281 3.45411 3.57133 TRACK
[PUSH_CTRL] 1282 3.46161 3.57133 TRACK
[PUSH_CTRL] 1283 3.4611 3.57133 TRACK
[PUSH_CTRL] 1284 3.46074 3.57133 TRACK
[PUSH_CTRL] 1285 3.46033 3.57133 TRACK
[PUSH_CTRL] 1286 3.45988 3.57133 TRACK
[PUSH_CTRL] 1287 3.45959 3.57133 TRACK
[PUSH_CTRL] 1288 3.45963 3.57133 TRACK
[PUSH_CTRL] 1289 3.45979 3.57133 TRACK
[PUSH_CTRL] 1290 3.46727 3.57133 TRACK
[PUSH_CTRL] 1291 3.4686 3.57133 TRACK
[PUSH_CTRL] 1292 3.4713 3.57133 TRACK
[PUSH_CTRL] 1293 3.47325 3.57133 TRACK
[PUSH_CTRL] 1294 3.47443 3.57133 TRACK
[PUSH_CTRL] 1295 3.47498 3.57133 TRACK
[PUSH_CTRL] 1296 3.47501 3.57133 TRACK
[PUSH_CTRL] 1297 3.4746 3.57133 TRACK
[PUSH_CTRL] 1298 3.48111 3.57133 TRACK
[PUSH_CTRL] 1299 3.48087 3.57133 TRACK
[PUSH_CTRL] 1300 3.48042 3.57133 TRACK
[PUSH_CTRL] 1301 3.47867 3.57133 TRACK
[PUSH_CTRL] 1302 3.47619 3.57133 TRACK
[PUSH_CTRL] 1303 3.47346 3.57133 TRACK
[PUSH_CTRL] 1304 3.47071 3.57133 TRACK
[PUSH_CTRL] 1305 3.46775 3.57133 TRACK
[PUSH_CTRL] 1306 3.47253 3.57133 TRACK
[PUSH_CTRL] 1307 3.47017 3.57133 TRACK
[PUSH_CTRL] 1308 3.46846 3.57133 TRACK
[PUSH_CTRL] 1309 3.46674 3.57133 TRACK
[PUSH_CTRL] 1310 3.4659 3.57133 TRACK
[PUSH_CTRL] 1311 3.46567 3.57133 TRACK
[PUSH_CTRL] 1312 3.46483 3.57133 TRACK
[PUSH_CTRL] 1313 3.46405 3.57133 TRACK
[PUSH_CTRL] 1314 3.47062 3.57133 TRACK
[PUSH_CTRL] 1315 3.46995 3.57133 TRACK
[PUSH_CTRL] 1316 3.46911 3.57133 TRACK
[PUSH_CTRL] 1317 3.46814 3.57133 TRACK
[PUSH_CTRL] 1318 3.46708 3.57133 TRACK
[PUSH_CTRL] 1319 3.46656 3.57133 TRACK
[PUSH_CTRL] 1320 3.46583 3.57133 TRACK
[PUSH_CTRL] 1321 3.46494 3.57133 TRACK
[PUSH_CTRL] 1322 3.4713 3.57133 TRACK
[PUSH_CTRL] 1323 3.46948 3.57133 TRACK
[PUSH_CTRL] 1324 3.46698 3.57133 TRACK
[PUSH_CTRL] 1325 3.46417 3.57133 TRACK
[PUSH_CTRL] 1326 3.46147 3.57133 TRACK
[PUSH_CTRL] 1327 3.45957 3.57133 TRACK
[PUSH_CTRL] 1328 3.45879 3.57133 TRACK
[PUSH_CTRL] 1329 3.45982 3.57133 TRACK
[PUSH_CTRL] 1330 3.46172 3.57133 TRACK
[PUSH_CTRL] 1331 3.47056 3.57133 TRACK
[PUSH_CTRL] 1332 3.47172 3.57133 TRACK
[PUSH_CTRL] 1333 3.47254 3.57133 TRACK
[PUSH_CTRL] 1334 3.47327 3.57133 TRACK
[PUSH_CTRL] 1335 3.47395 3.57133 TRACK
[PUSH_CTRL] 1336 3.47478 3.57133 TRACK
[PUSH_CTRL] 1337 3.47546 3.57133 TRACK
[PUSH_CTRL] 1338 3.47661 3.57133 TRACK
[PUSH_CTRL] 1339 3.48577 3.57133 TRACK
[PUSH_CTRL] 1340 3.48737 3.57133 TRACK
[PUSH_CTRL] 1341 3.48833 3.57133 TRACK
[PUSH_CTRL] 1342 3.48857 3.57133 TRACK
[PUSH_CTRL] 1343 3.48825 3.57133 TRACK
[PUSH_CTRL] 1344 3.48799 3.57133 TRACK
[PUSH_CTRL] 1345 3.48775 3.57133 TRACK
[PUSH_CTRL] 1346 3.48734 3.57133 TRACK
[PUSH_CTRL] 1347 3.49328 3.57133 TRACK
[PUSH_CTRL] 1348 3.49035 3.57133 TRACK
[PUSH_CTRL] 1349 3.4873 3.57133 TRACK
[PUSH_CTRL] 1350 3.48434 3.57133 TRACK
[PUSH_CTRL] 1351 3.48175 3.57133 TRACK
[PUSH_CTRL] 1352 3.47953 3.57133 TRACK
[PUSH_CTRL] 1353 3.47766 3.57133 TRACK
[PUSH_CTRL] 1354 3.47635 3.57133 TRACK
[PUSH_CTRL] 1355 3.48217 3.57133 TRACK
[PUSH_CTRL] 1356 3.48129 3.57133 TRACK
[PUSH_CTRL] 1357 3.48096 3.57133 TRACK
[PUSH_CTRL] 1358 3.48103 3.57133 TRACK
[PUSH_CTRL] 1359 3.48142 3.57133 TRACK
[PUSH_CTRL] 1360 3.48198 3.57133 TRACK
[PUSH_CTRL] 1361 3.4821 3.57133 TRACK
[PUSH_CTRL] 1362 3.48251 3.57133 TRACK
[PUSH_CTRL] 1363 3.48968 3.57133 TRACK
[PUSH_CTRL] 1364 3.49054 3.57133 TRACK
[PUSH_CTRL] 1365 3.49147 3.57133 TRACK
[PUSH_CTRL] 1366 3.49093 3.57133 TRACK
[PUSH_CTRL] 1367 3.49018 3.57133 TRACK
[PUSH_CTRL] 1368 3.48914 3.57133 TRACK
[PUSH_CTRL] 1369 3.48821 3.57133 TRACK
[PUSH_CTRL] 1370 3.48747 3.57133 TRACK
[PUSH_CTRL] 1371 3.49301 3.57133 TRACK
[PUSH_CTRL] 1372 3.49252 3.57133 TRACK
[PUSH_CTRL] 1373 3.49225 3.57133 TRACK
[PUSH_CTRL] 1374 3.49204 3.57133 TRACK
[PUSH_CTRL] 1375 3.49168 3.57133 TRACK
[PUSH_CTRL] 1376 3.4917 3.57133 TRACK
[PUSH_CTRL] 1377 3.49222 3.57133 TRACK
[PUSH_CTRL] 1378 3.49254 3.57133 TRACK
[PUSH_CTRL] 1379 3.49874 3.57133 TRACK
[PUSH_CTRL] 1380 3.49874 3.57133 TRACK
[PUSH_CTRL] 1381 3.49948 3.57133 TRACK
[PUSH_CTRL] 1382 3.50107 3.57133 TRACK
[PUSH_CTRL] 1383 3.50287 3.57133 TRACK
[PUSH_CTRL] 1384 3.50268 3.57133 TRACK
[PUSH_CTRL] 1385 3.50259 3.57133 TRACK
[PUSH_CTRL] 1386 3.50196 3.57133 TRACK
[PUSH_CTRL] 1387 3.50637 3.57133 TRACK
[PUSH_CTRL] 1388 3.50503 3.57133 TRACK
[PUSH_CTRL] 1389 3.50347 3.57133 TRACK
[PUSH_CTRL] 1390 3.50178 3.57133 TRACK
[PUSH_CTRL] 1391 3.50069 3.57133 TRACK
[PUSH_CTRL] 1392 3.50129 3.57133 TRACK
[PUSH_CTRL] 1393 3.5016 3.57133 TRACK
[PUSH_CTRL] 1394 3.50163 3.57133 TRACK
[PUSH_CTRL] 1395 3.50138 3.57133 TRACK
[PUSH_CTRL] 1396 3.50661 3.57133 TRACK
[PUSH_CTRL] 1397 3.50628 3.57133 TRACK
[PUSH_CTRL] 1398 3.50597 3.57133 TRACK
[PUSH_CTRL] 1399 3.5058 3.57133 TRACK
[PUSH_CTRL] 1400 3.50561 3.57133 TRACK
[PUSH_CTRL] 1401 3.50594 3.57133 TRACK
[PUSH_CTRL] 1402 3.50631 3.57133 TRACK
[PUSH_CTRL] 1403 3.50679 3.57133 TRACK
[PUSH_CTRL] 1404 3.51248 3.57133 TRACK
[PUSH_CTRL] 1405 3.51286 3.57133 TRACK
[PUSH_CTRL] 1406 3.51282 3.57133 TRACK
[PUSH_CTRL] 1407 3.51271 3.57133 TRACK
[PUSH_CTRL] 1408 3.51016 3.57133 TRACK
[PUSH_CTRL] 1409 3.50763 3.57133 TRACK
[PUSH_CTRL] 1410 3.5049 3.57133 TRACK
[PUSH_CTRL] 1411 3.50213 3.57133 TRACK
[PUSH_CTRL] 1412 3.50512 3.57133 TRACK
[PUSH_CTRL] 1413 3.50258 3.57133 TRACK
[PUSH_CTRL] 1414 3.50146 3.57133 TRACK
[PUSH_CTRL] 1415 3.50105 3.57133 TRACK
[PUSH_CTRL] 1416 3.50096 3.57133 TRACK
[PUSH_CTRL] 1417 3.50181 3.57133 TRACK
[PUSH_CTRL] 1418 3.50321 3.57133 TRACK
[PUSH_CTRL] 1419 3.50425 3.57133 TRACK
[PUSH_CTRL] 1420 3.51049 3.57133 TRACK
[PUSH_CTRL] 1421 3.51088 3.57133 TRACK
[PUSH_CTRL] 1422 3.511 3.57133 TRACK
[PUSH_CTRL] 1423 3.51059 3.57133 TRACK
[PUSH_CTRL] 1424 3.50931 3.57133 TRACK
[PUSH_CTRL] 1425 3.50754 3.57133 TRACK
[PUSH_CTRL] 1426 3.50616 3.57133 TRACK
[PUSH_CTRL] 1427 3.50572 3.57133 TRACK
[PUSH_CTRL] 1428 3.51128 3.57133 TRACK
[PUSH_CTRL] 1429 3.51136 3.57133 TRACK
[PUSH_CTRL] 1430 3.51118 3.57133 TRACK
[PUSH_CTRL] 1431 3.50801 3.57133 TRACK
[PUSH_CTRL] 1432 3.5041 3.57133 TRACK
[PUSH_CTRL] 1433 3.49992 3.57133 TRACK
[PUSH_CTRL] 1434 3.49614 3.57133 TRACK
[PUSH_CTRL] 1435 3.49281 3.57133 TRACK
[PUSH_CTRL] 1436 3.49018 3.57133 TRACK
[PUSH_CTRL] 1437 3.49432 3.57133 TRACK
[PUSH_CTRL] 1438 3.49281 3.57133 TRACK
[PUSH_CTRL] 1439 3.49132 3.57133 TRACK
[PUSH_CTRL] 1440 3.48984 3.57133 TRACK
[PUSH_CTRL] 1441 3.48884 3.57133 TRACK
[PUSH_CTRL] 1442 3.48904 3.57133 TRACK
[PUSH_CTRL] 1443 3.49007 3.57133 TRACK
[PUSH_CTRL] 1444 3.49087 3.57133 TRACK
[PUSH_CTRL] 1445 3.49606 3.57133 TRACK
[PUSH_CTRL] 1446 3.49416 3.57133 TRACK
[PUSH_CTRL] 1447 3.49296 3.57133 TRACK
[PUSH_CTRL] 1448 3.49182 3.57133 TRACK
[PUSH_CTRL] 1449 3.49086 3.57133 TRACK
[PUSH_CTRL] 1450 3.48988 3.57133 TRACK
[PUSH_CTRL] 1451 3.48889 3.57133 TRACK
[PUSH_CTRL] 1452 3.49407 3.57133 TRACK
[PUSH_CTRL] 1453 3.49388 3.57133 TRACK
[PUSH_CTRL] 1454 3.49394 3.57133 TRACK
[PUSH_CTRL] 1455 3.49421 3.57133 TRACK
[PUSH_CTRL] 1456 3.49464 3.57133 TRACK
[PUSH_CTRL] 1457 3.49489 3.57133 TRACK
[PUSH_CTRL] 1458 3.49768 3.57133 TRACK
[PUSH_CTRL] 1459 3.50065 3.57133 TRACK
[PUSH_CTRL] 1460 3.5098 3.57133 TRACK
[PUSH_CTRL] 1461 3.51195 3.57133 TRACK
[PUSH_CTRL] 1462 3.5132 3.57133 TRACK
[PUSH_CTRL] 1463 3.51413 3.57133 TRACK
[PUSH_CTRL] 1464 3.51477 3.57133 TRACK
[PUSH_CTRL] 1465 3.51441 3.57133 TRACK
[PUSH_CTRL] 1466 3.51273 3.57133 TRACK
[PUSH_CTRL] 1467 3.51034 3.57133 TRACK
[PUSH_CTRL] 1468 3.51315 3.57133 TRACK
[PUSH_CTRL] 1469 3.51098 3.57133 TRACK
[PUSH_CTRL] 1470 3.51023 3.57133 TRACK
[PUSH_CTRL] 1471 3.50981 3.57133 TRACK
[PUSH_CTRL] 1472 3.51041 3.57133 TRACK
[PUSH_CTRL] 1473 3.51158 3.57133 TRACK
[PUSH_CTRL] 1474 3.51314 3.57133 TRACK
[PUSH_CTRL] 1475 3.51479 3.57133 TRACK
[PUSH_CTRL] 1476 3.52049 3.57133 TRACK
[PUSH_CTRL] 1477 3.52094 3.57133 TRACK
[PUSH_CTRL] 1478 3.52126 3.57133 TRACK
[PUSH_CTRL] 1479 3.52152 3.57133 TRACK
[PUSH_CTRL] 1480 3.52141 3.57133 TRACK
[PUSH_CTRL] 1481 3.52138 3.57133 TRACK
[PUSH_CTRL] 1482 3.52127 3.57133 TRACK
[PUSH_CTRL] 1483 3.52109 3.57133 TRACK
[PUSH_CTRL] 1484 3.52426 3.57133 TRACK
[PUSH_CTRL] 1485 3.52197 3.57133 TRACK
[PUSH_CTRL] 1486 3.51944 3.57133 TRACK
[PUSH_CTRL] 1487 3.51673 3.57133 TRACK
[PUSH_CTRL] 1488 3.51359 3.57133 TRACK
[PUSH_CTRL] 1489 3.51091 3.57133 TRACK
[PUSH_CTRL] 1490 3.50874 3.57133 TRACK
[PUSH_CTRL] 1491 3.50695 3.57133 TRACK
[PUSH_CTRL] 1492 3.51054 3.57133 TRACK
[PUSH_CTRL] 1493 3.50908 3.57133 TRACK
[PUSH_CTRL] 1494 3.50758 3.57133 TRACK
[PUSH_CTRL] 1495 3.5064 3.57133 TRACK
[PUSH_CTRL] 1496 3.50511 3.57133 TRACK
[PUSH_CTRL] 1497 3.50315 3.57133 TRACK
[PUSH_CTRL] 1498 3.50085 3.57133 TRACK
[PUSH_CTRL] 1499 3.4984 3.57133 TRACK
[PUSH_CTRL] 1500 3.50099 3.57133 TRACK
[PUSH_CTRL] 1501 3.49849 3.57133 TRACK
[PUSH_CTRL] 1502 3.49699 3.57133 TRACK
[PUSH_CTRL] 1503 3.49679 3.57133 TRACK
[PUSH_CTRL] 1504 3.49725 3.57133 TRACK
[PUSH_CTRL] 1505 3.4972 3.57133 TRACK
[PUSH_CTRL] 1506 3.49674 3.57133 TRACK
[PUSH_CTRL] 1507 3.49641 3.57133 TRACK
[PUSH_CTRL] 1508 3.50154 3.57133 TRACK
[PUSH_CTRL] 1509 3.50128 3.57133 TRACK
[PUSH_CTRL] 1510 3.50137 3.57133 TRACK
[PUSH_CTRL] 1511 3.50117 3.57133 TRACK
[PUSH_CTRL] 1512 3.50074 3.57133 TRACK
[PUSH_CTRL] 1513 3.50012 3.57133 TRACK
[PUSH_CTRL] 1514 3.49853 3.57133 TRACK
[PUSH_CTRL] 1515 3.49583 3.57133 TRACK
[PUSH_CTRL] 1516 3.49844 3.57133 TRACK
[PUSH_CTRL] 1517 3.49586 3.57133 TRACK
[PUSH_CTRL] 1518 3.49334 3.57133 TRACK
[PUSH_CTRL] 1519 3.4911 3.57133 TRACK
[PUSH_CTRL] 1520 3.48924 3.57133 TRACK
[PUSH_CTRL] 1521 3.4881 3.57133 TRACK
[PUSH_CTRL] 1522 3.48712 3.57133 TRACK
[PUSH_CTRL] 1523 3.48627 3.57133 TRACK
[PUSH_CTRL] 1524 3.49118 3.57133 TRACK
[PUSH_CTRL] 1525 3.4905 3.57133 TRACK
[PUSH_CTRL] 1526 3.49038 3.57133 TRACK
[PUSH_CTRL] 1527 3.4908 3.57133 TRACK
[PUSH_CTRL] 1528 3.49231 3.57133 TRACK
[PUSH_CTRL] 1529 3.49381 3.57133 TRACK
[PUSH_CTRL] 1530 3.49483 3.57133 TRACK
[PUSH_CTRL] 1531 3.49571 3.57133 TRACK
[PUSH_CTRL] 1532 3.50175 3.57133 TRACK
[PUSH_CTRL] 1533 3.50212 3.57133 TRACK
[PUSH_CTRL] 1534 3.50008 3.57133 TRACK
[PUSH_CTRL] 1535 3.49701 3.57133 TRACK
[PUSH_CTRL] 1536 3.49358 3.57133 TRACK
[PUSH_CTRL] 1537 3.48955 3.57133 TRACK
[PUSH_CTRL] 1538 3.48609 3.57133 TRACK
[PUSH_CTRL] 1539 3.48319 3.57133 TRACK
[PUSH_CTRL] 1540 3.48654 3.57133 TRACK
[PUSH_CTRL] 1541 3.48424 3.57133 TRACK
[PUSH_CTRL] 1542 3.48254 3.57133 TRACK
[PUSH_CTRL] 1543 3.48181 3.57133 TRACK
[PUSH_CTRL] 1544 3.48187 3.57133 TRACK
[PUSH_CTRL] 1545 3.48176 3.57133 TRACK
[PUSH_CTRL] 1546 3.48158 3.57133 TRACK
[PUSH_CTRL] 1547 3.48137 3.57133 TRACK
[PUSH_CTRL] 1548 3.48672 3.57133 TRACK
[PUSH_CTRL] 1549 3.4861 3.57133 TRACK
[PUSH_CTRL] 1550 3.48584 3.57133 TRACK
[PUSH_CTRL] 1551 3.48507 3.57133 TRACK
[PUSH_CTRL] 1552 3.48421 3.57133 TRACK
[PUSH_CTRL] 1553 3.48303 3.57133 TRACK
[PUSH_CTRL] 1554 3.48214 3.57133 TRACK
[PUSH_CTRL] 1555 3.48154 3.57133 TRACK
[PUSH_CTRL] 1556 3.48644 3.57133 TRACK
[PUSH_CTRL] 1557 3.48471 3.57133 TRACK
[PUSH_CTRL] 1558 3.48112 3.57133 TRACK
[PUSH_CTRL] 1559 3.47763 3.57133 TRACK
[PUSH_CTRL] 1560 3.47468 3.57133 TRACK
[PUSH_CTRL] 1561 3.47203 3.57133 TRACK
[PUSH_CTRL] 1562 3.46937 3.57133 TRACK
[PUSH_CTRL] 1563 3.46711 3.57133 TRACK
[PUSH_CTRL] 1564 3.47148 3.57133 TRACK
[PUSH_CTRL] 1565 3.46993 3.57133 TRACK
[PUSH_CTRL] 1566 3.46886 3.57133 TRACK
[PUSH_CTRL] 1567 3.46833 3.57133 TRACK
[PUSH_CTRL] 1568 3.46902 3.57133 TRACK
[PUSH_CTRL] 1569 3.47057 3.57133 TRACK
[PUSH_CTRL] 1570 3.47283 3.57133 TRACK
[PUSH_CTRL] 1571 3.47531 3.57133 TRACK
[PUSH_CTRL] 1572 3.48347 3.57133 TRACK
[PUSH_CTRL] 1573 3.48518 3.57133 TRACK
[PUSH_CTRL] 1574 3.48666 3.57133 TRACK
[PUSH_CTRL] 1575 3.48759 3.57133 TRACK
[PUSH_CTRL] 1576 3.48827 3.57133 TRACK
[PUSH_CTRL] 1577 3.48874 3.57133 TRACK
[PUSH_CTRL] 1578 3.48901 3.57133 TRACK
[PUSH_CTRL] 1579 3.4947 3.57133 TRACK
[PUSH_CTRL] 1580 3.49467 3.57133 TRACK
[PUSH_CTRL] 1581 3.49469 3.57133 TRACK
[PUSH_CTRL] 1582 3.49488 3.57133 TRACK
[PUSH_CTRL] 1583 3.49516 3.57133 TRACK
[PUSH_CTRL] 1584 3.49616 3.57133 TRACK
[PUSH_CTRL] 1585 3.497 3.57133 TRACK
[PUSH_CTRL] 1586 3.49814 3.57133 TRACK
[PUSH_CTRL] 1587 3.50291 3.57133 TRACK
[PUSH_CTRL] 1588 3.50159 3.57133 TRACK
[PUSH_CTRL] 1589 3.49916 3.57133 TRACK
[PUSH_CTRL] 1590 3.49703 3.57133 TRACK
[PUSH_CTRL] 1591 3.49521 3.57133 TRACK
[PUSH_CTRL] 1592 3.49346 3.57133 TRACK
[PUSH_CTRL] 1593 3.49177 3.57133 TRACK
[PUSH_CTRL] 1594 3.49034 3.57133 TRACK
[PUSH_CTRL] 1595 3.48904 3.57133 TRACK
[PUSH_CTRL] 1596 3.49316 3.57133 TRACK
[PUSH_CTRL] 1597 3.49259 3.57133 TRACK
[PUSH_CTRL] 1598 3.4899 3.57133 TRACK
[PUSH_CTRL] 1599 3.48749 3.57133 TRACK
[PUSH_CTRL] 1600 3.48578 3.57133 TRACK
[PUSH_CTRL] 1601 3.48374 3.57133 TRACK
[PUSH_CTRL] 1602 3.48152 3.57133 TRACK
[PUSH_CTRL] 1603 3.47915 3.57133 TRACK
[PUSH_CTRL] 1604 3.48264 3.57133 TRACK
[PUSH_CTRL] 1605 3.48038 3.57133 TRACK
[PUSH_CTRL] 1606 3.47828 3.57133 TRACK
[PUSH_CTRL] 1607 3.4765 3.57133 TRACK
[PUSH_CTRL] 1608 3.47521 3.57133 TRACK
[PUSH_CTRL] 1609 3.47379 3.57133 TRACK
[PUSH_CTRL] 1610 3.47237 3.57133 TRACK
[PUSH_CTRL] 1611 3.47164 3.57133 TRACK
[PUSH_CTRL] 1612 3.47695 3.57133 TRACK
[PUSH_CTRL] 1613 3.47596 3.57133 TRACK
[PUSH_CTRL] 1614 3.47498 3.57133 TRACK
[PUSH_CTRL] 1615 3.47363 3.57133 TRACK
[PUSH_CTRL] 1616 3.4723 3.57133 TRACK
[PUSH_CTRL] 1617 3.47024 3.57133 TRACK
[PUSH_CTRL] 1618 3.46749 3.57133 TRACK
[PUSH_CTRL] 1619 3.46477 3.57133 TRACK
[PUSH_CTRL] 1620 3.4683 3.57133 TRACK
[PUSH_CTRL] 1621 3.46685 3.57133 TRACK
[PUSH_CTRL] 1622 3.46528 3.57133 TRACK
[PUSH_CTRL] 1623 3.46407 3.57133 TRACK
[PUSH_CTRL] 1624 3.46331 3.57133 TRACK
[PUSH_CTRL] 1625 3.46267 3.57133 TRACK
[PUSH_CTRL] 1626 3.46199 3.57133 TRACK
[PUSH_CTRL] 1627 3.46042 3.57133 TRACK
[PUSH_CTRL] 1628 3.46424 3.57133 TRACK
[PUSH_CTRL] 1629 3.46082 3.57133 TRACK
[PUSH_CTRL] 1630 3.45738 3.57133 TRACK
[PUSH_CTRL] 1631 3.45402 3.57133 TRACK
[PUSH_CTRL] 1632 3.45113 3.57133 TRACK
[PUSH_CTRL] 1633 3.44846 3.57133 TRACK
[PUSH_CTRL] 1634 3.44653 3.57133 TRACK
[PUSH_CTRL] 1635 3.44462 3.57133 TRACK
[PUSH_CTRL] 1636 3.44317 3.57133 TRACK
[PUSH_CTRL] 1637 3.44895 3.57133 TRACK
[PUSH_CTRL] 1638 3.44778 3.57133 TRACK
[PUSH_CTRL] 1639 3.44646 3.57133 TRACK
[PUSH_CTRL] 1640 3.44497 3.57133 TRACK
[PUSH_CTRL] 1641 3.44331 3.57133 TRACK
[PUSH_CTRL] 1642 3.44152 3.57133 TRACK
[PUSH_CTRL] 1643 3.43959 3.57133 TRACK
[PUSH_CTRL] 1644 3.44521 3.57133 TRACK
[PUSH_CTRL] 1645 3.44374 3.57133 TRACK
[PUSH_CTRL] 1646 3.44262 3.57133 TRACK
[PUSH_CTRL] 1647 3.44163 3.57133 TRACK
[PUSH_CTRL] 1648 3.44074 3.57133 TRACK
[PUSH_CTRL] 1649 3.43993 3.57133 TRACK
[PUSH_CTRL] 1650 3.43881 3.57133 TRACK
[PUSH_CTRL] 1651 3.43796 3.57133 TRACK
[PUSH_CTRL] 1652 3.4436 3.57133 TRACK
[PUSH_CTRL] 1653 3.44147 3.57133 TRACK
[PUSH_CTRL] 1654 3.43926 3.57133 TRACK
[PUSH_CTRL] 1655 3.43689 3.57133 TRACK
[PUSH_CTRL] 1656 3.43472 3.57133 TRACK
[PUSH_CTRL] 1657 3.43279 3.57133 TRACK
[PUSH_CTRL] 1658 3.43141 3.57133 TRACK
[PUSH_CTRL] 1659 3.43179 3.57133 TRACK
[PUSH_CTRL] 1660 3.43287 3.57133 TRACK
[PUSH_CTRL] 1661 3.44259 3.57133 TRACK
[PUSH_CTRL] 1662 3.44459 3.57133 TRACK
[PUSH_CTRL] 1663 3.44612 3.57133 TRACK
[PUSH_CTRL] 1664 3.44742 3.57133 TRACK
[PUSH_CTRL] 1665 3.44812 3.57133 TRACK
[PUSH_CTRL] 1666 3.44868 3.57133 TRACK
[PUSH_CTRL] 1667 3.4491 3.57133 TRACK
[PUSH_CTRL] 1668 3.44941 3.57133 TRACK
[PUSH_CTRL] 1669 3.45637 3.57133 TRACK
[PUSH_CTRL] 1670 3.45634 3.57133 TRACK
[PUSH_CTRL] 1671 3.45608 3.57133 TRACK
[PUSH_CTRL] 1672 3.45397 3.57133 TRACK
[PUSH_CTRL] 1673 3.45158 3.57133 TRACK
[PUSH_CTRL] 1674 3.4493 3.57133 TRACK
[PUSH_CTRL] 1675 3.44737 3.57133 TRACK
[PUSH_CTRL] 1676 3.4452 3.57133 TRACK
[PUSH_CTRL] 1677 3.44993 3.57133 TRACK
[PUSH_CTRL] 1678 3.44811 3.57133 TRACK
[PUSH_CTRL] 1679 3.44648 3.57133 TRACK
[PUSH_CTRL] 1680 3.44468 3.57133 TRACK
[PUSH_CTRL] 1681 3.44334 3.57133 TRACK
[PUSH_CTRL] 1682 3.44244 3.57133 TRACK
[PUSH_CTRL] 1683 3.44183 3.57133 TRACK
[PUSH_CTRL] 1684 3.44128 3.57133 TRACK
[PUSH_CTRL] 1685 3.44862 3.57133 TRACK
[PUSH_CTRL] 1686 3.44942 3.57133 TRACK
[PUSH_CTRL] 1687 3.45038 3.57133 TRACK
[PUSH_CTRL] 1688 3.45087 3.57133 TRACK
[PUSH_CTRL] 1689 3.45116 3.57133 TRACK
[PUSH_CTRL] 1690 3.45129 3.57133 TRACK
[PUSH_CTRL] 1691 3.4516 3.57133 TRACK
[PUSH_CTRL] 1692 3.45851 3.57133 TRACK
[PUSH_CTRL] 1693 3.45873 3.57133 TRACK
[PUSH_CTRL] 1694 3.45857 3.57133 TRACK
[PUSH_CTRL] 1695 3.45545 3.57133 TRACK
[PUSH_CTRL] 1696 3.45166 3.57133 TRACK
[PUSH_CTRL] 1697 3.44703 3.57133 TRACK
[PUSH_CTRL] 1698 3.44334 3.57133 TRACK
[PUSH_CTRL] 1699 3.4406 3.57133 TRACK
[PUSH_CTRL] 1700 3.43902 3.57133 TRACK
[PUSH_CTRL] 1701 3.44636 3.57133 TRACK
[PUSH_CTRL] 1702 3.44716 3.57133 TRACK
[PUSH_CTRL] 1703 3.44828 3.57133 TRACK
[PUSH_CTRL] 1704 3.44925 3.57133 TRACK
[PUSH_CTRL] 1705 3.45003 3.57133 TRACK
[PUSH_CTRL] 1706 3.45081 3.57133 TRACK
[PUSH_CTRL] 1707 3.45166 3.57133 TRACK
[PUSH_CTRL] 1708 3.45259 3.57133 TRACK
[PUSH_CTRL] 1709 3.4601 3.57133 TRACK
[PUSH_CTRL] 1710 3.46033 3.57133 TRACK
[PUSH_CTRL] 1711 3.46005 3.57133 TRACK
[PUSH_CTRL] 1712 3.46004 3.57133 TRACK
[PUSH_CTRL] 1713 3.45951 3.57133 TRACK
[PUSH_CTRL] 1714 3.45853 3.57133 TRACK
[PUSH_CTRL] 1715 3.45636 3.57133 TRACK
[PUSH_CTRL] 1716 3.45513 3.57133 TRACK
[PUSH_CTRL] 1717 3.46137 3.57133 TRACK
[PUSH_CTRL] 1718 3.46084 3.57133 TRACK
[PUSH_CTRL] 1719 3.46027 3.57133 TRACK
[PUSH_CTRL] 1720 3.45968 3.57133 TRACK
[PUSH_CTRL] 1721 3.45794 3.57133 TRACK
[PUSH_CTRL] 1722 3.45639 3.57133 TRACK
[PUSH_CTRL] 1723 3.45482 3.57133 TRACK
[PUSH_CTRL] 1724 3.45346 3.57133 TRACK
[PUSH_CTRL] 1725 3.45958 3.57133 TRACK
[PUSH_CTRL] 1726 3.45883 3.57133 TRACK
[PUSH_CTRL] 1727 3.4579 3.57133 TRACK
[PUSH_CTRL] 1728 3.45764 3.57133 TRACK
[PUSH_CTRL] 1729 3.45821 3.57133 TRACK
[PUSH_CTRL] 1730 3.45914 3.57133 TRACK
[PUSH_CTRL] 1731 3.46007 3.57133 TRACK
[PUSH_CTRL] 1732 3.46089 3.57133 TRACK
[PUSH_CTRL] 1733 3.46769 3.57133 TRACK
[PUSH_CTRL] 1734 3.46834 3.57133 TRACK
[PUSH_CTRL] 1735 3.46839 3.57133 TRACK
[PUSH_CTRL] 1736 3.46763 3.57133 TRACK
[PUSH_CTRL] 1737 3.4664 3.57133 TRACK
[PUSH_CTRL] 1738 3.465 3.57133 TRACK
[PUSH_CTRL] 1739 3.46328 3.57133 TRACK
[PUSH_CTRL] 1740 3.4607 3.57133 TRACK
[PUSH_CTRL] 1741 3.46506 3.57133 TRACK
[PUSH_CTRL] 1742 3.4632 3.57133 TRACK
[PUSH_CTRL] 1743 3.46167 3.57133 TRACK
[PUSH_CTRL] 1744 3.4605 3.57133 TRACK
[PUSH_CTRL] 1745 3.45968 3.57133 TRACK
[PUSH_CTRL] 1746 3.45892 3.57133 TRACK
[PUSH_CTRL] 1747 3.45822 3.57133 TRACK
[PUSH_CTRL] 1748 3.45718 3.57133 TRACK
[PUSH_CTRL] 1749 3.46261 3.57133 TRACK
[PUSH_CTRL] 1750 3.46078 3.57133 TRACK
[PUSH_CTRL] 1751 3.45798 3.57133 TRACK
[PUSH_CTRL] 1752 3.45563 3.57133 TRACK
[PUSH_CTRL] 1753 3.45387 3.57133 TRACK
[PUSH_CTRL] 1754 3.45283 3.57133 TRACK
[PUSH_CTRL] 1755 3.45281 3.57133 TRACK
[PUSH_CTRL] 1756 3.45441 3.57133 TRACK
[PUSH_CTRL] 1757 3.45672 3.57133 TRACK
[PUSH_CTRL] 1758 3.46544 3.57133 TRACK
[PUSH_CTRL] 1759 3.46722 3.57133 TRACK
[PUSH_CTRL] 1760 3.46874 3.57133 TRACK
[PUSH_CTRL] 1761 3.46964 3.57133 TRACK
[PUSH_CTRL] 1762 3.46998 3.57133 TRACK
[PUSH_CTRL] 1763 3.47041 3.57133 TRACK
[PUSH_CTRL] 1764 3.47088 3.57133 TRACK
[PUSH_CTRL] 1765 3.46889 3.57133 TRACK
[PUSH_CTRL] 1766 3.46756 3.57133 TRACK
[PUSH_CTRL] 1767 3.47306 3.57133 TRACK
[PUSH_CTRL] 1768 3.47258 3.57133 TRACK
[PUSH_CTRL] 1769 3.47242 3.57133 TRACK
[PUSH_CTRL] 1770 3.47194 3.57133 TRACK
[PUSH_CTRL] 1771 3.47134 3.57133 TRACK
[PUSH_CTRL] 1772 3.47063 3.57133 TRACK
[PUSH_CTRL] 1773 3.47005 3.57133 TRACK
[PUSH_CTRL] 1774 3.46935 3.57133 TRACK
[PUSH_CTRL] 1775 3.4753 3.57133 TRACK
[PUSH_CTRL] 1776 3.47628 3.57133 TRACK
[PUSH_CTRL] 1777 3.47731 3.57133 TRACK
[PUSH_CTRL] 1778 3.47852 3.57133 TRACK
[PUSH_CTRL] 1779 3.47941 3.57133 TRACK
[PUSH_CTRL] 1780 3.47922 3.57133 TRACK
[PUSH_CTRL] 1781 3.47783 3.57133 TRACK
[PUSH_CTRL] 1782 3.4757 3.57133 TRACK
[PUSH_CTRL] 1783 3.47351 3.57133 TRACK
[PUSH_CTRL] 1784 3.47772 3.57133 TRACK
[PUSH_CTRL] 1785 3.47578 3.57133 TRACK
[PUSH_CTRL] 1786 3.47399 3.57133 TRACK
[PUSH_CTRL] 1787 3.47243 3.57133 TRACK
[PUSH_CTRL] 1788 3.47113 3.57133 TRACK
[PUSH_CTRL] 1789 3.46983 3.57133 TRACK
[PUSH_CTRL] 1790 3.468 3.57133 TRACK
[PUSH_CTRL] 1791 3.46645 3.57133 TRACK
[PUSH_CTRL] 1792 3.47162 3.57133 TRACK
[PUSH_CTRL] 1793 3.47046 3.57133 TRACK
[PUSH_CTRL] 1794 3.4694 3.57133 TRACK
[PUSH_CTRL] 1795 3.46843 3.57133 TRACK
[PUSH_CTRL] 1796 3.4709 3.57133 TRACK
[PUSH_CTRL] 1797 3.47267 3.57133 TRACK
[PUSH_CTRL] 1798 3.47421 3.57133 TRACK
[PUSH_CTRL] 1799 3.47548 3.57133 TRACK
[PUSH_CTRL] 1800 3.47648 3.57133 TRACK
[PUSH_CTRL] 1801 3.48317 3.57133 TRACK
[PUSH_CTRL] 1802 3.48359 3.57133 TRACK
[PUSH_CTRL] 1803 3.4837 3.57133 TRACK
[PUSH_CTRL] 1804 3.48364 3.57133 TRACK
[PUSH_CTRL] 1805 3.48343 3.57133 TRACK
[PUSH_CTRL] 1806 3.48265 3.57133 TRACK
[PUSH_CTRL] 1807 3.48099 3.57133 TRACK
[PUSH_CTRL] 1808 3.47903 3.57133 TRACK
[PUSH_CTRL] 1809 3.48262 3.57133 TRACK
[PUSH_CTRL] 1810 3.48027 3.57133 TRACK
[PUSH_CTRL] 1811 3.47787 3.57133 TRACK
[PUSH_CTRL] 1812 3.47555 3.57133 TRACK
[PUSH_CTRL] 1813 3.47352 3.57133 TRACK
[PUSH_CTRL] 1814 3.4728 3.57133 TRACK
[PUSH_CTRL] 1815 3.47202 3.57133 TRACK
[PUSH_CTRL] 1816 3.47116 3.57133 TRACK
[PUSH_CTRL] 1817 3.47622 3.57133 TRACK
[PUSH_CTRL] 1818 3.47518 3.57133 TRACK
[PUSH_CTRL] 1819 3.47414 3.57133 TRACK
[PUSH_CTRL] 1820 3.47318 3.57133 TRACK
[PUSH_CTRL] 1821 3.47288 3.57133 TRACK
[PUSH_CTRL] 1822 3.47223 3.57133 TRACK
[PUSH_CTRL] 1823 3.47185 3.57133 TRACK
[PUSH_CTRL] 1824 3.47179 3.57133 TRACK
[PUSH_CTRL] 1825 3.47178 3.57133 TRACK
[PUSH_CTRL] 1826 3.47798 3.57133 TRACK
[PUSH_CTRL] 1827 3.47796 3.57133 TRACK
[PUSH_CTRL] 1828 3.47818 3.57133 TRACK
[PUSH_CTRL] 1829 3.47823 3.57133 TRACK
[PUSH_CTRL] 1830 3.47814 3.57133 TRACK
[PUSH_CTRL] 1831 3.47795 3.57133 TRACK
[PUSH_CTRL] 1832 3.47781 3.57133 TRACK
[PUSH_CTRL] 1833 3.47677 3.57133 TRACK
[PUSH_CTRL] 1834 3.4812 3.57133 TRACK
[PUSH_CTRL] 1835 3.47941 3.57133 TRACK
[PUSH_CTRL] 1836 3.47776 3.57133 TRACK
[PUSH_CTRL] 1837 3.47751 3.57133 TRACK
[PUSH_CTRL] 1838 3.4778 3.57133 TRACK
[PUSH_CTRL] 1839 3.47826 3.57133 TRACK
[PUSH_CTRL] 1840 3.47885 3.57133 TRACK
[PUSH_CTRL] 1841 3.47938 3.57133 TRACK
[PUSH_CTRL] 1842 3.47982 3.57133 TRACK
[PUSH_CTRL] 1843 3.48644 3.57133 TRACK
[PUSH_CTRL] 1844 3.48701 3.57133 TRACK
[PUSH_CTRL] 1845 3.4873 3.57133 TRACK
[PUSH_CTRL] 1846 3.48738 3.57133 TRACK
[PUSH_CTRL] 1847 3.4873 3.57133 TRACK
[PUSH_CTRL] 1848 3.4866 3.57133 TRACK
[PUSH_CTRL] 1849 3.48488 3.57133 TRACK
[PUSH_CTRL] 1850 3.48282 3.57133 TRACK
[PUSH_CTRL] 1851 3.48608 3.57133 TRACK
[PUSH_CTRL] 1852 3.48406 3.57133 TRACK
[PUSH_CTRL] 1853 3.48221 3.57133 TRACK
[PUSH_CTRL] 1854 3.48054 3.57133 TRACK
[PUSH_CTRL] 1855 3.47906 3.57133 TRACK
[PUSH_CTRL] 1856 3.47775 3.57133 TRACK
[PUSH_CTRL] 1857 3.47715 3.57133 TRACK
[PUSH_CTRL] 1858 3.47725 3.57133 TRACK
[PUSH_CTRL] 1859 3.48374 3.57133 TRACK
[PUSH_CTRL] 1860 3.48448 3.57133 TRACK
[PUSH_CTRL] 1861 3.48556 3.57133 TRACK
[PUSH_CTRL] 1862 3.48585 3.57133 TRACK
[PUSH_CTRL] 1863 3.48553 3.57133 TRACK
[PUSH_CTRL] 1864 3.48493 3.57133 TRACK
[PUSH_CTRL] 1865 3.48395 3.57133 TRACK
[PUSH_CTRL] 1866 3.4827 3.57133 TRACK
[PUSH_CTRL] 1867 3.48147 3.57133 TRACK
[PUSH_CTRL] 1868 3.48599 3.57133 TRACK
[PUSH_CTRL] 1869 3.48477 3.57133 TRACK
[PUSH_CTRL] 1870 3.48427 3.57133 TRACK
[PUSH_CTRL] 1871 3.48335 3.57133 TRACK
[PUSH_CTRL] 1872 3.48198 3.57133 TRACK
[PUSH_CTRL] 1873 3.48044 3.57133 TRACK
[PUSH_CTRL] 1874 3.47914 3.57133 TRACK
[PUSH_CTRL] 1875 3.47787 3.57133 TRACK
[PUSH_CTRL] 1876 3.4831 3.57133 TRACK
[PUSH_CTRL] 1877 3.48249 3.57133 TRACK
[PUSH_CTRL] 1878 3.48197 3.57133 TRACK
[PUSH_CTRL] 1879 3.48097 3.57133 TRACK
[PUSH_CTRL] 1880 3.47971 3.57133 TRACK
[PUSH_CTRL] 1881 3.47806 3.57133 TRACK
[PUSH_CTRL] 1882 3.47625 3.57133 TRACK
[PUSH_CTRL] 1883 3.47439 3.57133 TRACK
[PUSH_CTRL] 1884 3.47256 3.57133 TRACK
[PUSH_CTRL] 1885 3.47758 3.57133 TRACK
[PUSH_CTRL] 1886 3.4783 3.57133 TRACK
[PUSH_CTRL] 1887 3.47967 3.57133 TRACK
[PUSH_CTRL] 1888 3.48247 3.57133 TRACK
[PUSH_CTRL] 1889 3.48491 3.57133 TRACK
[PUSH_CTRL] 1890 3.48684 3.57133 TRACK
[PUSH_CTRL] 1891 3.48792 3.57133 TRACK
[PUSH_CTRL] 1892 3.4887 3.57133 TRACK
[PUSH_CTRL] 1893 3.48838 3.57133 TRACK
[PUSH_CTRL] 1894 3.49233 3.57133 TRACK
[PUSH_CTRL] 1895 3.48987 3.57133 TRACK
[PUSH_CTRL] 1896 3.48706 3.57133 TRACK
[PUSH_CTRL] 1897 3.48381 3.57133 TRACK
[PUSH_CTRL] 1898 3.48066 3.57133 TRACK
[PUSH_CTRL] 1899 3.47753 3.57133 TRACK
[PUSH_CTRL] 1900 3.47498 3.57133 TRACK
[PUSH_CTRL] 1901 3.47296 3.57133 TRACK
[PUSH_CTRL] 1902 3.47721 3.57133 TRACK
[PUSH_CTRL] 1903 3.4759 3.57133 TRACK
[PUSH_CTRL] 1904 3.47472 3.57133 TRACK
[PUSH_CTRL] 1905 3.47372 3.57133 TRACK
[PUSH_CTRL] 1906 3.47289 3.57133 TRACK
[PUSH_CTRL] 1907 3.47264 3.57133 TRACK
[PUSH_CTRL] 1908 3.4728 3.57133 TRACK
[PUSH_CTRL] 1909 3.4728 3.57133 TRACK
[PUSH_CTRL] 1910 3.4786 3.57133 TRACK
[PUSH_CTRL] 1911 3.47835 3.57133 TRACK
[PUSH_CTRL] 1912 3.47747 3.57133 TRACK
[PUSH_CTRL] 1913 3.47647 3.57133 TRACK
[PUSH_CTRL] 1914 3.47553 3.57133 TRACK
[PUSH_CTRL] 1915 3.47467 3.57133 TRACK
[PUSH_CTRL] 1916 3.47388 3.57133 TRACK
[PUSH_CTRL] 1917 3.47316 3.57133 TRACK
[PUSH_CTRL] 1918 3.4725 3.57133 TRACK
[PUSH_CTRL] 1919 3.4778 3.57133 TRACK
[PUSH_CTRL] 1920 3.47719 3.57133 TRACK
[PUSH_CTRL] 1921 3.47625 3.57133 TRACK
[PUSH_CTRL] 1922 3.47533 3.57133 TRACK
[PUSH_CTRL] 1923 3.47447 3.57133 TRACK
[PUSH_CTRL] 1924 3.47377 3.57133 TRACK
[PUSH_CTRL] 1925 3.47324 3.57133 TRACK
[PUSH_CTRL] 1926 3.4732 3.57133 TRACK
[PUSH_CTRL] 1927 3.47894 3.57133 TRACK
[PUSH_CTRL] 1928 3.47871 3.57133 TRACK
[PUSH_CTRL] 1929 3.47839 3.57133 TRACK
[PUSH_CTRL] 1930 3.47801 3.57133 TRACK
[PUSH_CTRL] 1931 3.47678 3.57133 TRACK
[PUSH_CTRL] 1932 3.47475 3.57133 TRACK
[PUSH_CTRL] 1933 3.47281 3.57133 TRACK
[PUSH_CTRL] 1934 3.46886 3.57133 TRACK
[PUSH_CTRL] 1935 3.46557 3.57133 TRACK
[PUSH_CTRL] 1936 3.46919 3.57133 TRACK
[PUSH_CTRL] 1937 3.46709 3.57133 TRACK
[PUSH_CTRL] 1938 3.46558 3.57133 TRACK
[PUSH_CTRL] 1939 3.46468 3.57133 TRACK
[PUSH_CTRL] 1940 3.46437 3.57133 TRACK
[PUSH_CTRL] 1941 3.46383 3.57133 TRACK
[PUSH_CTRL] 1942 3.46326 3.57133 TRACK
[PUSH_CTRL] 1943 3.46229 3.57133 TRACK
[PUSH_CTRL] 1944 3.46019 3.57133 TRACK
[PUSH_CTRL] 1945 3.46293 3.57133 TRACK
[PUSH_CTRL] 1946 3.4595 3.57133 TRACK
[PUSH_CTRL] 1947 3.45643 3.57133 TRACK
[PUSH_CTRL] 1948 3.45377 3.57133 TRACK
[PUSH_CTRL] 1949 3.45134 3.57133 TRACK
[PUSH_CTRL] 1950 3.4492 3.57133 TRACK
[PUSH_CTRL] 1951 3.44763 3.57133 TRACK
[PUSH_CTRL] 1952 3.44641 3.57133 TRACK
[PUSH_CTRL] 1953 3.45219 3.57133 TRACK
[PUSH_CTRL] 1954 3.45171 3.57133 TRACK
[PUSH_CTRL] 1955 3.45114 3.57133 TRACK
[PUSH_CTRL] 1956 3.45052 3.57133 TRACK
[PUSH_CTRL] 1957 3.44979 3.57133 TRACK
[PUSH_CTRL] 1958 3.44908 3.57133 TRACK
[PUSH_CTRL] 1959 3.44804 3.57133 TRACK
[PUSH_CTRL] 1960 3.44567 3.57133 TRACK
[PUSH_CTRL] 1961 3.44939 3.57133 TRACK
[PUSH_CTRL] 1962 3.44716 3.57133 TRACK
[PUSH_CTRL] 1963 3.44557 3.57133 TRACK
[PUSH_CTRL] 1964 3.44456 3.57133 TRACK
[PUSH_CTRL] 1965 3.44442 3.57133 TRACK
[PUSH_CTRL] 1966 3.44457 3.57133 TRACK
[PUSH_CTRL] 1967 3.4446 3.57133 TRACK
[PUSH_CTRL] 1968 3.44452 3.57133 TRACK
[PUSH_CTRL] 1969 3.44403 3.57133 TRACK
[PUSH_CTRL] 1970 3.45028 3.57133 TRACK
[PUSH_CTRL] 1971 3.44906 3.57133 TRACK
[PUSH_CTRL] 1972 3.44806 3.57133 TRACK
[PUSH_CTRL] 1973 3.44711 3.57133 TRACK
[PUSH_CTRL] 1974 3.44555 3.57133 TRACK
[PUSH_CTRL] 1975 3.44354 3.57133 TRACK
[PUSH_CTRL] 1976 3.44214 3.57133 TRACK
[PUSH_CTRL] 1977 3.44114 3.57133 TRACK
[PUSH_CTRL] 1978 3.44036 3.57133 TRACK
[PUSH_CTRL] 1979 3.44666 3.57133 TRACK
[PUSH_CTRL] 1980 3.44562 3.57133 TRACK
[PUSH_CTRL] 1981 3.44463 3.57133 TRACK
[PUSH_CTRL] 1982 3.44356 3.57133 TRACK
[PUSH_CTRL] 1983 3.44265 3.57133 TRACK
[PUSH_CTRL] 1984 3.44197 3.57133 TRACK
[PUSH_CTRL] 1985 3.44114 3.57133 TRACK
[PUSH_CTRL] 1986 3.44076 3.57133 TRACK
[PUSH_CTRL] 1987 3.44681 3.57133 TRACK
[PUSH_CTRL] 1988 3.44569 3.57133 TRACK
[PUSH_CTRL] 1989 3.44457 3.57133 TRACK
[PUSH_CTRL] 1990 3.44274 3.57133 TRACK
[PUSH_CTRL] 1991 3.4386 3.57133 TRACK
[PUSH_CTRL] 1992 3.43435 3.57133 TRACK
[PUSH_CTRL] 1993 3.42978 3.57133 TRACK
[PUSH_CTRL] 1994 3.42588 3.57133 TRACK
[PUSH_CTRL] 1995 3.42338 3.57133 TRACK
[PUSH_CTRL] 1996 3.42959 3.57133 TRACK
[PUSH_CTRL] 1997 3.42846 3.57133 TRACK
[PUSH_CTRL] 1998 3.42755 3.57133 TRACK
[PUSH_CTRL] 1999 3.42679 3.57133 TRACK
[PUSH_CTRL] 2000 3.42693 3.57133 TRACK
[PUSH_CTRL] 2001 3.42627 3.57133 TRACK
[PUSH_CTRL] 2002 3.42431 3.57133 TRACK
[PUSH_CTRL] 2003 3.42188 3.57133 TRACK
[PUSH_CTRL] 2004 3.42749 3.57133 TRACK
[PUSH_CTRL] 2005 3.42553 3.57133 TRACK
[PUSH_CTRL] 2006 3.42374 3.57133 TRACK
[PUSH_CTRL] 2007 3.42181 3.57133 TRACK
[PUSH_CTRL] 2008 3.41981 3.57133 TRACK
[PUSH_CTRL] 2009 3.41779 3.57133 TRACK
[PUSH_CTRL] 2010 3.41958 3.57133 TRACK
[PUSH_CTRL] 2011 3.42081 3.57133 TRACK
[PUSH_CTRL] 2012 3.42141 3.57133 TRACK
[PUSH_CTRL] 2013 3.42907 3.57133 TRACK
[PUSH_CTRL] 2014 3.42855 3.57133 TRACK
[PUSH_CTRL] 2015 3.42753 3.57133 TRACK
[PUSH_CTRL] 2016 3.42611 3.57133 TRACK
[PUSH_CTRL] 2017 3.42429 3.57133 TRACK
[PUSH_CTRL] 2018 3.42232 3.57133 TRACK
[PUSH_CTRL] 2019 3.4207 3.57133 TRACK
[PUSH_CTRL] 2020 3.41931 3.57133 TRACK
[PUSH_CTRL] 2021 3.42645 3.57133 TRACK
[PUSH_CTRL] 2022 3.42588 3.57133 TRACK
[PUSH_CTRL] 2023 3.42522 3.57133 TRACK
[PUSH_CTRL] 2024 3.42451 3.57133 TRACK
[PUSH_CTRL] 2025 3.42317 3.57133 TRACK
[PUSH_CTRL] 2026 3.42104 3.57133 TRACK
[PUSH_CTRL] 2027 3.41968 3.57133 TRACK
[PUSH_CTRL] 2028 3.41833 3.57133 TRACK
[PUSH_CTRL] 2029 3.41765 3.57133 TRACK
[PUSH_CTRL] 2030 3.42501 3.57133 TRACK
[PUSH_CTRL] 2031 3.42498 3.57133 TRACK
[PUSH_CTRL] 2032 3.42485 3.57133 TRACK
[PUSH_CTRL] 2033 3.42448 3.57133 TRACK
[PUSH_CTRL] 2034 3.42434 3.57133 TRACK
[PUSH_CTRL] 2035 3.42407 3.57133 TRACK
[PUSH_CTRL] 2036 3.42388 3.57133 TRACK
[PUSH_CTRL] 2037 3.4234 3.57133 TRACK
[PUSH_CTRL] 2038 3.43073 3.57133 TRACK
[PUSH_CTRL] 2039 3.4303 3.57133 TRACK
[PUSH_CTRL] 2040 3.42861 3.57133 TRACK
[PUSH_CTRL] 2041 3.42653 3.57133 TRACK
[PUSH_CTRL] 2042 3.42441 3.57133 TRACK
[PUSH_CTRL] 2043 3.42315 3.57133 TRACK
[PUSH_CTRL] 2044 3.42145 3.57133 TRACK
[PUSH_CTRL] 2045 3.41949 3.57133 TRACK
[PUSH_CTRL] 2046 3.42553 3.57133 TRACK
[PUSH_CTRL] 2047 3.42539 3.57133 TRACK
[PUSH_CTRL] 2048 3.42535 3.57133 TRACK
[PUSH_CTRL] 2049 3.42528 3.57133 TRACK
[PUSH_CTRL] 2050 3.42507 3.57133 TRACK
[PUSH_CTRL] 2051 3.42478 3.57133 TRACK
[PUSH_CTRL] 2052 3.42359 3.57133 TRACK
[PUSH_CTRL] 2053 3.42161 3.57133 TRACK
[PUSH_CTRL] 2054 3.41946 3.57133 TRACK
[PUSH_CTRL] 2055 3.42546 3.57133 TRACK
[PUSH_CTRL] 2056 3.42365 3.57133 TRACK
[PUSH_CTRL] 2057 3.42192 3.57133 TRACK
[PUSH_CTRL] 2058 3.42033 3.57133 TRACK
[PUSH_CTRL] 2059 3.41908 3.57133 TRACK
[PUSH_CTRL] 2060 3.41814 3.57133 TRACK
[PUSH_CTRL] 2061 3.41732 3.57133 TRACK
[PUSH_CTRL] 2062 3.41682 3.57133 TRACK
[PUSH_CTRL] 2063 3.42493 3.57133 TRACK
[PUSH_CTRL] 2064 3.42661 3.57133 TRACK
[PUSH_CTRL] 2065 3.42969 3.57133 TRACK
[PUSH_CTRL] 2066 3.43188 3.57133 TRACK
[PUSH_CTRL] 2067 3.43352 3.57133 TRACK
[PUSH_CTRL] 2068 3.43442 3.57133 TRACK
[PUSH_CTRL] 2069 3.435 3.57133 TRACK
[PUSH_CTRL] 2070 3.4354 3.57133 TRACK
[PUSH_CTRL] 2071 3.44271 3.57133 TRACK
[PUSH_CTRL] 2072 3.44138 3.57133 TRACK
[PUSH_CTRL] 2073 3.43865 3.57133 TRACK
[PUSH_CTRL] 2074 3.43451 3.57133 TRACK
[PUSH_CTRL] 2075 3.42979 3.57133 TRACK
[PUSH_CTRL] 2076 3.42545 3.57133 TRACK
[PUSH_CTRL] 2077 3.42181 3.57133 TRACK
[PUSH_CTRL] 2078 3.41828 3.57133 TRACK
[PUSH_CTRL] 2079 3.41457 3.57133 TRACK
[PUSH_CTRL] 2080 3.42035 3.57133 TRACK
[PUSH_CTRL] 2081 3.41832 3.57133 TRACK
[PUSH_CTRL] 2082 3.41654 3.57133 TRACK
[PUSH_CTRL] 2083 3.41498 3.57133 TRACK
[PUSH_CTRL] 2084 3.41361 3.57133 TRACK
[PUSH_CTRL] 2085 3.41223 3.57133 TRACK
[PUSH_CTRL] 2086 3.41099 3.57133 TRACK
[PUSH_CTRL] 2087 3.40985 3.57133 TRACK
[PUSH_CTRL] 2088 3.41732 3.57133 TRACK
[PUSH_CTRL] 2089 3.41526 3.57133 TRACK
[PUSH_CTRL] 2090 3.4128 3.57133 TRACK
[PUSH_CTRL] 2091 3.41113 3.57133 TRACK
[PUSH_CTRL] 2092 3.40993 3.57133 TRACK
[PUSH_CTRL] 2093 3.40913 3.57133 TRACK
[PUSH_CTRL] 2094 3.40862 3.57133 TRACK
[PUSH_CTRL] 2095 3.40843 3.57133 TRACK
[PUSH_CTRL] 2096 3.40873 3.57133 TRACK
[PUSH_CTRL] 2097 3.41788 3.57133 TRACK
[PUSH_CTRL] 2098 3.418 3.57133 TRACK
[PUSH_CTRL] 2099 3.41786 3.57133 TRACK
[PUSH_CTRL] 2100 3.41755 3.57133 TRACK
[PUSH_CTRL] 2101 3.41735 3.57133 TRACK
[PUSH_CTRL] 2102 3.41761 3.57133 TRACK
[PUSH_CTRL] 2103 3.4185 3.57133 TRACK
[PUSH_CTRL] 2104 3.42002 3.57133 TRACK
[PUSH_CTRL] 2105 3.42923 3.57133 TRACK
[PUSH_CTRL] 2106 3.43009 3.57133 TRACK
[PUSH_CTRL] 2107 3.43003 3.57133 TRACK
[PUSH_CTRL] 2108 3.42906 3.57133 TRACK
[PUSH_CTRL] 2109 3.42724 3.57133 TRACK
[PUSH_CTRL] 2110 3.42474 3.57133 TRACK
[PUSH_CTRL] 2111 3.42239 3.57133 TRACK
[PUSH_CTRL] 2112 3.42021 3.57133 TRACK
[PUSH_CTRL] 2113 3.41823 3.57133 TRACK
[PUSH_CTRL] 2114 3.42443 3.57133 TRACK
[PUSH_CTRL] 2115 3.42221 3.57133 TRACK
[PUSH_CTRL] 2116 3.41997 3.57133 TRACK
[PUSH_CTRL] 2117 3.418 3.57133 TRACK
[PUSH_CTRL] 2118 3.41557 3.57133 TRACK
[PUSH_CTRL] 2119 3.41308 3.57133 TRACK
[PUSH_CTRL] 2120 3.41067 3.57133 TRACK
[PUSH_CTRL] 2121 3.40841 3.57133 TRACK
[PUSH_CTRL] 2122 3.41489 3.57133 TRACK
[PUSH_CTRL] 2123 3.41281 3.57133 TRACK
[PUSH_CTRL] 2124 3.41069 3.57133 TRACK
[PUSH_CTRL] 2125 3.40888 3.57133 TRACK
[PUSH_CTRL] 2126 3.40755 3.57133 TRACK
[PUSH_CTRL] 2127 3.40602 3.57133 TRACK
[PUSH_CTRL] 2128 3.40486 3.57133 TRACK
[PUSH_CTRL] 2129 3.4035 3.57133 TRACK
[PUSH_CTRL] 2130 3.41197 3.57133 TRACK
[PUSH_CTRL] 2131 3.41163 3.57133 TRACK
[PUSH_CTRL] 2132 3.41114 3.57133 TRACK
[PUSH_CTRL] 2133 3.41148 3.57133 TRACK
[PUSH_CTRL] 2134 3.41207 3.57133 TRACK
[PUSH_CTRL] 2135 3.4125 3.57133 TRACK
[PUSH_CTRL] 2136 3.41285 3.57133 TRACK
[PUSH_CTRL] 2137 3.41269 3.57133 TRACK
[PUSH_CTRL] 2138 3.42018 3.57133 TRACK
[PUSH_CTRL] 2139 3.4183 3.57133 TRACK
[PUSH_CTRL] 2140 3.41494 3.57133 TRACK
[PUSH_CTRL] 2141 3.40998 3.57133 TRACK
[PUSH_CTRL] 2142 3.40458 3.57133 TRACK
[PUSH_CTRL] 2143 3.39951 3.57133 TRACK
[PUSH_CTRL] 2144 3.39485 3.57133 TRACK
[PUSH_CTRL] 2145 3.39083 3.57133 TRACK
[PUSH_CTRL] 2146 3.38743 3.57133 TRACK
[PUSH_CTRL] 2147 3.39441 3.57133 TRACK
[PUSH_CTRL] 2148 3.39453 3.57133 TRACK
[PUSH_CTRL] 2149 3.39632 3.57133 TRACK
[PUSH_CTRL] 2150 3.39742 3.57133 TRACK
[PUSH_CTRL] 2151 3.39776 3.57133 TRACK
[PUSH_CTRL] 2152 3.39736 3.57133 TRACK
[PUSH_CTRL] 2153 3.39707 3.57133 TRACK
[PUSH_CTRL] 2154 3.39638 3.57133 TRACK
[PUSH_CTRL] 2155 3.39566 3.57133 TRACK
[PUSH_CTRL] 2156 3.40414 3.57133 TRACK
[PUSH_CTRL] 2157 3.40327 3.57133 TRACK
[PUSH_CTRL] 2158 3.40271 3.57133 TRACK
[PUSH_CTRL] 2159 3.40189 3.57133 TRACK
[PUSH_CTRL] 2160 3.40101 3.57133 TRACK
[PUSH_CTRL] 2161 3.40004 3.57133 TRACK
[PUSH_CTRL] 2162 3.39929 3.57133 TRACK
[PUSH_CTRL] 2163 3.3989 3.57133 TRACK
[PUSH_CTRL] 2164 3.40652 3.57133 TRACK
[PUSH_CTRL] 2165 3.40355 3.57133 TRACK
[PUSH_CTRL] 2166 3.39997 3.57133 TRACK
[PUSH_CTRL] 2167 3.39622 3.57133 TRACK
[PUSH_CTRL] 2168 3.39282 3.57133 TRACK
[PUSH_CTRL] 2169 3.38956 3.57133 TRACK
[PUSH_CTRL] 2170 3.38647 3.57133 TRACK
[PUSH_CTRL] 2171 3.38375 3.57133 TRACK
[PUSH_CTRL] 2172 3.39127 3.57133 TRACK
[PUSH_CTRL] 2173 3.38936 3.57133 TRACK
[PUSH_CTRL] 2174 3.38698 3.57133 TRACK
[PUSH_CTRL] 2175 3.38451 3.57133 TRACK
[PUSH_CTRL] 2176 3.3824 3.57133 TRACK
[PUSH_CTRL] 2177 3.38055 3.57133 TRACK
[PUSH_CTRL] 2178 3.37893 3.57133 TRACK
[PUSH_CTRL] 2179 3.3778 3.57133 TRACK
[PUSH_CTRL] 2180 3.38662 3.57133 TRACK
[PUSH_CTRL] 2181 3.38366 3.57133 TRACK
[PUSH_CTRL] 2182 3.37914 3.57133 TRACK
[PUSH_CTRL] 2183 3.374 3.57133 TRACK
[PUSH_CTRL] 2184 3.36873 3.57133 TRACK
[PUSH_CTRL] 2185 3.36423 3.57133 TRACK
[PUSH_CTRL] 2186 3.36045 3.57133 TRACK
[PUSH_CTRL] 2187 3.35716 3.57133 TRACK
[PUSH_CTRL] 2188 3.36481 3.57133 TRACK
[PUSH_CTRL] 2189 3.36221 3.57133 TRACK
[PUSH_CTRL] 2190 3.36063 3.57133 TRACK
[PUSH_CTRL] 2191 3.359 3.57133 TRACK
[PUSH_CTRL] 2192 3.35734 3.57133 TRACK
[PUSH_CTRL] 2193 3.3558 3.57133 TRACK
[PUSH_CTRL] 2194 3.35457 3.57133 TRACK
[PUSH_CTRL] 2195 3.35292 3.57133 TRACK
[PUSH_CTRL] 2196 3.35085 3.57133 TRACK
[PUSH_CTRL] 2197 3.36028 3.57133 TRACK
[PUSH_CTRL] 2198 3.35994 3.57133 TRACK
[PUSH_CTRL] 2199 3.3596 3.57133 TRACK
[PUSH_CTRL] 2200 3.35903 3.57133 TRACK
[PUSH_CTRL] 2201 3.35843 3.57133 TRACK
[PUSH_CTRL] 2202 3.3578 3.57133 TRACK
[PUSH_CTRL] 2203 3.35714 3.57133 TRACK
[PUSH_CTRL] 2204 3.35644 3.57133 TRACK
[PUSH_CTRL] 2205 3.36633 3.57133 TRACK
[PUSH_CTRL] 2206 3.3655 3.57133 TRACK
[PUSH_CTRL] 2207 3.36372 3.57133 TRACK
[PUSH_CTRL] 2208 3.36102 3.57133 TRACK
[PUSH_CTRL] 2209 3.35712 3.57133 TRACK
[PUSH_CTRL] 2210 3.35197 3.57133 TRACK
[PUSH_CTRL] 2211 3.34645 3.57133 TRACK
[PUSH_CTRL] 2212 3.34169 3.57133 TRACK
[PUSH_CTRL] 2213 3.33854 3.57133 TRACK
[PUSH_CTRL] 2214 3.34713 3.57133 TRACK
[PUSH_CTRL] 2215 3.34471 3.57133 TRACK
[PUSH_CTRL] 2216 3.34213 3.57133 TRACK
[PUSH_CTRL] 2217 3.33974 3.57133 TRACK
[PUSH_CTRL] 2218 3.33756 3.57133 TRACK
[PUSH_CTRL] 2219 3.3357 3.57133 TRACK
[PUSH_CTRL] 2220 3.33398 3.57133 TRACK
[PUSH_CTRL] 2221 3.33216 3.57133 TRACK
[PUSH_CTRL] 2222 3.34192 3.57133 TRACK
[PUSH_CTRL] 2223 3.34027 3.57133 TRACK
[PUSH_CTRL] 2224 3.33844 3.57133 TRACK
[PUSH_CTRL] 2225 3.33738 3.57133 TRACK
[PUSH_CTRL] 2226 3.33645 3.57133 TRACK
[PUSH_CTRL] 2227 3.33496 3.57133 TRACK
[PUSH_CTRL] 2228 3.33319 3.57133 TRACK
[PUSH_CTRL] 2229 3.33157 3.57133 TRACK
[PUSH_CTRL] 2230 3.34194 3.57133 TRACK
[PUSH_CTRL] 2231 3.33969 3.57133 TRACK
[PUSH_CTRL] 2232 3.33651 3.57133 TRACK
[PUSH_CTRL] 2233 3.33319 3.57133 TRACK
[PUSH_CTRL] 2234 3.33009 3.57133 TRACK
[PUSH_CTRL] 2235 3.32756 3.57133 TRACK
[PUSH_CTRL] 2236 3.32546 3.57133 TRACK
[PUSH_CTRL] 2237 3.32375 3.57133 TRACK
[PUSH_CTRL] 2238 3.33425 3.57133 TRACK
[PUSH_CTRL] 2239 3.33249 3.57133 TRACK
[PUSH_CTRL] 2240 3.33159 3.57133 TRACK
[PUSH_CTRL] 2241 3.33032 3.57133 TRACK
[PUSH_CTRL] 2242 3.32903 3.57133 TRACK
[PUSH_CTRL] 2243 3.32734 3.57133 TRACK
[PUSH_CTRL] 2244 3.32511 3.57133 TRACK
[PUSH_CTRL] 2245 3.32255 3.57133 TRACK
[PUSH_CTRL] 2246 3.33225 3.57133 TRACK
[PUSH_CTRL] 2247 3.33055 3.57133 TRACK
[PUSH_CTRL] 2248 3.32814 3.57133 TRACK
[PUSH_CTRL] 2249 3.32391 3.57133 TRACK
[PUSH_CTRL] 2250 3.31983 3.57133 TRACK
[PUSH_CTRL] 2251 3.3157 3.57133 TRACK
[PUSH_CTRL] 2252 3.31226 3.57133 TRACK
[PUSH_CTRL] 2253 3.30992 3.57133 TRACK
[PUSH_CTRL] 2254 3.30764 3.57133 TRACK
[PUSH_CTRL] 2255 3.3059 3.57133 TRACK
[PUSH_CTRL] 2256 3.31733 3.57133 TRACK
[PUSH_CTRL] 2257 3.31631 3.57133 TRACK
[PUSH_CTRL] 2258 3.31532 3.57133 TRACK
[PUSH_CTRL] 2259 3.31423 3.57133 TRACK
[PUSH_CTRL] 2260 3.31317 3.57133 TRACK
[PUSH_CTRL] 2261 3.31189 3.57133 TRACK
[PUSH_CTRL] 2262 3.31038 3.57133 TRACK
[PUSH_CTRL] 2263 3.30865 3.57133 TRACK
[PUSH_CTRL] 2264 3.32054 3.57133 TRACK
[PUSH_CTRL] 2265 3.32071 3.57133 TRACK
[PUSH_CTRL] 2266 3.3195 3.57133 TRACK
[PUSH_CTRL] 2267 3.31772 3.57133 TRACK
[PUSH_CTRL] 2268 3.3156 3.57133 TRACK
[PUSH_CTRL] 2269 3.3135 3.57133 TRACK
[PUSH_CTRL] 2270 3.31171 3.57133 TRACK
[PUSH_CTRL] 2271 3.30962 3.57133 TRACK
[PUSH_CTRL] 2272 3.31996 3.57133 TRACK
[PUSH_CTRL] 2273 3.31685 3.57133 TRACK
[PUSH_CTRL] 2274 3.31327 3.57133 TRACK
[PUSH_CTRL] 2275 3.30963 3.57133 TRACK
[PUSH_CTRL] 2276 3.30642 3.57133 TRACK
[PUSH_CTRL] 2277 3.30407 3.57133 TRACK
[PUSH_CTRL] 2278 3.30205 3.57133 TRACK
[PUSH_CTRL] 2279 3.30054 3.57133 TRACK
[PUSH_CTRL] 2280 3.29937 3.57133 TRACK
[PUSH_CTRL] 2281 3.31139 3.57133 TRACK
[PUSH_CTRL] 2282 3.31043 3.57133 TRACK
[PUSH_CTRL] 2283 3.3094 3.57133 TRACK
[PUSH_CTRL] 2284 3.30832 3.57133 TRACK
[PUSH_CTRL] 2285 3.30752 3.57133 TRACK
[PUSH_CTRL] 2286 3.30693 3.57133 TRACK
[PUSH_CTRL] 2287 3.30623 3.57133 TRACK
[PUSH_CTRL] 2288 3.30463 3.57133 TRACK
[PUSH_CTRL] 2289 3.31569 3.57133 TRACK
[PUSH_CTRL] 2290 3.31325 3.57133 TRACK
[PUSH_CTRL] 2291 3.3104 3.57133 TRACK
[PUSH_CTRL] 2292 3.30793 3.57133 TRACK
[PUSH_CTRL] 2293 3.30535 3.57133 TRACK
[PUSH_CTRL] 2294 3.30316 3.57133 TRACK
[PUSH_CTRL] 2295 3.30158 3.57133 TRACK
[PUSH_CTRL] 2296 3.29976 3.57133 TRACK
[PUSH_CTRL] 2297 3.3113 3.57133 TRACK
[PUSH_CTRL] 2298 3.30922 3.57133 TRACK
[PUSH_CTRL] 2299 3.3069 3.57133 TRACK
[PUSH_CTRL] 2300 3.30551 3.57133 TRACK
[PUSH_CTRL] 2301 3.30395 3.57133 TRACK
[PUSH_CTRL] 2302 3.30239 3.57133 TRACK
[PUSH_CTRL] 2303 3.30084 3.57133 TRACK
[PUSH_CTRL] 2304 3.29928 3.57133 TRACK
[PUSH_CTRL] 2305 3.31062 3.57133 TRACK
[PUSH_CTRL] 2306 3.30777 3.57133 TRACK
[PUSH_CTRL] 2307 3.30406 3.57133 TRACK
[PUSH_CTRL] 2308 3.29999 3.57133 TRACK
[PUSH_CTRL] 2309 3.29558 3.57133 TRACK
[PUSH_CTRL] 2310 3.29081 3.57133 TRACK
[PUSH_CTRL] 2311 3.287 3.57133 TRACK
[PUSH_CTRL] 2312 3.28441 3.57133 TRACK
[PUSH_CTRL] 2313 3.28155 3.57133 TRACK
[PUSH_CTRL] 2314 3.29328 3.57133 TRACK
[PUSH_CTRL] 2315 3.29133 3.57133 TRACK
[PUSH_CTRL] 2316 3.28936 3.57133 TRACK
[PUSH_CTRL] 2317 3.28743 3.57133 TRACK
[PUSH_CTRL] 2318 3.28569 3.57133 TRACK
[PUSH_CTRL] 2319 3.28368 3.57133 TRACK
[PUSH_CTRL] 2320 3.28083 3.57133 TRACK
[PUSH_CTRL] 2321 3.27755 3.57133 TRACK
[PUSH_CTRL] 2322 3.28881 3.57133 TRACK
[PUSH_CTRL] 2323 3.28631 3.57133 TRACK
[PUSH_CTRL] 2324 3.2838 3.57133 TRACK
[PUSH_CTRL] 2325 3.28136 3.57133 TRACK
[PUSH_CTRL] 2326 3.27905 3.57133 TRACK
[PUSH_CTRL] 2327 3.27656 3.57133 TRACK
[PUSH_CTRL] 2328 3.27409 3.57133 TRACK
[PUSH_CTRL] 2329 3.27159 3.57133 TRACK
[PUSH_CTRL] 2330 3.28364 3.57133 TRACK
[PUSH_CTRL] 2331 3.28134 3.57133 TRACK
[PUSH_CTRL] 2332 3.27959 3.57133 TRACK
[PUSH_CTRL] 2333 3.27771 3.57133 TRACK
[PUSH_CTRL] 2334 3.2749 3.57133 TRACK
[PUSH_CTRL] 2335 3.27162 3.57133 TRACK
[PUSH_CTRL] 2336 3.26814 3.57133 TRACK
[PUSH_CTRL] 2337 3.26476 3.57133 TRACK
[PUSH_CTRL] 2338 3.27643 3.57133 TRACK
[PUSH_CTRL] 2339 3.27338 3.57133 TRACK
[PUSH_CTRL] 2340 3.26969 3.57133 TRACK
[PUSH_CTRL] 2341 3.26646 3.57133 TRACK
[PUSH_CTRL] 2342 3.26408 3.57133 TRACK
[PUSH_CTRL] 2343 3.26246 3.57133 TRACK
[PUSH_CTRL] 2344 3.26145 3.57133 TRACK
[PUSH_CTRL] 2345 3.26042 3.57133 TRACK
[PUSH_CTRL] 2346 3.27418 3.57133 TRACK
[PUSH_CTRL] 2347 3.27302 3.57133 TRACK
[PUSH_CTRL] 2348 3.27143 3.57133 TRACK
[PUSH_CTRL] 2349 3.26956 3.57133 TRACK
[PUSH_CTRL] 2350 3.26751 3.57133 TRACK
[PUSH_CTRL] 2351 3.26539 3.57133 TRACK
[PUSH_CTRL] 2352 3.2631 3.57133 TRACK
[PUSH_CTRL] 2353 3.26347 3.57133 TRACK
[PUSH_CTRL] 2354 3.26308 3.57133 TRACK
[PUSH_CTRL] 2355 3.27739 3.57133 TRACK
[PUSH_CTRL] 2356 3.27652 3.57133 TRACK
[PUSH_CTRL] 2357 3.2753 3.57133 TRACK
[PUSH_CTRL] 2358 3.2738 3.57133 TRACK
[PUSH_CTRL] 2359 3.27244 3.57133 TRACK
[PUSH_CTRL] 2360 3.27105 3.57133 TRACK
[PUSH_CTRL] 2361 3.26966 3.57133 TRACK
[PUSH_CTRL] 2362 3.26876 3.57133 TRACK
[PUSH_CTRL] 2363 3.26789 3.57133 TRACK
[PUSH_CTRL] 2364 3.28152 3.57133 TRACK
[PUSH_CTRL] 2365 3.28056 3.57133 TRACK
[PUSH_CTRL] 2366 3.27937 3.57133 TRACK
[PUSH_CTRL] 2367 3.27806 3.57133 TRACK
[PUSH_CTRL] 2368 3.27666 3.57133 TRACK
[PUSH_CTRL] 2369 3.27443 3.57133 TRACK
[PUSH_CTRL] 2370 3.27118 3.57133 TRACK
[PUSH_CTRL] 2371 3.26749 3.57133 TRACK
[PUSH_CTRL] 2372 3.2779 3.57133 TRACK
[PUSH_CTRL] 2373 3.27282 3.57133 TRACK
[PUSH_CTRL] 2374 3.26831 3.57133 TRACK
[PUSH_CTRL] 2375 3.26472 3.57133 TRACK
[PUSH_CTRL] 2376 3.26207 3.57133 TRACK
[PUSH_CTRL] 2377 3.25958 3.57133 TRACK
[PUSH_CTRL] 2378 3.25735 3.57133 TRACK
[PUSH_CTRL] 2379 3.25536 3.57133 TRACK
[PUSH_CTRL] 2380 3.26877 3.57133 TRACK
[PUSH_CTRL] 2381 3.26705 3.57133 TRACK
[PUSH_CTRL] 2382 3.26558 3.57133 TRACK
[PUSH_CTRL] 2383 3.26348 3.57133 TRACK
[PUSH_CTRL] 2384 3.26075 3.57133 TRACK
[PUSH_CTRL] 2385 3.25858 3.57133 TRACK
[PUSH_CTRL] 2386 3.25608 3.57133 TRACK
[PUSH_CTRL] 2387 3.25365 3.57133 TRACK
[PUSH_CTRL] 2388 3.25099 3.57133 TRACK
[PUSH_CTRL] 2389 3.26406 3.57133 TRACK
[PUSH_CTRL] 2390 3.26176 3.57133 TRACK
[PUSH_CTRL] 2391 3.25954 3.57133 TRACK
[PUSH_CTRL] 2392 3.25724 3.57133 TRACK
[PUSH_CTRL] 2393 3.25436 3.57133 TRACK
[PUSH_CTRL] 2394 3.25256 3.57133 TRACK
[PUSH_CTRL] 2395 3.2518 3.57133 TRACK
[PUSH_CTRL] 2396 3.25222 3.57133 TRACK
[PUSH_CTRL] 2397 3.26925 3.57133 TRACK
[PUSH_CTRL] 2398 3.27009 3.57133 TRACK
[PUSH_CTRL] 2399 3.27036 3.57133 TRACK
[PUSH_CTRL] 2400 3.27021 3.57133 TRACK
[PUSH_CTRL] 2401 3.26972 3.57133 TRACK
[PUSH_CTRL] 2402 3.26867 3.57133 TRACK
[PUSH_CTRL] 2403 3.26651 3.57133 TRACK
[PUSH_CTRL] 2404 3.26354 3.57133 TRACK
[PUSH_CTRL] 2405 3.27544 3.57133 TRACK
[PUSH_CTRL] 2406 3.27177 3.57133 TRACK
[PUSH_CTRL] 2407 3.26816 3.57133 TRACK
[PUSH_CTRL] 2408 3.26458 3.57133 TRACK
[PUSH_CTRL] 2409 3.26111 3.57133 TRACK
[PUSH_CTRL] 2410 3.25798 3.57133 TRACK
[PUSH_CTRL] 2411 3.25537 3.57133 TRACK
[PUSH_CTRL] 2412 3.2528 3.57133 TRACK
[PUSH_CTRL] 2413 3.25162 3.57133 TRACK
[PUSH_CTRL] 2414 3.26654 3.57133 TRACK
[PUSH_CTRL] 2415 3.26545 3.57133 TRACK
[PUSH_CTRL] 2416 3.26361 3.57133 TRACK
[PUSH_CTRL] 2417 3.26159 3.57133 TRACK
[PUSH_CTRL] 2418 3.26052 3.57133 TRACK
[PUSH_CTRL] 2419 3.26054 3.57133 TRACK
[PUSH_CTRL] 2420 3.2603 3.57133 TRACK
[PUSH_CTRL] 2421 3.25982 3.57133 TRACK
[PUSH_CTRL] 2422 3.27503 3.57133 TRACK
[PUSH_CTRL] 2423 3.27414 3.57133 TRACK
[PUSH_CTRL] 2424 3.27297 3.57133 TRACK
[PUSH_CTRL] 2425 3.27093 3.57133 TRACK
[PUSH_CTRL] 2426 3.26802 3.57133 TRACK
[PUSH_CTRL] 2427 3.26456 3.57133 TRACK
[PUSH_CTRL] 2428 3.26086 3.57133 TRACK
[PUSH_CTRL] 2429 3.25724 3.57133 TRACK
[PUSH_CTRL] 2430 3.27019 3.57133 TRACK
[PUSH_CTRL] 2431 3.26713 3.57133 TRACK
[PUSH_CTRL] 2432 3.26435 3.57133 TRACK
[PUSH_CTRL] 2433 3.26151 3.57133 TRACK
[PUSH_CTRL] 2434 3.25868 3.57133 TRACK
[PUSH_CTRL] 2435 3.25589 3.57133 TRACK
[PUSH_CTRL] 2436 3.25364 3.57133 TRACK
[PUSH_CTRL] 2437 3.2514 3.57133 TRACK
[PUSH_CTRL] 2438 3.26506 3.57133 TRACK
[PUSH_CTRL] 2439 3.26282 3.57133 TRACK
[PUSH_CTRL] 2440 3.2606 3.57133 TRACK
[PUSH_CTRL] 2441 3.25854 3.57133 TRACK
[PUSH_CTRL] 2442 3.25662 3.57133 TRACK
[PUSH_CTRL] 2443 3.25481 3.57133 TRACK
[PUSH_CTRL] 2444 3.25295 3.57133 TRACK
[PUSH_CTRL] 2445 3.2512 3.57133 TRACK
[PUSH_CTRL] 2446 3.26483 3.57133 TRACK
[PUSH_CTRL] 2447 3.26062 3.57133 TRACK
[PUSH_CTRL] 2448 3.2561 3.57133 TRACK
[PUSH_CTRL] 2449 3.25165 3.57133 TRACK
[PUSH_CTRL] 2450 3.24773 3.57133 TRACK
[PUSH_CTRL] 2451 3.24442 3.57133 TRACK
[PUSH_CTRL] 2452 3.24156 3.57133 TRACK
[PUSH_CTRL] 2453 3.239 3.57133 TRACK
[PUSH_CTRL] 2454 3.2367 3.57133 TRACK
[PUSH_CTRL] 2455 3.2513 3.57133 TRACK
[PUSH_CTRL] 2456 3.24884 3.57133 TRACK
[PUSH_CTRL] 2457 3.24644 3.57133 TRACK
[PUSH_CTRL] 2458 3.24416 3.57133 TRACK
[PUSH_CTRL] 2459 3.24232 3.57133 TRACK
[PUSH_CTRL] 2460 3.24096 3.57133 TRACK
[PUSH_CTRL] 2461 3.23897 3.57133 TRACK
[PUSH_CTRL] 2462 3.23739 3.57133 TRACK
[PUSH_CTRL] 2463 3.25288 3.57133 TRACK
[PUSH_CTRL] 2464 3.25143 3.57133 TRACK
[PUSH_CTRL] 2465 3.24971 3.57133 TRACK
[PUSH_CTRL] 2466 3.2478 3.57133 TRACK
[PUSH_CTRL] 2467 3.24593 3.57133 TRACK
[PUSH_CTRL] 2468 3.24392 3.57133 TRACK
[PUSH_CTRL] 2469 3.24202 3.57133 TRACK
[PUSH_CTRL] 2470 3.23945 3.57133 TRACK
[PUSH_CTRL] 2471 3.25319 3.57133 TRACK
[PUSH_CTRL] 2472 3.24916 3.57133 TRACK
[PUSH_CTRL] 2473 3.24389 3.57133 TRACK
[PUSH_CTRL] 2474 3.23831 3.57133 TRACK
[PUSH_CTRL] 2475 3.23325 3.57133 TRACK
[PUSH_CTRL] 2476 3.22865 3.57133 TRACK
[PUSH_CTRL] 2477 3.22475 3.57133 TRACK
[PUSH_CTRL] 2478 3.22155 3.57133 TRACK
[PUSH_CTRL] 2479 3.21873 3.57133 TRACK
[PUSH_CTRL] 2480 3.23394 3.57133 TRACK
[PUSH_CTRL] 2481 3.23129 3.57133 TRACK
[PUSH_CTRL] 2482 3.22896 3.57133 TRACK
[PUSH_CTRL] 2483 3.22698 3.57133 TRACK
[PUSH_CTRL] 2484 3.2252 3.57133 TRACK
[PUSH_CTRL] 2485 3.22404 3.57133 TRACK
[PUSH_CTRL] 2486 3.22274 3.57133 TRACK
[PUSH_CTRL] 2487 3.22127 3.57133 TRACK
[PUSH_CTRL] 2488 3.23738 3.57133 TRACK
[PUSH_CTRL] 2489 3.2355 3.57133 TRACK
[PUSH_CTRL] 2490 3.23351 3.57133 TRACK
[PUSH_CTRL] 2491 3.2319 3.57133 TRACK
[PUSH_CTRL] 2492 3.2304 3.57133 TRACK
[PUSH_CTRL] 2493 3.22895 3.57133 TRACK
[PUSH_CTRL] 2494 3.22767 3.57133 TRACK
[PUSH_CTRL] 2495 3.24395 3.57133 TRACK
[PUSH_CTRL] 2496 3.24256 3.57133 TRACK
[PUSH_CTRL] 2497 3.24083 3.57133 TRACK
[PUSH_CTRL] 2498 3.23888 3.57133 TRACK
[PUSH_CTRL] 2499 3.23687 3.57133 TRACK
[PUSH_CTRL] 2500 3.23493 3.57133 TRACK
[PUSH_CTRL] 2501 3.23319 3.57133 TRACK
[PUSH_CTRL] 2502 3.23074 3.57133 TRACK
[PUSH_CTRL] 2503 3.22763 3.57133 TRACK
[PUSH_CTRL] 2504 3.24188 3.57133 TRACK
[PUSH_CTRL] 2505 3.23793 3.57133 TRACK
[PUSH_CTRL] 2506 3.23434 3.57133 TRACK
[PUSH_CTRL] 2507 3.23126 3.57133 TRACK
[PUSH_CTRL] 2508 3.22804 3.57133 TRACK
[PUSH_CTRL] 2509 3.22496 3.57133 TRACK
[PUSH_CTRL] 2510 3.22229 3.57133 TRACK
[PUSH_CTRL] 2511 3.2199 3.57133 TRACK
[PUSH_CTRL] 2512 3.23579 3.57133 TRACK
[PUSH_CTRL] 2513 3.23352 3.57133 TRACK
[PUSH_CTRL] 2514 3.23122 3.57133 TRACK
[PUSH_CTRL] 2515 3.22886 3.57133 TRACK
[PUSH_CTRL] 2516 3.2264 3.57133 TRACK
[PUSH_CTRL] 2517 3.22344 3.57133 TRACK
[PUSH_CTRL] 2518 3.22006 3.57133 TRACK
[PUSH_CTRL] 2519 3.21591 3.57133 TRACK
[PUSH_CTRL] 2520 3.23062 3.57133 TRACK
[PUSH_CTRL] 2521 3.22752 3.57133 TRACK
[PUSH_CTRL] 2522 3.22441 3.57133 TRACK
[PUSH_CTRL] 2523 3.22134 3.57133 TRACK
[PUSH_CTRL] 2524 3.21835 3.57133 TRACK
[PUSH_CTRL] 2525 3.21565 3.57133 TRACK
[PUSH_CTRL] 2526 3.2132 3.57133 TRACK
[PUSH_CTRL] 2527 3.2109 3.57133 TRACK
[PUSH_CTRL] 2528 3.22733 3.57133 TRACK
[PUSH_CTRL] 2529 3.22532 3.57133 TRACK
[PUSH_CTRL] 2530 3.22286 3.57133 TRACK
[PUSH_CTRL] 2531 3.21925 3.57133 TRACK
[PUSH_CTRL] 2532 3.21608 3.57133 TRACK
[PUSH_CTRL] 2533 3.21362 3.57133 TRACK
[PUSH_CTRL] 2534 3.21121 3.57133 TRACK
[PUSH_CTRL] 2535 3.2089 3.57133 TRACK
[PUSH_CTRL] 2536 3.22521 3.57133 TRACK
[PUSH_CTRL] 2537 3.22301 3.57133 TRACK
[PUSH_CTRL] 2538 3.22051 3.57133 TRACK
[PUSH_CTRL] 2539 3.21792 3.57133 TRACK
[PUSH_CTRL] 2540 3.21544 3.57133 TRACK
[PUSH_CTRL] 2541 3.21312 3.57133 TRACK
[PUSH_CTRL] 2542 3.21106 3.57133 TRACK
[PUSH_CTRL] 2543 3.20905 3.57133 TRACK
[PUSH_CTRL] 2544 3.22582 3.57133 TRACK
[PUSH_CTRL] 2545 3.22421 3.57133 TRACK
[PUSH_CTRL] 2546 3.22208 3.57133 TRACK
[PUSH_CTRL] 2547 3.21991 3.57133 TRACK
[PUSH_CTRL] 2548 3.21776 3.57133 TRACK
[PUSH_CTRL] 2549 3.21584 3.57133 TRACK
[PUSH_CTRL] 2550 3.21414 3.57133 TRACK
[PUSH_CTRL] 2551 3.21265 3.57133 TRACK
[PUSH_CTRL] 2552 3.23005 3.57133 TRACK
[PUSH_CTRL] 2553 3.22829 3.57133 TRACK
[PUSH_CTRL] 2554 3.22513 3.57133 TRACK
[PUSH_CTRL] 2555 3.22072 3.57133 TRACK
[PUSH_CTRL] 2556 3.21642 3.57133 TRACK
[PUSH_CTRL] 2557 3.21323 3.57133 TRACK
[PUSH_CTRL] 2558 3.21095 3.57133 TRACK
[PUSH_CTRL] 2559 3.20858 3.57133 TRACK
[PUSH_CTRL] 2560 3.22525 3.57133 TRACK
[PUSH_CTRL] 2561 3.22302 3.57133 TRACK
[PUSH_CTRL] 2562 3.22073 3.57133 TRACK
[PUSH_CTRL] 2563 3.21896 3.57133 TRACK
[PUSH_CTRL] 2564 3.21719 3.57133 TRACK
[PUSH_CTRL] 2565 3.21444 3.57133 TRACK
[PUSH_CTRL] 2566 3.21126 3.57133 TRACK
[PUSH_CTRL] 2567 3.2081 3.57133 TRACK
[PUSH_CTRL] 2568 3.20501 3.57133 TRACK
[PUSH_CTRL] 2569 3.22106 3.57133 TRACK
[PUSH_CTRL] 2570 3.2183 3.57133 TRACK
[PUSH_CTRL] 2571 3.21546 3.57133 TRACK
[PUSH_CTRL] 2572 3.21313 3.57133 TRACK
[PUSH_CTRL] 2573 3.21127 3.57133 TRACK
[PUSH_CTRL] 2574 3.20943 3.57133 TRACK
[PUSH_CTRL] 2575 3.20774 3.57133 TRACK
[PUSH_CTRL] 2576 3.20608 3.57133 TRACK
[PUSH_CTRL] 2577 3.22366 3.57133 TRACK
[PUSH_CTRL] 2578 3.22189 3.57133 TRACK
[PUSH_CTRL] 2579 3.21998 3.57133 TRACK
[PUSH_CTRL] 2580 3.21727 3.57133 TRACK
[PUSH_CTRL] 2581 3.21377 3.57133 TRACK
[PUSH_CTRL] 2582 3.21016 3.57133 TRACK
[PUSH_CTRL] 2583 3.20666 3.57133 TRACK
[PUSH_CTRL] 2584 3.20311 3.57133 TRACK
[PUSH_CTRL] 2585 3.21897 3.57133 TRACK
[PUSH_CTRL] 2586 3.21554 3.57133 TRACK
[PUSH_CTRL] 2587 3.21215 3.57133 TRACK
[PUSH_CTRL] 2588 3.20903 3.57133 TRACK
[PUSH_CTRL] 2589 3.20629 3.57133 TRACK
[PUSH_CTRL] 2590 3.20391 3.57133 TRACK
[PUSH_CTRL] 2591 3.20237 3.57133 TRACK
[PUSH_CTRL] 2592 3.20087 3.57133 TRACK
[PUSH_CTRL] 2593 3.21883 3.57133 TRACK
[PUSH_CTRL] 2594 3.21725 3.57133 TRACK
[PUSH_CTRL] 2595 3.21558 3.57133 TRACK
[PUSH_CTRL] 2596 3.21406 3.57133 TRACK
[PUSH_CTRL] 2597 3.21207 3.57133 TRACK
[PUSH_CTRL] 2598 3.20985 3.57133 TRACK
[PUSH_CTRL] 2599 3.20791 3.57133 TRACK
[PUSH_CTRL] 2600 3.20558 3.57133 TRACK
[PUSH_CTRL] 2601 3.20306 3.57133 TRACK
[PUSH_CTRL] 2602 3.2202 3.57133 TRACK
[PUSH_CTRL] 2603 3.2183 3.57133 TRACK
[PUSH_CTRL] 2604 3.2167 3.57133 TRACK
[PUSH_CTRL] 2605 3.21468 3.57133 TRACK
[PUSH_CTRL] 2606 3.21291 3.57133 TRACK
[PUSH_CTRL] 2607 3.21139 3.57133 TRACK
[PUSH_CTRL] 2608 3.2106 3.57133 TRACK
[PUSH_CTRL] 2609 3.20953 3.57133 TRACK
[PUSH_CTRL] 2610 3.22793 3.57133 TRACK
[PUSH_CTRL] 2611 3.22638 3.57133 TRACK
[PUSH_CTRL] 2612 3.22434 3.57133 TRACK
[PUSH_CTRL] 2613 3.22198 3.57133 TRACK
[PUSH_CTRL] 2614 3.21876 3.57133 TRACK
[PUSH_CTRL] 2615 3.21477 3.57133 TRACK
[PUSH_CTRL] 2616 3.20985 3.57133 TRACK
[PUSH_CTRL] 2617 3.20463 3.57133 TRACK
[PUSH_CTRL] 2618 3.21917 3.57133 TRACK
[PUSH_CTRL] 2619 3.21413 3.57133 TRACK
[PUSH_CTRL] 2620 3.20941 3.57133 TRACK
[PUSH_CTRL] 2621 3.20512 3.57133 TRACK
[PUSH_CTRL] 2622 3.20111 3.57133 TRACK
[PUSH_CTRL] 2623 3.19738 3.57133 TRACK
[PUSH_CTRL] 2624 3.19454 3.57133 TRACK
[PUSH_CTRL] 2625 3.19161 3.57133 TRACK
[PUSH_CTRL] 2626 3.18932 3.57133 TRACK
[PUSH_CTRL] 2627 3.20825 3.57133 TRACK
[PUSH_CTRL] 2628 3.20708 3.57133 TRACK
[PUSH_CTRL] 2629 3.20565 3.57133 TRACK
[PUSH_CTRL] 2630 3.20408 3.57133 TRACK
[PUSH_CTRL] 2631 3.20228 3.57133 TRACK
[PUSH_CTRL] 2632 3.20048 3.57133 TRACK
[PUSH_CTRL] 2633 3.19887 3.57133 TRACK
[PUSH_CTRL] 2634 3.1973 3.57133 TRACK
[PUSH_CTRL] 2635 3.21564 3.57133 TRACK
[PUSH_CTRL] 2636 3.21349 3.57133 TRACK
[PUSH_CTRL] 2637 3.21118 3.57133 TRACK
[PUSH_CTRL] 2638 3.2093 3.57133 TRACK
[PUSH_CTRL] 2639 3.20758 3.57133 TRACK
[PUSH_CTRL] 2640 3.20596 3.57133 TRACK
[PUSH_CTRL] 2641 3.20452 3.57133 TRACK
[PUSH_CTRL] 2642 3.20306 3.57133 TRACK
[PUSH_CTRL] 2643 3.22061 3.57133 TRACK
[PUSH_CTRL] 2644 3.21767 3.57133 TRACK
[PUSH_CTRL] 2645 3.2144 3.57133 TRACK
[PUSH_CTRL] 2646 3.21105 3.57133 TRACK
[PUSH_CTRL] 2647 3.20749 3.57133 TRACK
[PUSH_CTRL] 2648 3.20413 3.57133 TRACK
[PUSH_CTRL] 2649 3.20052 3.57133 TRACK
[PUSH_CTRL] 2650 3.19646 3.57133 TRACK
[PUSH_CTRL] 2651 3.19167 3.57133 TRACK
[PUSH_CTRL] 2652 3.20784 3.57133 TRACK
[PUSH_CTRL] 2653 3.20367 3.57133 TRACK
[PUSH_CTRL] 2654 3.19983 3.57133 TRACK
[PUSH_CTRL] 2655 3.19637 3.57133 TRACK
[PUSH_CTRL] 2656 3.19327 3.57133 TRACK
[PUSH_CTRL] 2657 3.19021 3.57133 TRACK
[PUSH_CTRL] 2658 3.18687 3.57133 TRACK
[PUSH_CTRL] 2659 3.18339 3.57133 TRACK
[PUSH_CTRL] 2660 3.20118 3.57133 TRACK
[PUSH_CTRL] 2661 3.19861 3.57133 TRACK
[PUSH_CTRL] 2662 3.19657 3.57133 TRACK
[PUSH_CTRL] 2663 3.19506 3.57133 TRACK
[PUSH_CTRL] 2664 3.19487 3.57133 TRACK
[PUSH_CTRL] 2665 3.19476 3.57133 TRACK
[PUSH_CTRL] 2666 3.19431 3.57133 TRACK
[PUSH_CTRL] 2667 3.1936 3.57133 TRACK
[PUSH_CTRL] 2668 3.21297 3.57133 TRACK
[PUSH_CTRL] 2669 3.21138 3.57133 TRACK
[PUSH_CTRL] 2670 3.20844 3.57133 TRACK
[PUSH_CTRL] 2671 3.20526 3.57133 TRACK
[PUSH_CTRL] 2672 3.20176 3.57133 TRACK
[PUSH_CTRL] 2673 3.19829 3.57133 TRACK
[PUSH_CTRL] 2674 3.19502 3.57133 TRACK
[PUSH_CTRL] 2675 3.19205 3.57133 TRACK
[PUSH_CTRL] 2676 3.21026 3.57133 TRACK
[PUSH_CTRL] 2677 3.20849 3.57133 TRACK
[PUSH_CTRL] 2678 3.20723 3.57133 TRACK
[PUSH_CTRL] 2679 3.20583 3.57133 TRACK
[PUSH_CTRL] 2680 3.20426 3.57133 TRACK
[PUSH_CTRL] 2681 3.2027 3.57133 TRACK
[PUSH_CTRL] 2682 3.20159 3.57133 TRACK
[PUSH_CTRL] 2683 3.20065 3.57133 TRACK
[PUSH_CTRL] 2684 3.19967 3.57133 TRACK
[PUSH_CTRL] 2685 3.21929 3.57133 TRACK
[PUSH_CTRL] 2686 3.21816 3.57133 TRACK
[PUSH_CTRL] 2687 3.21677 3.57133 TRACK
[PUSH_CTRL] 2688 3.21524 3.57133 TRACK
[PUSH_CTRL] 2689 3.21374 3.57133 TRACK
[PUSH_CTRL] 2690 3.21215 3.57133 TRACK
[PUSH_CTRL] 2691 3.20948 3.57133 TRACK
[PUSH_CTRL] 2692 3.20652 3.57133 TRACK
[PUSH_CTRL] 2693 3.2239 3.57133 TRACK
[PUSH_CTRL] 2694 3.22091 3.57133 TRACK
[PUSH_CTRL] 2695 3.21763 3.57133 TRACK
[PUSH_CTRL] 2696 3.21429 3.57133 TRACK
[PUSH_CTRL] 2697 3.211 3.57133 TRACK
[PUSH_CTRL] 2698 3.20829 3.57133 TRACK
[PUSH_CTRL] 2699 3.20625 3.57133 TRACK
[PUSH_CTRL] 2700 3.20447 3.57133 TRACK
[PUSH_CTRL] 2701 3.2234 3.57133 TRACK
[PUSH_CTRL] 2702 3.22178 3.57133 TRACK
[PUSH_CTRL] 2703 3.21972 3.57133 TRACK
[PUSH_CTRL] 2704 3.21793 3.57133 TRACK
[PUSH_CTRL] 2705 3.21609 3.57133 TRACK
[PUSH_CTRL] 2706 3.21435 3.57133 TRACK
[PUSH_CTRL] 2707 3.21261 3.57133 TRACK
[PUSH_CTRL] 2708 3.21074 3.57133 TRACK
[PUSH_CTRL] 2709 3.22994 3.57133 TRACK
[PUSH_CTRL] 2710 3.22846 3.57133 TRACK
[PUSH_CTRL] 2711 3.22621 3.57133 TRACK
[PUSH_CTRL] 2712 3.22329 3.57133 TRACK
[PUSH_CTRL] 2713 3.22001 3.57133 TRACK
[PUSH_CTRL] 2714 3.21678 3.57133 TRACK
[PUSH_CTRL] 2715 3.21335 3.57133 TRACK
[PUSH_CTRL] 2716 3.2099 3.57133 TRACK
[PUSH_CTRL] 2717 3.22687 3.57133 TRACK
[PUSH_CTRL] 2718 3.22353 3.57133 TRACK
[PUSH_CTRL] 2719 3.22163 3.57133 TRACK
[PUSH_CTRL] 2720 3.2213 3.57133 TRACK
[PUSH_CTRL] 2721 3.22062 3.57133 TRACK
[PUSH_CTRL] 2722 3.21956 3.57133 TRACK
[PUSH_CTRL] 2723 3.21818 3.57133 TRACK
[PUSH_CTRL] 2724 3.21664 3.57133 TRACK
[PUSH_CTRL] 2725 3.21504 3.57133 TRACK
[PUSH_CTRL] 2726 3.23362 3.57133 TRACK
[PUSH_CTRL] 2727 3.23151 3.57133 TRACK
[PUSH_CTRL] 2728 3.22934 3.57133 TRACK
[PUSH_CTRL] 2729 3.22671 3.57133 TRACK
[PUSH_CTRL] 2730 3.22241 3.57133 TRACK
[PUSH_CTRL] 2731 3.21814 3.57133 TRACK
[PUSH_CTRL] 2732 3.21422 3.57133 TRACK
[PUSH_CTRL] 2733 3.21073 3.57133 TRACK
[PUSH_CTRL] 2734 3.22824 3.57133 TRACK
[PUSH_CTRL] 2735 3.22554 3.57133 TRACK
[PUSH_CTRL] 2736 3.22307 3.57133 TRACK
[PUSH_CTRL] 2737 3.22085 3.57133 TRACK
[PUSH_CTRL] 2738 3.21888 3.57133 TRACK
[PUSH_CTRL] 2739 3.21708 3.57133 TRACK
[PUSH_CTRL] 2740 3.21536 3.57133 TRACK
[PUSH_CTRL] 2741 3.21354 3.57133 TRACK
[PUSH_CTRL] 2742 3.23234 3.57133 TRACK
[PUSH_CTRL] 2743 3.23091 3.57133 TRACK
[PUSH_CTRL] 2744 3.22919 3.57133 TRACK
[PUSH_CTRL] 2745 3.2274 3.57133 TRACK
[PUSH_CTRL] 2746 3.22562 3.57133 TRACK
[PUSH_CTRL] 2747 3.22385 3.57133 TRACK
[PUSH_CTRL] 2748 3.22211 3.57133 TRACK
[PUSH_CTRL] 2749 3.22041 3.57133 TRACK
[PUSH_CTRL] 2750 3.23912 3.57133 TRACK
[PUSH_CTRL] 2751 3.23707 3.57133 TRACK
[PUSH_CTRL] 2752 3.23507 3.57133 TRACK
[PUSH_CTRL] 2753 3.23237 3.57133 TRACK
[PUSH_CTRL] 2754 3.22978 3.57133 TRACK
[PUSH_CTRL] 2755 3.22728 3.57133 TRACK
[PUSH_CTRL] 2756 3.22384 3.57133 TRACK
[PUSH_CTRL] 2757 3.22035 3.57133 TRACK
[PUSH_CTRL] 2758 3.23747 3.57133 TRACK
[PUSH_CTRL] 2759 3.23426 3.57133 TRACK
[PUSH_CTRL] 2760 3.23133 3.57133 TRACK
[PUSH_CTRL] 2761 3.22874 3.57133 TRACK
[PUSH_CTRL] 2762 3.2264 3.57133 TRACK
[PUSH_CTRL] 2763 3.2245 3.57133 TRACK
[PUSH_CTRL] 2764 3.22244 3.57133 TRACK
[PUSH_CTRL] 2765 3.22054 3.57133 TRACK
[PUSH_CTRL] 2766 3.23903 3.57133 TRACK
[PUSH_CTRL] 2767 3.23733 3.57133 TRACK
[PUSH_CTRL] 2768 3.23595 3.57133 TRACK
[PUSH_CTRL] 2769 3.23385 3.57133 TRACK
[PUSH_CTRL] 2770 3.23142 3.57133 TRACK
[PUSH_CTRL] 2771 3.22882 3.57133 TRACK
[PUSH_CTRL] 2772 3.22609 3.57133 TRACK
[PUSH_CTRL] 2773 3.22351 3.57133 TRACK
[PUSH_CTRL] 2774 3.24149 3.57133 TRACK
[PUSH_CTRL] 2775 3.23888 3.57133 TRACK
[PUSH_CTRL] 2776 3.23523 3.57133 TRACK
[PUSH_CTRL] 2777 3.23081 3.57133 TRACK
[PUSH_CTRL] 2778 3.22613 3.57133 TRACK
[PUSH_CTRL] 2779 3.22148 3.57133 TRACK
[PUSH_CTRL] 2780 3.21716 3.57133 TRACK
[PUSH_CTRL] 2781 3.21341 3.57133 TRACK
[PUSH_CTRL] 2782 3.21028 3.57133 TRACK
[PUSH_CTRL] 2783 3.22838 3.57133 TRACK
[PUSH_CTRL] 2784 3.22547 3.57133 TRACK
[PUSH_CTRL] 2785 3.22274 3.57133 TRACK
[PUSH_CTRL] 2786 3.22019 3.57133 TRACK
[PUSH_CTRL] 2787 3.21784 3.57133 TRACK
[PUSH_CTRL] 2788 3.21566 3.57133 TRACK
[PUSH_CTRL] 2789 3.21365 3.57133 TRACK
[PUSH_CTRL] 2790 3.21179 3.57133 TRACK
[PUSH_CTRL] 2791 3.2314 3.57133 TRACK
[PUSH_CTRL] 2792 3.22969 3.57133 TRACK
[PUSH_CTRL] 2793 3.22773 3.57133 TRACK
[PUSH_CTRL] 2794 3.22618 3.57133 TRACK
[PUSH_CTRL] 2795 3.22437 3.57133 TRACK
[PUSH_CTRL] 2796 3.22273 3.57133 TRACK
[PUSH_CTRL] 2797 3.22085 3.57133 TRACK
[PUSH_CTRL] 2798 3.24016 3.57133 TRACK
[PUSH_CTRL] 2799 3.23876 3.57133 TRACK
[PUSH_CTRL] 2800 3.23719 3.57133 TRACK
[PUSH_CTRL] 2801 3.23555 3.57133 TRACK
[PUSH_CTRL] 2802 3.23251 3.57133 TRACK
[PUSH_CTRL] 2803 3.22932 3.57133 TRACK
[PUSH_CTRL] 2804 3.2262 3.57133 TRACK
[PUSH_CTRL] 2805 3.22338 3.57133 TRACK
[PUSH_CTRL] 2806 3.22087 3.57133 TRACK
[PUSH_CTRL] 2807 3.23917 3.57133 TRACK
[PUSH_CTRL] 2808 3.23681 3.57133 TRACK
[PUSH_CTRL] 2809 3.2355 3.57133 TRACK
[PUSH_CTRL] 2810 3.23502 3.57133 TRACK
[PUSH_CTRL] 2811 3.23489 3.57133 TRACK
[PUSH_CTRL] 2812 3.23514 3.57133 TRACK
[PUSH_CTRL] 2813 3.23555 3.57133 TRACK
[PUSH_CTRL] 2814 3.23645 3.57133 TRACK
[PUSH_CTRL] 2815 3.25735 3.57133 TRACK
[PUSH_CTRL] 2816 3.25746 3.57133 TRACK
[PUSH_CTRL] 2817 3.25709 3.57133 TRACK
[PUSH_CTRL] 2818 3.25654 3.57133 TRACK
[PUSH_CTRL] 2819 3.2559 3.57133 TRACK
[PUSH_CTRL] 2820 3.25503 3.57133 TRACK
[PUSH_CTRL] 2821 3.25391 3.57133 TRACK
[PUSH_CTRL] 2822 3.25212 3.57133 TRACK
[PUSH_CTRL] 2823 3.26897 3.57133 TRACK
[PUSH_CTRL] 2824 3.26569 3.57133 TRACK
[PUSH_CTRL] 2825 3.26217 3.57133 TRACK
[PUSH_CTRL] 2826 3.25861 3.57133 TRACK
[PUSH_CTRL] 2827 3.25509 3.57133 TRACK
[PUSH_CTRL] 2828 3.2523 3.57133 TRACK
[PUSH_CTRL] 2829 3.24969 3.57133 TRACK
[PUSH_CTRL] 2830 3.24744 3.57133 TRACK
[PUSH_CTRL] 2831 3.26573 3.57133 TRACK
[PUSH_CTRL] 2832 3.26432 3.57133 TRACK
[PUSH_CTRL] 2833 3.26294 3.57133 TRACK
[PUSH_CTRL] 2834 3.26109 3.57133 TRACK
[PUSH_CTRL] 2835 3.25924 3.57133 TRACK
[PUSH_CTRL] 2836 3.25742 3.57133 TRACK
[PUSH_CTRL] 2837 3.25563 3.57133 TRACK
[PUSH_CTRL] 2838 3.25412 3.57133 TRACK
[PUSH_CTRL] 2839 3.27229 3.57133 TRACK
[PUSH_CTRL] 2840 3.27038 3.57133 TRACK
[PUSH_CTRL] 2841 3.26894 3.57133 TRACK
[PUSH_CTRL] 2842 3.26699 3.57133 TRACK
[PUSH_CTRL] 2843 3.26468 3.57133 TRACK
[PUSH_CTRL] 2844 3.26214 3.57133 TRACK
[PUSH_CTRL] 2845 3.25898 3.57133 TRACK
[PUSH_CTRL] 2846 3.25524 3.57133 TRACK
[PUSH_CTRL] 2847 3.27084 3.57133 TRACK
[PUSH_CTRL] 2848 3.26662 3.57133 TRACK
[PUSH_CTRL] 2849 3.26265 3.57133 TRACK
[PUSH_CTRL] 2850 3.2589 3.57133 TRACK
[PUSH_CTRL] 2851 3.2552 3.57133 TRACK
[PUSH_CTRL] 2852 3.25165 3.57133 TRACK
[PUSH_CTRL] 2853 3.24874 3.57133 TRACK
[PUSH_CTRL] 2854 3.24622 3.57133 TRACK
[PUSH_CTRL] 2855 3.24434 3.57133 TRACK
[PUSH_CTRL] 2856 3.26389 3.57133 TRACK
[PUSH_CTRL] 2857 3.26305 3.57133 TRACK
[PUSH_CTRL] 2858 3.26202 3.57133 TRACK
[PUSH_CTRL] 2859 3.26173 3.57133 TRACK
[PUSH_CTRL] 2860 3.2621 3.57133 TRACK
[PUSH_CTRL] 2861 3.26205 3.57133 TRACK
[PUSH_CTRL] 2862 3.26164 3.57133 TRACK
[PUSH_CTRL] 2863 3.26087 3.57133 TRACK
[PUSH_CTRL] 2864 3.27964 3.57133 TRACK
[PUSH_CTRL] 2865 3.27762 3.57133 TRACK
[PUSH_CTRL] 2866 3.27502 3.57133 TRACK
[PUSH_CTRL] 2867 3.27196 3.57133 TRACK
[PUSH_CTRL] 2868 3.26868 3.57133 TRACK
[PUSH_CTRL] 2869 3.26542 3.57133 TRACK
[PUSH_CTRL] 2870 3.26224 3.57133 TRACK
[PUSH_CTRL] 2871 3.25972 3.57133 TRACK
[PUSH_CTRL] 2872 3.27764 3.57133 TRACK
[PUSH_CTRL] 2873 3.27543 3.57133 TRACK
[PUSH_CTRL] 2874 3.27279 3.57133 TRACK
[PUSH_CTRL] 2875 3.27124 3.57133 TRACK
[PUSH_CTRL] 2876 3.2702 3.57133 TRACK
[PUSH_CTRL] 2877 3.26937 3.57133 TRACK
[PUSH_CTRL] 2878 3.26843 3.57133 TRACK
[PUSH_CTRL] 2879 3.26823 3.57133 TRACK
[PUSH_CTRL] 2880 3.26702 3.57133 TRACK
[PUSH_CTRL] 2881 3.28473 3.57133 TRACK
[PUSH_CTRL] 2882 3.28217 3.57133 TRACK
[PUSH_CTRL] 2883 3.27947 3.57133 TRACK
[PUSH_CTRL] 2884 3.27642 3.57133 TRACK
[PUSH_CTRL] 2885 3.27343 3.57133 TRACK
[PUSH_CTRL] 2886 3.27138 3.57133 TRACK
[PUSH_CTRL] 2887 3.26904 3.57133 TRACK
[PUSH_CTRL] 2888 3.26646 3.57133 TRACK
[PUSH_CTRL] 2889 3.28334 3.57133 TRACK
[PUSH_CTRL] 2890 3.28076 3.57133 TRACK
[PUSH_CTRL] 2891 3.2779 3.57133 TRACK
[PUSH_CTRL] 2892 3.27567 3.57133 TRACK
[PUSH_CTRL] 2893 3.27236 3.57133 TRACK
[PUSH_CTRL] 2894 3.26843 3.57133 TRACK
[PUSH_CTRL] 2895 3.26454 3.57133 TRACK
[PUSH_CTRL] 2896 3.26118 3.57133 TRACK
[PUSH_CTRL] 2897 3.27753 3.57133 TRACK
[PUSH_CTRL] 2898 3.27413 3.57133 TRACK
[PUSH_CTRL] 2899 3.2702 3.57133 TRACK
[PUSH_CTRL] 2900 3.26574 3.57133 TRACK
[PUSH_CTRL] 2901 3.26144 3.57133 TRACK
[PUSH_CTRL] 2902 3.25722 3.57133 TRACK
[PUSH_CTRL] 2903 3.25319 3.57133 TRACK
[PUSH_CTRL] 2904 3.24998 3.57133 TRACK
[PUSH_CTRL] 2905 3.24762 3.57133 TRACK
[PUSH_CTRL] 2906 3.26551 3.57133 TRACK
[PUSH_CTRL] 2907 3.26311 3.57133 TRACK
[PUSH_CTRL] 2908 3.26037 3.57133 TRACK
[PUSH_CTRL] 2909 3.25881 3.57133 TRACK
[PUSH_CTRL] 2910 3.25778 3.57133 TRACK
[PUSH_CTRL] 2911 3.25696 3.57133 TRACK
[PUSH_CTRL] 2912 3.25619 3.57133 TRACK
[PUSH_CTRL] 2913 3.25611 3.57133 TRACK
[PUSH_CTRL] 2914 3.25564 3.57133 TRACK
[PUSH_CTRL] 2915 3.2749 3.57133 TRACK
[PUSH_CTRL] 2916 3.27394 3.57133 TRACK
[PUSH_CTRL] 2917 3.27232 3.57133 TRACK
[PUSH_CTRL] 2918 3.27013 3.57133 TRACK
[PUSH_CTRL] 2919 3.26784 3.57133 TRACK
[PUSH_CTRL] 2920 3.2654 3.57133 TRACK
[PUSH_CTRL] 2921 3.26332 3.57133 TRACK
[PUSH_CTRL] 2922 3.26091 3.57133 TRACK
[PUSH_CTRL] 2923 3.27803 3.57133 TRACK
[PUSH_CTRL] 2924 3.27527 3.57133 TRACK
[PUSH_CTRL] 2925 3.27233 3.57133 TRACK
[PUSH_CTRL] 2926 3.26932 3.57133 TRACK
[PUSH_CTRL] 2927 3.26643 3.57133 TRACK
[PUSH_CTRL] 2928 3.26288 3.57133 TRACK
[PUSH_CTRL] 2929 3.2589 3.57133 TRACK
[PUSH_CTRL] 2930 3.25273 3.57133 TRACK
[PUSH_CTRL] 2931 3.24686 3.57133 TRACK
[PUSH_CTRL] 2932 3.26214 3.57133 TRACK
[PUSH_CTRL] 2933 3.25751 3.57133 TRACK
[PUSH_CTRL] 2934 3.25314 3.57133 TRACK
[PUSH_CTRL] 2935 3.24927 3.57133 TRACK
[PUSH_CTRL] 2936 3.2459 3.57133 TRACK
[PUSH_CTRL] 2937 3.24282 3.57133 TRACK
[PUSH_CTRL] 2938 3.23997 3.57133 TRACK
[PUSH_CTRL] 2939 3.23728 3.57133 TRACK
[PUSH_CTRL] 2940 3.256 3.57133 TRACK
[PUSH_CTRL] 2941 3.25412 3.57133 TRACK
[PUSH_CTRL] 2942 3.25215 3.57133 TRACK
[PUSH_CTRL] 2943 3.25031 3.57133 TRACK
[PUSH_CTRL] 2944 3.24862 3.57133 TRACK
[PUSH_CTRL] 2945 3.24677 3.57133 TRACK
[PUSH_CTRL] 2946 3.24567 3.57133 TRACK
[PUSH_CTRL] 2947 3.24379 3.57133 TRACK
[PUSH_CTRL] 2948 3.26201 3.57133 TRACK
[PUSH_CTRL] 2949 3.25975 3.57133 TRACK
[PUSH_CTRL] 2950 3.25733 3.57133 TRACK
[PUSH_CTRL] 2951 3.25493 3.57133 TRACK
[PUSH_CTRL] 2952 3.25288 3.57133 TRACK
[PUSH_CTRL] 2953 3.25113 3.57133 TRACK
[PUSH_CTRL] 2954 3.24972 3.57133 TRACK
[PUSH_CTRL] 2955 3.24945 3.57133 TRACK
[PUSH_CTRL] 2956 3.26969 3.57133 TRACK
[PUSH_CTRL] 2957 3.26976 3.57133 TRACK
[PUSH_CTRL] 2958 3.26921 3.57133 TRACK
[PUSH_CTRL] 2959 3.26684 3.57133 TRACK
[PUSH_CTRL] 2960 3.26357 3.57133 TRACK
[PUSH_CTRL] 2961 3.2601 3.57133 TRACK
[PUSH_CTRL] 2962 3.25682 3.57133 TRACK
[PUSH_CTRL] 2963 3.25356 3.57133 TRACK
[PUSH_CTRL] 2964 3.25061 3.57133 TRACK
[PUSH_CTRL] 2965 3.26786 3.57133 TRACK
[PUSH_CTRL] 2966 3.26502 3.57133 TRACK
[PUSH_CTRL] 2967 3.26198 3.57133 TRACK
[PUSH_CTRL] 2968 3.25888 3.57133 TRACK
[PUSH_CTRL] 2969 3.2558 3.57133 TRACK
[PUSH_CTRL] 2970 3.2533 3.57133 TRACK
[PUSH_CTRL] 2971 3.25129 3.57133 TRACK
[PUSH_CTRL] 2972 3.24955 3.57133 TRACK
[PUSH_CTRL] 2973 3.26799 3.57133 TRACK
[PUSH_CTRL] 2974 3.26646 3.57133 TRACK
[PUSH_CTRL] 2975 3.26514 3.57133 TRACK
[PUSH_CTRL] 2976 3.26466 3.57133 TRACK
[PUSH_CTRL] 2977 3.26373 3.57133 TRACK
[PUSH_CTRL] 2978 3.26197 3.57133 TRACK
[PUSH_CTRL] 2979 3.25972 3.57133 TRACK
[PUSH_CTRL] 2980 3.25694 3.57133 TRACK
[PUSH_CTRL] 2981 3.27353 3.57133 TRACK
[PUSH_CTRL] 2982 3.26985 3.57133 TRACK
[PUSH_CTRL] 2983 3.26591 3.57133 TRACK
[PUSH_CTRL] 2984 3.26137 3.57133 TRACK
[PUSH_CTRL] 2985 3.25658 3.57133 TRACK
[PUSH_CTRL] 2986 3.25181 3.57133 TRACK
[PUSH_CTRL] 2987 3.24771 3.57133 TRACK
[PUSH_CTRL] 2988 3.24371 3.57133 TRACK
[PUSH_CTRL] 2989 3.25984 3.57133 TRACK
[PUSH_CTRL] 2990 3.25592 3.57133 TRACK
[PUSH_CTRL] 2991 3.25212 3.57133 TRACK
[PUSH_CTRL] 2992 3.24854 3.57133 TRACK
[PUSH_CTRL] 2993 3.24635 3.57133 TRACK
[PUSH_CTRL] 2994 3.24421 3.57133 TRACK
[PUSH_CTRL] 2995 3.24221 3.57133 TRACK
[PUSH_CTRL] 2996 3.24031 3.57133 TRACK
[PUSH_CTRL] 2997 3.23819 3.57133 TRACK
[PUSH_CTRL] 2998 3.25652 3.57133 TRACK
[PUSH_CTRL] 2999 3.25388 3.57133 TRACK
[PUSH_CTRL] 3000 3.25142 3.57133 TRACK
[PUSH_CTRL] 3001 3.249 3.57133 TRACK
[PUSH_CTRL] 3002 3.24659 3.57133 TRACK
[PUSH_CTRL] 3003 3.24376 3.57133 TRACK
[PUSH_CTRL] 3004 3.24109 3.57133 TRACK
[PUSH_CTRL] 3005 3.23837 3.57133 TRACK
[PUSH_CTRL] 3006 3.25628 3.57133 TRACK
[PUSH_CTRL] 3007 3.25397 3.57133 TRACK
[PUSH_CTRL] 3008 3.25165 3.57133 TRACK
[PUSH_CTRL] 3009 3.24956 3.57133 TRACK
[PUSH_CTRL] 3010 3.24772 3.57133 TRACK
[PUSH_CTRL] 3011 3.24598 3.57133 TRACK
[PUSH_CTRL] 3012 3.2451 3.57133 TRACK
[PUSH_CTRL] 3013 3.24395 3.57133 TRACK
[PUSH_CTRL] 3014 3.26261 3.57133 TRACK
[PUSH_CTRL] 3015 3.26006 3.57133 TRACK
[PUSH_CTRL] 3016 3.25712 3.57133 TRACK
[PUSH_CTRL] 3017 3.25412 3.57133 TRACK
[PUSH_CTRL] 3018 3.25142 3.57133 TRACK
[PUSH_CTRL] 3019 3.24809 3.57133 TRACK
[PUSH_CTRL] 3020 3.24445 3.57133 TRACK
[PUSH_CTRL] 3021 3.24136 3.57133 TRACK
[PUSH_CTRL] 3022 3.2594 3.57133 TRACK
[PUSH_CTRL] 3023 3.25735 3.57133 TRACK
[PUSH_CTRL] 3024 3.25569 3.57133 TRACK
[PUSH_CTRL] 3025 3.25404 3.57133 TRACK
[PUSH_CTRL] 3026 3.25241 3.57133 TRACK
[PUSH_CTRL] 3027 3.25117 3.57133 TRACK
[PUSH_CTRL] 3028 3.24992 3.57133 TRACK
[PUSH_CTRL] 3029 3.24895 3.57133 TRACK
[PUSH_CTRL] 3030 3.26798 3.57133 TRACK
[PUSH_CTRL] 3031 3.26708 3.57133 TRACK
[PUSH_CTRL] 3032 3.26518 3.57133 TRACK
[PUSH_CTRL] 3033 3.26133 3.57133 TRACK
[PUSH_CTRL] 3034 3.25775 3.57133 TRACK
[PUSH_CTRL] 3035 3.25435 3.57133 TRACK
[PUSH_CTRL] 3036 3.25074 3.57133 TRACK
[PUSH_CTRL] 3037 3.24717 3.57133 TRACK
[PUSH_CTRL] 3038 3.2437 3.57133 TRACK
[PUSH_CTRL] 3039 3.26061 3.57133 TRACK
[PUSH_CTRL] 3040 3.25768 3.57133 TRACK
[PUSH_CTRL] 3041 3.25561 3.57133 TRACK
[PUSH_CTRL] 3042 3.25375 3.57133 TRACK
[PUSH_CTRL] 3043 3.25217 3.57133 TRACK
[PUSH_CTRL] 3044 3.25057 3.57133 TRACK
[PUSH_CTRL] 3045 3.24926 3.57133 TRACK
[PUSH_CTRL] 3046 3.2476 3.57133 TRACK
[PUSH_CTRL] 3047 3.26548 3.57133 TRACK
[PUSH_CTRL] 3048 3.26383 3.57133 TRACK
[PUSH_CTRL] 3049 3.26209 3.57133 TRACK
[PUSH_CTRL] 3050 3.2601 3.57133 TRACK
[PUSH_CTRL] 3051 3.25881 3.57133 TRACK
[PUSH_CTRL] 3052 3.25743 3.57133 TRACK
[PUSH_CTRL] 3053 3.25611 3.57133 TRACK
[PUSH_CTRL] 3054 3.25447 3.57133 TRACK
[PUSH_CTRL] 3055 3.27241 3.57133 TRACK
[PUSH_CTRL] 3056 3.27065 3.57133 TRACK
[PUSH_CTRL] 3057 3.26882 3.57133 TRACK
[PUSH_CTRL] 3058 3.26597 3.57133 TRACK
[PUSH_CTRL] 3059 3.26207 3.57133 TRACK
[PUSH_CTRL] 3060 3.25763 3.57133 TRACK
[PUSH_CTRL] 3061 3.25335 3.57133 TRACK
[PUSH_CTRL] 3062 3.24919 3.57133 TRACK
[PUSH_CTRL] 3063 3.26511 3.57133 TRACK
[PUSH_CTRL] 3064 3.26196 3.57133 TRACK
[PUSH_CTRL] 3065 3.25928 3.57133 TRACK
[PUSH_CTRL] 3066 3.25677 3.57133 TRACK
[PUSH_CTRL] 3067 3.25445 3.57133 TRACK
[PUSH_CTRL] 3068 3.25212 3.57133 TRACK
[PUSH_CTRL] 3069 3.24977 3.57133 TRACK
[PUSH_CTRL] 3070 3.24741 3.57133 TRACK
[PUSH_CTRL] 3071 3.24552 3.57133 TRACK
[PUSH_CTRL] 3072 3.26342 3.57133 TRACK
[PUSH_CTRL] 3073 3.26057 3.57133 TRACK
[PUSH_CTRL] 3074 3.25634 3.57133 TRACK
[PUSH_CTRL] 3075 3.25091 3.57133 TRACK
[PUSH_CTRL] 3076 3.24633 3.57133 TRACK
[PUSH_CTRL] 3077 3.24223 3.57133 TRACK
[PUSH_CTRL] 3078 3.2386 3.57133 TRACK
[PUSH_CTRL] 3079 3.23539 3.57133 TRACK
[PUSH_CTRL] 3080 3.25264 3.57133 TRACK
[PUSH_CTRL] 3081 3.25027 3.57133 TRACK
[PUSH_CTRL] 3082 3.24797 3.57133 TRACK
[PUSH_CTRL] 3083 3.24578 3.57133 TRACK
[PUSH_CTRL] 3084 3.24402 3.57133 TRACK
[PUSH_CTRL] 3085 3.24272 3.57133 TRACK
[PUSH_CTRL] 3086 3.24183 3.57133 TRACK
[PUSH_CTRL] 3087 3.24047 3.57133 TRACK
[PUSH_CTRL] 3088 3.25898 3.57133 TRACK
[PUSH_CTRL] 3089 3.25748 3.57133 TRACK
[PUSH_CTRL] 3090 3.25584 3.57133 TRACK
[PUSH_CTRL] 3091 3.25415 3.57133 TRACK
[PUSH_CTRL] 3092 3.25218 3.57133 TRACK
[PUSH_CTRL] 3093 3.24936 3.57133 TRACK
[PUSH_CTRL] 3094 3.24657 3.57133 TRACK
[PUSH_CTRL] 3095 3.2445 3.57133 TRACK
[PUSH_CTRL] 3096 3.24199 3.57133 TRACK
[PUSH_CTRL] 3097 3.25947 3.57133 TRACK
[PUSH_CTRL] 3098 3.25661 3.57133 TRACK
[PUSH_CTRL] 3099 3.25348 3.57133 TRACK
[PUSH_CTRL] 3100 3.2505 3.57133 TRACK
[PUSH_CTRL] 3101 3.24792 3.57133 TRACK
[PUSH_CTRL] 3102 3.24597 3.57133 TRACK
[PUSH_CTRL] 3103 3.24473 3.57133 TRACK
[PUSH_CTRL] 3104 3.24417 3.57133 TRACK
[PUSH_CTRL] 3105 3.24357 3.57133 TRACK
[PUSH_CTRL] 3106 3.26258 3.57133 TRACK
[PUSH_CTRL] 3107 3.26168 3.57133 TRACK
[PUSH_CTRL] 3108 3.26061 3.57133 TRACK
[PUSH_CTRL] 3109 3.25911 3.57133 TRACK
[PUSH_CTRL] 3110 3.25818 3.57133 TRACK
[PUSH_CTRL] 3111 3.25801 3.57133 TRACK
[PUSH_CTRL] 3112 3.25757 3.57133 TRACK
[PUSH_CTRL] 3113 3.2569 3.57133 TRACK
[PUSH_CTRL] 3114 3.27545 3.57133 TRACK
[PUSH_CTRL] 3115 3.27431 3.57133 TRACK
[PUSH_CTRL] 3116 3.27233 3.57133 TRACK
[PUSH_CTRL] 3117 3.26956 3.57133 TRACK
[PUSH_CTRL] 3118 3.26478 3.57133 TRACK
[PUSH_CTRL] 3119 3.25977 3.57133 TRACK
[PUSH_CTRL] 3120 3.25511 3.57133 TRACK
[PUSH_CTRL] 3121 3.25096 3.57133 TRACK
[PUSH_CTRL] 3122 3.2671 3.57133 TRACK
[PUSH_CTRL] 3123 3.26432 3.57133 TRACK
[PUSH_CTRL] 3124 3.26266 3.57133 TRACK
[PUSH_CTRL] 3125 3.26109 3.57133 TRACK
[PUSH_CTRL] 3126 3.26078 3.57133 TRACK
[PUSH_CTRL] 3127 3.26011 3.57133 TRACK
[PUSH_CTRL] 3128 3.25886 3.57133 TRACK
[PUSH_CTRL] 3129 3.25761 3.57133 TRACK
[PUSH_CTRL] 3130 3.27553 3.57133 TRACK
[PUSH_CTRL] 3131 3.27411 3.57133 TRACK
[PUSH_CTRL] 3132 3.27253 3.57133 TRACK
[PUSH_CTRL] 3133 3.27142 3.57133 TRACK
[PUSH_CTRL] 3134 3.2703 3.57133 TRACK
[PUSH_CTRL] 3135 3.26913 3.57133 TRACK
[PUSH_CTRL] 3136 3.2687 3.57133 TRACK
[PUSH_CTRL] 3137 3.26886 3.57133 TRACK
[PUSH_CTRL] 3138 3.26739 3.57133 TRACK
[PUSH_CTRL] 3139 3.2843 3.57133 TRACK
[PUSH_CTRL] 3140 3.28166 3.57133 TRACK
[PUSH_CTRL] 3141 3.27867 3.57133 TRACK
[PUSH_CTRL] 3142 3.27552 3.57133 TRACK
[PUSH_CTRL] 3143 3.27235 3.57133 TRACK
[PUSH_CTRL] 3144 3.26926 3.57133 TRACK
[PUSH_CTRL] 3145 3.26629 3.57133 TRACK
[PUSH_CTRL] 3146 3.26236 3.57133 TRACK
[PUSH_CTRL] 3147 3.2767 3.57133 TRACK
[PUSH_CTRL] 3148 3.2713 3.57133 TRACK
[PUSH_CTRL] 3149 3.2654 3.57133 TRACK
[PUSH_CTRL] 3150 3.26056 3.57133 TRACK
[PUSH_CTRL] 3151 3.25628 3.57133 TRACK
[PUSH_CTRL] 3152 3.2529 3.57133 TRACK
[PUSH_CTRL] 3153 3.25026 3.57133 TRACK
[PUSH_CTRL] 3154 3.24794 3.57133 TRACK
[PUSH_CTRL] 3155 3.24635 3.57133 TRACK
[PUSH_CTRL] 3156 3.2647 3.57133 TRACK
[PUSH_CTRL] 3157 3.26347 3.57133 TRACK
[PUSH_CTRL] 3158 3.26227 3.57133 TRACK
[PUSH_CTRL] 3159 3.26146 3.57133 TRACK
[PUSH_CTRL] 3160 3.26155 3.57133 TRACK
[PUSH_CTRL] 3161 3.26188 3.57133 TRACK
[PUSH_CTRL] 3162 3.26216 3.57133 TRACK
[PUSH_CTRL] 3163 3.26261 3.57133 TRACK
[PUSH_CTRL] 3164 3.28215 3.57133 TRACK
[PUSH_CTRL] 3165 3.28233 3.57133 TRACK
[PUSH_CTRL] 3166 3.28234 3.57133 TRACK
[PUSH_CTRL] 3167 3.28233 3.57133 TRACK
[PUSH_CTRL] 3168 3.28268 3.57133 TRACK
[PUSH_CTRL] 3169 3.2831 3.57133 TRACK
[PUSH_CTRL] 3170 3.2831 3.57133 TRACK
[PUSH_CTRL] 3171 3.28266 3.57133 TRACK
[PUSH_CTRL] 3172 3.30057 3.57133 TRACK
[PUSH_CTRL] 3173 3.2987 3.57133 TRACK
[PUSH_CTRL] 3174 3.29627 3.57133 TRACK
[PUSH_CTRL] 3175 3.29365 3.57133 TRACK
[PUSH_CTRL] 3176 3.29093 3.57133 TRACK
[PUSH_CTRL] 3177 3.28831 3.57133 TRACK
[PUSH_CTRL] 3178 3.28587 3.57133 TRACK
[PUSH_CTRL] 3179 3.28361 3.57133 TRACK
[PUSH_CTRL] 3180 3.3002 3.57133 TRACK
[PUSH_CTRL] 3181 3.29856 3.57133 TRACK
[PUSH_CTRL] 3182 3.29658 3.57133 TRACK
[PUSH_CTRL] 3183 3.29443 3.57133 TRACK
[PUSH_CTRL] 3184 3.29312 3.57133 TRACK
[PUSH_CTRL] 3185 3.293 3.57133 TRACK
[PUSH_CTRL] 3186 3.29291 3.57133 TRACK
[PUSH_CTRL] 3187 3.29276 3.57133 TRACK
[PUSH_CTRL] 3188 3.30986 3.57133 TRACK
[PUSH_CTRL] 3189 3.30672 3.57133 TRACK
[PUSH_CTRL] 3190 3.30275 3.57133 TRACK
[PUSH_CTRL] 3191 3.29891 3.57133 TRACK
[PUSH_CTRL] 3192 3.29536 3.57133 TRACK
[PUSH_CTRL] 3193 3.29216 3.57133 TRACK
[PUSH_CTRL] 3194 3.28929 3.57133 TRACK
[PUSH_CTRL] 3195 3.28696 3.57133 TRACK
[PUSH_CTRL] 3196 3.28586 3.57133 TRACK
[PUSH_CTRL] 3197 3.30326 3.57133 TRACK
[PUSH_CTRL] 3198 3.30167 3.57133 TRACK
[PUSH_CTRL] 3199 3.30086 3.57133 TRACK
[PUSH_CTRL] 3200 3.29979 3.57133 TRACK
[PUSH_CTRL] 3201 3.29856 3.57133 TRACK
[PUSH_CTRL] 3202 3.29684 3.57133 TRACK
[PUSH_CTRL] 3203 3.29479 3.57133 TRACK
[PUSH_CTRL] 3204 3.29257 3.57133 TRACK
[PUSH_CTRL] 3205 3.30858 3.57133 TRACK
[PUSH_CTRL] 3206 3.3062 3.57133 TRACK
[PUSH_CTRL] 3207 3.30361 3.57133 TRACK
[PUSH_CTRL] 3208 3.30096 3.57133 TRACK
[PUSH_CTRL] 3209 3.29785 3.57133 TRACK
[PUSH_CTRL] 3210 3.29457 3.57133 TRACK
[PUSH_CTRL] 3211 3.2912 3.57133 TRACK
[PUSH_CTRL] 3212 3.28792 3.57133 TRACK
[PUSH_CTRL] 3213 3.30321 3.57133 TRACK
[PUSH_CTRL] 3214 3.30038 3.57133 TRACK
[PUSH_CTRL] 3215 3.29787 3.57133 TRACK
[PUSH_CTRL] 3216 3.29576 3.57133 TRACK
[PUSH_CTRL] 3217 3.29407 3.57133 TRACK
[PUSH_CTRL] 3218 3.29273 3.57133 TRACK
[PUSH_CTRL] 3219 3.29166 3.57133 TRACK
[PUSH_CTRL] 3220 3.29096 3.57133 TRACK
[PUSH_CTRL] 3221 3.30877 3.57133 TRACK
[PUSH_CTRL] 3222 3.30794 3.57133 TRACK
[PUSH_CTRL] 3223 3.30647 3.57133 TRACK
[PUSH_CTRL] 3224 3.30456 3.57133 TRACK
[PUSH_CTRL] 3225 3.30263 3.57133 TRACK
[PUSH_CTRL] 3226 3.30073 3.57133 TRACK
[PUSH_CTRL] 3227 3.29953 3.57133 TRACK
[PUSH_CTRL] 3228 3.29826 3.57133 TRACK
[PUSH_CTRL] 3229 3.31507 3.57133 TRACK
[PUSH_CTRL] 3230 3.31312 3.57133 TRACK
[PUSH_CTRL] 3231 3.31013 3.57133 TRACK
[PUSH_CTRL] 3232 3.30684 3.57133 TRACK
[PUSH_CTRL] 3233 3.30301 3.57133 TRACK
[PUSH_CTRL] 3234 3.29944 3.57133 TRACK
[PUSH_CTRL] 3235 3.29611 3.57133 TRACK
[PUSH_CTRL] 3236 3.29361 3.57133 TRACK
[PUSH_CTRL] 3237 3.30939 3.57133 TRACK
[PUSH_CTRL] 3238 3.30757 3.57133 TRACK
[PUSH_CTRL] 3239 3.3059 3.57133 TRACK
[PUSH_CTRL] 3240 3.30445 3.57133 TRACK
[PUSH_CTRL] 3241 3.30255 3.57133 TRACK
[PUSH_CTRL] 3242 3.30037 3.57133 TRACK
[PUSH_CTRL] 3243 3.29822 3.57133 TRACK
[PUSH_CTRL] 3244 3.29611 3.57133 TRACK
[PUSH_CTRL] 3245 3.31241 3.57133 TRACK
[PUSH_CTRL] 3246 3.31076 3.57133 TRACK
[PUSH_CTRL] 3247 3.3098 3.57133 TRACK
[PUSH_CTRL] 3248 3.31052 3.57133 TRACK
[PUSH_CTRL] 3249 3.31143 3.57133 TRACK
[PUSH_CTRL] 3250 3.31294 3.57133 TRACK
[PUSH_CTRL] 3251 3.31371 3.57133 TRACK
[PUSH_CTRL] 3252 3.31382 3.57133 TRACK
[PUSH_CTRL] 3253 3.3306 3.57133 TRACK
[PUSH_CTRL] 3254 3.32952 3.57133 TRACK
[PUSH_CTRL] 3255 3.32821 3.57133 TRACK
[PUSH_CTRL] 3256 3.32659 3.57133 TRACK
[PUSH_CTRL] 3257 3.32498 3.57133 TRACK
[PUSH_CTRL] 3258 3.32407 3.57133 TRACK
[PUSH_CTRL] 3259 3.32316 3.57133 TRACK
[PUSH_CTRL] 3260 3.32225 3.57133 TRACK
[PUSH_CTRL] 3261 3.33759 3.57133 TRACK
[PUSH_CTRL] 3262 3.33539 3.57133 TRACK
[PUSH_CTRL] 3263 3.33284 3.57133 TRACK
[PUSH_CTRL] 3264 3.33001 3.57133 TRACK
[PUSH_CTRL] 3265 3.32756 3.57133 TRACK
[PUSH_CTRL] 3266 3.3267 3.57133 TRACK
[PUSH_CTRL] 3267 3.32577 3.57133 TRACK
[PUSH_CTRL] 3268 3.32625 3.57133 TRACK
[PUSH_CTRL] 3269 3.34295 3.57133 TRACK
[PUSH_CTRL] 3270 3.34261 3.57133 TRACK
[PUSH_CTRL] 3271 3.34159 3.57133 TRACK
[PUSH_CTRL] 3272 3.3403 3.57133 TRACK
[PUSH_CTRL] 3273 3.33879 3.57133 TRACK
[PUSH_CTRL] 3274 3.33635 3.57133 TRACK
[PUSH_CTRL] 3275 3.33328 3.57133 TRACK
[PUSH_CTRL] 3276 3.32933 3.57133 TRACK
[PUSH_CTRL] 3277 3.32534 3.57133 TRACK
[PUSH_CTRL] 3278 3.33815 3.57133 TRACK
[PUSH_CTRL] 3279 3.33402 3.57133 TRACK
[PUSH_CTRL] 3280 3.33044 3.57133 TRACK
[PUSH_CTRL] 3281 3.32721 3.57133 TRACK
[PUSH_CTRL] 3282 3.32439 3.57133 TRACK
[PUSH_CTRL] 3283 3.3219 3.57133 TRACK
[PUSH_CTRL] 3284 3.31944 3.57133 TRACK
[PUSH_CTRL] 3285 3.31613 3.57133 TRACK
[PUSH_CTRL] 3286 3.32955 3.57133 TRACK
[PUSH_CTRL] 3287 3.3262 3.57133 TRACK
[PUSH_CTRL] 3288 3.32278 3.57133 TRACK
[PUSH_CTRL] 3289 3.31975 3.57133 TRACK
[PUSH_CTRL] 3290 3.31698 3.57133 TRACK
[PUSH_CTRL] 3291 3.31467 3.57133 TRACK
[PUSH_CTRL] 3292 3.31277 3.57133 TRACK
[PUSH_CTRL] 3293 3.31142 3.57133 TRACK
[PUSH_CTRL] 3294 3.32734 3.57133 TRACK
[PUSH_CTRL] 3295 3.32607 3.57133 TRACK
[PUSH_CTRL] 3296 3.3247 3.57133 TRACK
[PUSH_CTRL] 3297 3.32303 3.57133 TRACK
[PUSH_CTRL] 3298 3.32113 3.57133 TRACK
[PUSH_CTRL] 3299 3.31817 3.57133 TRACK
[PUSH_CTRL] 3300 3.31467 3.57133 TRACK
[PUSH_CTRL] 3301 3.31137 3.57133 TRACK
[PUSH_CTRL] 3302 3.32479 3.57133 TRACK
[PUSH_CTRL] 3303 3.3206 3.57133 TRACK
[PUSH_CTRL] 3304 3.31709 3.57133 TRACK
[PUSH_CTRL] 3305 3.31402 3.57133 TRACK
[PUSH_CTRL] 3306 3.31115 3.57133 TRACK
[PUSH_CTRL] 3307 3.30844 3.57133 TRACK
[PUSH_CTRL] 3308 3.30585 3.57133 TRACK
[PUSH_CTRL] 3309 3.3035 3.57133 TRACK
[PUSH_CTRL] 3310 3.31817 3.57133 TRACK
[PUSH_CTRL] 3311 3.31494 3.57133 TRACK
[PUSH_CTRL] 3312 3.31178 3.57133 TRACK
[PUSH_CTRL] 3313 3.30894 3.57133 TRACK
[PUSH_CTRL] 3314 3.30655 3.57133 TRACK
[PUSH_CTRL] 3315 3.30462 3.57133 TRACK
[PUSH_CTRL] 3316 3.30276 3.57133 TRACK
[PUSH_CTRL] 3317 3.30108 3.57133 TRACK
[PUSH_CTRL] 3318 3.3175 3.57133 TRACK
[PUSH_CTRL] 3319 3.31658 3.57133 TRACK
[PUSH_CTRL] 3320 3.31521 3.57133 TRACK
[PUSH_CTRL] 3321 3.31394 3.57133 TRACK
[PUSH_CTRL] 3322 3.31281 3.57133 TRACK
[PUSH_CTRL] 3323 3.31159 3.57133 TRACK
[PUSH_CTRL] 3324 3.31032 3.57133 TRACK
[PUSH_CTRL] 3325 3.30886 3.57133 TRACK
[PUSH_CTRL] 3326 3.32449 3.57133 TRACK
[PUSH_CTRL] 3327 3.32305 3.57133 TRACK
[PUSH_CTRL] 3328 3.32158 3.57133 TRACK
[PUSH_CTRL] 3329 3.31982 3.57133 TRACK
[PUSH_CTRL] 3330 3.31811 3.57133 TRACK
[PUSH_CTRL] 3331 3.31648 3.57133 TRACK
[PUSH_CTRL] 3332 3.3148 3.57133 TRACK
[PUSH_CTRL] 3333 3.31321 3.57133 TRACK
[PUSH_CTRL] 3334 3.31201 3.57133 TRACK
[PUSH_CTRL] 3335 3.32841 3.57133 TRACK
[PUSH_CTRL] 3336 3.32766 3.57133 TRACK
[PUSH_CTRL] 3337 3.32671 3.57133 TRACK
[PUSH_CTRL] 3338 3.32565 3.57133 TRACK
[PUSH_CTRL] 3339 3.32431 3.57133 TRACK
[PUSH_CTRL] 3340 3.32219 3.57133 TRACK
[PUSH_CTRL] 3341 3.31914 3.57133 TRACK
[PUSH_CTRL] 3342 3.3152 3.57133 TRACK
[PUSH_CTRL] 3343 3.32784 3.57133 TRACK
[PUSH_CTRL] 3344 3.32364 3.57133 TRACK
[PUSH_CTRL] 3345 3.31968 3.57133 TRACK
[PUSH_CTRL] 3346 3.31637 3.57133 TRACK
[PUSH_CTRL] 3347 3.31348 3.57133 TRACK
[PUSH_CTRL] 3348 3.31111 3.57133 TRACK
[PUSH_CTRL] 3349 3.30909 3.57133 TRACK
[PUSH_CTRL] 3350 3.30729 3.57133 TRACK
[PUSH_CTRL] 3351 3.3226 3.57133 TRACK
[PUSH_CTRL] 3352 3.32072 3.57133 TRACK
[PUSH_CTRL] 3353 3.31881 3.57133 TRACK
[PUSH_CTRL] 3354 3.31702 3.57133 TRACK
[PUSH_CTRL] 3355 3.31576 3.57133 TRACK
[PUSH_CTRL] 3356 3.3148 3.57133 TRACK
[PUSH_CTRL] 3357 3.31392 3.57133 TRACK
[PUSH_CTRL] 3358 3.31319 3.57133 TRACK
[PUSH_CTRL] 3359 3.32936 3.57133 TRACK
[PUSH_CTRL] 3360 3.32877 3.57133 TRACK
[PUSH_CTRL] 3361 3.32798 3.57133 TRACK
[PUSH_CTRL] 3362 3.32673 3.57133 TRACK
[PUSH_CTRL] 3363 3.32516 3.57133 TRACK
[PUSH_CTRL] 3364 3.32369 3.57133 TRACK
[PUSH_CTRL] 3365 3.32205 3.57133 TRACK
[PUSH_CTRL] 3366 3.32074 3.57133 TRACK
[PUSH_CTRL] 3367 3.33614 3.57133 TRACK
[PUSH_CTRL] 3368 3.33458 3.57133 TRACK
[PUSH_CTRL] 3369 3.33373 3.57133 TRACK
[PUSH_CTRL] 3370 3.33261 3.57133 TRACK
[PUSH_CTRL] 3371 3.33137 3.57133 TRACK
[PUSH_CTRL] 3372 3.33027 3.57133 TRACK
[PUSH_CTRL] 3373 3.32937 3.57133 TRACK
[PUSH_CTRL] 3374 3.32865 3.57133 TRACK
[PUSH_CTRL] 3375 3.34446 3.57133 TRACK
[PUSH_CTRL] 3376 3.34341 3.57133 TRACK
[PUSH_CTRL] 3377 3.34215 3.57133 TRACK
[PUSH_CTRL] 3378 3.34095 3.57133 TRACK
[PUSH_CTRL] 3379 3.33968 3.57133 TRACK
[PUSH_CTRL] 3380 3.33797 3.57133 TRACK
[PUSH_CTRL] 3381 3.33642 3.57133 TRACK
[PUSH_CTRL] 3382 3.33498 3.57133 TRACK
[PUSH_CTRL] 3383 3.35049 3.57133 TRACK
[PUSH_CTRL] 3384 3.34954 3.57133 TRACK
[PUSH_CTRL] 3385 3.34853 3.57133 TRACK
[PUSH_CTRL] 3386 3.34754 3.57133 TRACK
[PUSH_CTRL] 3387 3.34651 3.57133 TRACK
[PUSH_CTRL] 3388 3.34548 3.57133 TRACK
[PUSH_CTRL] 3389 3.34518 3.57133 TRACK
[PUSH_CTRL] 3390 3.34521 3.57133 TRACK
[PUSH_CTRL] 3391 3.36098 3.57133 TRACK
[PUSH_CTRL] 3392 3.36041 3.57133 TRACK
[PUSH_CTRL] 3393 3.3584 3.57133 TRACK
[PUSH_CTRL] 3394 3.35409 3.57133 TRACK
[PUSH_CTRL] 3395 3.34924 3.57133 TRACK
[PUSH_CTRL] 3396 3.34453 3.57133 TRACK
[PUSH_CTRL] 3397 3.34027 3.57133 TRACK
[PUSH_CTRL] 3398 3.3364 3.57133 TRACK
[PUSH_CTRL] 3399 3.33416 3.57133 TRACK
[PUSH_CTRL] 3400 3.34831 3.57133 TRACK
[PUSH_CTRL] 3401 3.34634 3.57133 TRACK
[PUSH_CTRL] 3402 3.34439 3.57133 TRACK
[PUSH_CTRL] 3403 3.34265 3.57133 TRACK
[PUSH_CTRL] 3404 3.3415 3.57133 TRACK
[PUSH_CTRL] 3405 3.34034 3.57133 TRACK
[PUSH_CTRL] 3406 3.33987 3.57133 TRACK
[PUSH_CTRL] 3407 3.33946 3.57133 TRACK
[PUSH_CTRL] 3408 3.35448 3.57133 TRACK
[PUSH_CTRL] 3409 3.35313 3.57133 TRACK
[PUSH_CTRL] 3410 3.35138 3.57133 TRACK
[PUSH_CTRL] 3411 3.34867 3.57133 TRACK
[PUSH_CTRL] 3412 3.34563 3.57133 TRACK
[PUSH_CTRL] 3413 3.34277 3.57133 TRACK
[PUSH_CTRL] 3414 3.34031 3.57133 TRACK
[PUSH_CTRL] 3415 3.33831 3.57133 TRACK
[PUSH_CTRL] 3416 3.35273 3.57133 TRACK
[PUSH_CTRL] 3417 3.35094 3.57133 TRACK
[PUSH_CTRL] 3418 3.3493 3.57133 TRACK
[PUSH_CTRL] 3419 3.34794 3.57133 TRACK
[PUSH_CTRL] 3420 3.34664 3.57133 TRACK
[PUSH_CTRL] 3421 3.34538 3.57133 TRACK
[PUSH_CTRL] 3422 3.34418 3.57133 TRACK
[PUSH_CTRL] 3423 3.35868 3.57133 TRACK
[PUSH_CTRL] 3424 3.35809 3.57133 TRACK
[PUSH_CTRL] 3425 3.35835 3.57133 TRACK
[PUSH_CTRL] 3426 3.36019 3.57133 TRACK
[PUSH_CTRL] 3427 3.36229 3.57133 TRACK
[PUSH_CTRL] 3428 3.36468 3.57133 TRACK
[PUSH_CTRL] 3429 3.36651 3.57133 TRACK
[PUSH_CTRL] 3430 3.36756 3.57133 TRACK
[PUSH_CTRL] 3431 3.3828 3.57133 TRACK
[PUSH_CTRL] 3432 3.38261 3.57133 TRACK
[PUSH_CTRL] 3433 3.38095 3.57133 TRACK
[PUSH_CTRL] 3434 3.37875 3.57133 TRACK
[PUSH_CTRL] 3435 3.37652 3.57133 TRACK
[PUSH_CTRL] 3436 3.37404 3.57133 TRACK
[PUSH_CTRL] 3437 3.3717 3.57133 TRACK
[PUSH_CTRL] 3438 3.36867 3.57133 TRACK
[PUSH_CTRL] 3439 3.36479 3.57133 TRACK
[PUSH_CTRL] 3440 3.37664 3.57133 TRACK
[PUSH_CTRL] 3441 3.37378 3.57133 TRACK
[PUSH_CTRL] 3442 3.37113 3.57133 TRACK
[PUSH_CTRL] 3443 3.36959 3.57133 TRACK
[PUSH_CTRL] 3444 3.369 3.57133 TRACK
[PUSH_CTRL] 3445 3.36808 3.57133 TRACK
[PUSH_CTRL] 3446 3.36706 3.57133 TRACK
[PUSH_CTRL] 3447 3.36598 3.57133 TRACK
[PUSH_CTRL] 3448 3.37967 3.57133 TRACK
[PUSH_CTRL] 3449 3.37848 3.57133 TRACK
[PUSH_CTRL] 3450 3.37839 3.57133 TRACK
[PUSH_CTRL] 3451 3.38092 3.57133 TRACK
[PUSH_CTRL] 3452 3.38326 3.57133 TRACK
[PUSH_CTRL] 3453 3.38514 3.57133 TRACK
[PUSH_CTRL] 3454 3.38744 3.57133 TRACK
[PUSH_CTRL] 3455 3.38911 3.57133 TRACK
[PUSH_CTRL] 3456 3.40421 3.57133 TRACK
[PUSH_CTRL] 3457 3.40471 3.57133 TRACK
[PUSH_CTRL] 3458 3.40419 3.57133 TRACK
[PUSH_CTRL] 3459 3.40316 3.57133 TRACK
[PUSH_CTRL] 3460 3.40189 3.57133 TRACK
[PUSH_CTRL] 3461 3.39957 3.57133 TRACK
[PUSH_CTRL] 3462 3.39631 3.57133 TRACK
[PUSH_CTRL] 3463 3.39189 3.57133 TRACK
[PUSH_CTRL] 3464 3.40119 3.57133 TRACK
[PUSH_CTRL] 3465 3.39628 3.57133 TRACK
[PUSH_CTRL] 3466 3.39155 3.57133 TRACK
[PUSH_CTRL] 3467 3.38771 3.57133 TRACK
[PUSH_CTRL] 3468 3.38401 3.57133 TRACK
[PUSH_CTRL] 3469 3.38051 3.57133 TRACK
