build_id,tier,axis,item,marker_hint,centre_x_cm,centre_y_cm,long_axis_bearing_deg,long_cm,short_cm,height_cm,n_bricks,robot_start_x_cm,robot_start_y_cm,robot_start_bearing_deg,goal_x_cm,goal_y_cm,solve_rate,tried,push_kind,valid_1push,valid_first_push,n_contacts_reachable,n_contacts_cutoff,n_contacts_collision,angle_convention,tag_convention
easy_000,easy,1push,brick,wall_10,39.0,42.5,6.5,19.5,5.5,10.0,1,26.7,13.7,0.0,38.3,63.9,0.4696,115,one_push,54,46,25,15,20,"long_axis_bearing_deg = bearing of the item's LONG side in world, counter-clockwise from +X, in [0,180). Place by this, not by yaw. yaw_deg is the MuJoCo local-frame rotation and its meaning differs between bricks (long side on local X) and blocks (long side on local Y).","every bar uses the wall_10/wall_11 ArUco mounting; wall_9 is excluded (tag rotated 90 deg, 19.0 cm not 19.5)"
easy_000,easy,1push,block,obj_1,15.8,38.1,16.6,15.0,7.0,4.0,1,26.7,13.7,0.0,38.3,63.9,0.4696,115,one_push,54,46,25,15,20,"long_axis_bearing_deg = bearing of the item's LONG side in world, counter-clockwise from +X, in [0,180). Place by this, not by yaw. yaw_deg is the MuJoCo local-frame rotation and its meaning differs between bricks (long side on local X) and blocks (long side on local Y).","every bar uses the wall_10/wall_11 ArUco mounting; wall_9 is excluded (tag rotated 90 deg, 19.0 cm not 19.5)"
easy_001,easy,1push,brick,wall_10,38.9,38.6,10.9,19.5,5.5,10.0,1,13.8,16.9,0.0,9.7,53.0,0.6154,130,one_push,80,15,25,24,11,"long_axis_bearing_deg = bearing of the item's LONG side in world, counter-clockwise from +X, in [0,180). Place by this, not by yaw. yaw_deg is the MuJoCo local-frame rotation and its meaning differs between bricks (long side on local X) and blocks (long side on local Y).","every bar uses the wall_10/wall_11 ArUco mounting; wall_9 is excluded (tag rotated 90 deg, 19.0 cm not 19.5)"
easy_001,easy,1push,block,obj_4,14.4,40.2,17.5,12.0,7.5,5.0,1,13.8,16.9,0.0,9.7,53.0,0.6154,130,one_push,80,15,25,24,11,"long_axis_bearing_deg = bearing of the item's LONG side in world, counter-clockwise from +X, in [0,180). Place by this, not by yaw. yaw_deg is the MuJoCo local-frame rotation and its meaning differs between bricks (long side on local X) and blocks (long side on local Y).","every bar uses the wall_10/wall_11 ArUco mounting; wall_9 is excluded (tag rotated 90 deg, 19.0 cm not 19.5)"
easy_002,easy,1push,brick,wall_10,28.3,35.8,147.5,19.5,5.5,10.0,2,13.8,17.6,0.0,7.9,70.5,0.304,125,one_push,38,69,24,17,19,"long_axis_bearing_deg = bearing of the item's LONG side in world, counter-clockwise from +X, in [0,180). Place by this, not by yaw. yaw_deg is the MuJoCo local-frame rotation and its meaning differs between bricks (long side on local X) and blocks (long side on local Y).","every bar uses the wall_10/wall_11 ArUco mounting; wall_9 is excluded (tag rotated 90 deg, 19.0 cm not 19.5)"
easy_002,easy,1push,brick,wall_11,34.2,48.6,142.5,19.5,5.5,10.0,2,13.8,17.6,0.0,7.9,70.5,0.304,125,one_push,38,69,24,17,19,"long_axis_bearing_deg = bearing of the item's LONG side in world, counter-clockwise from +X, in [0,180). Place by this, not by yaw. yaw_deg is the MuJoCo local-frame rotation and its meaning differs between bricks (long side on local X) and blocks (long side on local Y).","every bar uses the wall_10/wall_11 ArUco mounting; wall_9 is excluded (tag rotated 90 deg, 19.0 cm not 19.5)"
easy_002,easy,1push,block,obj_1,12.1,39.1,100.8,15.0,7.0,4.0,2,13.8,17.6,0.0,7.9,70.5,0.304,125,one_push,38,69,24,17,19,"long_axis_bearing_deg = bearing of the item's LONG side in world, counter-clockwise from +X, in [0,180). Place by this, not by yaw. yaw_deg is the MuJoCo local-frame rotation and its meaning differs between bricks (long side on local X) and blocks (long side on local Y).","every bar uses the wall_10/wall_11 ArUco mounting; wall_9 is excluded (tag rotated 90 deg, 19.0 cm not 19.5)"
easy_003,easy,1push,brick,wall_10,38.9,35.0,8.8,19.5,5.5,10.0,2,20.3,21.3,0.0,41.4,70.2,0.3,80,one_push,24,35,16,13,31,"long_axis_bearing_deg = bearing of the item's LONG side in world, counter-clockwise from +X, in [0,180). Place by this, not by yaw. yaw_deg is the MuJoCo local-frame rotation and its meaning differs between bricks (long side on local X) and blocks (long side on local Y).","every bar uses the wall_10/wall_11 ArUco mounting; wall_9 is excluded (tag rotated 90 deg, 19.0 cm not 19.5)"
easy_003,easy,1push,brick,wall_11,13.6,47.8,73.6,19.5,5.5,10.0,2,20.3,21.3,0.0,41.4,70.2,0.3,80,one_push,24,35,16,13,31,"long_axis_bearing_deg = bearing of the item's LONG side in world, counter-clockwise from +X, in [0,180). Place by this, not by yaw. yaw_deg is the MuJoCo local-frame rotation and its meaning differs between bricks (long side on local X) and blocks (long side on local Y).","every bar uses the wall_10/wall_11 ArUco mounting; wall_9 is excluded (tag rotated 90 deg, 19.0 cm not 19.5)"
easy_003,easy,1push,block,obj_4,20.5,38.9,83.2,12.0,7.5,5.0,2,20.3,21.3,0.0,41.4,70.2,0.3,80,one_push,24,35,16,13,31,"long_axis_bearing_deg = bearing of the item's LONG side in world, counter-clockwise from +X, in [0,180). Place by this, not by yaw. yaw_deg is the MuJoCo local-frame rotation and its meaning differs between bricks (long side on local X) and blocks (long side on local Y).","every bar uses the wall_10/wall_11 ArUco mounting; wall_9 is excluded (tag rotated 90 deg, 19.0 cm not 19.5)"
easy_004,easy,1push,brick,wall_10,10.1,39.5,170.3,19.5,5.5,10.0,3,29.5,8.2,0.0,13.0,55.5,0.3,50,one_push,15,35,10,11,39,"long_axis_bearing_deg = bearing of the item's LONG side in world, counter-clockwise from +X, in [0,180). Place by this, not by yaw. yaw_deg is the MuJoCo local-frame rotation and its meaning differs between bricks (long side on local X) and blocks (long side on local Y).","every bar uses the wall_10/wall_11 ArUco mounting; wall_9 is excluded (tag rotated 90 deg, 19.0 cm not 19.5)"
easy_004,easy,1push,brick,wall_11,36.1,52.0,98.4,19.5,5.5,10.0,3,29.5,8.2,0.0,13.0,55.5,0.3,50,one_push,15,35,10,11,39,"long_axis_bearing_deg = bearing of the item's LONG side in world, counter-clockwise from +X, in [0,180). Place by this, not by yaw. yaw_deg is the MuJoCo local-frame rotation and its meaning differs between bricks (long side on local X) and blocks (long side on local Y).","every bar uses the wall_10/wall_11 ArUco mounting; wall_9 is excluded (tag rotated 90 deg, 19.0 cm not 19.5)"
easy_004,easy,1push,brick,wall_12,36.1,30.4,77.9,19.5,5.5,10.0,3,29.5,8.2,0.0,13.0,55.5,0.3,50,one_push,15,35,10,11,39,"long_axis_bearing_deg = bearing of the item's LONG side in world, counter-clockwise from +X, in [0,180). Place by this, not by yaw. yaw_deg is the MuJoCo local-frame rotation and its meaning differs between bricks (long side on local X) and blocks (long side on local Y).","every bar uses the wall_10/wall_11 ArUco mounting; wall_9 is excluded (tag rotated 90 deg, 19.0 cm not 19.5)"
easy_004,easy,1push,block,obj_1,27.7,37.6,87.0,15.0,7.0,4.0,3,29.5,8.2,0.0,13.0,55.5,0.3,50,one_push,15,35,10,11,39,"long_axis_bearing_deg = bearing of the item's LONG side in world, counter-clockwise from +X, in [0,180). Place by this, not by yaw. yaw_deg is the MuJoCo local-frame rotation and its meaning differs between bricks (long side on local X) and blocks (long side on local Y).","every bar uses the wall_10/wall_11 ArUco mounting; wall_9 is excluded (tag rotated 90 deg, 19.0 cm not 19.5)"
easy_005,easy,1push,brick,wall_10,38.9,44.5,10.5,19.5,5.5,10.0,3,29.5,31.4,0.0,20.4,69.6,0.3,50,one_push,15,14,10,18,32,"long_axis_bearing_deg = bearing of the item's LONG side in world, counter-clockwise from +X, in [0,180). Place by this, not by yaw. yaw_deg is the MuJoCo local-frame rotation and its meaning differs between bricks (long side on local X) and blocks (long side on local Y).","every bar uses the wall_10/wall_11 ArUco mounting; wall_9 is excluded (tag rotated 90 deg, 19.0 cm not 19.5)"
easy_005,easy,1push,brick,wall_11,12.9,53.8,99.2,19.5,5.5,10.0,3,29.5,31.4,0.0,20.4,69.6,0.3,50,one_push,15,14,10,18,32,"long_axis_bearing_deg = bearing of the item's LONG side in world, counter-clockwise from +X, in [0,180). Place by this, not by yaw. yaw_deg is the MuJoCo local-frame rotation and its meaning differs between bricks (long side on local X) and blocks (long side on local Y).","every bar uses the wall_10/wall_11 ArUco mounting; wall_9 is excluded (tag rotated 90 deg, 19.0 cm not 19.5)"
easy_005,easy,1push,brick,wall_12,12.9,31.8,90.4,19.5,5.5,10.0,3,29.5,31.4,0.0,20.4,69.6,0.3,50,one_push,15,14,10,18,32,"long_axis_bearing_deg = bearing of the item's LONG side in world, counter-clockwise from +X, in [0,180). Place by this, not by yaw. yaw_deg is the MuJoCo local-frame rotation and its meaning differs between bricks (long side on local X) and blocks (long side on local Y).","every bar uses the wall_10/wall_11 ArUco mounting; wall_9 is excluded (tag rotated 90 deg, 19.0 cm not 19.5)"
easy_005,easy,1push,block,obj_4,22.5,48.8,102.5,12.0,7.5,5.0,3,29.5,31.4,0.0,20.4,69.6,0.3,50,one_push,15,14,10,18,32,"long_axis_bearing_deg = bearing of the item's LONG side in world, counter-clockwise from +X, in [0,180). Place by this, not by yaw. yaw_deg is the MuJoCo local-frame rotation and its meaning differs between bricks (long side on local X) and blocks (long side on local Y).","every bar uses the wall_10/wall_11 ArUco mounting; wall_9 is excluded (tag rotated 90 deg, 19.0 cm not 19.5)"
easy_006,easy,1push,brick,wall_10,10.1,40.6,8.8,19.5,5.5,10.0,1,33.9,16.3,0.0,30.5,60.4,0.4706,85,one_push,40,45,18,15,27,"long_axis_bearing_deg = bearing of the item's LONG side in world, counter-clockwise from +X, in [0,180). Place by this, not by yaw. yaw_deg is the MuJoCo local-frame rotation and its meaning differs between bricks (long side on local X) and blocks (long side on local Y).","every bar uses the wall_10/wall_11 ArUco mounting; wall_9 is excluded (tag rotated 90 deg, 19.0 cm not 19.5)"
easy_006,easy,1push,block,obj_1,33.4,39.8,172.7,15.0,7.0,4.0,1,33.9,16.3,0.0,30.5,60.4,0.4706,85,one_push,40,45,18,15,27,"long_axis_bearing_deg = bearing of the item's LONG side in world, counter-clockwise from +X, in [0,180). Place by this, not by yaw. yaw_deg is the MuJoCo local-frame rotation and its meaning differs between bricks (long side on local X) and blocks (long side on local Y).","every bar uses the wall_10/wall_11 ArUco mounting; wall_9 is excluded (tag rotated 90 deg, 19.0 cm not 19.5)"
easy_007,easy,1push,brick,wall_10,38.9,37.0,168.0,19.5,5.5,10.0,1,26.8,8.4,0.0,11.5,67.5,0.6889,135,one_push,93,17,24,24,12,"long_axis_bearing_deg = bearing of the item's LONG side in world, counter-clockwise from +X, in [0,180). Place by this, not by yaw. yaw_deg is the MuJoCo local-frame rotation and its meaning differs between bricks (long side on local X) and blocks (long side on local Y).","every bar uses the wall_10/wall_11 ArUco mounting; wall_9 is excluded (tag rotated 90 deg, 19.0 cm not 19.5)"
easy_007,easy,1push,block,obj_4,14.5,35.5,11.5,12.0,7.5,5.0,1,26.8,8.4,0.0,11.5,67.5,0.6889,135,one_push,93,17,24,24,12,"long_axis_bearing_deg = bearing of the item's LONG side in world, counter-clockwise from +X, in [0,180). Place by this, not by yaw. yaw_deg is the MuJoCo local-frame rotation and its meaning differs between bricks (long side on local X) and blocks (long side on local Y).","every bar uses the wall_10/wall_11 ArUco mounting; wall_9 is excluded (tag rotated 90 deg, 19.0 cm not 19.5)"
easy_008,easy,1push,brick,wall_10,39.1,37.9,2.9,19.5,5.5,10.0,2,6.4,7.4,0.0,9.9,68.6,0.3067,75,one_push,23,46,15,13,32,"long_axis_bearing_deg = bearing of the item's LONG side in world, counter-clockwise from +X, in [0,180). Place by this, not by yaw. yaw_deg is the MuJoCo local-frame rotation and its meaning differs between bricks (long side on local X) and blocks (long side on local Y).","every bar uses the wall_10/wall_11 ArUco mounting; wall_9 is excluded (tag rotated 90 deg, 19.0 cm not 19.5)"
easy_008,easy,1push,brick,wall_11,14.0,47.3,72.1,19.5,5.5,10.0,2,6.4,7.4,0.0,9.9,68.6,0.3067,75,one_push,23,46,15,13,32,"long_axis_bearing_deg = bearing of the item's LONG side in world, counter-clockwise from +X, in [0,180). Place by this, not by yaw. yaw_deg is the MuJoCo local-frame rotation and its meaning differs between bricks (long side on local X) and blocks (long side on local Y).","every bar uses the wall_10/wall_11 ArUco mounting; wall_9 is excluded (tag rotated 90 deg, 19.0 cm not 19.5)"
easy_008,easy,1push,block,obj_1,22.3,40.1,80.8,15.0,7.0,4.0,2,6.4,7.4,0.0,9.9,68.6,0.3067,75,one_push,23,46,15,13,32,"long_axis_bearing_deg = bearing of the item's LONG side in world, counter-clockwise from +X, in [0,180). Place by this, not by yaw. yaw_deg is the MuJoCo local-frame rotation and its meaning differs between bricks (long side on local X) and blocks (long side on local Y).","every bar uses the wall_10/wall_11 ArUco mounting; wall_9 is excluded (tag rotated 90 deg, 19.0 cm not 19.5)"
easy_009,easy,1push,brick,wall_10,10.0,43.6,175.0,19.5,5.5,10.0,2,26.2,18.8,0.0,6.8,67.1,0.3,60,one_push,18,30,12,16,32,"long_axis_bearing_deg = bearing of the item's LONG side in world, counter-clockwise from +X, in [0,180). Place by this, not by yaw. yaw_deg is the MuJoCo local-frame rotation and its meaning differs between bricks (long side on local X) and blocks (long side on local Y).","every bar uses the wall_10/wall_11 ArUco mounting; wall_9 is excluded (tag rotated 90 deg, 19.0 cm not 19.5)"
easy_009,easy,1push,brick,wall_11,35.4,52.6,104.8,19.5,5.5,10.0,2,26.2,18.8,0.0,6.8,67.1,0.3,60,one_push,18,30,12,16,32,"long_axis_bearing_deg = bearing of the item's LONG side in world, counter-clockwise from +X, in [0,180). Place by this, not by yaw. yaw_deg is the MuJoCo local-frame rotation and its meaning differs between bricks (long side on local X) and blocks (long side on local Y).","every bar uses the wall_10/wall_11 ArUco mounting; wall_9 is excluded (tag rotated 90 deg, 19.0 cm not 19.5)"
easy_009,easy,1push,block,obj_4,25.0,48.3,116.1,12.0,7.5,5.0,2,26.2,18.8,0.0,6.8,67.1,0.3,60,one_push,18,30,12,16,32,"long_axis_bearing_deg = bearing of the item's LONG side in world, counter-clockwise from +X, in [0,180). Place by this, not by yaw. yaw_deg is the MuJoCo local-frame rotation and its meaning differs between bricks (long side on local X) and blocks (long side on local Y).","every bar uses the wall_10/wall_11 ArUco mounting; wall_9 is excluded (tag rotated 90 deg, 19.0 cm not 19.5)"
easy_010,easy,1push,brick,wall_10,10.0,40.4,6.6,19.5,5.5,10.0,3,14.8,25.8,0.0,18.2,57.6,0.3,30,one_push,9,21,6,11,43,"long_axis_bearing_deg = bearing of the item's LONG side in world, counter-clockwise from +X, in [0,180). Place by this, not by yaw. yaw_deg is the MuJoCo local-frame rotation and its meaning differs between bricks (long side on local X) and blocks (long side on local Y).","every bar uses the wall_10/wall_11 ArUco mounting; wall_9 is excluded (tag rotated 90 deg, 19.0 cm not 19.5)"
easy_010,easy,1push,brick,wall_11,35.1,53.0,97.1,19.5,5.5,10.0,3,14.8,25.8,0.0,18.2,57.6,0.3,30,one_push,9,21,6,11,43,"long_axis_bearing_deg = bearing of the item's LONG side in world, counter-clockwise from +X, in [0,180). Place by this, not by yaw. yaw_deg is the MuJoCo local-frame rotation and its meaning differs between bricks (long side on local X) and blocks (long side on local Y).","every bar uses the wall_10/wall_11 ArUco mounting; wall_9 is excluded (tag rotated 90 deg, 19.0 cm not 19.5)"
easy_010,easy,1push,brick,wall_12,35.1,31.9,75.2,19.5,5.5,10.0,3,14.8,25.8,0.0,18.2,57.6,0.3,30,one_push,9,21,6,11,43,"long_axis_bearing_deg = bearing of the item's LONG side in world, counter-clockwise from +X, in [0,180). Place by this, not by yaw. yaw_deg is the MuJoCo local-frame rotation and its meaning differs between bricks (long side on local X) and blocks (long side on local Y).","every bar uses the wall_10/wall_11 ArUco mounting; wall_9 is excluded (tag rotated 90 deg, 19.0 cm not 19.5)"
easy_010,easy,1push,block,obj_1,28.0,43.2,94.0,15.0,7.0,4.0,3,14.8,25.8,0.0,18.2,57.6,0.3,30,one_push,9,21,6,11,43,"long_axis_bearing_deg = bearing of the item's LONG side in world, counter-clockwise from +X, in [0,180). Place by this, not by yaw. yaw_deg is the MuJoCo local-frame rotation and its meaning differs between bricks (long side on local X) and blocks (long side on local Y).","every bar uses the wall_10/wall_11 ArUco mounting; wall_9 is excluded (tag rotated 90 deg, 19.0 cm not 19.5)"
easy_011,easy,1push,brick,wall_10,10.0,35.3,5.8,19.5,5.5,10.0,3,12.8,13.1,0.0,33.2,65.0,0.3067,75,one_push,23,22,15,18,27,"long_axis_bearing_deg = bearing of the item's LONG side in world, counter-clockwise from +X, in [0,180). Place by this, not by yaw. yaw_deg is the MuJoCo local-frame rotation and its meaning differs between bricks (long side on local X) and blocks (long side on local Y).","every bar uses the wall_10/wall_11 ArUco mounting; wall_9 is excluded (tag rotated 90 deg, 19.0 cm not 19.5)"
easy_011,easy,1push,brick,wall_11,35.0,47.2,89.6,19.5,5.5,10.0,3,12.8,13.1,0.0,33.2,65.0,0.3067,75,one_push,23,22,15,18,27,"long_axis_bearing_deg = bearing of the item's LONG side in world, counter-clockwise from +X, in [0,180). Place by this, not by yaw. yaw_deg is the MuJoCo local-frame rotation and its meaning differs between bricks (long side on local X) and blocks (long side on local Y).","every bar uses the wall_10/wall_11 ArUco mounting; wall_9 is excluded (tag rotated 90 deg, 19.0 cm not 19.5)"
easy_011,easy,1push,brick,wall_12,35.0,24.1,73.8,19.5,5.5,10.0,3,12.8,13.1,0.0,33.2,65.0,0.3067,75,one_push,23,22,15,18,27,"long_axis_bearing_deg = bearing of the item's LONG side in world, counter-clockwise from +X, in [0,180). Place by this, not by yaw. yaw_deg is the MuJoCo local-frame rotation and its meaning differs between bricks (long side on local X) and blocks (long side on local Y).","every bar uses the wall_10/wall_11 ArUco mounting; wall_9 is excluded (tag rotated 90 deg, 19.0 cm not 19.5)"
easy_011,easy,1push,block,obj_4,24.8,39.2,91.7,12.0,7.5,5.0,3,12.8,13.1,0.0,33.2,65.0,0.3067,75,one_push,23,22,15,18,27,"long_axis_bearing_deg = bearing of the item's LONG side in world, counter-clockwise from +X, in [0,180). Place by this, not by yaw. yaw_deg is the MuJoCo local-frame rotation and its meaning differs between bricks (long side on local X) and blocks (long side on local Y).","every bar uses the wall_10/wall_11 ArUco mounting; wall_9 is excluded (tag rotated 90 deg, 19.0 cm not 19.5)"
easy_012,easy,1push,brick,wall_10,38.9,34.2,169.6,19.5,5.5,10.0,1,9.3,12.6,0.0,31.1,49.7,0.4815,135,one_push,65,40,26,15,19,"long_axis_bearing_deg = bearing of the item's LONG side in world, counter-clockwise from +X, in [0,180). Place by this, not by yaw. yaw_deg is the MuJoCo local-frame rotation and its meaning differs between bricks (long side on local X) and blocks (long side on local Y).","every bar uses the wall_10/wall_11 ArUco mounting; wall_9 is excluded (tag rotated 90 deg, 19.0 cm not 19.5)"
easy_012,easy,1push,block,obj_1,15.9,30.7,18.9,15.0,7.0,4.0,1,9.3,12.6,0.0,31.1,49.7,0.4815,135,one_push,65,40,26,15,19,"long_axis_bearing_deg = bearing of the item's LONG side in world, counter-clockwise from +X, in [0,180). Place by this, not by yaw. yaw_deg is the MuJoCo local-frame rotation and its meaning differs between bricks (long side on local X) and blocks (long side on local Y).","every bar uses the wall_10/wall_11 ArUco mounting; wall_9 is excluded (tag rotated 90 deg, 19.0 cm not 19.5)"
easy_013,easy,1push,brick,wall_10,39.0,44.3,5.3,19.5,5.5,10.0,1,27.0,24.9,0.0,32.7,65.4,0.7,150,one_push,105,15,30,22,8,"long_axis_bearing_deg = bearing of the item's LONG side in world, counter-clockwise from +X, in [0,180). Place by this, not by yaw. yaw_deg is the MuJoCo local-frame rotation and its meaning differs between bricks (long side on local X) and blocks (long side on local Y).","every bar uses the wall_10/wall_11 ArUco mounting; wall_9 is excluded (tag rotated 90 deg, 19.0 cm not 19.5)"
easy_013,easy,1push,block,obj_4,15.2,44.2,21.3,12.0,7.5,5.0,1,27.0,24.9,0.0,32.7,65.4,0.7,150,one_push,105,15,30,22,8,"long_axis_bearing_deg = bearing of the item's LONG side in world, counter-clockwise from +X, in [0,180). Place by this, not by yaw. yaw_deg is the MuJoCo local-frame rotation and its meaning differs between bricks (long side on local X) and blocks (long side on local Y).","every bar uses the wall_10/wall_11 ArUco mounting; wall_9 is excluded (tag rotated 90 deg, 19.0 cm not 19.5)"
easy_014,easy,1push,brick,wall_10,14.1,34.2,25.7,19.5,5.5,10.0,2,35.4,9.2,0.0,17.7,68.2,0.3417,120,one_push,41,63,24,17,19,"long_axis_bearing_deg = bearing of the item's LONG side in world, counter-clockwise from +X, in [0,180). Place by this, not by yaw. yaw_deg is the MuJoCo local-frame rotation and its meaning differs between bricks (long side on local X) and blocks (long side on local Y).","every bar uses the wall_10/wall_11 ArUco mounting; wall_9 is excluded (tag rotated 90 deg, 19.0 cm not 19.5)"
easy_014,easy,1push,brick,wall_11,22.5,45.3,134.9,19.5,5.5,10.0,2,35.4,9.2,0.0,17.7,68.2,0.3417,120,one_push,41,63,24,17,19,"long_axis_bearing_deg = bearing of the item's LONG side in world, counter-clockwise from +X, in [0,180). Place by this, not by yaw. yaw_deg is the MuJoCo local-frame rotation and its meaning differs between bricks (long side on local X) and blocks (long side on local Y).","every bar uses the wall_10/wall_11 ArUco mounting; wall_9 is excluded (tag rotated 90 deg, 19.0 cm not 19.5)"
easy_014,easy,1push,block,obj_1,37.6,34.0,109.2,15.0,7.0,4.0,2,35.4,9.2,0.0,17.7,68.2,0.3417,120,one_push,41,63,24,17,19,"long_axis_bearing_deg = bearing of the item's LONG side in world, counter-clockwise from +X, in [0,180). Place by this, not by yaw. yaw_deg is the MuJoCo local-frame rotation and its meaning differs between bricks (long side on local X) and blocks (long side on local Y).","every bar uses the wall_10/wall_11 ArUco mounting; wall_9 is excluded (tag rotated 90 deg, 19.0 cm not 19.5)"
easy_015,easy,1push,brick,wall_10,39.0,32.9,6.6,19.5,5.5,10.0,2,22.4,7.8,0.0,42.5,68.2,0.3,60,one_push,18,30,12,16,32,"long_axis_bearing_deg = bearing of the item's LONG side in world, counter-clockwise from +X, in [0,180). Place by this, not by yaw. yaw_deg is the MuJoCo local-frame rotation and its meaning differs between bricks (long side on local X) and blocks (long side on local Y).","every bar uses the wall_10/wall_11 ArUco mounting; wall_9 is excluded (tag rotated 90 deg, 19.0 cm not 19.5)"
easy_015,easy,1push,brick,wall_11,13.8,40.8,72.8,19.5,5.5,10.0,2,22.4,7.8,0.0,42.5,68.2,0.3,60,one_push,18,30,12,16,32,"long_axis_bearing_deg = bearing of the item's LONG side in world, counter-clockwise from +X, in [0,180). Place by this, not by yaw. yaw_deg is the MuJoCo local-frame rotation and its meaning differs between bricks (long side on local X) and blocks (long side on local Y).","every bar uses the wall_10/wall_11 ArUco mounting; wall_9 is excluded (tag rotated 90 deg, 19.0 cm not 19.5)"
easy_015,easy,1push,block,obj_4,24.0,37.7,64.3,12.0,7.5,5.0,2,22.4,7.8,0.0,42.5,68.2,0.3,60,one_push,18,30,12,16,32,"long_axis_bearing_deg = bearing of the item's LONG side in world, counter-clockwise from +X, in [0,180). Place by this, not by yaw. yaw_deg is the MuJoCo local-frame rotation and its meaning differs between bricks (long side on local X) and blocks (long side on local Y).","every bar uses the wall_10/wall_11 ArUco mounting; wall_9 is excluded (tag rotated 90 deg, 19.0 cm not 19.5)"
easy_016,easy,1push,brick,wall_10,10.1,44.9,171.2,19.5,5.5,10.0,3,31.2,13.1,0.0,22.1,69.3,0.32,25,one_push,8,12,5,13,42,"long_axis_bearing_deg = bearing of the item's LONG side in world, counter-clockwise from +X, in [0,180). Place by this, not by yaw. yaw_deg is the MuJoCo local-frame rotation and its meaning differs between bricks (long side on local X) and blocks (long side on local Y).","every bar uses the wall_10/wall_11 ArUco mounting; wall_9 is excluded (tag rotated 90 deg, 19.0 cm not 19.5)"
easy_016,easy,1push,brick,wall_11,35.8,54.7,92.3,19.5,5.5,10.0,3,31.2,13.1,0.0,22.1,69.3,0.32,25,one_push,8,12,5,13,42,"long_axis_bearing_deg = bearing of the item's LONG side in world, counter-clockwise from +X, in [0,180). Place by this, not by yaw. yaw_deg is the MuJoCo local-frame rotation and its meaning differs between bricks (long side on local X) and blocks (long side on local Y).","every bar uses the wall_10/wall_11 ArUco mounting; wall_9 is excluded (tag rotated 90 deg, 19.0 cm not 19.5)"
easy_016,easy,1push,brick,wall_12,35.8,33.4,76.0,19.5,5.5,10.0,3,31.2,13.1,0.0,22.1,69.3,0.32,25,one_push,8,12,5,13,42,"long_axis_bearing_deg = bearing of the item's LONG side in world, counter-clockwise from +X, in [0,180). Place by this, not by yaw. yaw_deg is the MuJoCo local-frame rotation and its meaning differs between bricks (long side on local X) and blocks (long side on local Y).","every bar uses the wall_10/wall_11 ArUco mounting; wall_9 is excluded (tag rotated 90 deg, 19.0 cm not 19.5)"
easy_016,easy,1push,block,obj_1,29.0,46.4,96.7,15.0,7.0,4.0,3,31.2,13.1,0.0,22.1,69.3,0.32,25,one_push,8,12,5,13,42,"long_axis_bearing_deg = bearing of the item's LONG side in world, counter-clockwise from +X, in [0,180). Place by this, not by yaw. yaw_deg is the MuJoCo local-frame rotation and its meaning differs between bricks (long side on local X) and blocks (long side on local Y).","every bar uses the wall_10/wall_11 ArUco mounting; wall_9 is excluded (tag rotated 90 deg, 19.0 cm not 19.5)"
easy_017,easy,1push,brick,wall_10,9.8,44.3,178.1,19.5,5.5,10.0,3,15.1,24.7,0.0,16.5,67.2,0.32,25,one_push,8,13,5,12,43,"long_axis_bearing_deg = bearing of the item's LONG side in world, counter-clockwise from +X, in [0,180). Place by this, not by yaw. yaw_deg is the MuJoCo local-frame rotation and its meaning differs between bricks (long side on local X) and blocks (long side on local Y).","every bar uses the wall_10/wall_11 ArUco mounting; wall_9 is excluded (tag rotated 90 deg, 19.0 cm not 19.5)"
easy_017,easy,1push,brick,wall_11,34.6,54.1,109.2,19.5,5.5,10.0,3,15.1,24.7,0.0,16.5,67.2,0.32,25,one_push,8,13,5,12,43,"long_axis_bearing_deg = bearing of the item's LONG side in world, counter-clockwise from +X, in [0,180). Place by this, not by yaw. yaw_deg is the MuJoCo local-frame rotation and its meaning differs between bricks (long side on local X) and blocks (long side on local Y).","every bar uses the wall_10/wall_11 ArUco mounting; wall_9 is excluded (tag rotated 90 deg, 19.0 cm not 19.5)"
easy_017,easy,1push,brick,wall_12,34.6,33.1,87.2,19.5,5.5,10.0,3,15.1,24.7,0.0,16.5,67.2,0.32,25,one_push,8,13,5,12,43,"long_axis_bearing_deg = bearing of the item's LONG side in world, counter-clockwise from +X, in [0,180). Place by this, not by yaw. yaw_deg is the MuJoCo local-frame rotation and its meaning differs between bricks (long side on local X) and blocks (long side on local Y).","every bar uses the wall_10/wall_11 ArUco mounting; wall_9 is excluded (tag rotated 90 deg, 19.0 cm not 19.5)"
easy_017,easy,1push,block,obj_4,26.7,48.7,104.9,12.0,7.5,5.0,3,15.1,24.7,0.0,16.5,67.2,0.32,25,one_push,8,13,5,12,43,"long_axis_bearing_deg = bearing of the item's LONG side in world, counter-clockwise from +X, in [0,180). Place by this, not by yaw. yaw_deg is the MuJoCo local-frame rotation and its meaning differs between bricks (long side on local X) and blocks (long side on local Y).","every bar uses the wall_10/wall_11 ArUco mounting; wall_9 is excluded (tag rotated 90 deg, 19.0 cm not 19.5)"
easy_018,easy,1push,brick,wall_10,39.0,40.2,172.3,19.5,5.5,10.0,1,36.8,26.5,0.0,6.4,66.4,0.5,110,one_push,55,55,22,15,23,"long_axis_bearing_deg = bearing of the item's LONG side in world, counter-clockwise from +X, in [0,180). Place by this, not by yaw. yaw_deg is the MuJoCo local-frame rotation and its meaning differs between bricks (long side on local X) and blocks (long side on local Y).","every bar uses the wall_10/wall_11 ArUco mounting; wall_9 is excluded (tag rotated 90 deg, 19.0 cm not 19.5)"
easy_018,easy,1push,block,obj_1,14.9,35.4,179.1,15.0,7.0,4.0,1,36.8,26.5,0.0,6.4,66.4,0.5,110,one_push,55,55,22,15,23,"long_axis_bearing_deg = bearing of the item's LONG side in world, counter-clockwise from +X, in [0,180). Place by this, not by yaw. yaw_deg is the MuJoCo local-frame rotation and its meaning differs between bricks (long side on local X) and blocks (long side on local Y).","every bar uses the wall_10/wall_11 ArUco mounting; wall_9 is excluded (tag rotated 90 deg, 19.0 cm not 19.5)"
easy_019,easy,1push,brick,wall_10,38.9,43.8,10.4,19.5,5.5,10.0,1,34.5,32.2,0.0,39.7,60.7,0.7037,135,one_push,95,15,28,26,6,"long_axis_bearing_deg = bearing of the item's LONG side in world, counter-clockwise from +X, in [0,180). Place by this, not by yaw. yaw_deg is the MuJoCo local-frame rotation and its meaning differs between bricks (long side on local X) and blocks (long side on local Y).","every bar uses the wall_10/wall_11 ArUco mounting; wall_9 is excluded (tag rotated 90 deg, 19.0 cm not 19.5)"
easy_019,easy,1push,block,obj_4,14.7,45.3,23.6,12.0,7.5,5.0,1,34.5,32.2,0.0,39.7,60.7,0.7037,135,one_push,95,15,28,26,6,"long_axis_bearing_deg = bearing of the item's LONG side in world, counter-clockwise from +X, in [0,180). Place by this, not by yaw. yaw_deg is the MuJoCo local-frame rotation and its meaning differs between bricks (long side on local X) and blocks (long side on local Y).","every bar uses the wall_10/wall_11 ArUco mounting; wall_9 is excluded (tag rotated 90 deg, 19.0 cm not 19.5)"
easy_020,easy,1push,brick,wall_10,9.8,43.3,178.9,19.5,5.5,10.0,2,36.9,23.4,0.0,9.2,67.4,0.3467,75,one_push,26,43,15,15,30,"long_axis_bearing_deg = bearing of the item's LONG side in world, counter-clockwise from +X, in [0,180). Place by this, not by yaw. yaw_deg is the MuJoCo local-frame rotation and its meaning differs between bricks (long side on local X) and blocks (long side on local Y).","every bar uses the wall_10/wall_11 ArUco mounting; wall_9 is excluded (tag rotated 90 deg, 19.0 cm not 19.5)"
easy_020,easy,1push,brick,wall_11,35.6,52.6,101.5,19.5,5.5,10.0,2,36.9,23.4,0.0,9.2,67.4,0.3467,75,one_push,26,43,15,15,30,"long_axis_bearing_deg = bearing of the item's LONG side in world, counter-clockwise from +X, in [0,180). Place by this, not by yaw. yaw_deg is the MuJoCo local-frame rotation and its meaning differs between bricks (long side on local X) and blocks (long side on local Y).","every bar uses the wall_10/wall_11 ArUco mounting; wall_9 is excluded (tag rotated 90 deg, 19.0 cm not 19.5)"
easy_020,easy,1push,block,obj_1,26.2,46.1,93.4,15.0,7.0,4.0,2,36.9,23.4,0.0,9.2,67.4,0.3467,75,one_push,26,43,15,15,30,"long_axis_bearing_deg = bearing of the item's LONG side in world, counter-clockwise from +X, in [0,180). Place by this, not by yaw. yaw_deg is the MuJoCo local-frame rotation and its meaning differs between bricks (long side on local X) and blocks (long side on local Y).","every bar uses the wall_10/wall_11 ArUco mounting; wall_9 is excluded (tag rotated 90 deg, 19.0 cm not 19.5)"
easy_021,easy,1push,brick,wall_10,39.0,37.6,6.4,19.5,5.5,10.0,2,32.1,11.9,0.0,20.2,70.8,0.3059,85,one_push,26,56,17,15,28,"long_axis_bearing_deg = bearing of the item's LONG side in world, counter-clockwise from +X, in [0,180). Place by this, not by yaw. yaw_deg is the MuJoCo local-frame rotation and its meaning differs between bricks (long side on local X) and blocks (long side on local Y).","every bar uses the wall_10/wall_11 ArUco mounting; wall_9 is excluded (tag rotated 90 deg, 19.0 cm not 19.5)"
easy_021,easy,1push,brick,wall_11,13.2,50.1,71.3,19.5,5.5,10.0,2,32.1,11.9,0.0,20.2,70.8,0.3059,85,one_push,26,56,17,15,28,"long_axis_bearing_deg = bearing of the item's LONG side in world, counter-clockwise from +X, in [0,180). Place by this, not by yaw. yaw_deg is the MuJoCo local-frame rotation and its meaning differs between bricks (long side on local X) and blocks (long side on local Y).","every bar uses the wall_10/wall_11 ArUco mounting; wall_9 is excluded (tag rotated 90 deg, 19.0 cm not 19.5)"
easy_021,easy,1push,block,obj_4,22.1,38.0,77.4,12.0,7.5,5.0,2,32.1,11.9,0.0,20.2,70.8,0.3059,85,one_push,26,56,17,15,28,"long_axis_bearing_deg = bearing of the item's LONG side in world, counter-clockwise from +X, in [0,180). Place by this, not by yaw. yaw_deg is the MuJoCo local-frame rotation and its meaning differs between bricks (long side on local X) and blocks (long side on local Y).","every bar uses the wall_10/wall_11 ArUco mounting; wall_9 is excluded (tag rotated 90 deg, 19.0 cm not 19.5)"
easy_022,easy,1push,brick,wall_10,10.0,32.2,5.7,19.5,5.5,10.0,3,21.8,16.7,0.0,10.6,64.9,0.3333,45,one_push,15,30,9,11,40,"long_axis_bearing_deg = bearing of the item's LONG side in world, counter-clockwise from +X, in [0,180). Place by this, not by yaw. yaw_deg is the MuJoCo local-frame rotation and its meaning differs between bricks (long side on local X) and blocks (long side on local Y).","every bar uses the wall_10/wall_11 ArUco mounting; wall_9 is excluded (tag rotated 90 deg, 19.0 cm not 19.5)"
easy_022,easy,1push,brick,wall_11,35.4,44.2,102.5,19.5,5.5,10.0,3,21.8,16.7,0.0,10.6,64.9,0.3333,45,one_push,15,30,9,11,40,"long_axis_bearing_deg = bearing of the item's LONG side in world, counter-clockwise from +X, in [0,180). Place by this, not by yaw. yaw_deg is the MuJoCo local-frame rotation and its meaning differs between bricks (long side on local X) and blocks (long side on local Y).","every bar uses the wall_10/wall_11 ArUco mounting; wall_9 is excluded (tag rotated 90 deg, 19.0 cm not 19.5)"
easy_022,easy,1push,brick,wall_12,35.4,23.1,85.3,19.5,5.5,10.0,3,21.8,16.7,0.0,10.6,64.9,0.3333,45,one_push,15,30,9,11,40,"long_axis_bearing_deg = bearing of the item's LONG side in world, counter-clockwise from +X, in [0,180). Place by this, not by yaw. yaw_deg is the MuJoCo local-frame rotation and its meaning differs between bricks (long side on local X) and blocks (long side on local Y).","every bar uses the wall_10/wall_11 ArUco mounting; wall_9 is excluded (tag rotated 90 deg, 19.0 cm not 19.5)"
easy_022,easy,1push,block,obj_1,27.4,34.2,90.5,15.0,7.0,4.0,3,21.8,16.7,0.0,10.6,64.9,0.3333,45,one_push,15,30,9,11,40,"long_axis_bearing_deg = bearing of the item's LONG side in world, counter-clockwise from +X, in [0,180). Place by this, not by yaw. yaw_deg is the MuJoCo local-frame rotation and its meaning differs between bricks (long side on local X) and blocks (long side on local Y).","every bar uses the wall_10/wall_11 ArUco mounting; wall_9 is excluded (tag rotated 90 deg, 19.0 cm not 19.5)"
easy_023,easy,1push,brick,wall_10,38.9,43.6,170.8,19.5,5.5,10.0,3,40.2,24.7,0.0,28.4,59.9,0.32,25,one_push,8,12,6,11,43,"long_axis_bearing_deg = bearing of the item's LONG side in world, counter-clockwise from +X, in [0,180). Place by this, not by yaw. yaw_deg is the MuJoCo local-frame rotation and its meaning differs between bricks (long side on local X) and blocks (long side on local Y).","every bar uses the wall_10/wall_11 ArUco mounting; wall_9 is excluded (tag rotated 90 deg, 19.0 cm not 19.5)"
easy_023,easy,1push,brick,wall_11,14.4,53.7,73.7,19.5,5.5,10.0,3,40.2,24.7,0.0,28.4,59.9,0.32,25,one_push,8,12,6,11,43,"long_axis_bearing_deg = bearing of the item's LONG side in world, counter-clockwise from +X, in [0,180). Place by this, not by yaw. yaw_deg is the MuJoCo local-frame rotation and its meaning differs between bricks (long side on local X) and blocks (long side on local Y).","every bar uses the wall_10/wall_11 ArUco mounting; wall_9 is excluded (tag rotated 90 deg, 19.0 cm not 19.5)"
easy_023,easy,1push,brick,wall_12,14.4,32.3,95.7,19.5,5.5,10.0,3,40.2,24.7,0.0,28.4,59.9,0.32,25,one_push,8,12,6,11,43,"long_axis_bearing_deg = bearing of the item's LONG side in world, counter-clockwise from +X, in [0,180). Place by this, not by yaw. yaw_deg is the MuJoCo local-frame rotation and its meaning differs between bricks (long side on local X) and blocks (long side on local Y).","every bar uses the wall_10/wall_11 ArUco mounting; wall_9 is excluded (tag rotated 90 deg, 19.0 cm not 19.5)"
easy_023,easy,1push,block,obj_4,21.8,48.5,77.4,12.0,7.5,5.0,3,40.2,24.7,0.0,28.4,59.9,0.32,25,one_push,8,12,6,11,43,"long_axis_bearing_deg = bearing of the item's LONG side in world, counter-clockwise from +X, in [0,180). Place by this, not by yaw. yaw_deg is the MuJoCo local-frame rotation and its meaning differs between bricks (long side on local X) and blocks (long side on local Y).","every bar uses the wall_10/wall_11 ArUco mounting; wall_9 is excluded (tag rotated 90 deg, 19.0 cm not 19.5)"
easy_024,easy,1push,brick,wall_10,39.0,39.6,5.9,19.5,5.5,10.0,1,22.1,24.3,0.0,39.1,68.4,0.5067,75,one_push,38,37,15,15,30,"long_axis_bearing_deg = bearing of the item's LONG side in world, counter-clockwise from +X, in [0,180). Place by this, not by yaw. yaw_deg is the MuJoCo local-frame rotation and its meaning differs between bricks (long side on local X) and blocks (long side on local Y).","every bar uses the wall_10/wall_11 ArUco mounting; wall_9 is excluded (tag rotated 90 deg, 19.0 cm not 19.5)"
easy_024,easy,1push,block,obj_1,15.4,39.8,178.2,15.0,7.0,4.0,1,22.1,24.3,0.0,39.1,68.4,0.5067,75,one_push,38,37,15,15,30,"long_axis_bearing_deg = bearing of the item's LONG side in world, counter-clockwise from +X, in [0,180). Place by this, not by yaw. yaw_deg is the MuJoCo local-frame rotation and its meaning differs between bricks (long side on local X) and blocks (long side on local Y).","every bar uses the wall_10/wall_11 ArUco mounting; wall_9 is excluded (tag rotated 90 deg, 19.0 cm not 19.5)"
easy_025,easy,1push,brick,wall_10,38.9,33.4,168.6,19.5,5.5,10.0,1,20.9,7.4,0.0,37.8,69.4,0.704,125,one_push,88,9,25,28,7,"long_axis_bearing_deg = bearing of the item's LONG side in world, counter-clockwise from +X, in [0,180). Place by this, not by yaw. yaw_deg is the MuJoCo local-frame rotation and its meaning differs between bricks (long side on local X) and blocks (long side on local Y).","every bar uses the wall_10/wall_11 ArUco mounting; wall_9 is excluded (tag rotated 90 deg, 19.0 cm not 19.5)"
easy_025,easy,1push,block,obj_4,14.2,34.3,21.9,12.0,7.5,5.0,1,20.9,7.4,0.0,37.8,69.4,0.704,125,one_push,88,9,25,28,7,"long_axis_bearing_deg = bearing of the item's LONG side in world, counter-clockwise from +X, in [0,180). Place by this, not by yaw. yaw_deg is the MuJoCo local-frame rotation and its meaning differs between bricks (long side on local X) and blocks (long side on local Y).","every bar uses the wall_10/wall_11 ArUco mounting; wall_9 is excluded (tag rotated 90 deg, 19.0 cm not 19.5)"
easy_026,easy,1push,brick,wall_10,39.2,46.2,0.3,19.5,5.5,10.0,2,23.8,20.9,0.0,28.6,62.3,0.3467,75,one_push,26,45,15,15,30,"long_axis_bearing_deg = bearing of the item's LONG side in world, counter-clockwise from +X, in [0,180). Place by this, not by yaw. yaw_deg is the MuJoCo local-frame rotation and its meaning differs between bricks (long side on local X) and blocks (long side on local Y).","every bar uses the wall_10/wall_11 ArUco mounting; wall_9 is excluded (tag rotated 90 deg, 19.0 cm not 19.5)"
easy_026,easy,1push,brick,wall_11,13.5,55.9,75.4,19.5,5.5,10.0,2,23.8,20.9,0.0,28.6,62.3,0.3467,75,one_push,26,45,15,15,30,"long_axis_bearing_deg = bearing of the item's LONG side in world, counter-clockwise from +X, in [0,180). Place by this, not by yaw. yaw_deg is the MuJoCo local-frame rotation and its meaning differs between bricks (long side on local X) and blocks (long side on local Y).","every bar uses the wall_10/wall_11 ArUco mounting; wall_9 is excluded (tag rotated 90 deg, 19.0 cm not 19.5)"
easy_026,easy,1push,block,obj_1,22.4,49.5,81.8,15.0,7.0,4.0,2,23.8,20.9,0.0,28.6,62.3,0.3467,75,one_push,26,45,15,15,30,"long_axis_bearing_deg = bearing of the item's LONG side in world, counter-clockwise from +X, in [0,180). Place by this, not by yaw. yaw_deg is the MuJoCo local-frame rotation and its meaning differs between bricks (long side on local X) and blocks (long side on local Y).","every bar uses the wall_10/wall_11 ArUco mounting; wall_9 is excluded (tag rotated 90 deg, 19.0 cm not 19.5)"
easy_027,easy,1push,brick,wall_10,38.9,42.4,10.0,19.5,5.5,10.0,2,36.0,15.2,0.0,42.6,56.7,0.3059,85,one_push,26,48,17,13,30,"long_axis_bearing_deg = bearing of the item's LONG side in world, counter-clockwise from +X, in [0,180). Place by this, not by yaw. yaw_deg is the MuJoCo local-frame rotation and its meaning differs between bricks (long side on local X) and blocks (long side on local Y).","every bar uses the wall_10/wall_11 ArUco mounting; wall_9 is excluded (tag rotated 90 deg, 19.0 cm not 19.5)"
easy_027,easy,1push,brick,wall_11,13.7,54.2,72.7,19.5,5.5,10.0,2,36.0,15.2,0.0,42.6,56.7,0.3059,85,one_push,26,48,17,13,30,"long_axis_bearing_deg = bearing of the item's LONG side in world, counter-clockwise from +X, in [0,180). Place by this, not by yaw. yaw_deg is the MuJoCo local-frame rotation and its meaning differs between bricks (long side on local X) and blocks (long side on local Y).","every bar uses the wall_10/wall_11 ArUco mounting; wall_9 is excluded (tag rotated 90 deg, 19.0 cm not 19.5)"
easy_027,easy,1push,block,obj_4,22.4,43.8,86.5,12.0,7.5,5.0,2,36.0,15.2,0.0,42.6,56.7,0.3059,85,one_push,26,48,17,13,30,"long_axis_bearing_deg = bearing of the item's LONG side in world, counter-clockwise from +X, in [0,180). Place by this, not by yaw. yaw_deg is the MuJoCo local-frame rotation and its meaning differs between bricks (long side on local X) and blocks (long side on local Y).","every bar uses the wall_10/wall_11 ArUco mounting; wall_9 is excluded (tag rotated 90 deg, 19.0 cm not 19.5)"
easy_028,easy,1push,brick,wall_10,10.0,32.1,174.0,19.5,5.5,10.0,3,6.8,19.6,0.0,22.5,52.6,0.3333,30,one_push,10,17,7,11,42,"long_axis_bearing_deg = bearing of the item's LONG side in world, counter-clockwise from +X, in [0,180). Place by this, not by yaw. yaw_deg is the MuJoCo local-frame rotation and its meaning differs between bricks (long side on local X) and blocks (long side on local Y).","every bar uses the wall_10/wall_11 ArUco mounting; wall_9 is excluded (tag rotated 90 deg, 19.0 cm not 19.5)"
easy_028,easy,1push,brick,wall_11,34.5,43.3,108.8,19.5,5.5,10.0,3,6.8,19.6,0.0,22.5,52.6,0.3333,30,one_push,10,17,7,11,42,"long_axis_bearing_deg = bearing of the item's LONG side in world, counter-clockwise from +X, in [0,180). Place by this, not by yaw. yaw_deg is the MuJoCo local-frame rotation and its meaning differs between bricks (long side on local X) and blocks (long side on local Y).","every bar uses the wall_10/wall_11 ArUco mounting; wall_9 is excluded (tag rotated 90 deg, 19.0 cm not 19.5)"
easy_028,easy,1push,brick,wall_12,34.5,19.6,78.0,19.5,5.5,10.0,3,6.8,19.6,0.0,22.5,52.6,0.3333,30,one_push,10,17,7,11,42,"long_axis_bearing_deg = bearing of the item's LONG side in world, counter-clockwise from +X, in [0,180). Place by this, not by yaw. yaw_deg is the MuJoCo local-frame rotation and its meaning differs between bricks (long side on local X) and blocks (long side on local Y).","every bar uses the wall_10/wall_11 ArUco mounting; wall_9 is excluded (tag rotated 90 deg, 19.0 cm not 19.5)"
easy_028,easy,1push,block,obj_1,27.3,32.9,95.4,15.0,7.0,4.0,3,6.8,19.6,0.0,22.5,52.6,0.3333,30,one_push,10,17,7,11,42,"long_axis_bearing_deg = bearing of the item's LONG side in world, counter-clockwise from +X, in [0,180). Place by this, not by yaw. yaw_deg is the MuJoCo local-frame rotation and its meaning differs between bricks (long side on local X) and blocks (long side on local Y).","every bar uses the wall_10/wall_11 ArUco mounting; wall_9 is excluded (tag rotated 90 deg, 19.0 cm not 19.5)"
easy_029,easy,1push,brick,wall_10,39.1,47.9,175.3,19.5,5.5,10.0,3,33.6,26.2,0.0,28.8,69.7,0.3333,60,one_push,20,30,12,17,31,"long_axis_bearing_deg = bearing of the item's LONG side in world, counter-clockwise from +X, in [0,180). Place by this, not by yaw. yaw_deg is the MuJoCo local-frame rotation and its meaning differs between bricks (long side on local X) and blocks (long side on local Y).","every bar uses the wall_10/wall_11 ArUco mounting; wall_9 is excluded (tag rotated 90 deg, 19.0 cm not 19.5)"
easy_029,easy,1push,brick,wall_11,13.6,59.3,90.6,19.5,5.5,10.0,3,33.6,26.2,0.0,28.8,69.7,0.3333,60,one_push,20,30,12,17,31,"long_axis_bearing_deg = bearing of the item's LONG side in world, counter-clockwise from +X, in [0,180). Place by this, not by yaw. yaw_deg is the MuJoCo local-frame rotation and its meaning differs between bricks (long side on local X) and blocks (long side on local Y).","every bar uses the wall_10/wall_11 ArUco mounting; wall_9 is excluded (tag rotated 90 deg, 19.0 cm not 19.5)"
easy_029,easy,1push,brick,wall_12,13.6,35.2,104.7,19.5,5.5,10.0,3,33.6,26.2,0.0,28.8,69.7,0.3333,60,one_push,20,30,12,17,31,"long_axis_bearing_deg = bearing of the item's LONG side in world, counter-clockwise from +X, in [0,180). Place by this, not by yaw. yaw_deg is the MuJoCo local-frame rotation and its meaning differs between bricks (long side on local X) and blocks (long side on local Y).","every bar uses the wall_10/wall_11 ArUco mounting; wall_9 is excluded (tag rotated 90 deg, 19.0 cm not 19.5)"
easy_029,easy,1push,block,obj_4,22.9,51.6,82.6,12.0,7.5,5.0,3,33.6,26.2,0.0,28.8,69.7,0.3333,60,one_push,20,30,12,17,31,"long_axis_bearing_deg = bearing of the item's LONG side in world, counter-clockwise from +X, in [0,180). Place by this, not by yaw. yaw_deg is the MuJoCo local-frame rotation and its meaning differs between bricks (long side on local X) and blocks (long side on local Y).","every bar uses the wall_10/wall_11 ArUco mounting; wall_9 is excluded (tag rotated 90 deg, 19.0 cm not 19.5)"
easy_030,easy,1push,brick,wall_10,39.0,32.3,174.8,19.5,5.5,10.0,1,35.3,18.4,0.0,18.9,68.9,0.5071,140,one_push,71,29,28,19,13,"long_axis_bearing_deg = bearing of the item's LONG side in world, counter-clockwise from +X, in [0,180). Place by this, not by yaw. yaw_deg is the MuJoCo local-frame rotation and its meaning differs between bricks (long side on local X) and blocks (long side on local Y).","every bar uses the wall_10/wall_11 ArUco mounting; wall_9 is excluded (tag rotated 90 deg, 19.0 cm not 19.5)"
easy_030,easy,1push,block,obj_1,16.4,35.1,16.2,15.0,7.0,4.0,1,35.3,18.4,0.0,18.9,68.9,0.5071,140,one_push,71,29,28,19,13,"long_axis_bearing_deg = bearing of the item's LONG side in world, counter-clockwise from +X, in [0,180). Place by this, not by yaw. yaw_deg is the MuJoCo local-frame rotation and its meaning differs between bricks (long side on local X) and blocks (long side on local Y).","every bar uses the wall_10/wall_11 ArUco mounting; wall_9 is excluded (tag rotated 90 deg, 19.0 cm not 19.5)"
easy_031,easy,1push,brick,wall_10,39.1,40.3,176.8,19.5,5.5,10.0,1,32.2,11.7,0.0,8.8,63.4,0.7043,115,one_push,81,4,24,29,7,"long_axis_bearing_deg = bearing of the item's LONG side in world, counter-clockwise from +X, in [0,180). Place by this, not by yaw. yaw_deg is the MuJoCo local-frame rotation and its meaning differs between bricks (long side on local X) and blocks (long side on local Y).","every bar uses the wall_10/wall_11 ArUco mounting; wall_9 is excluded (tag rotated 90 deg, 19.0 cm not 19.5)"
easy_031,easy,1push,block,obj_4,13.0,37.3,34.1,12.0,7.5,5.0,1,32.2,11.7,0.0,8.8,63.4,0.7043,115,one_push,81,4,24,29,7,"long_axis_bearing_deg = bearing of the item's LONG side in world, counter-clockwise from +X, in [0,180). Place by this, not by yaw. yaw_deg is the MuJoCo local-frame rotation and its meaning differs between bricks (long side on local X) and blocks (long side on local Y).","every bar uses the wall_10/wall_11 ArUco mounting; wall_9 is excluded (tag rotated 90 deg, 19.0 cm not 19.5)"
easy_032,easy,1push,brick,wall_10,38.9,44.2,168.7,19.5,5.5,10.0,2,18.8,17.8,0.0,29.3,62.7,0.3471,170,one_push,59,51,35,6,19,"long_axis_bearing_deg = bearing of the item's LONG side in world, counter-clockwise from +X, in [0,180). Place by this, not by yaw. yaw_deg is the MuJoCo local-frame rotation and its meaning differs between bricks (long side on local X) and blocks (long side on local Y).","every bar uses the wall_10/wall_11 ArUco mounting; wall_9 is excluded (tag rotated 90 deg, 19.0 cm not 19.5)"
easy_032,easy,1push,brick,wall_11,14.2,54.3,70.2,19.5,5.5,10.0,2,18.8,17.8,0.0,29.3,62.7,0.3471,170,one_push,59,51,35,6,19,"long_axis_bearing_deg = bearing of the item's LONG side in world, counter-clockwise from +X, in [0,180). Place by this, not by yaw. yaw_deg is the MuJoCo local-frame rotation and its meaning differs between bricks (long side on local X) and blocks (long side on local Y).","every bar uses the wall_10/wall_11 ArUco mounting; wall_9 is excluded (tag rotated 90 deg, 19.0 cm not 19.5)"
easy_032,easy,1push,block,obj_1,18.2,39.7,176.3,15.0,7.0,4.0,2,18.8,17.8,0.0,29.3,62.7,0.3471,170,one_push,59,51,35,6,19,"long_axis_bearing_deg = bearing of the item's LONG side in world, counter-clockwise from +X, in [0,180). Place by this, not by yaw. yaw_deg is the MuJoCo local-frame rotation and its meaning differs between bricks (long side on local X) and blocks (long side on local Y).","every bar uses the wall_10/wall_11 ArUco mounting; wall_9 is excluded (tag rotated 90 deg, 19.0 cm not 19.5)"
easy_033,easy,1push,brick,wall_10,38.9,43.6,8.8,19.5,5.5,10.0,2,33.7,26.4,0.0,17.4,65.6,0.3077,65,one_push,20,26,14,15,31,"long_axis_bearing_deg = bearing of the item's LONG side in world, counter-clockwise from +X, in [0,180). Place by this, not by yaw. yaw_deg is the MuJoCo local-frame rotation and its meaning differs between bricks (long side on local X) and blocks (long side on local Y).","every bar uses the wall_10/wall_11 ArUco mounting; wall_9 is excluded (tag rotated 90 deg, 19.0 cm not 19.5)"
easy_033,easy,1push,brick,wall_11,13.6,50.4,74.7,19.5,5.5,10.0,2,33.7,26.4,0.0,17.4,65.6,0.3077,65,one_push,20,26,14,15,31,"long_axis_bearing_deg = bearing of the item's LONG side in world, counter-clockwise from +X, in [0,180). Place by this, not by yaw. yaw_deg is the MuJoCo local-frame rotation and its meaning differs between bricks (long side on local X) and blocks (long side on local Y).","every bar uses the wall_10/wall_11 ArUco mounting; wall_9 is excluded (tag rotated 90 deg, 19.0 cm not 19.5)"
easy_033,easy,1push,block,obj_4,24.4,45.9,83.9,12.0,7.5,5.0,2,33.7,26.4,0.0,17.4,65.6,0.3077,65,one_push,20,26,14,15,31,"long_axis_bearing_deg = bearing of the item's LONG side in world, counter-clockwise from +X, in [0,180). Place by this, not by yaw. yaw_deg is the MuJoCo local-frame rotation and its meaning differs between bricks (long side on local X) and blocks (long side on local Y).","every bar uses the wall_10/wall_11 ArUco mounting; wall_9 is excluded (tag rotated 90 deg, 19.0 cm not 19.5)"
easy_034,easy,1push,brick,wall_10,39.0,46.1,8.0,19.5,5.5,10.0,3,40.7,21.3,0.0,37.0,63.3,0.3429,35,one_push,12,20,7,12,41,"long_axis_bearing_deg = bearing of the item's LONG side in world, counter-clockwise from +X, in [0,180). Place by this, not by yaw. yaw_deg is the MuJoCo local-frame rotation and its meaning differs between bricks (long side on local X) and blocks (long side on local Y).","every bar uses the wall_10/wall_11 ArUco mounting; wall_9 is excluded (tag rotated 90 deg, 19.0 cm not 19.5)"
easy_034,easy,1push,brick,wall_11,14.9,58.8,75.2,19.5,5.5,10.0,3,40.7,21.3,0.0,37.0,63.3,0.3429,35,one_push,12,20,7,12,41,"long_axis_bearing_deg = bearing of the item's LONG side in world, counter-clockwise from +X, in [0,180). Place by this, not by yaw. yaw_deg is the MuJoCo local-frame rotation and its meaning differs between bricks (long side on local X) and blocks (long side on local Y).","every bar uses the wall_10/wall_11 ArUco mounting; wall_9 is excluded (tag rotated 90 deg, 19.0 cm not 19.5)"
easy_034,easy,1push,brick,wall_12,14.9,34.9,92.6,19.5,5.5,10.0,3,40.7,21.3,0.0,37.0,63.3,0.3429,35,one_push,12,20,7,12,41,"long_axis_bearing_deg = bearing of the item's LONG side in world, counter-clockwise from +X, in [0,180). Place by this, not by yaw. yaw_deg is the MuJoCo local-frame rotation and its meaning differs between bricks (long side on local X) and blocks (long side on local Y).","every bar uses the wall_10/wall_11 ArUco mounting; wall_9 is excluded (tag rotated 90 deg, 19.0 cm not 19.5)"
easy_034,easy,1push,block,obj_1,21.6,48.7,87.7,15.0,7.0,4.0,3,40.7,21.3,0.0,37.0,63.3,0.3429,35,one_push,12,20,7,12,41,"long_axis_bearing_deg = bearing of the item's LONG side in world, counter-clockwise from +X, in [0,180). Place by this, not by yaw. yaw_deg is the MuJoCo local-frame rotation and its meaning differs between bricks (long side on local X) and blocks (long side on local Y).","every bar uses the wall_10/wall_11 ArUco mounting; wall_9 is excluded (tag rotated 90 deg, 19.0 cm not 19.5)"
easy_035,easy,1push,brick,wall_10,39.2,36.0,177.9,19.5,5.5,10.0,3,33.0,8.4,0.0,38.9,67.7,0.3556,45,one_push,16,24,9,14,37,"long_axis_bearing_deg = bearing of the item's LONG side in world, counter-clockwise from +X, in [0,180). Place by this, not by yaw. yaw_deg is the MuJoCo local-frame rotation and its meaning differs between bricks (long side on local X) and blocks (long side on local Y).","every bar uses the wall_10/wall_11 ArUco mounting; wall_9 is excluded (tag rotated 90 deg, 19.0 cm not 19.5)"
easy_035,easy,1push,brick,wall_11,13.3,49.0,76.2,19.5,5.5,10.0,3,33.0,8.4,0.0,38.9,67.7,0.3556,45,one_push,16,24,9,14,37,"long_axis_bearing_deg = bearing of the item's LONG side in world, counter-clockwise from +X, in [0,180). Place by this, not by yaw. yaw_deg is the MuJoCo local-frame rotation and its meaning differs between bricks (long side on local X) and blocks (long side on local Y).","every bar uses the wall_10/wall_11 ArUco mounting; wall_9 is excluded (tag rotated 90 deg, 19.0 cm not 19.5)"
easy_035,easy,1push,brick,wall_12,13.3,27.4,88.2,19.5,5.5,10.0,3,33.0,8.4,0.0,38.9,67.7,0.3556,45,one_push,16,24,9,14,37,"long_axis_bearing_deg = bearing of the item's LONG side in world, counter-clockwise from +X, in [0,180). Place by this, not by yaw. yaw_deg is the MuJoCo local-frame rotation and its meaning differs between bricks (long side on local X) and blocks (long side on local Y).","every bar uses the wall_10/wall_11 ArUco mounting; wall_9 is excluded (tag rotated 90 deg, 19.0 cm not 19.5)"
easy_035,easy,1push,block,obj_4,22.1,38.2,82.9,12.0,7.5,5.0,3,33.0,8.4,0.0,38.9,67.7,0.3556,45,one_push,16,24,9,14,37,"long_axis_bearing_deg = bearing of the item's LONG side in world, counter-clockwise from +X, in [0,180). Place by this, not by yaw. yaw_deg is the MuJoCo local-frame rotation and its meaning differs between bricks (long side on local X) and blocks (long side on local Y).","every bar uses the wall_10/wall_11 ArUco mounting; wall_9 is excluded (tag rotated 90 deg, 19.0 cm not 19.5)"
easy_036,easy,1push,brick,wall_10,39.1,43.9,2.6,19.5,5.5,10.0,1,37.9,8.7,0.0,6.5,58.5,0.512,125,one_push,64,34,25,15,20,"long_axis_bearing_deg = bearing of the item's LONG side in world, counter-clockwise from +X, in [0,180). Place by this, not by yaw. yaw_deg is the MuJoCo local-frame rotation and its meaning differs between bricks (long side on local X) and blocks (long side on local Y).","every bar uses the wall_10/wall_11 ArUco mounting; wall_9 is excluded (tag rotated 90 deg, 19.0 cm not 19.5)"
easy_036,easy,1push,block,obj_1,15.5,40.2,23.3,15.0,7.0,4.0,1,37.9,8.7,0.0,6.5,58.5,0.512,125,one_push,64,34,25,15,20,"long_axis_bearing_deg = bearing of the item's LONG side in world, counter-clockwise from +X, in [0,180). Place by this, not by yaw. yaw_deg is the MuJoCo local-frame rotation and its meaning differs between bricks (long side on local X) and blocks (long side on local Y).","every bar uses the wall_10/wall_11 ArUco mounting; wall_9 is excluded (tag rotated 90 deg, 19.0 cm not 19.5)"
easy_037,easy,1push,brick,wall_10,39.0,42.2,6.9,19.5,5.5,10.0,1,40.7,12.7,0.0,14.5,60.4,0.7067,150,one_push,106,24,30,18,12,"long_axis_bearing_deg = bearing of the item's LONG side in world, counter-clockwise from +X, in [0,180). Place by this, not by yaw. yaw_deg is the MuJoCo local-frame rotation and its meaning differs between bricks (long side on local X) and blocks (long side on local Y).","every bar uses the wall_10/wall_11 ArUco mounting; wall_9 is excluded (tag rotated 90 deg, 19.0 cm not 19.5)"
easy_037,easy,1push,block,obj_4,15.4,39.5,15.3,12.0,7.5,5.0,1,40.7,12.7,0.0,14.5,60.4,0.7067,150,one_push,106,24,30,18,12,"long_axis_bearing_deg = bearing of the item's LONG side in world, counter-clockwise from +X, in [0,180). Place by this, not by yaw. yaw_deg is the MuJoCo local-frame rotation and its meaning differs between bricks (long side on local X) and blocks (long side on local Y).","every bar uses the wall_10/wall_11 ArUco mounting; wall_9 is excluded (tag rotated 90 deg, 19.0 cm not 19.5)"
easy_038,easy,1push,brick,wall_10,10.0,34.5,172.2,19.5,5.5,10.0,2,13.3,21.8,0.0,11.5,56.4,0.36,75,one_push,27,39,15,20,25,"long_axis_bearing_deg = bearing of the item's LONG side in world, counter-clockwise from +X, in [0,180). Place by this, not by yaw. yaw_deg is the MuJoCo local-frame rotation and its meaning differs between bricks (long side on local X) and blocks (long side on local Y).","every bar uses the wall_10/wall_11 ArUco mounting; wall_9 is excluded (tag rotated 90 deg, 19.0 cm not 19.5)"
easy_038,easy,1push,brick,wall_11,35.8,44.6,102.4,19.5,5.5,10.0,2,13.3,21.8,0.0,11.5,56.4,0.36,75,one_push,27,39,15,20,25,"long_axis_bearing_deg = bearing of the item's LONG side in world, counter-clockwise from +X, in [0,180). Place by this, not by yaw. yaw_deg is the MuJoCo local-frame rotation and its meaning differs between bricks (long side on local X) and blocks (long side on local Y).","every bar uses the wall_10/wall_11 ArUco mounting; wall_9 is excluded (tag rotated 90 deg, 19.0 cm not 19.5)"
easy_038,easy,1push,block,obj_1,26.6,39.3,106.6,15.0,7.0,4.0,2,13.3,21.8,0.0,11.5,56.4,0.36,75,one_push,27,39,15,20,25,"long_axis_bearing_deg = bearing of the item's LONG side in world, counter-clockwise from +X, in [0,180). Place by this, not by yaw. yaw_deg is the MuJoCo local-frame rotation and its meaning differs between bricks (long side on local X) and blocks (long side on local Y).","every bar uses the wall_10/wall_11 ArUco mounting; wall_9 is excluded (tag rotated 90 deg, 19.0 cm not 19.5)"
easy_039,easy,1push,brick,wall_10,10.1,41.5,168.8,19.5,5.5,10.0,2,27.9,24.4,0.0,13.8,66.6,0.3143,70,one_push,22,25,13,12,35,"long_axis_bearing_deg = bearing of the item's LONG side in world, counter-clockwise from +X, in [0,180). Place by this, not by yaw. yaw_deg is the MuJoCo local-frame rotation and its meaning differs between bricks (long side on local X) and blocks (long side on local Y).","every bar uses the wall_10/wall_11 ArUco mounting; wall_9 is excluded (tag rotated 90 deg, 19.0 cm not 19.5)"
easy_039,easy,1push,brick,wall_11,35.3,48.5,103.0,19.5,5.5,10.0,2,27.9,24.4,0.0,13.8,66.6,0.3143,70,one_push,22,25,13,12,35,"long_axis_bearing_deg = bearing of the item's LONG side in world, counter-clockwise from +X, in [0,180). Place by this, not by yaw. yaw_deg is the MuJoCo local-frame rotation and its meaning differs between bricks (long side on local X) and blocks (long side on local Y).","every bar uses the wall_10/wall_11 ArUco mounting; wall_9 is excluded (tag rotated 90 deg, 19.0 cm not 19.5)"
easy_039,easy,1push,block,obj_4,27.9,44.4,93.2,12.0,7.5,5.0,2,27.9,24.4,0.0,13.8,66.6,0.3143,70,one_push,22,25,13,12,35,"long_axis_bearing_deg = bearing of the item's LONG side in world, counter-clockwise from +X, in [0,180). Place by this, not by yaw. yaw_deg is the MuJoCo local-frame rotation and its meaning differs between bricks (long side on local X) and blocks (long side on local Y).","every bar uses the wall_10/wall_11 ArUco mounting; wall_9 is excluded (tag rotated 90 deg, 19.0 cm not 19.5)"
easy_040,easy,1push,brick,wall_10,10.0,32.6,7.2,19.5,5.5,10.0,3,17.3,7.9,0.0,33.8,66.4,0.36,50,one_push,18,27,10,13,37,"long_axis_bearing_deg = bearing of the item's LONG side in world, counter-clockwise from +X, in [0,180). Place by this, not by yaw. yaw_deg is the MuJoCo local-frame rotation and its meaning differs between bricks (long side on local X) and blocks (long side on local Y).","every bar uses the wall_10/wall_11 ArUco mounting; wall_9 is excluded (tag rotated 90 deg, 19.0 cm not 19.5)"
easy_040,easy,1push,brick,wall_11,35.9,43.4,85.0,19.5,5.5,10.0,3,17.3,7.9,0.0,33.8,66.4,0.36,50,one_push,18,27,10,13,37,"long_axis_bearing_deg = bearing of the item's LONG side in world, counter-clockwise from +X, in [0,180). Place by this, not by yaw. yaw_deg is the MuJoCo local-frame rotation and its meaning differs between bricks (long side on local X) and blocks (long side on local Y).","every bar uses the wall_10/wall_11 ArUco mounting; wall_9 is excluded (tag rotated 90 deg, 19.0 cm not 19.5)"
easy_040,easy,1push,brick,wall_12,35.9,22.9,74.5,19.5,5.5,10.0,3,17.3,7.9,0.0,33.8,66.4,0.36,50,one_push,18,27,10,13,37,"long_axis_bearing_deg = bearing of the item's LONG side in world, counter-clockwise from +X, in [0,180). Place by this, not by yaw. yaw_deg is the MuJoCo local-frame rotation and its meaning differs between bricks (long side on local X) and blocks (long side on local Y).","every bar uses the wall_10/wall_11 ArUco mounting; wall_9 is excluded (tag rotated 90 deg, 19.0 cm not 19.5)"
easy_040,easy,1push,block,obj_1,28.2,35.7,88.9,15.0,7.0,4.0,3,17.3,7.9,0.0,33.8,66.4,0.36,50,one_push,18,27,10,13,37,"long_axis_bearing_deg = bearing of the item's LONG side in world, counter-clockwise from +X, in [0,180). Place by this, not by yaw. yaw_deg is the MuJoCo local-frame rotation and its meaning differs between bricks (long side on local X) and blocks (long side on local Y).","every bar uses the wall_10/wall_11 ArUco mounting; wall_9 is excluded (tag rotated 90 deg, 19.0 cm not 19.5)"
easy_041,easy,1push,brick,wall_10,10.1,34.1,170.3,19.5,5.5,10.0,3,12.1,16.7,0.0,19.7,49.0,0.3778,45,one_push,17,22,9,15,36,"long_axis_bearing_deg = bearing of the item's LONG side in world, counter-clockwise from +X, in [0,180). Place by this, not by yaw. yaw_deg is the MuJoCo local-frame rotation and its meaning differs between bricks (long side on local X) and blocks (long side on local Y).","every bar uses the wall_10/wall_11 ArUco mounting; wall_9 is excluded (tag rotated 90 deg, 19.0 cm not 19.5)"
easy_041,easy,1push,brick,wall_11,35.2,45.6,105.0,19.5,5.5,10.0,3,12.1,16.7,0.0,19.7,49.0,0.3778,45,one_push,17,22,9,15,36,"long_axis_bearing_deg = bearing of the item's LONG side in world, counter-clockwise from +X, in [0,180). Place by this, not by yaw. yaw_deg is the MuJoCo local-frame rotation and its meaning differs between bricks (long side on local X) and blocks (long side on local Y).","every bar uses the wall_10/wall_11 ArUco mounting; wall_9 is excluded (tag rotated 90 deg, 19.0 cm not 19.5)"
easy_041,easy,1push,brick,wall_12,35.2,21.3,88.4,19.5,5.5,10.0,3,12.1,16.7,0.0,19.7,49.0,0.3778,45,one_push,17,22,9,15,36,"long_axis_bearing_deg = bearing of the item's LONG side in world, counter-clockwise from +X, in [0,180). Place by this, not by yaw. yaw_deg is the MuJoCo local-frame rotation and its meaning differs between bricks (long side on local X) and blocks (long side on local Y).","every bar uses the wall_10/wall_11 ArUco mounting; wall_9 is excluded (tag rotated 90 deg, 19.0 cm not 19.5)"
easy_041,easy,1push,block,obj_4,25.6,37.6,81.2,12.0,7.5,5.0,3,12.1,16.7,0.0,19.7,49.0,0.3778,45,one_push,17,22,9,15,36,"long_axis_bearing_deg = bearing of the item's LONG side in world, counter-clockwise from +X, in [0,180). Place by this, not by yaw. yaw_deg is the MuJoCo local-frame rotation and its meaning differs between bricks (long side on local X) and blocks (long side on local Y).","every bar uses the wall_10/wall_11 ArUco mounting; wall_9 is excluded (tag rotated 90 deg, 19.0 cm not 19.5)"
easy_042,easy,1push,brick,wall_10,10.1,34.4,10.4,19.5,5.5,10.0,1,42.7,12.0,0.0,6.5,61.6,0.513,115,one_push,59,36,21,16,23,"long_axis_bearing_deg = bearing of the item's LONG side in world, counter-clockwise from +X, in [0,180). Place by this, not by yaw. yaw_deg is the MuJoCo local-frame rotation and its meaning differs between bricks (long side on local X) and blocks (long side on local Y).","every bar uses the wall_10/wall_11 ArUco mounting; wall_9 is excluded (tag rotated 90 deg, 19.0 cm not 19.5)"
easy_042,easy,1push,block,obj_1,33.7,32.4,162.6,15.0,7.0,4.0,1,42.7,12.0,0.0,6.5,61.6,0.513,115,one_push,59,36,21,16,23,"long_axis_bearing_deg = bearing of the item's LONG side in world, counter-clockwise from +X, in [0,180). Place by this, not by yaw. yaw_deg is the MuJoCo local-frame rotation and its meaning differs between bricks (long side on local X) and blocks (long side on local Y).","every bar uses the wall_10/wall_11 ArUco mounting; wall_9 is excluded (tag rotated 90 deg, 19.0 cm not 19.5)"
easy_043,easy,1push,brick,wall_10,39.2,40.6,0.5,19.5,5.5,10.0,1,19.0,6.7,0.0,23.1,54.1,0.7067,150,one_push,106,19,30,23,7,"long_axis_bearing_deg = bearing of the item's LONG side in world, counter-clockwise from +X, in [0,180). Place by this, not by yaw. yaw_deg is the MuJoCo local-frame rotation and its meaning differs between bricks (long side on local X) and blocks (long side on local Y).","every bar uses the wall_10/wall_11 ArUco mounting; wall_9 is excluded (tag rotated 90 deg, 19.0 cm not 19.5)"
easy_043,easy,1push,block,obj_4,15.1,38.6,9.3,12.0,7.5,5.0,1,19.0,6.7,0.0,23.1,54.1,0.7067,150,one_push,106,19,30,23,7,"long_axis_bearing_deg = bearing of the item's LONG side in world, counter-clockwise from +X, in [0,180). Place by this, not by yaw. yaw_deg is the MuJoCo local-frame rotation and its meaning differs between bricks (long side on local X) and blocks (long side on local Y).","every bar uses the wall_10/wall_11 ArUco mounting; wall_9 is excluded (tag rotated 90 deg, 19.0 cm not 19.5)"
easy_044,easy,1push,brick,wall_10,27.3,32.5,147.9,19.5,5.5,10.0,2,6.9,11.7,0.0,31.9,62.5,0.3769,130,one_push,49,74,25,9,26,"long_axis_bearing_deg = bearing of the item's LONG side in world, counter-clockwise from +X, in [0,180). Place by this, not by yaw. yaw_deg is the MuJoCo local-frame rotation and its meaning differs between bricks (long side on local X) and blocks (long side on local Y).","every bar uses the wall_10/wall_11 ArUco mounting; wall_9 is excluded (tag rotated 90 deg, 19.0 cm not 19.5)"
easy_044,easy,1push,brick,wall_11,38.1,33.4,139.0,19.5,5.5,10.0,2,6.9,11.7,0.0,31.9,62.5,0.3769,130,one_push,49,74,25,9,26,"long_axis_bearing_deg = bearing of the item's LONG side in world, counter-clockwise from +X, in [0,180). Place by this, not by yaw. yaw_deg is the MuJoCo local-frame rotation and its meaning differs between bricks (long side on local X) and blocks (long side on local Y).","every bar uses the wall_10/wall_11 ArUco mounting; wall_9 is excluded (tag rotated 90 deg, 19.0 cm not 19.5)"
easy_044,easy,1push,block,obj_1,8.7,26.7,111.0,15.0,7.0,4.0,2,6.9,11.7,0.0,31.9,62.5,0.3769,130,one_push,49,74,25,9,26,"long_axis_bearing_deg = bearing of the item's LONG side in world, counter-clockwise from +X, in [0,180). Place by this, not by yaw. yaw_deg is the MuJoCo local-frame rotation and its meaning differs between bricks (long side on local X) and blocks (long side on local Y).","every bar uses the wall_10/wall_11 ArUco mounting; wall_9 is excluded (tag rotated 90 deg, 19.0 cm not 19.5)"
easy_045,easy,1push,brick,wall_10,10.1,30.2,170.0,19.5,5.5,10.0,2,20.9,13.4,0.0,18.3,58.1,0.3143,70,one_push,22,23,14,15,31,"long_axis_bearing_deg = bearing of the item's LONG side in world, counter-clockwise from +X, in [0,180). Place by this, not by yaw. yaw_deg is the MuJoCo local-frame rotation and its meaning differs between bricks (long side on local X) and blocks (long side on local Y).","every bar uses the wall_10/wall_11 ArUco mounting; wall_9 is excluded (tag rotated 90 deg, 19.0 cm not 19.5)"
easy_045,easy,1push,brick,wall_11,34.7,41.3,106.9,19.5,5.5,10.0,2,20.9,13.4,0.0,18.3,58.1,0.3143,70,one_push,22,23,14,15,31,"long_axis_bearing_deg = bearing of the item's LONG side in world, counter-clockwise from +X, in [0,180). Place by this, not by yaw. yaw_deg is the MuJoCo local-frame rotation and its meaning differs between bricks (long side on local X) and blocks (long side on local Y).","every bar uses the wall_10/wall_11 ArUco mounting; wall_9 is excluded (tag rotated 90 deg, 19.0 cm not 19.5)"
easy_045,easy,1push,block,obj_4,25.6,34.1,94.9,12.0,7.5,5.0,2,20.9,13.4,0.0,18.3,58.1,0.3143,70,one_push,22,23,14,15,31,"long_axis_bearing_deg = bearing of the item's LONG side in world, counter-clockwise from +X, in [0,180). Place by this, not by yaw. yaw_deg is the MuJoCo local-frame rotation and its meaning differs between bricks (long side on local X) and blocks (long side on local Y).","every bar uses the wall_10/wall_11 ArUco mounting; wall_9 is excluded (tag rotated 90 deg, 19.0 cm not 19.5)"
easy_046,easy,1push,brick,wall_10,10.1,32.7,170.0,19.5,5.5,10.0,3,21.4,14.9,0.0,25.8,61.4,0.38,50,one_push,19,18,9,14,37,"long_axis_bearing_deg = bearing of the item's LONG side in world, counter-clockwise from +X, in [0,180). Place by this, not by yaw. yaw_deg is the MuJoCo local-frame rotation and its meaning differs between bricks (long side on local X) and blocks (long side on local Y).","every bar uses the wall_10/wall_11 ArUco mounting; wall_9 is excluded (tag rotated 90 deg, 19.0 cm not 19.5)"
easy_046,easy,1push,brick,wall_11,34.8,42.8,104.0,19.5,5.5,10.0,3,21.4,14.9,0.0,25.8,61.4,0.38,50,one_push,19,18,9,14,37,"long_axis_bearing_deg = bearing of the item's LONG side in world, counter-clockwise from +X, in [0,180). Place by this, not by yaw. yaw_deg is the MuJoCo local-frame rotation and its meaning differs between bricks (long side on local X) and blocks (long side on local Y).","every bar uses the wall_10/wall_11 ArUco mounting; wall_9 is excluded (tag rotated 90 deg, 19.0 cm not 19.5)"
easy_046,easy,1push,brick,wall_12,34.8,21.4,73.8,19.5,5.5,10.0,3,21.4,14.9,0.0,25.8,61.4,0.38,50,one_push,19,18,9,14,37,"long_axis_bearing_deg = bearing of the item's LONG side in world, counter-clockwise from +X, in [0,180). Place by this, not by yaw. yaw_deg is the MuJoCo local-frame rotation and its meaning differs between bricks (long side on local X) and blocks (long side on local Y).","every bar uses the wall_10/wall_11 ArUco mounting; wall_9 is excluded (tag rotated 90 deg, 19.0 cm not 19.5)"
easy_046,easy,1push,block,obj_1,27.1,36.7,93.7,15.0,7.0,4.0,3,21.4,14.9,0.0,25.8,61.4,0.38,50,one_push,19,18,9,14,37,"long_axis_bearing_deg = bearing of the item's LONG side in world, counter-clockwise from +X, in [0,180). Place by this, not by yaw. yaw_deg is the MuJoCo local-frame rotation and its meaning differs between bricks (long side on local X) and blocks (long side on local Y).","every bar uses the wall_10/wall_11 ArUco mounting; wall_9 is excluded (tag rotated 90 deg, 19.0 cm not 19.5)"
easy_047,easy,1push,brick,wall_10,39.1,32.3,2.6,19.5,5.5,10.0,3,36.2,14.2,0.0,36.6,55.3,0.42,50,one_push,21,19,9,17,34,"long_axis_bearing_deg = bearing of the item's LONG side in world, counter-clockwise from +X, in [0,180). Place by this, not by yaw. yaw_deg is the MuJoCo local-frame rotation and its meaning differs between bricks (long side on local X) and blocks (long side on local Y).","every bar uses the wall_10/wall_11 ArUco mounting; wall_9 is excluded (tag rotated 90 deg, 19.0 cm not 19.5)"
easy_047,easy,1push,brick,wall_11,13.3,42.4,90.9,19.5,5.5,10.0,3,36.2,14.2,0.0,36.6,55.3,0.42,50,one_push,21,19,9,17,34,"long_axis_bearing_deg = bearing of the item's LONG side in world, counter-clockwise from +X, in [0,180). Place by this, not by yaw. yaw_deg is the MuJoCo local-frame rotation and its meaning differs between bricks (long side on local X) and blocks (long side on local Y).","every bar uses the wall_10/wall_11 ArUco mounting; wall_9 is excluded (tag rotated 90 deg, 19.0 cm not 19.5)"
easy_047,easy,1push,brick,wall_12,13.3,21.1,106.7,19.5,5.5,10.0,3,36.2,14.2,0.0,36.6,55.3,0.42,50,one_push,21,19,9,17,34,"long_axis_bearing_deg = bearing of the item's LONG side in world, counter-clockwise from +X, in [0,180). Place by this, not by yaw. yaw_deg is the MuJoCo local-frame rotation and its meaning differs between bricks (long side on local X) and blocks (long side on local Y).","every bar uses the wall_10/wall_11 ArUco mounting; wall_9 is excluded (tag rotated 90 deg, 19.0 cm not 19.5)"
easy_047,easy,1push,block,obj_4,21.3,36.5,81.2,12.0,7.5,5.0,3,36.2,14.2,0.0,36.6,55.3,0.42,50,one_push,21,19,9,17,34,"long_axis_bearing_deg = bearing of the item's LONG side in world, counter-clockwise from +X, in [0,180). Place by this, not by yaw. yaw_deg is the MuJoCo local-frame rotation and its meaning differs between bricks (long side on local X) and blocks (long side on local Y).","every bar uses the wall_10/wall_11 ArUco mounting; wall_9 is excluded (tag rotated 90 deg, 19.0 cm not 19.5)"
easy_048,easy,1push,brick,wall_10,39.2,42.1,178.2,19.5,5.5,10.0,1,7.6,17.7,0.0,37.0,57.7,0.5185,135,one_push,70,45,28,15,17,"long_axis_bearing_deg = bearing of the item's LONG side in world, counter-clockwise from +X, in [0,180). Place by this, not by yaw. yaw_deg is the MuJoCo local-frame rotation and its meaning differs between bricks (long side on local X) and blocks (long side on local Y).","every bar uses the wall_10/wall_11 ArUco mounting; wall_9 is excluded (tag rotated 90 deg, 19.0 cm not 19.5)"
easy_048,easy,1push,block,obj_1,16.3,40.1,12.9,15.0,7.0,4.0,1,7.6,17.7,0.0,37.0,57.7,0.5185,135,one_push,70,45,28,15,17,"long_axis_bearing_deg = bearing of the item's LONG side in world, counter-clockwise from +X, in [0,180). Place by this, not by yaw. yaw_deg is the MuJoCo local-frame rotation and its meaning differs between bricks (long side on local X) and blocks (long side on local Y).","every bar uses the wall_10/wall_11 ArUco mounting; wall_9 is excluded (tag rotated 90 deg, 19.0 cm not 19.5)"
easy_049,easy,1push,brick,wall_10,38.9,31.7,170.2,19.5,5.5,10.0,1,41.9,16.7,0.0,18.2,56.2,0.7071,140,one_push,99,15,28,25,7,"long_axis_bearing_deg = bearing of the item's LONG side in world, counter-clockwise from +X, in [0,180). Place by this, not by yaw. yaw_deg is the MuJoCo local-frame rotation and its meaning differs between bricks (long side on local X) and blocks (long side on local Y).","every bar uses the wall_10/wall_11 ArUco mounting; wall_9 is excluded (tag rotated 90 deg, 19.0 cm not 19.5)"
easy_049,easy,1push,block,obj_4,14.9,30.8,22.0,12.0,7.5,5.0,1,41.9,16.7,0.0,18.2,56.2,0.7071,140,one_push,99,15,28,25,7,"long_axis_bearing_deg = bearing of the item's LONG side in world, counter-clockwise from +X, in [0,180). Place by this, not by yaw. yaw_deg is the MuJoCo local-frame rotation and its meaning differs between bricks (long side on local X) and blocks (long side on local Y).","every bar uses the wall_10/wall_11 ArUco mounting; wall_9 is excluded (tag rotated 90 deg, 19.0 cm not 19.5)"
easy_050,easy,1push,brick,wall_10,10.1,45.9,168.9,19.5,5.5,10.0,2,14.2,29.3,0.0,10.5,59.3,0.3867,75,one_push,29,42,15,18,27,"long_axis_bearing_deg = bearing of the item's LONG side in world, counter-clockwise from +X, in [0,180). Place by this, not by yaw. yaw_deg is the MuJoCo local-frame rotation and its meaning differs between bricks (long side on local X) and blocks (long side on local Y).","every bar uses the wall_10/wall_11 ArUco mounting; wall_9 is excluded (tag rotated 90 deg, 19.0 cm not 19.5)"
easy_050,easy,1push,brick,wall_11,35.2,58.2,108.5,19.5,5.5,10.0,2,14.2,29.3,0.0,10.5,59.3,0.3867,75,one_push,29,42,15,18,27,"long_axis_bearing_deg = bearing of the item's LONG side in world, counter-clockwise from +X, in [0,180). Place by this, not by yaw. yaw_deg is the MuJoCo local-frame rotation and its meaning differs between bricks (long side on local X) and blocks (long side on local Y).","every bar uses the wall_10/wall_11 ArUco mounting; wall_9 is excluded (tag rotated 90 deg, 19.0 cm not 19.5)"
easy_050,easy,1push,block,obj_1,26.3,50.3,104.4,15.0,7.0,4.0,2,14.2,29.3,0.0,10.5,59.3,0.3867,75,one_push,29,42,15,18,27,"long_axis_bearing_deg = bearing of the item's LONG side in world, counter-clockwise from +X, in [0,180). Place by this, not by yaw. yaw_deg is the MuJoCo local-frame rotation and its meaning differs between bricks (long side on local X) and blocks (long side on local Y).","every bar uses the wall_10/wall_11 ArUco mounting; wall_9 is excluded (tag rotated 90 deg, 19.0 cm not 19.5)"
easy_051,easy,1push,brick,wall_10,10.0,40.9,7.1,19.5,5.5,10.0,2,34.1,21.2,0.0,12.3,54.4,0.32,50,one_push,16,27,10,12,38,"long_axis_bearing_deg = bearing of the item's LONG side in world, counter-clockwise from +X, in [0,180). Place by this, not by yaw. yaw_deg is the MuJoCo local-frame rotation and its meaning differs between bricks (long side on local X) and blocks (long side on local Y).","every bar uses the wall_10/wall_11 ArUco mounting; wall_9 is excluded (tag rotated 90 deg, 19.0 cm not 19.5)"
easy_051,easy,1push,brick,wall_11,34.4,48.2,107.9,19.5,5.5,10.0,2,34.1,21.2,0.0,12.3,54.4,0.32,50,one_push,16,27,10,12,38,"long_axis_bearing_deg = bearing of the item's LONG side in world, counter-clockwise from +X, in [0,180). Place by this, not by yaw. yaw_deg is the MuJoCo local-frame rotation and its meaning differs between bricks (long side on local X) and blocks (long side on local Y).","every bar uses the wall_10/wall_11 ArUco mounting; wall_9 is excluded (tag rotated 90 deg, 19.0 cm not 19.5)"
easy_051,easy,1push,block,obj_4,26.5,44.2,110.4,12.0,7.5,5.0,2,34.1,21.2,0.0,12.3,54.4,0.32,50,one_push,16,27,10,12,38,"long_axis_bearing_deg = bearing of the item's LONG side in world, counter-clockwise from +X, in [0,180). Place by this, not by yaw. yaw_deg is the MuJoCo local-frame rotation and its meaning differs between bricks (long side on local X) and blocks (long side on local Y).","every bar uses the wall_10/wall_11 ArUco mounting; wall_9 is excluded (tag rotated 90 deg, 19.0 cm not 19.5)"
easy_052,easy,1push,brick,wall_10,10.1,44.8,170.0,19.5,5.5,10.0,3,22.2,32.4,0.0,12.2,62.6,0.3833,60,one_push,23,28,11,14,35,"long_axis_bearing_deg = bearing of the item's LONG side in world, counter-clockwise from +X, in [0,180). Place by this, not by yaw. yaw_deg is the MuJoCo local-frame rotation and its meaning differs between bricks (long side on local X) and blocks (long side on local Y).","every bar uses the wall_10/wall_11 ArUco mounting; wall_9 is excluded (tag rotated 90 deg, 19.0 cm not 19.5)"
easy_052,easy,1push,brick,wall_11,35.3,57.0,93.9,19.5,5.5,10.0,3,22.2,32.4,0.0,12.2,62.6,0.3833,60,one_push,23,28,11,14,35,"long_axis_bearing_deg = bearing of the item's LONG side in world, counter-clockwise from +X, in [0,180). Place by this, not by yaw. yaw_deg is the MuJoCo local-frame rotation and its meaning differs between bricks (long side on local X) and blocks (long side on local Y).","every bar uses the wall_10/wall_11 ArUco mounting; wall_9 is excluded (tag rotated 90 deg, 19.0 cm not 19.5)"
easy_052,easy,1push,brick,wall_12,35.3,32.1,75.3,19.5,5.5,10.0,3,22.2,32.4,0.0,12.2,62.6,0.3833,60,one_push,23,28,11,14,35,"long_axis_bearing_deg = bearing of the item's LONG side in world, counter-clockwise from +X, in [0,180). Place by this, not by yaw. yaw_deg is the MuJoCo local-frame rotation and its meaning differs between bricks (long side on local X) and blocks (long side on local Y).","every bar uses the wall_10/wall_11 ArUco mounting; wall_9 is excluded (tag rotated 90 deg, 19.0 cm not 19.5)"
easy_052,easy,1push,block,obj_1,27.4,47.5,88.2,15.0,7.0,4.0,3,22.2,32.4,0.0,12.2,62.6,0.3833,60,one_push,23,28,11,14,35,"long_axis_bearing_deg = bearing of the item's LONG side in world, counter-clockwise from +X, in [0,180). Place by this, not by yaw. yaw_deg is the MuJoCo local-frame rotation and its meaning differs between bricks (long side on local X) and blocks (long side on local Y).","every bar uses the wall_10/wall_11 ArUco mounting; wall_9 is excluded (tag rotated 90 deg, 19.0 cm not 19.5)"
easy_053,easy,1push,brick,wall_10,38.9,31.4,9.2,19.5,5.5,10.0,3,34.7,15.5,0.0,42.9,61.2,0.4364,55,one_push,24,22,10,12,38,"long_axis_bearing_deg = bearing of the item's LONG side in world, counter-clockwise from +X, in [0,180). Place by this, not by yaw. yaw_deg is the MuJoCo local-frame rotation and its meaning differs between bricks (long side on local X) and blocks (long side on local Y).","every bar uses the wall_10/wall_11 ArUco mounting; wall_9 is excluded (tag rotated 90 deg, 19.0 cm not 19.5)"
easy_053,easy,1push,brick,wall_11,12.9,44.1,94.7,19.5,5.5,10.0,3,34.7,15.5,0.0,42.9,61.2,0.4364,55,one_push,24,22,10,12,38,"long_axis_bearing_deg = bearing of the item's LONG side in world, counter-clockwise from +X, in [0,180). Place by this, not by yaw. yaw_deg is the MuJoCo local-frame rotation and its meaning differs between bricks (long side on local X) and blocks (long side on local Y).","every bar uses the wall_10/wall_11 ArUco mounting; wall_9 is excluded (tag rotated 90 deg, 19.0 cm not 19.5)"
easy_053,easy,1push,brick,wall_12,12.9,22.3,99.3,19.5,5.5,10.0,3,34.7,15.5,0.0,42.9,61.2,0.4364,55,one_push,24,22,10,12,38,"long_axis_bearing_deg = bearing of the item's LONG side in world, counter-clockwise from +X, in [0,180). Place by this, not by yaw. yaw_deg is the MuJoCo local-frame rotation and its meaning differs between bricks (long side on local X) and blocks (long side on local Y).","every bar uses the wall_10/wall_11 ArUco mounting; wall_9 is excluded (tag rotated 90 deg, 19.0 cm not 19.5)"
easy_053,easy,1push,block,obj_4,21.2,32.5,91.8,12.0,7.5,5.0,3,34.7,15.5,0.0,42.9,61.2,0.4364,55,one_push,24,22,10,12,38,"long_axis_bearing_deg = bearing of the item's LONG side in world, counter-clockwise from +X, in [0,180). Place by this, not by yaw. yaw_deg is the MuJoCo local-frame rotation and its meaning differs between bricks (long side on local X) and blocks (long side on local Y).","every bar uses the wall_10/wall_11 ArUco mounting; wall_9 is excluded (tag rotated 90 deg, 19.0 cm not 19.5)"
easy_054,easy,1push,brick,wall_10,38.9,43.3,8.8,19.5,5.5,10.0,1,37.3,31.1,0.0,24.9,69.2,0.54,150,one_push,81,39,28,16,16,"long_axis_bearing_deg = bearing of the item's LONG side in world, counter-clockwise from +X, in [0,180). Place by this, not by yaw. yaw_deg is the MuJoCo local-frame rotation and its meaning differs between bricks (long side on local X) and blocks (long side on local Y).","every bar uses the wall_10/wall_11 ArUco mounting; wall_9 is excluded (tag rotated 90 deg, 19.0 cm not 19.5)"
easy_054,easy,1push,block,obj_1,16.4,40.9,20.3,15.0,7.0,4.0,1,37.3,31.1,0.0,24.9,69.2,0.54,150,one_push,81,39,28,16,16,"long_axis_bearing_deg = bearing of the item's LONG side in world, counter-clockwise from +X, in [0,180). Place by this, not by yaw. yaw_deg is the MuJoCo local-frame rotation and its meaning differs between bricks (long side on local X) and blocks (long side on local Y).","every bar uses the wall_10/wall_11 ArUco mounting; wall_9 is excluded (tag rotated 90 deg, 19.0 cm not 19.5)"
easy_055,easy,1push,brick,wall_10,10.1,39.8,171.0,19.5,5.5,10.0,1,13.2,14.7,0.0,11.4,55.7,0.7143,140,one_push,100,15,28,28,4,"long_axis_bearing_deg = bearing of the item's LONG side in world, counter-clockwise from +X, in [0,180). Place by this, not by yaw. yaw_deg is the MuJoCo local-frame rotation and its meaning differs between bricks (long side on local X) and blocks (long side on local Y).","every bar uses the wall_10/wall_11 ArUco mounting; wall_9 is excluded (tag rotated 90 deg, 19.0 cm not 19.5)"
easy_055,easy,1push,block,obj_4,34.6,37.6,148.5,12.0,7.5,5.0,1,13.2,14.7,0.0,11.4,55.7,0.7143,140,one_push,100,15,28,28,4,"long_axis_bearing_deg = bearing of the item's LONG side in world, counter-clockwise from +X, in [0,180). Place by this, not by yaw. yaw_deg is the MuJoCo local-frame rotation and its meaning differs between bricks (long side on local X) and blocks (long side on local Y).","every bar uses the wall_10/wall_11 ArUco mounting; wall_9 is excluded (tag rotated 90 deg, 19.0 cm not 19.5)"
easy_056,easy,1push,brick,wall_10,39.1,38.6,175.8,19.5,5.5,10.0,2,28.3,14.5,0.0,32.2,60.4,0.4,45,one_push,18,27,9,12,39,"long_axis_bearing_deg = bearing of the item's LONG side in world, counter-clockwise from +X, in [0,180). Place by this, not by yaw. yaw_deg is the MuJoCo local-frame rotation and its meaning differs between bricks (long side on local X) and blocks (long side on local Y).","every bar uses the wall_10/wall_11 ArUco mounting; wall_9 is excluded (tag rotated 90 deg, 19.0 cm not 19.5)"
easy_056,easy,1push,brick,wall_11,14.0,46.2,72.1,19.5,5.5,10.0,2,28.3,14.5,0.0,32.2,60.4,0.4,45,one_push,18,27,9,12,39,"long_axis_bearing_deg = bearing of the item's LONG side in world, counter-clockwise from +X, in [0,180). Place by this, not by yaw. yaw_deg is the MuJoCo local-frame rotation and its meaning differs between bricks (long side on local X) and blocks (long side on local Y).","every bar uses the wall_10/wall_11 ArUco mounting; wall_9 is excluded (tag rotated 90 deg, 19.0 cm not 19.5)"
easy_056,easy,1push,block,obj_1,21.3,43.3,70.4,15.0,7.0,4.0,2,28.3,14.5,0.0,32.2,60.4,0.4,45,one_push,18,27,9,12,39,"long_axis_bearing_deg = bearing of the item's LONG side in world, counter-clockwise from +X, in [0,180). Place by this, not by yaw. yaw_deg is the MuJoCo local-frame rotation and its meaning differs between bricks (long side on local X) and blocks (long side on local Y).","every bar uses the wall_10/wall_11 ArUco mounting; wall_9 is excluded (tag rotated 90 deg, 19.0 cm not 19.5)"
easy_057,easy,1push,brick,wall_10,39.2,45.6,178.2,19.5,5.5,10.0,2,28.2,6.1,0.0,24.6,66.0,0.3273,55,one_push,18,28,12,12,36,"long_axis_bearing_deg = bearing of the item's LONG side in world, counter-clockwise from +X, in [0,180). Place by this, not by yaw. yaw_deg is the MuJoCo local-frame rotation and its meaning differs between bricks (long side on local X) and blocks (long side on local Y).","every bar uses the wall_10/wall_11 ArUco mounting; wall_9 is excluded (tag rotated 90 deg, 19.0 cm not 19.5)"
easy_057,easy,1push,brick,wall_11,13.4,56.7,73.8,19.5,5.5,10.0,2,28.2,6.1,0.0,24.6,66.0,0.3273,55,one_push,18,28,12,12,36,"long_axis_bearing_deg = bearing of the item's LONG side in world, counter-clockwise from +X, in [0,180). Place by this, not by yaw. yaw_deg is the MuJoCo local-frame rotation and its meaning differs between bricks (long side on local X) and blocks (long side on local Y).","every bar uses the wall_10/wall_11 ArUco mounting; wall_9 is excluded (tag rotated 90 deg, 19.0 cm not 19.5)"
easy_057,easy,1push,block,obj_4,22.1,48.8,162.5,12.0,7.5,5.0,2,28.2,6.1,0.0,24.6,66.0,0.3273,55,one_push,18,28,12,12,36,"long_axis_bearing_deg = bearing of the item's LONG side in world, counter-clockwise from +X, in [0,180). Place by this, not by yaw. yaw_deg is the MuJoCo local-frame rotation and its meaning differs between bricks (long side on local X) and blocks (long side on local Y).","every bar uses the wall_10/wall_11 ArUco mounting; wall_9 is excluded (tag rotated 90 deg, 19.0 cm not 19.5)"
easy_058,easy,1push,brick,wall_10,39.0,47.6,174.4,19.5,5.5,10.0,3,12.2,8.2,0.0,32.6,64.3,0.4,40,one_push,16,24,8,15,37,"long_axis_bearing_deg = bearing of the item's LONG side in world, counter-clockwise from +X, in [0,180). Place by this, not by yaw. yaw_deg is the MuJoCo local-frame rotation and its meaning differs between bricks (long side on local X) and blocks (long side on local Y).","every bar uses the wall_10/wall_11 ArUco mounting; wall_9 is excluded (tag rotated 90 deg, 19.0 cm not 19.5)"
easy_058,easy,1push,brick,wall_11,13.8,58.6,74.8,19.5,5.5,10.0,3,12.2,8.2,0.0,32.6,64.3,0.4,40,one_push,16,24,8,15,37,"long_axis_bearing_deg = bearing of the item's LONG side in world, counter-clockwise from +X, in [0,180). Place by this, not by yaw. yaw_deg is the MuJoCo local-frame rotation and its meaning differs between bricks (long side on local X) and blocks (long side on local Y).","every bar uses the wall_10/wall_11 ArUco mounting; wall_9 is excluded (tag rotated 90 deg, 19.0 cm not 19.5)"
easy_058,easy,1push,brick,wall_12,13.8,36.5,89.0,19.5,5.5,10.0,3,12.2,8.2,0.0,32.6,64.3,0.4,40,one_push,16,24,8,15,37,"long_axis_bearing_deg = bearing of the item's LONG side in world, counter-clockwise from +X, in [0,180). Place by this, not by yaw. yaw_deg is the MuJoCo local-frame rotation and its meaning differs between bricks (long side on local X) and blocks (long side on local Y).","every bar uses the wall_10/wall_11 ArUco mounting; wall_9 is excluded (tag rotated 90 deg, 19.0 cm not 19.5)"
easy_058,easy,1push,block,obj_1,22.6,52.6,81.6,15.0,7.0,4.0,3,12.2,8.2,0.0,32.6,64.3,0.4,40,one_push,16,24,8,15,37,"long_axis_bearing_deg = bearing of the item's LONG side in world, counter-clockwise from +X, in [0,180). Place by this, not by yaw. yaw_deg is the MuJoCo local-frame rotation and its meaning differs between bricks (long side on local X) and blocks (long side on local Y).","every bar uses the wall_10/wall_11 ArUco mounting; wall_9 is excluded (tag rotated 90 deg, 19.0 cm not 19.5)"
easy_059,easy,1push,brick,wall_10,39.1,32.5,176.0,19.5,5.5,10.0,3,34.6,6.1,0.0,15.4,59.9,0.4462,65,one_push,29,26,13,13,34,"long_axis_bearing_deg = bearing of the item's LONG side in world, counter-clockwise from +X, in [0,180). Place by this, not by yaw. yaw_deg is the MuJoCo local-frame rotation and its meaning differs between bricks (long side on local X) and blocks (long side on local Y).","every bar uses the wall_10/wall_11 ArUco mounting; wall_9 is excluded (tag rotated 90 deg, 19.0 cm not 19.5)"
easy_059,easy,1push,brick,wall_11,13.7,42.9,84.7,19.5,5.5,10.0,3,34.6,6.1,0.0,15.4,59.9,0.4462,65,one_push,29,26,13,13,34,"long_axis_bearing_deg = bearing of the item's LONG side in world, counter-clockwise from +X, in [0,180). Place by this, not by yaw. yaw_deg is the MuJoCo local-frame rotation and its meaning differs between bricks (long side on local X) and blocks (long side on local Y).","every bar uses the wall_10/wall_11 ArUco mounting; wall_9 is excluded (tag rotated 90 deg, 19.0 cm not 19.5)"
easy_059,easy,1push,brick,wall_12,13.7,19.6,106.8,19.5,5.5,10.0,3,34.6,6.1,0.0,15.4,59.9,0.4462,65,one_push,29,26,13,13,34,"long_axis_bearing_deg = bearing of the item's LONG side in world, counter-clockwise from +X, in [0,180). Place by this, not by yaw. yaw_deg is the MuJoCo local-frame rotation and its meaning differs between bricks (long side on local X) and blocks (long side on local Y).","every bar uses the wall_10/wall_11 ArUco mounting; wall_9 is excluded (tag rotated 90 deg, 19.0 cm not 19.5)"
easy_059,easy,1push,block,obj_4,21.9,36.6,87.1,12.0,7.5,5.0,3,34.6,6.1,0.0,15.4,59.9,0.4462,65,one_push,29,26,13,13,34,"long_axis_bearing_deg = bearing of the item's LONG side in world, counter-clockwise from +X, in [0,180). Place by this, not by yaw. yaw_deg is the MuJoCo local-frame rotation and its meaning differs between bricks (long side on local X) and blocks (long side on local Y).","every bar uses the wall_10/wall_11 ArUco mounting; wall_9 is excluded (tag rotated 90 deg, 19.0 cm not 19.5)"
easy_060,easy,1push,brick,wall_10,10.0,41.9,172.3,19.5,5.5,10.0,1,28.5,12.5,0.0,22.0,68.9,0.55,120,one_push,66,39,24,15,21,"long_axis_bearing_deg = bearing of the item's LONG side in world, counter-clockwise from +X, in [0,180). Place by this, not by yaw. yaw_deg is the MuJoCo local-frame rotation and its meaning differs between bricks (long side on local X) and blocks (long side on local Y).","every bar uses the wall_10/wall_11 ArUco mounting; wall_9 is excluded (tag rotated 90 deg, 19.0 cm not 19.5)"
easy_060,easy,1push,block,obj_1,35.3,40.1,14.6,15.0,7.0,4.0,1,28.5,12.5,0.0,22.0,68.9,0.55,120,one_push,66,39,24,15,21,"long_axis_bearing_deg = bearing of the item's LONG side in world, counter-clockwise from +X, in [0,180). Place by this, not by yaw. yaw_deg is the MuJoCo local-frame rotation and its meaning differs between bricks (long side on local X) and blocks (long side on local Y).","every bar uses the wall_10/wall_11 ArUco mounting; wall_9 is excluded (tag rotated 90 deg, 19.0 cm not 19.5)"
easy_061,easy,1push,brick,wall_10,39.0,47.6,174.5,19.5,5.5,10.0,1,23.7,17.6,0.0,21.3,71.1,0.725,120,one_push,87,18,26,25,9,"long_axis_bearing_deg = bearing of the item's LONG side in world, counter-clockwise from +X, in [0,180). Place by this, not by yaw. yaw_deg is the MuJoCo local-frame rotation and its meaning differs between bricks (long side on local X) and blocks (long side on local Y).","every bar uses the wall_10/wall_11 ArUco mounting; wall_9 is excluded (tag rotated 90 deg, 19.0 cm not 19.5)"
easy_061,easy,1push,block,obj_4,14.6,44.5,16.9,12.0,7.5,5.0,1,23.7,17.6,0.0,21.3,71.1,0.725,120,one_push,87,18,26,25,9,"long_axis_bearing_deg = bearing of the item's LONG side in world, counter-clockwise from +X, in [0,180). Place by this, not by yaw. yaw_deg is the MuJoCo local-frame rotation and its meaning differs between bricks (long side on local X) and blocks (long side on local Y).","every bar uses the wall_10/wall_11 ArUco mounting; wall_9 is excluded (tag rotated 90 deg, 19.0 cm not 19.5)"
easy_062,easy,1push,brick,wall_10,10.1,53.4,39.4,19.5,5.5,10.0,2,26.0,6.4,0.0,24.8,65.3,0.5,120,one_push,60,50,24,19,17,"long_axis_bearing_deg = bearing of the item's LONG side in world, counter-clockwise from +X, in [0,180). Place by this, not by yaw. yaw_deg is the MuJoCo local-frame rotation and its meaning differs between bricks (long side on local X) and blocks (long side on local Y).","every bar uses the wall_10/wall_11 ArUco mounting; wall_9 is excluded (tag rotated 90 deg, 19.0 cm not 19.5)"
easy_062,easy,1push,brick,wall_11,19.1,45.8,14.7,19.5,5.5,10.0,2,26.0,6.4,0.0,24.8,65.3,0.5,120,one_push,60,50,24,19,17,"long_axis_bearing_deg = bearing of the item's LONG side in world, counter-clockwise from +X, in [0,180). Place by this, not by yaw. yaw_deg is the MuJoCo local-frame rotation and its meaning differs between bricks (long side on local X) and blocks (long side on local Y).","every bar uses the wall_10/wall_11 ArUco mounting; wall_9 is excluded (tag rotated 90 deg, 19.0 cm not 19.5)"
easy_062,easy,1push,block,obj_1,36.9,49.7,78.2,15.0,7.0,4.0,2,26.0,6.4,0.0,24.8,65.3,0.5,120,one_push,60,50,24,19,17,"long_axis_bearing_deg = bearing of the item's LONG side in world, counter-clockwise from +X, in [0,180). Place by this, not by yaw. yaw_deg is the MuJoCo local-frame rotation and its meaning differs between bricks (long side on local X) and blocks (long side on local Y).","every bar uses the wall_10/wall_11 ArUco mounting; wall_9 is excluded (tag rotated 90 deg, 19.0 cm not 19.5)"
easy_063,easy,1push,brick,wall_10,38.9,42.3,168.3,19.5,5.5,10.0,2,6.7,30.7,0.0,26.2,56.3,0.3273,55,one_push,18,30,12,15,33,"long_axis_bearing_deg = bearing of the item's LONG side in world, counter-clockwise from +X, in [0,180). Place by this, not by yaw. yaw_deg is the MuJoCo local-frame rotation and its meaning differs between bricks (long side on local X) and blocks (long side on local Y).","every bar uses the wall_10/wall_11 ArUco mounting; wall_9 is excluded (tag rotated 90 deg, 19.0 cm not 19.5)"
easy_063,easy,1push,brick,wall_11,13.7,51.2,75.6,19.5,5.5,10.0,2,6.7,30.7,0.0,26.2,56.3,0.3273,55,one_push,18,30,12,15,33,"long_axis_bearing_deg = bearing of the item's LONG side in world, counter-clockwise from +X, in [0,180). Place by this, not by yaw. yaw_deg is the MuJoCo local-frame rotation and its meaning differs between bricks (long side on local X) and blocks (long side on local Y).","every bar uses the wall_10/wall_11 ArUco mounting; wall_9 is excluded (tag rotated 90 deg, 19.0 cm not 19.5)"
easy_063,easy,1push,block,obj_4,23.2,46.5,67.0,12.0,7.5,5.0,2,6.7,30.7,0.0,26.2,56.3,0.3273,55,one_push,18,30,12,15,33,"long_axis_bearing_deg = bearing of the item's LONG side in world, counter-clockwise from +X, in [0,180). Place by this, not by yaw. yaw_deg is the MuJoCo local-frame rotation and its meaning differs between bricks (long side on local X) and blocks (long side on local Y).","every bar uses the wall_10/wall_11 ArUco mounting; wall_9 is excluded (tag rotated 90 deg, 19.0 cm not 19.5)"
easy_064,easy,1push,brick,wall_10,38.9,46.5,8.7,19.5,5.5,10.0,3,26.9,24.4,0.0,42.0,62.0,0.4286,35,one_push,15,15,7,17,36,"long_axis_bearing_deg = bearing of the item's LONG side in world, counter-clockwise from +X, in [0,180). Place by this, not by yaw. yaw_deg is the MuJoCo local-frame rotation and its meaning differs between bricks (long side on local X) and blocks (long side on local Y).","every bar uses the wall_10/wall_11 ArUco mounting; wall_9 is excluded (tag rotated 90 deg, 19.0 cm not 19.5)"
easy_064,easy,1push,brick,wall_11,13.3,59.1,81.7,19.5,5.5,10.0,3,26.9,24.4,0.0,42.0,62.0,0.4286,35,one_push,15,15,7,17,36,"long_axis_bearing_deg = bearing of the item's LONG side in world, counter-clockwise from +X, in [0,180). Place by this, not by yaw. yaw_deg is the MuJoCo local-frame rotation and its meaning differs between bricks (long side on local X) and blocks (long side on local Y).","every bar uses the wall_10/wall_11 ArUco mounting; wall_9 is excluded (tag rotated 90 deg, 19.0 cm not 19.5)"
easy_064,easy,1push,brick,wall_12,13.3,33.6,96.9,19.5,5.5,10.0,3,26.9,24.4,0.0,42.0,62.0,0.4286,35,one_push,15,15,7,17,36,"long_axis_bearing_deg = bearing of the item's LONG side in world, counter-clockwise from +X, in [0,180). Place by this, not by yaw. yaw_deg is the MuJoCo local-frame rotation and its meaning differs between bricks (long side on local X) and blocks (long side on local Y).","every bar uses the wall_10/wall_11 ArUco mounting; wall_9 is excluded (tag rotated 90 deg, 19.0 cm not 19.5)"
easy_064,easy,1push,block,obj_1,21.1,50.6,81.8,15.0,7.0,4.0,3,26.9,24.4,0.0,42.0,62.0,0.4286,35,one_push,15,15,7,17,36,"long_axis_bearing_deg = bearing of the item's LONG side in world, counter-clockwise from +X, in [0,180). Place by this, not by yaw. yaw_deg is the MuJoCo local-frame rotation and its meaning differs between bricks (long side on local X) and blocks (long side on local Y).","every bar uses the wall_10/wall_11 ArUco mounting; wall_9 is excluded (tag rotated 90 deg, 19.0 cm not 19.5)"
easy_065,easy,1push,brick,wall_10,39.0,40.6,5.9,19.5,5.5,10.0,3,7.3,6.4,0.0,6.3,62.7,0.45,20,one_push,9,11,4,12,44,"long_axis_bearing_deg = bearing of the item's LONG side in world, counter-clockwise from +X, in [0,180). Place by this, not by yaw. yaw_deg is the MuJoCo local-frame rotation and its meaning differs between bricks (long side on local X) and blocks (long side on local Y).","every bar uses the wall_10/wall_11 ArUco mounting; wall_9 is excluded (tag rotated 90 deg, 19.0 cm not 19.5)"
easy_065,easy,1push,brick,wall_11,13.7,51.7,75.0,19.5,5.5,10.0,3,7.3,6.4,0.0,6.3,62.7,0.45,20,one_push,9,11,4,12,44,"long_axis_bearing_deg = bearing of the item's LONG side in world, counter-clockwise from +X, in [0,180). Place by this, not by yaw. yaw_deg is the MuJoCo local-frame rotation and its meaning differs between bricks (long side on local X) and blocks (long side on local Y).","every bar uses the wall_10/wall_11 ArUco mounting; wall_9 is excluded (tag rotated 90 deg, 19.0 cm not 19.5)"
easy_065,easy,1push,brick,wall_12,13.7,28.5,86.8,19.5,5.5,10.0,3,7.3,6.4,0.0,6.3,62.7,0.45,20,one_push,9,11,4,12,44,"long_axis_bearing_deg = bearing of the item's LONG side in world, counter-clockwise from +X, in [0,180). Place by this, not by yaw. yaw_deg is the MuJoCo local-frame rotation and its meaning differs between bricks (long side on local X) and blocks (long side on local Y).","every bar uses the wall_10/wall_11 ArUco mounting; wall_9 is excluded (tag rotated 90 deg, 19.0 cm not 19.5)"
easy_065,easy,1push,block,obj_4,20.3,44.6,83.3,12.0,7.5,5.0,3,7.3,6.4,0.0,6.3,62.7,0.45,20,one_push,9,11,4,12,44,"long_axis_bearing_deg = bearing of the item's LONG side in world, counter-clockwise from +X, in [0,180). Place by this, not by yaw. yaw_deg is the MuJoCo local-frame rotation and its meaning differs between bricks (long side on local X) and blocks (long side on local Y).","every bar uses the wall_10/wall_11 ArUco mounting; wall_9 is excluded (tag rotated 90 deg, 19.0 cm not 19.5)"
easy_066,easy,1push,brick,wall_10,39.0,40.1,174.8,19.5,5.5,10.0,1,31.3,22.4,0.0,10.1,66.7,0.55,140,one_push,77,33,27,15,18,"long_axis_bearing_deg = bearing of the item's LONG side in world, counter-clockwise from +X, in [0,180). Place by this, not by yaw. yaw_deg is the MuJoCo local-frame rotation and its meaning differs between bricks (long side on local X) and blocks (long side on local Y).","every bar uses the wall_10/wall_11 ArUco mounting; wall_9 is excluded (tag rotated 90 deg, 19.0 cm not 19.5)"
easy_066,easy,1push,block,obj_1,16.4,40.2,19.4,15.0,7.0,4.0,1,31.3,22.4,0.0,10.1,66.7,0.55,140,one_push,77,33,27,15,18,"long_axis_bearing_deg = bearing of the item's LONG side in world, counter-clockwise from +X, in [0,180). Place by this, not by yaw. yaw_deg is the MuJoCo local-frame rotation and its meaning differs between bricks (long side on local X) and blocks (long side on local Y).","every bar uses the wall_10/wall_11 ArUco mounting; wall_9 is excluded (tag rotated 90 deg, 19.0 cm not 19.5)"
easy_067,easy,1push,brick,wall_10,38.9,31.4,170.8,19.5,5.5,10.0,1,37.6,11.3,0.0,23.8,46.5,0.725,120,one_push,87,18,25,24,11,"long_axis_bearing_deg = bearing of the item's LONG side in world, counter-clockwise from +X, in [0,180). Place by this, not by yaw. yaw_deg is the MuJoCo local-frame rotation and its meaning differs between bricks (long side on local X) and blocks (long side on local Y).","every bar uses the wall_10/wall_11 ArUco mounting; wall_9 is excluded (tag rotated 90 deg, 19.0 cm not 19.5)"
easy_067,easy,1push,block,obj_4,14.4,27.7,15.7,12.0,7.5,5.0,1,37.6,11.3,0.0,23.8,46.5,0.725,120,one_push,87,18,25,24,11,"long_axis_bearing_deg = bearing of the item's LONG side in world, counter-clockwise from +X, in [0,180). Place by this, not by yaw. yaw_deg is the MuJoCo local-frame rotation and its meaning differs between bricks (long side on local X) and blocks (long side on local Y).","every bar uses the wall_10/wall_11 ArUco mounting; wall_9 is excluded (tag rotated 90 deg, 19.0 cm not 19.5)"
easy_068,easy,1push,brick,wall_10,11.8,35.2,144.8,19.5,5.5,10.0,2,29.2,8.6,0.0,15.6,68.2,0.5083,120,one_push,61,54,24,19,17,"long_axis_bearing_deg = bearing of the item's LONG side in world, counter-clockwise from +X, in [0,180). Place by this, not by yaw. yaw_deg is the MuJoCo local-frame rotation and its meaning differs between bricks (long side on local X) and blocks (long side on local Y).","every bar uses the wall_10/wall_11 ArUco mounting; wall_9 is excluded (tag rotated 90 deg, 19.0 cm not 19.5)"
easy_068,easy,1push,brick,wall_11,17.2,46.8,161.3,19.5,5.5,10.0,2,29.2,8.6,0.0,15.6,68.2,0.5083,120,one_push,61,54,24,19,17,"long_axis_bearing_deg = bearing of the item's LONG side in world, counter-clockwise from +X, in [0,180). Place by this, not by yaw. yaw_deg is the MuJoCo local-frame rotation and its meaning differs between bricks (long side on local X) and blocks (long side on local Y).","every bar uses the wall_10/wall_11 ArUco mounting; wall_9 is excluded (tag rotated 90 deg, 19.0 cm not 19.5)"
easy_068,easy,1push,block,obj_1,37.0,43.4,72.6,15.0,7.0,4.0,2,29.2,8.6,0.0,15.6,68.2,0.5083,120,one_push,61,54,24,19,17,"long_axis_bearing_deg = bearing of the item's LONG side in world, counter-clockwise from +X, in [0,180). Place by this, not by yaw. yaw_deg is the MuJoCo local-frame rotation and its meaning differs between bricks (long side on local X) and blocks (long side on local Y).","every bar uses the wall_10/wall_11 ArUco mounting; wall_9 is excluded (tag rotated 90 deg, 19.0 cm not 19.5)"
easy_069,easy,1push,brick,wall_10,13.9,41.7,131.6,19.5,5.5,10.0,2,6.5,17.7,0.0,15.9,65.5,0.3333,150,one_push,50,39,30,11,19,"long_axis_bearing_deg = bearing of the item's LONG side in world, counter-clockwise from +X, in [0,180). Place by this, not by yaw. yaw_deg is the MuJoCo local-frame rotation and its meaning differs between bricks (long side on local X) and blocks (long side on local Y).","every bar uses the wall_10/wall_11 ArUco mounting; wall_9 is excluded (tag rotated 90 deg, 19.0 cm not 19.5)"
easy_069,easy,1push,brick,wall_11,24.1,53.3,41.4,19.5,5.5,10.0,2,6.5,17.7,0.0,15.9,65.5,0.3333,150,one_push,50,39,30,11,19,"long_axis_bearing_deg = bearing of the item's LONG side in world, counter-clockwise from +X, in [0,180). Place by this, not by yaw. yaw_deg is the MuJoCo local-frame rotation and its meaning differs between bricks (long side on local X) and blocks (long side on local Y).","every bar uses the wall_10/wall_11 ArUco mounting; wall_9 is excluded (tag rotated 90 deg, 19.0 cm not 19.5)"
easy_069,easy,1push,block,obj_4,40.2,44.1,167.9,12.0,7.5,5.0,2,6.5,17.7,0.0,15.9,65.5,0.3333,150,one_push,50,39,30,11,19,"long_axis_bearing_deg = bearing of the item's LONG side in world, counter-clockwise from +X, in [0,180). Place by this, not by yaw. yaw_deg is the MuJoCo local-frame rotation and its meaning differs between bricks (long side on local X) and blocks (long side on local Y).","every bar uses the wall_10/wall_11 ArUco mounting; wall_9 is excluded (tag rotated 90 deg, 19.0 cm not 19.5)"
easy_070,easy,1push,brick,wall_10,38.9,39.7,9.5,19.5,5.5,10.0,3,28.0,24.6,0.0,34.4,54.7,0.4364,55,one_push,24,20,11,18,31,"long_axis_bearing_deg = bearing of the item's LONG side in world, counter-clockwise from +X, in [0,180). Place by this, not by yaw. yaw_deg is the MuJoCo local-frame rotation and its meaning differs between bricks (long side on local X) and blocks (long side on local Y).","every bar uses the wall_10/wall_11 ArUco mounting; wall_9 is excluded (tag rotated 90 deg, 19.0 cm not 19.5)"
easy_070,easy,1push,brick,wall_11,13.5,51.2,92.6,19.5,5.5,10.0,3,28.0,24.6,0.0,34.4,54.7,0.4364,55,one_push,24,20,11,18,31,"long_axis_bearing_deg = bearing of the item's LONG side in world, counter-clockwise from +X, in [0,180). Place by this, not by yaw. yaw_deg is the MuJoCo local-frame rotation and its meaning differs between bricks (long side on local X) and blocks (long side on local Y).","every bar uses the wall_10/wall_11 ArUco mounting; wall_9 is excluded (tag rotated 90 deg, 19.0 cm not 19.5)"
easy_070,easy,1push,brick,wall_12,13.5,28.4,106.2,19.5,5.5,10.0,3,28.0,24.6,0.0,34.4,54.7,0.4364,55,one_push,24,20,11,18,31,"long_axis_bearing_deg = bearing of the item's LONG side in world, counter-clockwise from +X, in [0,180). Place by this, not by yaw. yaw_deg is the MuJoCo local-frame rotation and its meaning differs between bricks (long side on local X) and blocks (long side on local Y).","every bar uses the wall_10/wall_11 ArUco mounting; wall_9 is excluded (tag rotated 90 deg, 19.0 cm not 19.5)"
easy_070,easy,1push,block,obj_1,23.0,44.1,96.3,15.0,7.0,4.0,3,28.0,24.6,0.0,34.4,54.7,0.4364,55,one_push,24,20,11,18,31,"long_axis_bearing_deg = bearing of the item's LONG side in world, counter-clockwise from +X, in [0,180). Place by this, not by yaw. yaw_deg is the MuJoCo local-frame rotation and its meaning differs between bricks (long side on local X) and blocks (long side on local Y).","every bar uses the wall_10/wall_11 ArUco mounting; wall_9 is excluded (tag rotated 90 deg, 19.0 cm not 19.5)"
easy_071,easy,1push,brick,wall_10,39.1,48.0,2.3,19.5,5.5,10.0,3,35.0,16.2,0.0,28.1,65.5,0.5,50,one_push,25,18,10,14,36,"long_axis_bearing_deg = bearing of the item's LONG side in world, counter-clockwise from +X, in [0,180). Place by this, not by yaw. yaw_deg is the MuJoCo local-frame rotation and its meaning differs between bricks (long side on local X) and blocks (long side on local Y).","every bar uses the wall_10/wall_11 ArUco mounting; wall_9 is excluded (tag rotated 90 deg, 19.0 cm not 19.5)"
easy_071,easy,1push,brick,wall_11,13.6,60.4,84.8,19.5,5.5,10.0,3,35.0,16.2,0.0,28.1,65.5,0.5,50,one_push,25,18,10,14,36,"long_axis_bearing_deg = bearing of the item's LONG side in world, counter-clockwise from +X, in [0,180). Place by this, not by yaw. yaw_deg is the MuJoCo local-frame rotation and its meaning differs between bricks (long side on local X) and blocks (long side on local Y).","every bar uses the wall_10/wall_11 ArUco mounting; wall_9 is excluded (tag rotated 90 deg, 19.0 cm not 19.5)"
easy_071,easy,1push,brick,wall_12,13.6,39.3,107.8,19.5,5.5,10.0,3,35.0,16.2,0.0,28.1,65.5,0.5,50,one_push,25,18,10,14,36,"long_axis_bearing_deg = bearing of the item's LONG side in world, counter-clockwise from +X, in [0,180). Place by this, not by yaw. yaw_deg is the MuJoCo local-frame rotation and its meaning differs between bricks (long side on local X) and blocks (long side on local Y).","every bar uses the wall_10/wall_11 ArUco mounting; wall_9 is excluded (tag rotated 90 deg, 19.0 cm not 19.5)"
easy_071,easy,1push,block,obj_4,21.7,51.9,90.8,12.0,7.5,5.0,3,35.0,16.2,0.0,28.1,65.5,0.5,50,one_push,25,18,10,14,36,"long_axis_bearing_deg = bearing of the item's LONG side in world, counter-clockwise from +X, in [0,180). Place by this, not by yaw. yaw_deg is the MuJoCo local-frame rotation and its meaning differs between bricks (long side on local X) and blocks (long side on local Y).","every bar uses the wall_10/wall_11 ArUco mounting; wall_9 is excluded (tag rotated 90 deg, 19.0 cm not 19.5)"
easy_072,easy,1push,brick,wall_10,39.0,32.4,174.8,19.5,5.5,10.0,1,26.8,17.4,0.0,11.5,66.9,0.5533,150,one_push,83,42,30,15,15,"long_axis_bearing_deg = bearing of the item's LONG side in world, counter-clockwise from +X, in [0,180). Place by this, not by yaw. yaw_deg is the MuJoCo local-frame rotation and its meaning differs between bricks (long side on local X) and blocks (long side on local Y).","every bar uses the wall_10/wall_11 ArUco mounting; wall_9 is excluded (tag rotated 90 deg, 19.0 cm not 19.5)"
easy_072,easy,1push,block,obj_1,16.5,30.5,17.9,15.0,7.0,4.0,1,26.8,17.4,0.0,11.5,66.9,0.5533,150,one_push,83,42,30,15,15,"long_axis_bearing_deg = bearing of the item's LONG side in world, counter-clockwise from +X, in [0,180). Place by this, not by yaw. yaw_deg is the MuJoCo local-frame rotation and its meaning differs between bricks (long side on local X) and blocks (long side on local Y).","every bar uses the wall_10/wall_11 ArUco mounting; wall_9 is excluded (tag rotated 90 deg, 19.0 cm not 19.5)"
easy_073,easy,1push,brick,wall_10,39.0,33.6,7.0,19.5,5.5,10.0,1,26.6,7.0,0.0,27.8,55.3,0.731,145,one_push,106,16,30,22,8,"long_axis_bearing_deg = bearing of the item's LONG side in world, counter-clockwise from +X, in [0,180). Place by this, not by yaw. yaw_deg is the MuJoCo local-frame rotation and its meaning differs between bricks (long side on local X) and blocks (long side on local Y).","every bar uses the wall_10/wall_11 ArUco mounting; wall_9 is excluded (tag rotated 90 deg, 19.0 cm not 19.5)"
easy_073,easy,1push,block,obj_4,15.2,35.2,15.6,12.0,7.5,5.0,1,26.6,7.0,0.0,27.8,55.3,0.731,145,one_push,106,16,30,22,8,"long_axis_bearing_deg = bearing of the item's LONG side in world, counter-clockwise from +X, in [0,180). Place by this, not by yaw. yaw_deg is the MuJoCo local-frame rotation and its meaning differs between bricks (long side on local X) and blocks (long side on local Y).","every bar uses the wall_10/wall_11 ArUco mounting; wall_9 is excluded (tag rotated 90 deg, 19.0 cm not 19.5)"
easy_074,easy,1push,brick,wall_10,12.5,35.3,46.2,19.5,5.5,10.0,2,24.1,19.5,0.0,26.5,55.8,0.6571,140,one_push,92,42,28,15,17,"long_axis_bearing_deg = bearing of the item's LONG side in world, counter-clockwise from +X, in [0,180). Place by this, not by yaw. yaw_deg is the MuJoCo local-frame rotation and its meaning differs between bricks (long side on local X) and blocks (long side on local Y).","every bar uses the wall_10/wall_11 ArUco mounting; wall_9 is excluded (tag rotated 90 deg, 19.0 cm not 19.5)"
easy_074,easy,1push,brick,wall_11,12.5,25.4,37.8,19.5,5.5,10.0,2,24.1,19.5,0.0,26.5,55.8,0.6571,140,one_push,92,42,28,15,17,"long_axis_bearing_deg = bearing of the item's LONG side in world, counter-clockwise from +X, in [0,180). Place by this, not by yaw. yaw_deg is the MuJoCo local-frame rotation and its meaning differs between bricks (long side on local X) and blocks (long side on local Y).","every bar uses the wall_10/wall_11 ArUco mounting; wall_9 is excluded (tag rotated 90 deg, 19.0 cm not 19.5)"
easy_074,easy,1push,block,obj_1,31.5,27.8,148.2,15.0,7.0,4.0,2,24.1,19.5,0.0,26.5,55.8,0.6571,140,one_push,92,42,28,15,17,"long_axis_bearing_deg = bearing of the item's LONG side in world, counter-clockwise from +X, in [0,180). Place by this, not by yaw. yaw_deg is the MuJoCo local-frame rotation and its meaning differs between bricks (long side on local X) and blocks (long side on local Y).","every bar uses the wall_10/wall_11 ArUco mounting; wall_9 is excluded (tag rotated 90 deg, 19.0 cm not 19.5)"
easy_075,easy,1push,brick,wall_10,39.1,32.2,177.1,19.5,5.5,10.0,2,8.3,6.9,0.0,25.1,70.4,0.3385,65,one_push,22,34,13,14,33,"long_axis_bearing_deg = bearing of the item's LONG side in world, counter-clockwise from +X, in [0,180). Place by this, not by yaw. yaw_deg is the MuJoCo local-frame rotation and its meaning differs between bricks (long side on local X) and blocks (long side on local Y).","every bar uses the wall_10/wall_11 ArUco mounting; wall_9 is excluded (tag rotated 90 deg, 19.0 cm not 19.5)"
easy_075,easy,1push,brick,wall_11,14.7,42.7,70.7,19.5,5.5,10.0,2,8.3,6.9,0.0,25.1,70.4,0.3385,65,one_push,22,34,13,14,33,"long_axis_bearing_deg = bearing of the item's LONG side in world, counter-clockwise from +X, in [0,180). Place by this, not by yaw. yaw_deg is the MuJoCo local-frame rotation and its meaning differs between bricks (long side on local X) and blocks (long side on local Y).","every bar uses the wall_10/wall_11 ArUco mounting; wall_9 is excluded (tag rotated 90 deg, 19.0 cm not 19.5)"
easy_075,easy,1push,block,obj_4,22.6,36.3,66.7,12.0,7.5,5.0,2,8.3,6.9,0.0,25.1,70.4,0.3385,65,one_push,22,34,13,14,33,"long_axis_bearing_deg = bearing of the item's LONG side in world, counter-clockwise from +X, in [0,180). Place by this, not by yaw. yaw_deg is the MuJoCo local-frame rotation and its meaning differs between bricks (long side on local X) and blocks (long side on local Y).","every bar uses the wall_10/wall_11 ArUco mounting; wall_9 is excluded (tag rotated 90 deg, 19.0 cm not 19.5)"
easy_076,easy,1push,brick,wall_10,38.9,40.5,8.7,19.5,5.5,10.0,3,36.6,28.8,0.0,31.8,61.7,0.44,50,one_push,22,26,10,12,38,"long_axis_bearing_deg = bearing of the item's LONG side in world, counter-clockwise from +X, in [0,180). Place by this, not by yaw. yaw_deg is the MuJoCo local-frame rotation and its meaning differs between bricks (long side on local X) and blocks (long side on local Y).","every bar uses the wall_10/wall_11 ArUco mounting; wall_9 is excluded (tag rotated 90 deg, 19.0 cm not 19.5)"
easy_076,easy,1push,brick,wall_11,12.9,52.8,72.0,19.5,5.5,10.0,3,36.6,28.8,0.0,31.8,61.7,0.44,50,one_push,22,26,10,12,38,"long_axis_bearing_deg = bearing of the item's LONG side in world, counter-clockwise from +X, in [0,180). Place by this, not by yaw. yaw_deg is the MuJoCo local-frame rotation and its meaning differs between bricks (long side on local X) and blocks (long side on local Y).","every bar uses the wall_10/wall_11 ArUco mounting; wall_9 is excluded (tag rotated 90 deg, 19.0 cm not 19.5)"
easy_076,easy,1push,brick,wall_12,12.9,28.0,98.1,19.5,5.5,10.0,3,36.6,28.8,0.0,31.8,61.7,0.44,50,one_push,22,26,10,12,38,"long_axis_bearing_deg = bearing of the item's LONG side in world, counter-clockwise from +X, in [0,180). Place by this, not by yaw. yaw_deg is the MuJoCo local-frame rotation and its meaning differs between bricks (long side on local X) and blocks (long side on local Y).","every bar uses the wall_10/wall_11 ArUco mounting; wall_9 is excluded (tag rotated 90 deg, 19.0 cm not 19.5)"
easy_076,easy,1push,block,obj_1,20.6,44.9,89.2,15.0,7.0,4.0,3,36.6,28.8,0.0,31.8,61.7,0.44,50,one_push,22,26,10,12,38,"long_axis_bearing_deg = bearing of the item's LONG side in world, counter-clockwise from +X, in [0,180). Place by this, not by yaw. yaw_deg is the MuJoCo local-frame rotation and its meaning differs between bricks (long side on local X) and blocks (long side on local Y).","every bar uses the wall_10/wall_11 ArUco mounting; wall_9 is excluded (tag rotated 90 deg, 19.0 cm not 19.5)"
easy_077,easy,1push,brick,wall_10,38.9,34.7,11.0,19.5,5.5,10.0,1,9.8,6.5,0.0,25.5,49.4,0.5556,90,one_push,50,24,17,22,21,"long_axis_bearing_deg = bearing of the item's LONG side in world, counter-clockwise from +X, in [0,180). Place by this, not by yaw. yaw_deg is the MuJoCo local-frame rotation and its meaning differs between bricks (long side on local X) and blocks (long side on local Y).","every bar uses the wall_10/wall_11 ArUco mounting; wall_9 is excluded (tag rotated 90 deg, 19.0 cm not 19.5)"
easy_077,easy,1push,block,obj_1,14.8,35.3,15.6,15.0,7.0,4.0,1,9.8,6.5,0.0,25.5,49.4,0.5556,90,one_push,50,24,17,22,21,"long_axis_bearing_deg = bearing of the item's LONG side in world, counter-clockwise from +X, in [0,180). Place by this, not by yaw. yaw_deg is the MuJoCo local-frame rotation and its meaning differs between bricks (long side on local X) and blocks (long side on local Y).","every bar uses the wall_10/wall_11 ArUco mounting; wall_9 is excluded (tag rotated 90 deg, 19.0 cm not 19.5)"
easy_078,easy,1push,brick,wall_10,39.1,35.2,2.5,19.5,5.5,10.0,1,16.1,12.9,0.0,6.5,58.7,0.7333,150,one_push,110,15,30,25,5,"long_axis_bearing_deg = bearing of the item's LONG side in world, counter-clockwise from +X, in [0,180). Place by this, not by yaw. yaw_deg is the MuJoCo local-frame rotation and its meaning differs between bricks (long side on local X) and blocks (long side on local Y).","every bar uses the wall_10/wall_11 ArUco mounting; wall_9 is excluded (tag rotated 90 deg, 19.0 cm not 19.5)"
easy_078,easy,1push,block,obj_4,15.3,34.0,31.1,12.0,7.5,5.0,1,16.1,12.9,0.0,6.5,58.7,0.7333,150,one_push,110,15,30,25,5,"long_axis_bearing_deg = bearing of the item's LONG side in world, counter-clockwise from +X, in [0,180). Place by this, not by yaw. yaw_deg is the MuJoCo local-frame rotation and its meaning differs between bricks (long side on local X) and blocks (long side on local Y).","every bar uses the wall_10/wall_11 ArUco mounting; wall_9 is excluded (tag rotated 90 deg, 19.0 cm not 19.5)"
easy_079,easy,1push,brick,wall_10,10.0,40.6,173.6,19.5,5.5,10.0,2,15.3,15.6,0.0,42.5,60.6,0.3467,75,one_push,26,32,15,13,32,"long_axis_bearing_deg = bearing of the item's LONG side in world, counter-clockwise from +X, in [0,180). Place by this, not by yaw. yaw_deg is the MuJoCo local-frame rotation and its meaning differs between bricks (long side on local X) and blocks (long side on local Y).","every bar uses the wall_10/wall_11 ArUco mounting; wall_9 is excluded (tag rotated 90 deg, 19.0 cm not 19.5)"
easy_079,easy,1push,brick,wall_11,35.3,53.0,108.1,19.5,5.5,10.0,2,15.3,15.6,0.0,42.5,60.6,0.3467,75,one_push,26,32,15,13,32,"long_axis_bearing_deg = bearing of the item's LONG side in world, counter-clockwise from +X, in [0,180). Place by this, not by yaw. yaw_deg is the MuJoCo local-frame rotation and its meaning differs between bricks (long side on local X) and blocks (long side on local Y).","every bar uses the wall_10/wall_11 ArUco mounting; wall_9 is excluded (tag rotated 90 deg, 19.0 cm not 19.5)"
easy_079,easy,1push,block,obj_4,27.9,45.1,93.1,12.0,7.5,5.0,2,15.3,15.6,0.0,42.5,60.6,0.3467,75,one_push,26,32,15,13,32,"long_axis_bearing_deg = bearing of the item's LONG side in world, counter-clockwise from +X, in [0,180). Place by this, not by yaw. yaw_deg is the MuJoCo local-frame rotation and its meaning differs between bricks (long side on local X) and blocks (long side on local Y).","every bar uses the wall_10/wall_11 ArUco mounting; wall_9 is excluded (tag rotated 90 deg, 19.0 cm not 19.5)"
easy_080,easy,1push,brick,wall_10,39.0,44.5,6.4,19.5,5.5,10.0,3,39.3,10.8,0.0,22.6,61.9,0.4889,45,one_push,22,19,10,21,29,"long_axis_bearing_deg = bearing of the item's LONG side in world, counter-clockwise from +X, in [0,180). Place by this, not by yaw. yaw_deg is the MuJoCo local-frame rotation and its meaning differs between bricks (long side on local X) and blocks (long side on local Y).","every bar uses the wall_10/wall_11 ArUco mounting; wall_9 is excluded (tag rotated 90 deg, 19.0 cm not 19.5)"
easy_080,easy,1push,brick,wall_11,14.1,57.2,85.2,19.5,5.5,10.0,3,39.3,10.8,0.0,22.6,61.9,0.4889,45,one_push,22,19,10,21,29,"long_axis_bearing_deg = bearing of the item's LONG side in world, counter-clockwise from +X, in [0,180). Place by this, not by yaw. yaw_deg is the MuJoCo local-frame rotation and its meaning differs between bricks (long side on local X) and blocks (long side on local Y).","every bar uses the wall_10/wall_11 ArUco mounting; wall_9 is excluded (tag rotated 90 deg, 19.0 cm not 19.5)"
easy_080,easy,1push,brick,wall_12,14.1,35.7,109.7,19.5,5.5,10.0,3,39.3,10.8,0.0,22.6,61.9,0.4889,45,one_push,22,19,10,21,29,"long_axis_bearing_deg = bearing of the item's LONG side in world, counter-clockwise from +X, in [0,180). Place by this, not by yaw. yaw_deg is the MuJoCo local-frame rotation and its meaning differs between bricks (long side on local X) and blocks (long side on local Y).","every bar uses the wall_10/wall_11 ArUco mounting; wall_9 is excluded (tag rotated 90 deg, 19.0 cm not 19.5)"
easy_080,easy,1push,block,obj_1,24.9,49.3,89.3,15.0,7.0,4.0,3,39.3,10.8,0.0,22.6,61.9,0.4889,45,one_push,22,19,10,21,29,"long_axis_bearing_deg = bearing of the item's LONG side in world, counter-clockwise from +X, in [0,180). Place by this, not by yaw. yaw_deg is the MuJoCo local-frame rotation and its meaning differs between bricks (long side on local X) and blocks (long side on local Y).","every bar uses the wall_10/wall_11 ArUco mounting; wall_9 is excluded (tag rotated 90 deg, 19.0 cm not 19.5)"
easy_081,easy,1push,brick,wall_10,39.0,39.1,7.8,19.5,5.5,10.0,1,24.6,22.1,0.0,37.7,56.6,0.56,75,one_push,42,33,15,16,29,"long_axis_bearing_deg = bearing of the item's LONG side in world, counter-clockwise from +X, in [0,180). Place by this, not by yaw. yaw_deg is the MuJoCo local-frame rotation and its meaning differs between bricks (long side on local X) and blocks (long side on local Y).","every bar uses the wall_10/wall_11 ArUco mounting; wall_9 is excluded (tag rotated 90 deg, 19.0 cm not 19.5)"
easy_081,easy,1push,block,obj_1,15.2,41.1,1.8,15.0,7.0,4.0,1,24.6,22.1,0.0,37.7,56.6,0.56,75,one_push,42,33,15,16,29,"long_axis_bearing_deg = bearing of the item's LONG side in world, counter-clockwise from +X, in [0,180). Place by this, not by yaw. yaw_deg is the MuJoCo local-frame rotation and its meaning differs between bricks (long side on local X) and blocks (long side on local Y).","every bar uses the wall_10/wall_11 ArUco mounting; wall_9 is excluded (tag rotated 90 deg, 19.0 cm not 19.5)"
easy_082,easy,1push,brick,wall_10,39.1,41.1,3.0,19.5,5.5,10.0,1,14.7,21.9,0.0,21.2,69.8,0.7333,120,one_push,88,5,24,29,7,"long_axis_bearing_deg = bearing of the item's LONG side in world, counter-clockwise from +X, in [0,180). Place by this, not by yaw. yaw_deg is the MuJoCo local-frame rotation and its meaning differs between bricks (long side on local X) and blocks (long side on local Y).","every bar uses the wall_10/wall_11 ArUco mounting; wall_9 is excluded (tag rotated 90 deg, 19.0 cm not 19.5)"
easy_082,easy,1push,block,obj_4,13.3,40.9,34.0,12.0,7.5,5.0,1,14.7,21.9,0.0,21.2,69.8,0.7333,120,one_push,88,5,24,29,7,"long_axis_bearing_deg = bearing of the item's LONG side in world, counter-clockwise from +X, in [0,180). Place by this, not by yaw. yaw_deg is the MuJoCo local-frame rotation and its meaning differs between bricks (long side on local X) and blocks (long side on local Y).","every bar uses the wall_10/wall_11 ArUco mounting; wall_9 is excluded (tag rotated 90 deg, 19.0 cm not 19.5)"
easy_083,easy,1push,brick,wall_10,38.9,46.4,10.8,19.5,5.5,10.0,2,36.2,27.6,0.0,40.9,60.2,0.3571,70,one_push,25,26,14,18,28,"long_axis_bearing_deg = bearing of the item's LONG side in world, counter-clockwise from +X, in [0,180). Place by this, not by yaw. yaw_deg is the MuJoCo local-frame rotation and its meaning differs between bricks (long side on local X) and blocks (long side on local Y).","every bar uses the wall_10/wall_11 ArUco mounting; wall_9 is excluded (tag rotated 90 deg, 19.0 cm not 19.5)"
easy_083,easy,1push,brick,wall_11,12.9,54.8,73.0,19.5,5.5,10.0,2,36.2,27.6,0.0,40.9,60.2,0.3571,70,one_push,25,26,14,18,28,"long_axis_bearing_deg = bearing of the item's LONG side in world, counter-clockwise from +X, in [0,180). Place by this, not by yaw. yaw_deg is the MuJoCo local-frame rotation and its meaning differs between bricks (long side on local X) and blocks (long side on local Y).","every bar uses the wall_10/wall_11 ArUco mounting; wall_9 is excluded (tag rotated 90 deg, 19.0 cm not 19.5)"
easy_083,easy,1push,block,obj_4,24.0,49.5,83.7,12.0,7.5,5.0,2,36.2,27.6,0.0,40.9,60.2,0.3571,70,one_push,25,26,14,18,28,"long_axis_bearing_deg = bearing of the item's LONG side in world, counter-clockwise from +X, in [0,180). Place by this, not by yaw. yaw_deg is the MuJoCo local-frame rotation and its meaning differs between bricks (long side on local X) and blocks (long side on local Y).","every bar uses the wall_10/wall_11 ArUco mounting; wall_9 is excluded (tag rotated 90 deg, 19.0 cm not 19.5)"
easy_084,easy,1push,brick,wall_10,39.0,47.3,4.9,19.5,5.5,10.0,3,24.1,15.7,0.0,32.1,67.6,0.5778,45,one_push,26,19,9,14,37,"long_axis_bearing_deg = bearing of the item's LONG side in world, counter-clockwise from +X, in [0,180). Place by this, not by yaw. yaw_deg is the MuJoCo local-frame rotation and its meaning differs between bricks (long side on local X) and blocks (long side on local Y).","every bar uses the wall_10/wall_11 ArUco mounting; wall_9 is excluded (tag rotated 90 deg, 19.0 cm not 19.5)"
easy_084,easy,1push,brick,wall_11,13.6,56.8,77.7,19.5,5.5,10.0,3,24.1,15.7,0.0,32.1,67.6,0.5778,45,one_push,26,19,9,14,37,"long_axis_bearing_deg = bearing of the item's LONG side in world, counter-clockwise from +X, in [0,180). Place by this, not by yaw. yaw_deg is the MuJoCo local-frame rotation and its meaning differs between bricks (long side on local X) and blocks (long side on local Y).","every bar uses the wall_10/wall_11 ArUco mounting; wall_9 is excluded (tag rotated 90 deg, 19.0 cm not 19.5)"
easy_084,easy,1push,brick,wall_12,13.6,36.1,92.1,19.5,5.5,10.0,3,24.1,15.7,0.0,32.1,67.6,0.5778,45,one_push,26,19,9,14,37,"long_axis_bearing_deg = bearing of the item's LONG side in world, counter-clockwise from +X, in [0,180). Place by this, not by yaw. yaw_deg is the MuJoCo local-frame rotation and its meaning differs between bricks (long side on local X) and blocks (long side on local Y).","every bar uses the wall_10/wall_11 ArUco mounting; wall_9 is excluded (tag rotated 90 deg, 19.0 cm not 19.5)"
easy_084,easy,1push,block,obj_1,21.5,52.2,86.7,15.0,7.0,4.0,3,24.1,15.7,0.0,32.1,67.6,0.5778,45,one_push,26,19,9,14,37,"long_axis_bearing_deg = bearing of the item's LONG side in world, counter-clockwise from +X, in [0,180). Place by this, not by yaw. yaw_deg is the MuJoCo local-frame rotation and its meaning differs between bricks (long side on local X) and blocks (long side on local Y).","every bar uses the wall_10/wall_11 ArUco mounting; wall_9 is excluded (tag rotated 90 deg, 19.0 cm not 19.5)"
easy_085,easy,1push,brick,wall_10,39.0,32.8,6.9,19.5,5.5,10.0,1,27.5,13.0,0.0,15.7,57.6,0.575,120,one_push,69,28,24,17,19,"long_axis_bearing_deg = bearing of the item's LONG side in world, counter-clockwise from +X, in [0,180). Place by this, not by yaw. yaw_deg is the MuJoCo local-frame rotation and its meaning differs between bricks (long side on local X) and blocks (long side on local Y).","every bar uses the wall_10/wall_11 ArUco mounting; wall_9 is excluded (tag rotated 90 deg, 19.0 cm not 19.5)"
easy_085,easy,1push,block,obj_1,15.1,29.0,27.1,15.0,7.0,4.0,1,27.5,13.0,0.0,15.7,57.6,0.575,120,one_push,69,28,24,17,19,"long_axis_bearing_deg = bearing of the item's LONG side in world, counter-clockwise from +X, in [0,180). Place by this, not by yaw. yaw_deg is the MuJoCo local-frame rotation and its meaning differs between bricks (long side on local X) and blocks (long side on local Y).","every bar uses the wall_10/wall_11 ArUco mounting; wall_9 is excluded (tag rotated 90 deg, 19.0 cm not 19.5)"
easy_086,easy,1push,brick,wall_10,10.0,43.8,172.4,19.5,5.5,10.0,1,42.4,16.4,0.0,22.5,58.7,0.736,125,one_push,92,15,26,27,7,"long_axis_bearing_deg = bearing of the item's LONG side in world, counter-clockwise from +X, in [0,180). Place by this, not by yaw. yaw_deg is the MuJoCo local-frame rotation and its meaning differs between bricks (long side on local X) and blocks (long side on local Y).","every bar uses the wall_10/wall_11 ArUco mounting; wall_9 is excluded (tag rotated 90 deg, 19.0 cm not 19.5)"
easy_086,easy,1push,block,obj_4,34.7,44.0,155.6,12.0,7.5,5.0,1,42.4,16.4,0.0,22.5,58.7,0.736,125,one_push,92,15,26,27,7,"long_axis_bearing_deg = bearing of the item's LONG side in world, counter-clockwise from +X, in [0,180). Place by this, not by yaw. yaw_deg is the MuJoCo local-frame rotation and its meaning differs between bricks (long side on local X) and blocks (long side on local Y).","every bar uses the wall_10/wall_11 ArUco mounting; wall_9 is excluded (tag rotated 90 deg, 19.0 cm not 19.5)"
easy_087,easy,1push,brick,wall_10,39.0,44.4,173.4,19.5,5.5,10.0,2,30.8,8.8,0.0,27.9,63.8,0.36,75,one_push,27,27,15,17,28,"long_axis_bearing_deg = bearing of the item's LONG side in world, counter-clockwise from +X, in [0,180). Place by this, not by yaw. yaw_deg is the MuJoCo local-frame rotation and its meaning differs between bricks (long side on local X) and blocks (long side on local Y).","every bar uses the wall_10/wall_11 ArUco mounting; wall_9 is excluded (tag rotated 90 deg, 19.0 cm not 19.5)"
easy_087,easy,1push,brick,wall_11,13.2,52.3,75.0,19.5,5.5,10.0,2,30.8,8.8,0.0,27.9,63.8,0.36,75,one_push,27,27,15,17,28,"long_axis_bearing_deg = bearing of the item's LONG side in world, counter-clockwise from +X, in [0,180). Place by this, not by yaw. yaw_deg is the MuJoCo local-frame rotation and its meaning differs between bricks (long side on local X) and blocks (long side on local Y).","every bar uses the wall_10/wall_11 ArUco mounting; wall_9 is excluded (tag rotated 90 deg, 19.0 cm not 19.5)"
easy_087,easy,1push,block,obj_4,24.6,49.1,84.7,12.0,7.5,5.0,2,30.8,8.8,0.0,27.9,63.8,0.36,75,one_push,27,27,15,17,28,"long_axis_bearing_deg = bearing of the item's LONG side in world, counter-clockwise from +X, in [0,180). Place by this, not by yaw. yaw_deg is the MuJoCo local-frame rotation and its meaning differs between bricks (long side on local X) and blocks (long side on local Y).","every bar uses the wall_10/wall_11 ArUco mounting; wall_9 is excluded (tag rotated 90 deg, 19.0 cm not 19.5)"
easy_088,easy,1push,brick,wall_10,39.1,44.6,177.0,19.5,5.5,10.0,1,21.5,20.2,0.0,22.6,69.8,0.5769,130,one_push,75,40,26,15,19,"long_axis_bearing_deg = bearing of the item's LONG side in world, counter-clockwise from +X, in [0,180). Place by this, not by yaw. yaw_deg is the MuJoCo local-frame rotation and its meaning differs between bricks (long side on local X) and blocks (long side on local Y).","every bar uses the wall_10/wall_11 ArUco mounting; wall_9 is excluded (tag rotated 90 deg, 19.0 cm not 19.5)"
easy_088,easy,1push,block,obj_1,15.9,41.5,19.5,15.0,7.0,4.0,1,21.5,20.2,0.0,22.6,69.8,0.5769,130,one_push,75,40,26,15,19,"long_axis_bearing_deg = bearing of the item's LONG side in world, counter-clockwise from +X, in [0,180). Place by this, not by yaw. yaw_deg is the MuJoCo local-frame rotation and its meaning differs between bricks (long side on local X) and blocks (long side on local Y).","every bar uses the wall_10/wall_11 ArUco mounting; wall_9 is excluded (tag rotated 90 deg, 19.0 cm not 19.5)"
easy_089,easy,1push,brick,wall_10,38.9,31.9,10.5,19.5,5.5,10.0,1,38.6,10.4,0.0,11.9,46.9,0.736,125,one_push,92,15,26,26,8,"long_axis_bearing_deg = bearing of the item's LONG side in world, counter-clockwise from +X, in [0,180). Place by this, not by yaw. yaw_deg is the MuJoCo local-frame rotation and its meaning differs between bricks (long side on local X) and blocks (long side on local Y).","every bar uses the wall_10/wall_11 ArUco mounting; wall_9 is excluded (tag rotated 90 deg, 19.0 cm not 19.5)"
easy_089,easy,1push,block,obj_4,14.5,34.5,18.9,12.0,7.5,5.0,1,38.6,10.4,0.0,11.9,46.9,0.736,125,one_push,92,15,26,26,8,"long_axis_bearing_deg = bearing of the item's LONG side in world, counter-clockwise from +X, in [0,180). Place by this, not by yaw. yaw_deg is the MuJoCo local-frame rotation and its meaning differs between bricks (long side on local X) and blocks (long side on local Y).","every bar uses the wall_10/wall_11 ArUco mounting; wall_9 is excluded (tag rotated 90 deg, 19.0 cm not 19.5)"
easy_090,easy,1push,brick,wall_10,10.0,42.3,8.1,19.5,5.5,10.0,2,31.6,19.7,0.0,16.3,65.5,0.3867,75,one_push,29,45,15,12,33,"long_axis_bearing_deg = bearing of the item's LONG side in world, counter-clockwise from +X, in [0,180). Place by this, not by yaw. yaw_deg is the MuJoCo local-frame rotation and its meaning differs between bricks (long side on local X) and blocks (long side on local Y).","every bar uses the wall_10/wall_11 ArUco mounting; wall_9 is excluded (tag rotated 90 deg, 19.0 cm not 19.5)"
easy_090,easy,1push,brick,wall_11,35.9,53.7,107.9,19.5,5.5,10.0,2,31.6,19.7,0.0,16.3,65.5,0.3867,75,one_push,29,45,15,12,33,"long_axis_bearing_deg = bearing of the item's LONG side in world, counter-clockwise from +X, in [0,180). Place by this, not by yaw. yaw_deg is the MuJoCo local-frame rotation and its meaning differs between bricks (long side on local X) and blocks (long side on local Y).","every bar uses the wall_10/wall_11 ArUco mounting; wall_9 is excluded (tag rotated 90 deg, 19.0 cm not 19.5)"
easy_090,easy,1push,block,obj_4,28.0,46.4,106.4,12.0,7.5,5.0,2,31.6,19.7,0.0,16.3,65.5,0.3867,75,one_push,29,45,15,12,33,"long_axis_bearing_deg = bearing of the item's LONG side in world, counter-clockwise from +X, in [0,180). Place by this, not by yaw. yaw_deg is the MuJoCo local-frame rotation and its meaning differs between bricks (long side on local X) and blocks (long side on local Y).","every bar uses the wall_10/wall_11 ArUco mounting; wall_9 is excluded (tag rotated 90 deg, 19.0 cm not 19.5)"
easy_091,easy,1push,brick,wall_10,39.0,43.9,7.8,19.5,5.5,10.0,1,37.4,10.2,0.0,21.1,70.5,0.5786,140,one_push,81,23,27,24,9,"long_axis_bearing_deg = bearing of the item's LONG side in world, counter-clockwise from +X, in [0,180). Place by this, not by yaw. yaw_deg is the MuJoCo local-frame rotation and its meaning differs between bricks (long side on local X) and blocks (long side on local Y).","every bar uses the wall_10/wall_11 ArUco mounting; wall_9 is excluded (tag rotated 90 deg, 19.0 cm not 19.5)"
easy_091,easy,1push,block,obj_1,16.3,46.1,18.2,15.0,7.0,4.0,1,37.4,10.2,0.0,21.1,70.5,0.5786,140,one_push,81,23,27,24,9,"long_axis_bearing_deg = bearing of the item's LONG side in world, counter-clockwise from +X, in [0,180). Place by this, not by yaw. yaw_deg is the MuJoCo local-frame rotation and its meaning differs between bricks (long side on local X) and blocks (long side on local Y).","every bar uses the wall_10/wall_11 ArUco mounting; wall_9 is excluded (tag rotated 90 deg, 19.0 cm not 19.5)"
easy_092,easy,1push,brick,wall_10,39.2,41.1,2.1,19.5,5.5,10.0,1,7.3,22.3,0.0,24.7,69.7,0.7385,130,one_push,96,5,26,29,5,"long_axis_bearing_deg = bearing of the item's LONG side in world, counter-clockwise from +X, in [0,180). Place by this, not by yaw. yaw_deg is the MuJoCo local-frame rotation and its meaning differs between bricks (long side on local X) and blocks (long side on local Y).","every bar uses the wall_10/wall_11 ArUco mounting; wall_9 is excluded (tag rotated 90 deg, 19.0 cm not 19.5)"
easy_092,easy,1push,block,obj_4,13.5,38.8,36.3,12.0,7.5,5.0,1,7.3,22.3,0.0,24.7,69.7,0.7385,130,one_push,96,5,26,29,5,"long_axis_bearing_deg = bearing of the item's LONG side in world, counter-clockwise from +X, in [0,180). Place by this, not by yaw. yaw_deg is the MuJoCo local-frame rotation and its meaning differs between bricks (long side on local X) and blocks (long side on local Y).","every bar uses the wall_10/wall_11 ArUco mounting; wall_9 is excluded (tag rotated 90 deg, 19.0 cm not 19.5)"
easy_093,easy,1push,brick,wall_10,38.9,35.5,11.7,19.5,5.5,10.0,2,30.3,12.8,0.0,30.3,70.3,0.4,40,one_push,16,24,8,16,36,"long_axis_bearing_deg = bearing of the item's LONG side in world, counter-clockwise from +X, in [0,180). Place by this, not by yaw. yaw_deg is the MuJoCo local-frame rotation and its meaning differs between bricks (long side on local X) and blocks (long side on local Y).","every bar uses the wall_10/wall_11 ArUco mounting; wall_9 is excluded (tag rotated 90 deg, 19.0 cm not 19.5)"
easy_093,easy,1push,brick,wall_11,13.4,43.6,70.9,19.5,5.5,10.0,2,30.3,12.8,0.0,30.3,70.3,0.4,40,one_push,16,24,8,16,36,"long_axis_bearing_deg = bearing of the item's LONG side in world, counter-clockwise from +X, in [0,180). Place by this, not by yaw. yaw_deg is the MuJoCo local-frame rotation and its meaning differs between bricks (long side on local X) and blocks (long side on local Y).","every bar uses the wall_10/wall_11 ArUco mounting; wall_9 is excluded (tag rotated 90 deg, 19.0 cm not 19.5)"
easy_093,easy,1push,block,obj_4,21.8,39.9,60.4,12.0,7.5,5.0,2,30.3,12.8,0.0,30.3,70.3,0.4,40,one_push,16,24,8,16,36,"long_axis_bearing_deg = bearing of the item's LONG side in world, counter-clockwise from +X, in [0,180). Place by this, not by yaw. yaw_deg is the MuJoCo local-frame rotation and its meaning differs between bricks (long side on local X) and blocks (long side on local Y).","every bar uses the wall_10/wall_11 ArUco mounting; wall_9 is excluded (tag rotated 90 deg, 19.0 cm not 19.5)"
easy_094,easy,1push,brick,wall_10,38.9,37.6,171.0,19.5,5.5,10.0,1,18.0,13.4,0.0,38.5,53.6,0.5867,150,one_push,88,37,30,15,15,"long_axis_bearing_deg = bearing of the item's LONG side in world, counter-clockwise from +X, in [0,180). Place by this, not by yaw. yaw_deg is the MuJoCo local-frame rotation and its meaning differs between bricks (long side on local X) and blocks (long side on local Y).","every bar uses the wall_10/wall_11 ArUco mounting; wall_9 is excluded (tag rotated 90 deg, 19.0 cm not 19.5)"
easy_094,easy,1push,block,obj_1,16.6,36.6,22.2,15.0,7.0,4.0,1,18.0,13.4,0.0,38.5,53.6,0.5867,150,one_push,88,37,30,15,15,"long_axis_bearing_deg = bearing of the item's LONG side in world, counter-clockwise from +X, in [0,180). Place by this, not by yaw. yaw_deg is the MuJoCo local-frame rotation and its meaning differs between bricks (long side on local X) and blocks (long side on local Y).","every bar uses the wall_10/wall_11 ArUco mounting; wall_9 is excluded (tag rotated 90 deg, 19.0 cm not 19.5)"
easy_095,easy,1push,brick,wall_10,39.0,36.8,172.5,19.5,5.5,10.0,1,38.6,16.7,0.0,15.2,67.9,0.74,150,one_push,111,14,30,29,1,"long_axis_bearing_deg = bearing of the item's LONG side in world, counter-clockwise from +X, in [0,180). Place by this, not by yaw. yaw_deg is the MuJoCo local-frame rotation and its meaning differs between bricks (long side on local X) and blocks (long side on local Y).","every bar uses the wall_10/wall_11 ArUco mounting; wall_9 is excluded (tag rotated 90 deg, 19.0 cm not 19.5)"
easy_095,easy,1push,block,obj_4,15.1,39.9,30.2,12.0,7.5,5.0,1,38.6,16.7,0.0,15.2,67.9,0.74,150,one_push,111,14,30,29,1,"long_axis_bearing_deg = bearing of the item's LONG side in world, counter-clockwise from +X, in [0,180). Place by this, not by yaw. yaw_deg is the MuJoCo local-frame rotation and its meaning differs between bricks (long side on local X) and blocks (long side on local Y).","every bar uses the wall_10/wall_11 ArUco mounting; wall_9 is excluded (tag rotated 90 deg, 19.0 cm not 19.5)"
easy_096,easy,1push,brick,wall_10,38.9,38.4,9.5,19.5,5.5,10.0,2,35.7,9.1,0.0,28.7,59.0,0.4,45,one_push,18,27,10,15,35,"long_axis_bearing_deg = bearing of the item's LONG side in world, counter-clockwise from +X, in [0,180). Place by this, not by yaw. yaw_deg is the MuJoCo local-frame rotation and its meaning differs between bricks (long side on local X) and blocks (long side on local Y).","every bar uses the wall_10/wall_11 ArUco mounting; wall_9 is excluded (tag rotated 90 deg, 19.0 cm not 19.5)"
easy_096,easy,1push,brick,wall_11,13.4,48.9,73.1,19.5,5.5,10.0,2,35.7,9.1,0.0,28.7,59.0,0.4,45,one_push,18,27,10,15,35,"long_axis_bearing_deg = bearing of the item's LONG side in world, counter-clockwise from +X, in [0,180). Place by this, not by yaw. yaw_deg is the MuJoCo local-frame rotation and its meaning differs between bricks (long side on local X) and blocks (long side on local Y).","every bar uses the wall_10/wall_11 ArUco mounting; wall_9 is excluded (tag rotated 90 deg, 19.0 cm not 19.5)"
easy_096,easy,1push,block,obj_4,22.6,43.0,57.4,12.0,7.5,5.0,2,35.7,9.1,0.0,28.7,59.0,0.4,45,one_push,18,27,10,15,35,"long_axis_bearing_deg = bearing of the item's LONG side in world, counter-clockwise from +X, in [0,180). Place by this, not by yaw. yaw_deg is the MuJoCo local-frame rotation and its meaning differs between bricks (long side on local X) and blocks (long side on local Y).","every bar uses the wall_10/wall_11 ArUco mounting; wall_9 is excluded (tag rotated 90 deg, 19.0 cm not 19.5)"
easy_097,easy,1push,brick,wall_10,9.8,32.5,2.1,19.5,5.5,10.0,1,25.3,8.3,0.0,37.6,70.9,0.5926,135,one_push,80,40,29,15,16,"long_axis_bearing_deg = bearing of the item's LONG side in world, counter-clockwise from +X, in [0,180). Place by this, not by yaw. yaw_deg is the MuJoCo local-frame rotation and its meaning differs between bricks (long side on local X) and blocks (long side on local Y).","every bar uses the wall_10/wall_11 ArUco mounting; wall_9 is excluded (tag rotated 90 deg, 19.0 cm not 19.5)"
easy_097,easy,1push,block,obj_1,36.2,32.2,14.9,15.0,7.0,4.0,1,25.3,8.3,0.0,37.6,70.9,0.5926,135,one_push,80,40,29,15,16,"long_axis_bearing_deg = bearing of the item's LONG side in world, counter-clockwise from +X, in [0,180). Place by this, not by yaw. yaw_deg is the MuJoCo local-frame rotation and its meaning differs between bricks (long side on local X) and blocks (long side on local Y).","every bar uses the wall_10/wall_11 ArUco mounting; wall_9 is excluded (tag rotated 90 deg, 19.0 cm not 19.5)"
easy_098,easy,1push,brick,wall_10,39.0,38.7,8.3,19.5,5.5,10.0,1,41.1,26.5,0.0,41.9,60.8,0.7429,140,one_push,104,15,29,23,8,"long_axis_bearing_deg = bearing of the item's LONG side in world, counter-clockwise from +X, in [0,180). Place by this, not by yaw. yaw_deg is the MuJoCo local-frame rotation and its meaning differs between bricks (long side on local X) and blocks (long side on local Y).","every bar uses the wall_10/wall_11 ArUco mounting; wall_9 is excluded (tag rotated 90 deg, 19.0 cm not 19.5)"
easy_098,easy,1push,block,obj_4,15.0,40.6,18.0,12.0,7.5,5.0,1,41.1,26.5,0.0,41.9,60.8,0.7429,140,one_push,104,15,29,23,8,"long_axis_bearing_deg = bearing of the item's LONG side in world, counter-clockwise from +X, in [0,180). Place by this, not by yaw. yaw_deg is the MuJoCo local-frame rotation and its meaning differs between bricks (long side on local X) and blocks (long side on local Y).","every bar uses the wall_10/wall_11 ArUco mounting; wall_9 is excluded (tag rotated 90 deg, 19.0 cm not 19.5)"
easy_099,easy,1push,brick,wall_10,9.9,32.9,4.8,19.5,5.5,10.0,2,10.6,18.5,0.0,21.8,63.0,0.4,40,one_push,16,24,8,15,37,"long_axis_bearing_deg = bearing of the item's LONG side in world, counter-clockwise from +X, in [0,180). Place by this, not by yaw. yaw_deg is the MuJoCo local-frame rotation and its meaning differs between bricks (long side on local X) and blocks (long side on local Y).","every bar uses the wall_10/wall_11 ArUco mounting; wall_9 is excluded (tag rotated 90 deg, 19.0 cm not 19.5)"
easy_099,easy,1push,brick,wall_11,35.5,42.2,109.4,19.5,5.5,10.0,2,10.6,18.5,0.0,21.8,63.0,0.4,40,one_push,16,24,8,15,37,"long_axis_bearing_deg = bearing of the item's LONG side in world, counter-clockwise from +X, in [0,180). Place by this, not by yaw. yaw_deg is the MuJoCo local-frame rotation and its meaning differs between bricks (long side on local X) and blocks (long side on local Y).","every bar uses the wall_10/wall_11 ArUco mounting; wall_9 is excluded (tag rotated 90 deg, 19.0 cm not 19.5)"
easy_099,easy,1push,block,obj_4,27.5,37.8,119.3,12.0,7.5,5.0,2,10.6,18.5,0.0,21.8,63.0,0.4,40,one_push,16,24,8,15,37,"long_axis_bearing_deg = bearing of the item's LONG side in world, counter-clockwise from +X, in [0,180). Place by this, not by yaw. yaw_deg is the MuJoCo local-frame rotation and its meaning differs between bricks (long side on local X) and blocks (long side on local Y).","every bar uses the wall_10/wall_11 ArUco mounting; wall_9 is excluded (tag rotated 90 deg, 19.0 cm not 19.5)"
