build_id,tier,axis,item,marker_hint,centre_x_cm,centre_y_cm,long_axis_bearing_deg,long_cm,short_cm,height_cm,n_bricks,robot_start_x_cm,robot_start_y_cm,robot_start_bearing_deg,goal_x_cm,goal_y_cm,solve_rate,tried,push_kind,valid_1push,valid_first_push,n_contacts_reachable,n_contacts_cutoff,n_contacts_collision,angle_convention,tag_convention
hard_000,hard,1push,brick,wall_10,10.1,47.9,11.1,19.5,5.5,10.0,2,22.5,26.3,0.0,23.5,61.8,0.0063,160,one_push,1,81,32,7,21,"long_axis_bearing_deg = bearing of the item's LONG side in world, counter-clockwise from +X, in [0,180). Place by this, not by yaw. yaw_deg is the MuJoCo local-frame rotation and its meaning differs between bricks (long side on local X) and blocks (long side on local Y).","every bar uses the wall_10/wall_11 ArUco mounting; wall_9 is excluded (tag rotated 90 deg, 19.0 cm not 19.5)"
hard_000,hard,1push,brick,wall_11,34.1,58.7,108.9,19.5,5.5,10.0,2,22.5,26.3,0.0,23.5,61.8,0.0063,160,one_push,1,81,32,7,21,"long_axis_bearing_deg = bearing of the item's LONG side in world, counter-clockwise from +X, in [0,180). Place by this, not by yaw. yaw_deg is the MuJoCo local-frame rotation and its meaning differs between bricks (long side on local X) and blocks (long side on local Y).","every bar uses the wall_10/wall_11 ArUco mounting; wall_9 is excluded (tag rotated 90 deg, 19.0 cm not 19.5)"
hard_000,hard,1push,block,obj_1,30.5,43.3,101.0,15.0,7.0,4.0,2,22.5,26.3,0.0,23.5,61.8,0.0063,160,one_push,1,81,32,7,21,"long_axis_bearing_deg = bearing of the item's LONG side in world, counter-clockwise from +X, in [0,180). Place by this, not by yaw. yaw_deg is the MuJoCo local-frame rotation and its meaning differs between bricks (long side on local X) and blocks (long side on local Y).","every bar uses the wall_10/wall_11 ArUco mounting; wall_9 is excluded (tag rotated 90 deg, 19.0 cm not 19.5)"
hard_001,hard,1push,brick,wall_10,38.9,35.5,170.5,19.5,5.5,10.0,2,19.5,7.3,0.0,37.6,68.1,0.0074,135,one_push,1,92,27,7,26,"long_axis_bearing_deg = bearing of the item's LONG side in world, counter-clockwise from +X, in [0,180). Place by this, not by yaw. yaw_deg is the MuJoCo local-frame rotation and its meaning differs between bricks (long side on local X) and blocks (long side on local Y).","every bar uses the wall_10/wall_11 ArUco mounting; wall_9 is excluded (tag rotated 90 deg, 19.0 cm not 19.5)"
hard_001,hard,1push,brick,wall_11,13.1,44.9,77.8,19.5,5.5,10.0,2,19.5,7.3,0.0,37.6,68.1,0.0074,135,one_push,1,92,27,7,26,"long_axis_bearing_deg = bearing of the item's LONG side in world, counter-clockwise from +X, in [0,180). Place by this, not by yaw. yaw_deg is the MuJoCo local-frame rotation and its meaning differs between bricks (long side on local X) and blocks (long side on local Y).","every bar uses the wall_10/wall_11 ArUco mounting; wall_9 is excluded (tag rotated 90 deg, 19.0 cm not 19.5)"
hard_001,hard,1push,block,obj_4,21.7,31.6,64.3,12.0,7.5,5.0,2,19.5,7.3,0.0,37.6,68.1,0.0074,135,one_push,1,92,27,7,26,"long_axis_bearing_deg = bearing of the item's LONG side in world, counter-clockwise from +X, in [0,180). Place by this, not by yaw. yaw_deg is the MuJoCo local-frame rotation and its meaning differs between bricks (long side on local X) and blocks (long side on local Y).","every bar uses the wall_10/wall_11 ArUco mounting; wall_9 is excluded (tag rotated 90 deg, 19.0 cm not 19.5)"
hard_002,hard,1push,brick,wall_10,38.9,37.1,170.2,19.5,5.5,10.0,3,7.2,14.8,0.0,13.2,69.2,0.02,50,one_push,1,14,9,12,39,"long_axis_bearing_deg = bearing of the item's LONG side in world, counter-clockwise from +X, in [0,180). Place by this, not by yaw. yaw_deg is the MuJoCo local-frame rotation and its meaning differs between bricks (long side on local X) and blocks (long side on local Y).","every bar uses the wall_10/wall_11 ArUco mounting; wall_9 is excluded (tag rotated 90 deg, 19.0 cm not 19.5)"
hard_002,hard,1push,brick,wall_11,13.2,49.0,76.1,19.5,5.5,10.0,3,7.2,14.8,0.0,13.2,69.2,0.02,50,one_push,1,14,9,12,39,"long_axis_bearing_deg = bearing of the item's LONG side in world, counter-clockwise from +X, in [0,180). Place by this, not by yaw. yaw_deg is the MuJoCo local-frame rotation and its meaning differs between bricks (long side on local X) and blocks (long side on local Y).","every bar uses the wall_10/wall_11 ArUco mounting; wall_9 is excluded (tag rotated 90 deg, 19.0 cm not 19.5)"
hard_002,hard,1push,brick,wall_12,13.2,25.4,106.9,19.5,5.5,10.0,3,7.2,14.8,0.0,13.2,69.2,0.02,50,one_push,1,14,9,12,39,"long_axis_bearing_deg = bearing of the item's LONG side in world, counter-clockwise from +X, in [0,180). Place by this, not by yaw. yaw_deg is the MuJoCo local-frame rotation and its meaning differs between bricks (long side on local X) and blocks (long side on local Y).","every bar uses the wall_10/wall_11 ArUco mounting; wall_9 is excluded (tag rotated 90 deg, 19.0 cm not 19.5)"
hard_002,hard,1push,block,obj_1,20.7,35.7,83.7,15.0,7.0,4.0,3,7.2,14.8,0.0,13.2,69.2,0.02,50,one_push,1,14,9,12,39,"long_axis_bearing_deg = bearing of the item's LONG side in world, counter-clockwise from +X, in [0,180). Place by this, not by yaw. yaw_deg is the MuJoCo local-frame rotation and its meaning differs between bricks (long side on local X) and blocks (long side on local Y).","every bar uses the wall_10/wall_11 ArUco mounting; wall_9 is excluded (tag rotated 90 deg, 19.0 cm not 19.5)"
hard_003,hard,1push,brick,wall_10,10.1,33.7,11.3,19.5,5.5,10.0,3,12.0,21.7,0.0,34.5,66.3,0.025,40,one_push,1,4,7,10,43,"long_axis_bearing_deg = bearing of the item's LONG side in world, counter-clockwise from +X, in [0,180). Place by this, not by yaw. yaw_deg is the MuJoCo local-frame rotation and its meaning differs between bricks (long side on local X) and blocks (long side on local Y).","every bar uses the wall_10/wall_11 ArUco mounting; wall_9 is excluded (tag rotated 90 deg, 19.0 cm not 19.5)"
hard_003,hard,1push,brick,wall_11,35.2,42.2,97.1,19.5,5.5,10.0,3,12.0,21.7,0.0,34.5,66.3,0.025,40,one_push,1,4,7,10,43,"long_axis_bearing_deg = bearing of the item's LONG side in world, counter-clockwise from +X, in [0,180). Place by this, not by yaw. yaw_deg is the MuJoCo local-frame rotation and its meaning differs between bricks (long side on local X) and blocks (long side on local Y).","every bar uses the wall_10/wall_11 ArUco mounting; wall_9 is excluded (tag rotated 90 deg, 19.0 cm not 19.5)"
hard_003,hard,1push,brick,wall_12,35.2,21.2,70.7,19.5,5.5,10.0,3,12.0,21.7,0.0,34.5,66.3,0.025,40,one_push,1,4,7,10,43,"long_axis_bearing_deg = bearing of the item's LONG side in world, counter-clockwise from +X, in [0,180). Place by this, not by yaw. yaw_deg is the MuJoCo local-frame rotation and its meaning differs between bricks (long side on local X) and blocks (long side on local Y).","every bar uses the wall_10/wall_11 ArUco mounting; wall_9 is excluded (tag rotated 90 deg, 19.0 cm not 19.5)"
hard_003,hard,1push,block,obj_4,29.1,32.4,101.1,12.0,7.5,5.0,3,12.0,21.7,0.0,34.5,66.3,0.025,40,one_push,1,4,7,10,43,"long_axis_bearing_deg = bearing of the item's LONG side in world, counter-clockwise from +X, in [0,180). Place by this, not by yaw. yaw_deg is the MuJoCo local-frame rotation and its meaning differs between bricks (long side on local X) and blocks (long side on local Y).","every bar uses the wall_10/wall_11 ArUco mounting; wall_9 is excluded (tag rotated 90 deg, 19.0 cm not 19.5)"
hard_004,hard,1push,brick,wall_10,38.9,47.6,169.4,19.5,5.5,10.0,2,13.8,24.3,0.0,28.0,63.9,0.0067,150,one_push,1,102,31,12,17,"long_axis_bearing_deg = bearing of the item's LONG side in world, counter-clockwise from +X, in [0,180). Place by this, not by yaw. yaw_deg is the MuJoCo local-frame rotation and its meaning differs between bricks (long side on local X) and blocks (long side on local Y).","every bar uses the wall_10/wall_11 ArUco mounting; wall_9 is excluded (tag rotated 90 deg, 19.0 cm not 19.5)"
hard_004,hard,1push,brick,wall_11,13.1,60.3,95.5,19.5,5.5,10.0,2,13.8,24.3,0.0,28.0,63.9,0.0067,150,one_push,1,102,31,12,17,"long_axis_bearing_deg = bearing of the item's LONG side in world, counter-clockwise from +X, in [0,180). Place by this, not by yaw. yaw_deg is the MuJoCo local-frame rotation and its meaning differs between bricks (long side on local X) and blocks (long side on local Y).","every bar uses the wall_10/wall_11 ArUco mounting; wall_9 is excluded (tag rotated 90 deg, 19.0 cm not 19.5)"
hard_004,hard,1push,block,obj_1,21.7,44.1,78.2,15.0,7.0,4.0,2,13.8,24.3,0.0,28.0,63.9,0.0067,150,one_push,1,102,31,12,17,"long_axis_bearing_deg = bearing of the item's LONG side in world, counter-clockwise from +X, in [0,180). Place by this, not by yaw. yaw_deg is the MuJoCo local-frame rotation and its meaning differs between bricks (long side on local X) and blocks (long side on local Y).","every bar uses the wall_10/wall_11 ArUco mounting; wall_9 is excluded (tag rotated 90 deg, 19.0 cm not 19.5)"
hard_005,hard,1push,brick,wall_10,38.9,37.9,10.7,19.5,5.5,10.0,2,15.4,15.8,0.0,28.7,66.6,0.0074,135,one_push,1,114,27,9,24,"long_axis_bearing_deg = bearing of the item's LONG side in world, counter-clockwise from +X, in [0,180). Place by this, not by yaw. yaw_deg is the MuJoCo local-frame rotation and its meaning differs between bricks (long side on local X) and blocks (long side on local Y).","every bar uses the wall_10/wall_11 ArUco mounting; wall_9 is excluded (tag rotated 90 deg, 19.0 cm not 19.5)"
hard_005,hard,1push,brick,wall_11,13.3,48.8,76.1,19.5,5.5,10.0,2,15.4,15.8,0.0,28.7,66.6,0.0074,135,one_push,1,114,27,9,24,"long_axis_bearing_deg = bearing of the item's LONG side in world, counter-clockwise from +X, in [0,180). Place by this, not by yaw. yaw_deg is the MuJoCo local-frame rotation and its meaning differs between bricks (long side on local X) and blocks (long side on local Y).","every bar uses the wall_10/wall_11 ArUco mounting; wall_9 is excluded (tag rotated 90 deg, 19.0 cm not 19.5)"
hard_005,hard,1push,block,obj_4,20.8,33.1,67.0,12.0,7.5,5.0,2,15.4,15.8,0.0,28.7,66.6,0.0074,135,one_push,1,114,27,9,24,"long_axis_bearing_deg = bearing of the item's LONG side in world, counter-clockwise from +X, in [0,180). Place by this, not by yaw. yaw_deg is the MuJoCo local-frame rotation and its meaning differs between bricks (long side on local X) and blocks (long side on local Y).","every bar uses the wall_10/wall_11 ArUco mounting; wall_9 is excluded (tag rotated 90 deg, 19.0 cm not 19.5)"
hard_006,hard,1push,brick,wall_10,38.9,32.7,10.6,19.5,5.5,10.0,3,24.3,15.7,0.0,25.9,54.9,0.0267,75,one_push,2,53,15,12,33,"long_axis_bearing_deg = bearing of the item's LONG side in world, counter-clockwise from +X, in [0,180). Place by this, not by yaw. yaw_deg is the MuJoCo local-frame rotation and its meaning differs between bricks (long side on local X) and blocks (long side on local Y).","every bar uses the wall_10/wall_11 ArUco mounting; wall_9 is excluded (tag rotated 90 deg, 19.0 cm not 19.5)"
hard_006,hard,1push,brick,wall_11,13.1,43.8,71.7,19.5,5.5,10.0,3,24.3,15.7,0.0,25.9,54.9,0.0267,75,one_push,2,53,15,12,33,"long_axis_bearing_deg = bearing of the item's LONG side in world, counter-clockwise from +X, in [0,180). Place by this, not by yaw. yaw_deg is the MuJoCo local-frame rotation and its meaning differs between bricks (long side on local X) and blocks (long side on local Y).","every bar uses the wall_10/wall_11 ArUco mounting; wall_9 is excluded (tag rotated 90 deg, 19.0 cm not 19.5)"
hard_006,hard,1push,brick,wall_12,13.1,20.0,100.7,19.5,5.5,10.0,3,24.3,15.7,0.0,25.9,54.9,0.0267,75,one_push,2,53,15,12,33,"long_axis_bearing_deg = bearing of the item's LONG side in world, counter-clockwise from +X, in [0,180). Place by this, not by yaw. yaw_deg is the MuJoCo local-frame rotation and its meaning differs between bricks (long side on local X) and blocks (long side on local Y).","every bar uses the wall_10/wall_11 ArUco mounting; wall_9 is excluded (tag rotated 90 deg, 19.0 cm not 19.5)"
hard_006,hard,1push,block,obj_1,23.4,31.4,102.3,15.0,7.0,4.0,3,24.3,15.7,0.0,25.9,54.9,0.0267,75,one_push,2,53,15,12,33,"long_axis_bearing_deg = bearing of the item's LONG side in world, counter-clockwise from +X, in [0,180). Place by this, not by yaw. yaw_deg is the MuJoCo local-frame rotation and its meaning differs between bricks (long side on local X) and blocks (long side on local Y).","every bar uses the wall_10/wall_11 ArUco mounting; wall_9 is excluded (tag rotated 90 deg, 19.0 cm not 19.5)"
hard_007,hard,1push,brick,wall_10,38.9,46.2,171.3,19.5,5.5,10.0,3,12.0,10.6,0.0,34.6,68.3,0.04,75,one_push,3,27,16,6,38,"long_axis_bearing_deg = bearing of the item's LONG side in world, counter-clockwise from +X, in [0,180). Place by this, not by yaw. yaw_deg is the MuJoCo local-frame rotation and its meaning differs between bricks (long side on local X) and blocks (long side on local Y).","every bar uses the wall_10/wall_11 ArUco mounting; wall_9 is excluded (tag rotated 90 deg, 19.0 cm not 19.5)"
hard_007,hard,1push,brick,wall_11,13.6,57.4,87.5,19.5,5.5,10.0,3,12.0,10.6,0.0,34.6,68.3,0.04,75,one_push,3,27,16,6,38,"long_axis_bearing_deg = bearing of the item's LONG side in world, counter-clockwise from +X, in [0,180). Place by this, not by yaw. yaw_deg is the MuJoCo local-frame rotation and its meaning differs between bricks (long side on local X) and blocks (long side on local Y).","every bar uses the wall_10/wall_11 ArUco mounting; wall_9 is excluded (tag rotated 90 deg, 19.0 cm not 19.5)"
hard_007,hard,1push,brick,wall_12,13.6,34.2,105.5,19.5,5.5,10.0,3,12.0,10.6,0.0,34.6,68.3,0.04,75,one_push,3,27,16,6,38,"long_axis_bearing_deg = bearing of the item's LONG side in world, counter-clockwise from +X, in [0,180). Place by this, not by yaw. yaw_deg is the MuJoCo local-frame rotation and its meaning differs between bricks (long side on local X) and blocks (long side on local Y).","every bar uses the wall_10/wall_11 ArUco mounting; wall_9 is excluded (tag rotated 90 deg, 19.0 cm not 19.5)"
hard_007,hard,1push,block,obj_4,22.3,41.3,178.4,12.0,7.5,5.0,3,12.0,10.6,0.0,34.6,68.3,0.04,75,one_push,3,27,16,6,38,"long_axis_bearing_deg = bearing of the item's LONG side in world, counter-clockwise from +X, in [0,180). Place by this, not by yaw. yaw_deg is the MuJoCo local-frame rotation and its meaning differs between bricks (long side on local X) and blocks (long side on local Y).","every bar uses the wall_10/wall_11 ArUco mounting; wall_9 is excluded (tag rotated 90 deg, 19.0 cm not 19.5)"
hard_008,hard,1push,brick,wall_10,39.0,45.2,171.6,19.5,5.5,10.0,2,37.7,27.4,0.0,7.9,70.5,0.0069,145,one_push,1,72,30,7,23,"long_axis_bearing_deg = bearing of the item's LONG side in world, counter-clockwise from +X, in [0,180). Place by this, not by yaw. yaw_deg is the MuJoCo local-frame rotation and its meaning differs between bricks (long side on local X) and blocks (long side on local Y).","every bar uses the wall_10/wall_11 ArUco mounting; wall_9 is excluded (tag rotated 90 deg, 19.0 cm not 19.5)"
hard_008,hard,1push,brick,wall_11,13.3,54.5,71.6,19.5,5.5,10.0,2,37.7,27.4,0.0,7.9,70.5,0.0069,145,one_push,1,72,30,7,23,"long_axis_bearing_deg = bearing of the item's LONG side in world, counter-clockwise from +X, in [0,180). Place by this, not by yaw. yaw_deg is the MuJoCo local-frame rotation and its meaning differs between bricks (long side on local X) and blocks (long side on local Y).","every bar uses the wall_10/wall_11 ArUco mounting; wall_9 is excluded (tag rotated 90 deg, 19.0 cm not 19.5)"
hard_008,hard,1push,block,obj_1,19.0,41.0,53.8,15.0,7.0,4.0,2,37.7,27.4,0.0,7.9,70.5,0.0069,145,one_push,1,72,30,7,23,"long_axis_bearing_deg = bearing of the item's LONG side in world, counter-clockwise from +X, in [0,180). Place by this, not by yaw. yaw_deg is the MuJoCo local-frame rotation and its meaning differs between bricks (long side on local X) and blocks (long side on local Y).","every bar uses the wall_10/wall_11 ArUco mounting; wall_9 is excluded (tag rotated 90 deg, 19.0 cm not 19.5)"
hard_009,hard,1push,brick,wall_10,39.1,40.0,175.1,19.5,5.5,10.0,2,27.5,7.1,0.0,38.4,57.2,0.008,125,one_push,1,88,25,8,27,"long_axis_bearing_deg = bearing of the item's LONG side in world, counter-clockwise from +X, in [0,180). Place by this, not by yaw. yaw_deg is the MuJoCo local-frame rotation and its meaning differs between bricks (long side on local X) and blocks (long side on local Y).","every bar uses the wall_10/wall_11 ArUco mounting; wall_9 is excluded (tag rotated 90 deg, 19.0 cm not 19.5)"
hard_009,hard,1push,brick,wall_11,13.5,48.1,77.1,19.5,5.5,10.0,2,27.5,7.1,0.0,38.4,57.2,0.008,125,one_push,1,88,25,8,27,"long_axis_bearing_deg = bearing of the item's LONG side in world, counter-clockwise from +X, in [0,180). Place by this, not by yaw. yaw_deg is the MuJoCo local-frame rotation and its meaning differs between bricks (long side on local X) and blocks (long side on local Y).","every bar uses the wall_10/wall_11 ArUco mounting; wall_9 is excluded (tag rotated 90 deg, 19.0 cm not 19.5)"
hard_009,hard,1push,block,obj_4,21.6,36.3,65.6,12.0,7.5,5.0,2,27.5,7.1,0.0,38.4,57.2,0.008,125,one_push,1,88,25,8,27,"long_axis_bearing_deg = bearing of the item's LONG side in world, counter-clockwise from +X, in [0,180). Place by this, not by yaw. yaw_deg is the MuJoCo local-frame rotation and its meaning differs between bricks (long side on local X) and blocks (long side on local Y).","every bar uses the wall_10/wall_11 ArUco mounting; wall_9 is excluded (tag rotated 90 deg, 19.0 cm not 19.5)"
hard_010,hard,1push,brick,wall_10,39.1,44.5,175.2,19.5,5.5,10.0,3,37.2,17.1,0.0,28.1,69.1,0.0333,30,one_push,1,4,5,15,40,"long_axis_bearing_deg = bearing of the item's LONG side in world, counter-clockwise from +X, in [0,180). Place by this, not by yaw. yaw_deg is the MuJoCo local-frame rotation and its meaning differs between bricks (long side on local X) and blocks (long side on local Y).","every bar uses the wall_10/wall_11 ArUco mounting; wall_9 is excluded (tag rotated 90 deg, 19.0 cm not 19.5)"
hard_010,hard,1push,brick,wall_11,13.2,55.6,96.0,19.5,5.5,10.0,3,37.2,17.1,0.0,28.1,69.1,0.0333,30,one_push,1,4,5,15,40,"long_axis_bearing_deg = bearing of the item's LONG side in world, counter-clockwise from +X, in [0,180). Place by this, not by yaw. yaw_deg is the MuJoCo local-frame rotation and its meaning differs between bricks (long side on local X) and blocks (long side on local Y).","every bar uses the wall_10/wall_11 ArUco mounting; wall_9 is excluded (tag rotated 90 deg, 19.0 cm not 19.5)"
hard_010,hard,1push,brick,wall_12,13.2,35.1,108.0,19.5,5.5,10.0,3,37.2,17.1,0.0,28.1,69.1,0.0333,30,one_push,1,4,5,15,40,"long_axis_bearing_deg = bearing of the item's LONG side in world, counter-clockwise from +X, in [0,180). Place by this, not by yaw. yaw_deg is the MuJoCo local-frame rotation and its meaning differs between bricks (long side on local X) and blocks (long side on local Y).","every bar uses the wall_10/wall_11 ArUco mounting; wall_9 is excluded (tag rotated 90 deg, 19.0 cm not 19.5)"
hard_010,hard,1push,block,obj_1,21.4,45.5,78.1,15.0,7.0,4.0,3,37.2,17.1,0.0,28.1,69.1,0.0333,30,one_push,1,4,5,15,40,"long_axis_bearing_deg = bearing of the item's LONG side in world, counter-clockwise from +X, in [0,180). Place by this, not by yaw. yaw_deg is the MuJoCo local-frame rotation and its meaning differs between bricks (long side on local X) and blocks (long side on local Y).","every bar uses the wall_10/wall_11 ArUco mounting; wall_9 is excluded (tag rotated 90 deg, 19.0 cm not 19.5)"
hard_011,hard,1push,brick,wall_10,38.9,46.3,169.0,19.5,5.5,10.0,2,41.4,22.2,0.0,18.2,70.1,0.0069,145,one_push,1,92,29,12,19,"long_axis_bearing_deg = bearing of the item's LONG side in world, counter-clockwise from +X, in [0,180). Place by this, not by yaw. yaw_deg is the MuJoCo local-frame rotation and its meaning differs between bricks (long side on local X) and blocks (long side on local Y).","every bar uses the wall_10/wall_11 ArUco mounting; wall_9 is excluded (tag rotated 90 deg, 19.0 cm not 19.5)"
hard_011,hard,1push,brick,wall_11,13.5,55.5,72.4,19.5,5.5,10.0,2,41.4,22.2,0.0,18.2,70.1,0.0069,145,one_push,1,92,29,12,19,"long_axis_bearing_deg = bearing of the item's LONG side in world, counter-clockwise from +X, in [0,180). Place by this, not by yaw. yaw_deg is the MuJoCo local-frame rotation and its meaning differs between bricks (long side on local X) and blocks (long side on local Y).","every bar uses the wall_10/wall_11 ArUco mounting; wall_9 is excluded (tag rotated 90 deg, 19.0 cm not 19.5)"
hard_011,hard,1push,block,obj_1,18.8,42.1,73.1,15.0,7.0,4.0,2,41.4,22.2,0.0,18.2,70.1,0.0069,145,one_push,1,92,29,12,19,"long_axis_bearing_deg = bearing of the item's LONG side in world, counter-clockwise from +X, in [0,180). Place by this, not by yaw. yaw_deg is the MuJoCo local-frame rotation and its meaning differs between bricks (long side on local X) and blocks (long side on local Y).","every bar uses the wall_10/wall_11 ArUco mounting; wall_9 is excluded (tag rotated 90 deg, 19.0 cm not 19.5)"
hard_012,hard,1push,brick,wall_10,10.1,46.3,11.9,19.5,5.5,10.0,2,17.4,6.0,0.0,8.5,60.6,0.008,125,one_push,1,67,25,9,26,"long_axis_bearing_deg = bearing of the item's LONG side in world, counter-clockwise from +X, in [0,180). Place by this, not by yaw. yaw_deg is the MuJoCo local-frame rotation and its meaning differs between bricks (long side on local X) and blocks (long side on local Y).","every bar uses the wall_10/wall_11 ArUco mounting; wall_9 is excluded (tag rotated 90 deg, 19.0 cm not 19.5)"
hard_012,hard,1push,brick,wall_11,34.8,54.4,108.4,19.5,5.5,10.0,2,17.4,6.0,0.0,8.5,60.6,0.008,125,one_push,1,67,25,9,26,"long_axis_bearing_deg = bearing of the item's LONG side in world, counter-clockwise from +X, in [0,180). Place by this, not by yaw. yaw_deg is the MuJoCo local-frame rotation and its meaning differs between bricks (long side on local X) and blocks (long side on local Y).","every bar uses the wall_10/wall_11 ArUco mounting; wall_9 is excluded (tag rotated 90 deg, 19.0 cm not 19.5)"
hard_012,hard,1push,block,obj_4,30.7,43.9,115.6,12.0,7.5,5.0,2,17.4,6.0,0.0,8.5,60.6,0.008,125,one_push,1,67,25,9,26,"long_axis_bearing_deg = bearing of the item's LONG side in world, counter-clockwise from +X, in [0,180). Place by this, not by yaw. yaw_deg is the MuJoCo local-frame rotation and its meaning differs between bricks (long side on local X) and blocks (long side on local Y).","every bar uses the wall_10/wall_11 ArUco mounting; wall_9 is excluded (tag rotated 90 deg, 19.0 cm not 19.5)"
hard_013,hard,1push,brick,wall_10,39.0,33.6,173.7,19.5,5.5,10.0,2,31.0,8.0,0.0,31.6,68.3,0.0069,145,one_push,1,81,29,13,18,"long_axis_bearing_deg = bearing of the item's LONG side in world, counter-clockwise from +X, in [0,180). Place by this, not by yaw. yaw_deg is the MuJoCo local-frame rotation and its meaning differs between bricks (long side on local X) and blocks (long side on local Y).","every bar uses the wall_10/wall_11 ArUco mounting; wall_9 is excluded (tag rotated 90 deg, 19.0 cm not 19.5)"
hard_013,hard,1push,brick,wall_11,13.4,42.9,71.5,19.5,5.5,10.0,2,31.0,8.0,0.0,31.6,68.3,0.0069,145,one_push,1,81,29,13,18,"long_axis_bearing_deg = bearing of the item's LONG side in world, counter-clockwise from +X, in [0,180). Place by this, not by yaw. yaw_deg is the MuJoCo local-frame rotation and its meaning differs between bricks (long side on local X) and blocks (long side on local Y).","every bar uses the wall_10/wall_11 ArUco mounting; wall_9 is excluded (tag rotated 90 deg, 19.0 cm not 19.5)"
hard_013,hard,1push,block,obj_1,23.4,28.6,95.0,15.0,7.0,4.0,2,31.0,8.0,0.0,31.6,68.3,0.0069,145,one_push,1,81,29,13,18,"long_axis_bearing_deg = bearing of the item's LONG side in world, counter-clockwise from +X, in [0,180). Place by this, not by yaw. yaw_deg is the MuJoCo local-frame rotation and its meaning differs between bricks (long side on local X) and blocks (long side on local Y).","every bar uses the wall_10/wall_11 ArUco mounting; wall_9 is excluded (tag rotated 90 deg, 19.0 cm not 19.5)"
hard_014,hard,1push,brick,wall_10,39.1,32.1,176.1,19.5,5.5,10.0,2,36.3,11.9,0.0,20.4,68.3,0.0083,120,one_push,1,80,24,4,32,"long_axis_bearing_deg = bearing of the item's LONG side in world, counter-clockwise from +X, in [0,180). Place by this, not by yaw. yaw_deg is the MuJoCo local-frame rotation and its meaning differs between bricks (long side on local X) and blocks (long side on local Y).","every bar uses the wall_10/wall_11 ArUco mounting; wall_9 is excluded (tag rotated 90 deg, 19.0 cm not 19.5)"
hard_014,hard,1push,brick,wall_11,13.5,44.7,76.2,19.5,5.5,10.0,2,36.3,11.9,0.0,20.4,68.3,0.0083,120,one_push,1,80,24,4,32,"long_axis_bearing_deg = bearing of the item's LONG side in world, counter-clockwise from +X, in [0,180). Place by this, not by yaw. yaw_deg is the MuJoCo local-frame rotation and its meaning differs between bricks (long side on local X) and blocks (long side on local Y).","every bar uses the wall_10/wall_11 ArUco mounting; wall_9 is excluded (tag rotated 90 deg, 19.0 cm not 19.5)"
hard_014,hard,1push,block,obj_4,20.1,31.1,42.9,12.0,7.5,5.0,2,36.3,11.9,0.0,20.4,68.3,0.0083,120,one_push,1,80,24,4,32,"long_axis_bearing_deg = bearing of the item's LONG side in world, counter-clockwise from +X, in [0,180). Place by this, not by yaw. yaw_deg is the MuJoCo local-frame rotation and its meaning differs between bricks (long side on local X) and blocks (long side on local Y).","every bar uses the wall_10/wall_11 ArUco mounting; wall_9 is excluded (tag rotated 90 deg, 19.0 cm not 19.5)"
hard_015,hard,1push,brick,wall_10,10.1,44.7,10.4,19.5,5.5,10.0,2,17.9,18.4,0.0,12.4,67.7,0.0069,145,one_push,1,91,29,12,19,"long_axis_bearing_deg = bearing of the item's LONG side in world, counter-clockwise from +X, in [0,180). Place by this, not by yaw. yaw_deg is the MuJoCo local-frame rotation and its meaning differs between bricks (long side on local X) and blocks (long side on local Y).","every bar uses the wall_10/wall_11 ArUco mounting; wall_9 is excluded (tag rotated 90 deg, 19.0 cm not 19.5)"
hard_015,hard,1push,brick,wall_11,35.0,55.8,109.8,19.5,5.5,10.0,2,17.9,18.4,0.0,12.4,67.7,0.0069,145,one_push,1,91,29,12,19,"long_axis_bearing_deg = bearing of the item's LONG side in world, counter-clockwise from +X, in [0,180). Place by this, not by yaw. yaw_deg is the MuJoCo local-frame rotation and its meaning differs between bricks (long side on local X) and blocks (long side on local Y).","every bar uses the wall_10/wall_11 ArUco mounting; wall_9 is excluded (tag rotated 90 deg, 19.0 cm not 19.5)"
hard_015,hard,1push,block,obj_1,28.9,41.6,105.5,15.0,7.0,4.0,2,17.9,18.4,0.0,12.4,67.7,0.0069,145,one_push,1,91,29,12,19,"long_axis_bearing_deg = bearing of the item's LONG side in world, counter-clockwise from +X, in [0,180). Place by this, not by yaw. yaw_deg is the MuJoCo local-frame rotation and its meaning differs between bricks (long side on local X) and blocks (long side on local Y).","every bar uses the wall_10/wall_11 ArUco mounting; wall_9 is excluded (tag rotated 90 deg, 19.0 cm not 19.5)"
hard_016,hard,1push,brick,wall_10,10.0,38.6,5.6,19.5,5.5,10.0,2,37.9,10.4,0.0,13.2,71.2,0.0118,85,one_push,1,36,17,9,34,"long_axis_bearing_deg = bearing of the item's LONG side in world, counter-clockwise from +X, in [0,180). Place by this, not by yaw. yaw_deg is the MuJoCo local-frame rotation and its meaning differs between bricks (long side on local X) and blocks (long side on local Y).","every bar uses the wall_10/wall_11 ArUco mounting; wall_9 is excluded (tag rotated 90 deg, 19.0 cm not 19.5)"
hard_016,hard,1push,brick,wall_11,35.2,47.0,105.7,19.5,5.5,10.0,2,37.9,10.4,0.0,13.2,71.2,0.0118,85,one_push,1,36,17,9,34,"long_axis_bearing_deg = bearing of the item's LONG side in world, counter-clockwise from +X, in [0,180). Place by this, not by yaw. yaw_deg is the MuJoCo local-frame rotation and its meaning differs between bricks (long side on local X) and blocks (long side on local Y).","every bar uses the wall_10/wall_11 ArUco mounting; wall_9 is excluded (tag rotated 90 deg, 19.0 cm not 19.5)"
hard_016,hard,1push,block,obj_4,25.3,39.7,75.3,12.0,7.5,5.0,2,37.9,10.4,0.0,13.2,71.2,0.0118,85,one_push,1,36,17,9,34,"long_axis_bearing_deg = bearing of the item's LONG side in world, counter-clockwise from +X, in [0,180). Place by this, not by yaw. yaw_deg is the MuJoCo local-frame rotation and its meaning differs between bricks (long side on local X) and blocks (long side on local Y).","every bar uses the wall_10/wall_11 ArUco mounting; wall_9 is excluded (tag rotated 90 deg, 19.0 cm not 19.5)"
hard_017,hard,1push,brick,wall_10,9.8,30.1,1.5,19.5,5.5,10.0,2,13.2,16.5,0.0,21.3,44.8,0.0069,145,one_push,1,103,29,10,21,"long_axis_bearing_deg = bearing of the item's LONG side in world, counter-clockwise from +X, in [0,180). Place by this, not by yaw. yaw_deg is the MuJoCo local-frame rotation and its meaning differs between bricks (long side on local X) and blocks (long side on local Y).","every bar uses the wall_10/wall_11 ArUco mounting; wall_9 is excluded (tag rotated 90 deg, 19.0 cm not 19.5)"
hard_017,hard,1push,brick,wall_11,34.8,39.9,107.1,19.5,5.5,10.0,2,13.2,16.5,0.0,21.3,44.8,0.0069,145,one_push,1,103,29,10,21,"long_axis_bearing_deg = bearing of the item's LONG side in world, counter-clockwise from +X, in [0,180). Place by this, not by yaw. yaw_deg is the MuJoCo local-frame rotation and its meaning differs between bricks (long side on local X) and blocks (long side on local Y).","every bar uses the wall_10/wall_11 ArUco mounting; wall_9 is excluded (tag rotated 90 deg, 19.0 cm not 19.5)"
hard_017,hard,1push,block,obj_1,28.9,25.2,105.8,15.0,7.0,4.0,2,13.2,16.5,0.0,21.3,44.8,0.0069,145,one_push,1,103,29,10,21,"long_axis_bearing_deg = bearing of the item's LONG side in world, counter-clockwise from +X, in [0,180). Place by this, not by yaw. yaw_deg is the MuJoCo local-frame rotation and its meaning differs between bricks (long side on local X) and blocks (long side on local Y).","every bar uses the wall_10/wall_11 ArUco mounting; wall_9 is excluded (tag rotated 90 deg, 19.0 cm not 19.5)"
hard_018,hard,1push,brick,wall_10,10.0,38.5,6.6,19.5,5.5,10.0,2,28.5,18.8,0.0,18.1,58.0,0.0118,85,one_push,1,62,17,7,36,"long_axis_bearing_deg = bearing of the item's LONG side in world, counter-clockwise from +X, in [0,180). Place by this, not by yaw. yaw_deg is the MuJoCo local-frame rotation and its meaning differs between bricks (long side on local X) and blocks (long side on local Y).","every bar uses the wall_10/wall_11 ArUco mounting; wall_9 is excluded (tag rotated 90 deg, 19.0 cm not 19.5)"
hard_018,hard,1push,brick,wall_11,35.5,45.6,107.8,19.5,5.5,10.0,2,28.5,18.8,0.0,18.1,58.0,0.0118,85,one_push,1,62,17,7,36,"long_axis_bearing_deg = bearing of the item's LONG side in world, counter-clockwise from +X, in [0,180). Place by this, not by yaw. yaw_deg is the MuJoCo local-frame rotation and its meaning differs between bricks (long side on local X) and blocks (long side on local Y).","every bar uses the wall_10/wall_11 ArUco mounting; wall_9 is excluded (tag rotated 90 deg, 19.0 cm not 19.5)"
hard_018,hard,1push,block,obj_4,27.5,37.6,89.0,12.0,7.5,5.0,2,28.5,18.8,0.0,18.1,58.0,0.0118,85,one_push,1,62,17,7,36,"long_axis_bearing_deg = bearing of the item's LONG side in world, counter-clockwise from +X, in [0,180). Place by this, not by yaw. yaw_deg is the MuJoCo local-frame rotation and its meaning differs between bricks (long side on local X) and blocks (long side on local Y).","every bar uses the wall_10/wall_11 ArUco mounting; wall_9 is excluded (tag rotated 90 deg, 19.0 cm not 19.5)"
hard_019,hard,1push,brick,wall_10,39.0,30.4,5.0,19.5,5.5,10.0,2,21.0,13.6,0.0,28.8,57.5,0.0071,140,one_push,1,61,28,3,29,"long_axis_bearing_deg = bearing of the item's LONG side in world, counter-clockwise from +X, in [0,180). Place by this, not by yaw. yaw_deg is the MuJoCo local-frame rotation and its meaning differs between bricks (long side on local X) and blocks (long side on local Y).","every bar uses the wall_10/wall_11 ArUco mounting; wall_9 is excluded (tag rotated 90 deg, 19.0 cm not 19.5)"
hard_019,hard,1push,brick,wall_11,14.5,42.3,70.8,19.5,5.5,10.0,2,21.0,13.6,0.0,28.8,57.5,0.0071,140,one_push,1,61,28,3,29,"long_axis_bearing_deg = bearing of the item's LONG side in world, counter-clockwise from +X, in [0,180). Place by this, not by yaw. yaw_deg is the MuJoCo local-frame rotation and its meaning differs between bricks (long side on local X) and blocks (long side on local Y).","every bar uses the wall_10/wall_11 ArUco mounting; wall_9 is excluded (tag rotated 90 deg, 19.0 cm not 19.5)"
hard_019,hard,1push,block,obj_1,21.2,26.8,103.8,15.0,7.0,4.0,2,21.0,13.6,0.0,28.8,57.5,0.0071,140,one_push,1,61,28,3,29,"long_axis_bearing_deg = bearing of the item's LONG side in world, counter-clockwise from +X, in [0,180). Place by this, not by yaw. yaw_deg is the MuJoCo local-frame rotation and its meaning differs between bricks (long side on local X) and blocks (long side on local Y).","every bar uses the wall_10/wall_11 ArUco mounting; wall_9 is excluded (tag rotated 90 deg, 19.0 cm not 19.5)"
hard_020,hard,1push,brick,wall_10,10.0,41.2,174.1,19.5,5.5,10.0,2,42.1,28.4,0.0,39.0,65.4,0.0118,85,one_push,1,53,17,8,35,"long_axis_bearing_deg = bearing of the item's LONG side in world, counter-clockwise from +X, in [0,180). Place by this, not by yaw. yaw_deg is the MuJoCo local-frame rotation and its meaning differs between bricks (long side on local X) and blocks (long side on local Y).","every bar uses the wall_10/wall_11 ArUco mounting; wall_9 is excluded (tag rotated 90 deg, 19.0 cm not 19.5)"
hard_020,hard,1push,brick,wall_11,35.6,47.3,105.5,19.5,5.5,10.0,2,42.1,28.4,0.0,39.0,65.4,0.0118,85,one_push,1,53,17,8,35,"long_axis_bearing_deg = bearing of the item's LONG side in world, counter-clockwise from +X, in [0,180). Place by this, not by yaw. yaw_deg is the MuJoCo local-frame rotation and its meaning differs between bricks (long side on local X) and blocks (long side on local Y).","every bar uses the wall_10/wall_11 ArUco mounting; wall_9 is excluded (tag rotated 90 deg, 19.0 cm not 19.5)"
hard_020,hard,1push,block,obj_4,25.5,38.8,78.2,12.0,7.5,5.0,2,42.1,28.4,0.0,39.0,65.4,0.0118,85,one_push,1,53,17,8,35,"long_axis_bearing_deg = bearing of the item's LONG side in world, counter-clockwise from +X, in [0,180). Place by this, not by yaw. yaw_deg is the MuJoCo local-frame rotation and its meaning differs between bricks (long side on local X) and blocks (long side on local Y).","every bar uses the wall_10/wall_11 ArUco mounting; wall_9 is excluded (tag rotated 90 deg, 19.0 cm not 19.5)"
hard_021,hard,1push,brick,wall_10,38.9,37.8,10.7,19.5,5.5,10.0,2,27.8,7.4,0.0,42.3,57.7,0.0071,140,one_push,1,91,28,13,19,"long_axis_bearing_deg = bearing of the item's LONG side in world, counter-clockwise from +X, in [0,180). Place by this, not by yaw. yaw_deg is the MuJoCo local-frame rotation and its meaning differs between bricks (long side on local X) and blocks (long side on local Y).","every bar uses the wall_10/wall_11 ArUco mounting; wall_9 is excluded (tag rotated 90 deg, 19.0 cm not 19.5)"
hard_021,hard,1push,brick,wall_11,13.5,46.6,73.3,19.5,5.5,10.0,2,27.8,7.4,0.0,42.3,57.7,0.0071,140,one_push,1,91,28,13,19,"long_axis_bearing_deg = bearing of the item's LONG side in world, counter-clockwise from +X, in [0,180). Place by this, not by yaw. yaw_deg is the MuJoCo local-frame rotation and its meaning differs between bricks (long side on local X) and blocks (long side on local Y).","every bar uses the wall_10/wall_11 ArUco mounting; wall_9 is excluded (tag rotated 90 deg, 19.0 cm not 19.5)"
hard_021,hard,1push,block,obj_1,18.0,33.6,65.4,15.0,7.0,4.0,2,27.8,7.4,0.0,42.3,57.7,0.0071,140,one_push,1,91,28,13,19,"long_axis_bearing_deg = bearing of the item's LONG side in world, counter-clockwise from +X, in [0,180). Place by this, not by yaw. yaw_deg is the MuJoCo local-frame rotation and its meaning differs between bricks (long side on local X) and blocks (long side on local Y).","every bar uses the wall_10/wall_11 ArUco mounting; wall_9 is excluded (tag rotated 90 deg, 19.0 cm not 19.5)"
hard_022,hard,1push,brick,wall_10,38.9,35.0,169.7,19.5,5.5,10.0,2,38.4,9.0,0.0,31.9,64.6,0.0125,160,one_push,2,112,32,11,17,"long_axis_bearing_deg = bearing of the item's LONG side in world, counter-clockwise from +X, in [0,180). Place by this, not by yaw. yaw_deg is the MuJoCo local-frame rotation and its meaning differs between bricks (long side on local X) and blocks (long side on local Y).","every bar uses the wall_10/wall_11 ArUco mounting; wall_9 is excluded (tag rotated 90 deg, 19.0 cm not 19.5)"
hard_022,hard,1push,brick,wall_11,13.3,46.0,78.2,19.5,5.5,10.0,2,38.4,9.0,0.0,31.9,64.6,0.0125,160,one_push,2,112,32,11,17,"long_axis_bearing_deg = bearing of the item's LONG side in world, counter-clockwise from +X, in [0,180). Place by this, not by yaw. yaw_deg is the MuJoCo local-frame rotation and its meaning differs between bricks (long side on local X) and blocks (long side on local Y).","every bar uses the wall_10/wall_11 ArUco mounting; wall_9 is excluded (tag rotated 90 deg, 19.0 cm not 19.5)"
hard_022,hard,1push,block,obj_4,18.6,30.7,76.7,12.0,7.5,5.0,2,38.4,9.0,0.0,31.9,64.6,0.0125,160,one_push,2,112,32,11,17,"long_axis_bearing_deg = bearing of the item's LONG side in world, counter-clockwise from +X, in [0,180). Place by this, not by yaw. yaw_deg is the MuJoCo local-frame rotation and its meaning differs between bricks (long side on local X) and blocks (long side on local Y).","every bar uses the wall_10/wall_11 ArUco mounting; wall_9 is excluded (tag rotated 90 deg, 19.0 cm not 19.5)"
hard_023,hard,1push,brick,wall_10,39.1,42.9,177.3,19.5,5.5,10.0,2,39.5,30.6,0.0,26.7,69.8,0.0074,135,one_push,1,85,27,8,25,"long_axis_bearing_deg = bearing of the item's LONG side in world, counter-clockwise from +X, in [0,180). Place by this, not by yaw. yaw_deg is the MuJoCo local-frame rotation and its meaning differs between bricks (long side on local X) and blocks (long side on local Y).","every bar uses the wall_10/wall_11 ArUco mounting; wall_9 is excluded (tag rotated 90 deg, 19.0 cm not 19.5)"
hard_023,hard,1push,brick,wall_11,13.8,51.9,72.7,19.5,5.5,10.0,2,39.5,30.6,0.0,26.7,69.8,0.0074,135,one_push,1,85,27,8,25,"long_axis_bearing_deg = bearing of the item's LONG side in world, counter-clockwise from +X, in [0,180). Place by this, not by yaw. yaw_deg is the MuJoCo local-frame rotation and its meaning differs between bricks (long side on local X) and blocks (long side on local Y).","every bar uses the wall_10/wall_11 ArUco mounting; wall_9 is excluded (tag rotated 90 deg, 19.0 cm not 19.5)"
hard_023,hard,1push,block,obj_1,22.8,38.3,79.0,15.0,7.0,4.0,2,39.5,30.6,0.0,26.7,69.8,0.0074,135,one_push,1,85,27,8,25,"long_axis_bearing_deg = bearing of the item's LONG side in world, counter-clockwise from +X, in [0,180). Place by this, not by yaw. yaw_deg is the MuJoCo local-frame rotation and its meaning differs between bricks (long side on local X) and blocks (long side on local Y).","every bar uses the wall_10/wall_11 ArUco mounting; wall_9 is excluded (tag rotated 90 deg, 19.0 cm not 19.5)"
hard_024,hard,1push,brick,wall_10,39.0,31.5,5.5,19.5,5.5,10.0,2,35.1,6.9,0.0,35.9,69.6,0.0133,75,one_push,1,41,15,5,40,"long_axis_bearing_deg = bearing of the item's LONG side in world, counter-clockwise from +X, in [0,180). Place by this, not by yaw. yaw_deg is the MuJoCo local-frame rotation and its meaning differs between bricks (long side on local X) and blocks (long side on local Y).","every bar uses the wall_10/wall_11 ArUco mounting; wall_9 is excluded (tag rotated 90 deg, 19.0 cm not 19.5)"
hard_024,hard,1push,brick,wall_11,13.2,38.0,75.2,19.5,5.5,10.0,2,35.1,6.9,0.0,35.9,69.6,0.0133,75,one_push,1,41,15,5,40,"long_axis_bearing_deg = bearing of the item's LONG side in world, counter-clockwise from +X, in [0,180). Place by this, not by yaw. yaw_deg is the MuJoCo local-frame rotation and its meaning differs between bricks (long side on local X) and blocks (long side on local Y).","every bar uses the wall_10/wall_11 ArUco mounting; wall_9 is excluded (tag rotated 90 deg, 19.0 cm not 19.5)"
hard_024,hard,1push,block,obj_4,22.0,28.4,178.8,12.0,7.5,5.0,2,35.1,6.9,0.0,35.9,69.6,0.0133,75,one_push,1,41,15,5,40,"long_axis_bearing_deg = bearing of the item's LONG side in world, counter-clockwise from +X, in [0,180). Place by this, not by yaw. yaw_deg is the MuJoCo local-frame rotation and its meaning differs between bricks (long side on local X) and blocks (long side on local Y).","every bar uses the wall_10/wall_11 ArUco mounting; wall_9 is excluded (tag rotated 90 deg, 19.0 cm not 19.5)"
hard_025,hard,1push,brick,wall_10,10.1,45.8,11.6,19.5,5.5,10.0,2,31.3,15.1,0.0,18.2,71.3,0.0074,135,one_push,1,68,26,8,26,"long_axis_bearing_deg = bearing of the item's LONG side in world, counter-clockwise from +X, in [0,180). Place by this, not by yaw. yaw_deg is the MuJoCo local-frame rotation and its meaning differs between bricks (long side on local X) and blocks (long side on local Y).","every bar uses the wall_10/wall_11 ArUco mounting; wall_9 is excluded (tag rotated 90 deg, 19.0 cm not 19.5)"
hard_025,hard,1push,brick,wall_11,35.6,53.7,109.0,19.5,5.5,10.0,2,31.3,15.1,0.0,18.2,71.3,0.0074,135,one_push,1,68,26,8,26,"long_axis_bearing_deg = bearing of the item's LONG side in world, counter-clockwise from +X, in [0,180). Place by this, not by yaw. yaw_deg is the MuJoCo local-frame rotation and its meaning differs between bricks (long side on local X) and blocks (long side on local Y).","every bar uses the wall_10/wall_11 ArUco mounting; wall_9 is excluded (tag rotated 90 deg, 19.0 cm not 19.5)"
hard_025,hard,1push,block,obj_1,31.0,42.7,104.4,15.0,7.0,4.0,2,31.3,15.1,0.0,18.2,71.3,0.0074,135,one_push,1,68,26,8,26,"long_axis_bearing_deg = bearing of the item's LONG side in world, counter-clockwise from +X, in [0,180). Place by this, not by yaw. yaw_deg is the MuJoCo local-frame rotation and its meaning differs between bricks (long side on local X) and blocks (long side on local Y).","every bar uses the wall_10/wall_11 ArUco mounting; wall_9 is excluded (tag rotated 90 deg, 19.0 cm not 19.5)"
hard_026,hard,1push,brick,wall_10,38.9,34.1,168.8,19.5,5.5,10.0,2,32.0,17.3,0.0,37.5,62.0,0.0138,145,one_push,2,106,29,12,19,"long_axis_bearing_deg = bearing of the item's LONG side in world, counter-clockwise from +X, in [0,180). Place by this, not by yaw. yaw_deg is the MuJoCo local-frame rotation and its meaning differs between bricks (long side on local X) and blocks (long side on local Y).","every bar uses the wall_10/wall_11 ArUco mounting; wall_9 is excluded (tag rotated 90 deg, 19.0 cm not 19.5)"
hard_026,hard,1push,brick,wall_11,13.1,43.4,71.6,19.5,5.5,10.0,2,32.0,17.3,0.0,37.5,62.0,0.0138,145,one_push,2,106,29,12,19,"long_axis_bearing_deg = bearing of the item's LONG side in world, counter-clockwise from +X, in [0,180). Place by this, not by yaw. yaw_deg is the MuJoCo local-frame rotation and its meaning differs between bricks (long side on local X) and blocks (long side on local Y).","every bar uses the wall_10/wall_11 ArUco mounting; wall_9 is excluded (tag rotated 90 deg, 19.0 cm not 19.5)"
hard_026,hard,1push,block,obj_4,19.8,29.8,79.7,12.0,7.5,5.0,2,32.0,17.3,0.0,37.5,62.0,0.0138,145,one_push,2,106,29,12,19,"long_axis_bearing_deg = bearing of the item's LONG side in world, counter-clockwise from +X, in [0,180). Place by this, not by yaw. yaw_deg is the MuJoCo local-frame rotation and its meaning differs between bricks (long side on local X) and blocks (long side on local Y).","every bar uses the wall_10/wall_11 ArUco mounting; wall_9 is excluded (tag rotated 90 deg, 19.0 cm not 19.5)"
hard_027,hard,1push,brick,wall_10,39.0,41.9,8.3,19.5,5.5,10.0,2,23.7,15.1,0.0,27.8,60.6,0.0074,135,one_push,1,93,27,10,23,"long_axis_bearing_deg = bearing of the item's LONG side in world, counter-clockwise from +X, in [0,180). Place by this, not by yaw. yaw_deg is the MuJoCo local-frame rotation and its meaning differs between bricks (long side on local X) and blocks (long side on local Y).","every bar uses the wall_10/wall_11 ArUco mounting; wall_9 is excluded (tag rotated 90 deg, 19.0 cm not 19.5)"
hard_027,hard,1push,brick,wall_11,14.4,52.0,71.8,19.5,5.5,10.0,2,23.7,15.1,0.0,27.8,60.6,0.0074,135,one_push,1,93,27,10,23,"long_axis_bearing_deg = bearing of the item's LONG side in world, counter-clockwise from +X, in [0,180). Place by this, not by yaw. yaw_deg is the MuJoCo local-frame rotation and its meaning differs between bricks (long side on local X) and blocks (long side on local Y).","every bar uses the wall_10/wall_11 ArUco mounting; wall_9 is excluded (tag rotated 90 deg, 19.0 cm not 19.5)"
hard_027,hard,1push,block,obj_1,21.8,37.0,90.3,15.0,7.0,4.0,2,23.7,15.1,0.0,27.8,60.6,0.0074,135,one_push,1,93,27,10,23,"long_axis_bearing_deg = bearing of the item's LONG side in world, counter-clockwise from +X, in [0,180). Place by this, not by yaw. yaw_deg is the MuJoCo local-frame rotation and its meaning differs between bricks (long side on local X) and blocks (long side on local Y).","every bar uses the wall_10/wall_11 ArUco mounting; wall_9 is excluded (tag rotated 90 deg, 19.0 cm not 19.5)"
hard_028,hard,1push,brick,wall_10,10.1,41.8,10.8,19.5,5.5,10.0,2,26.5,17.7,0.0,16.9,60.8,0.0143,140,one_push,2,61,28,12,20,"long_axis_bearing_deg = bearing of the item's LONG side in world, counter-clockwise from +X, in [0,180). Place by this, not by yaw. yaw_deg is the MuJoCo local-frame rotation and its meaning differs between bricks (long side on local X) and blocks (long side on local Y).","every bar uses the wall_10/wall_11 ArUco mounting; wall_9 is excluded (tag rotated 90 deg, 19.0 cm not 19.5)"
hard_028,hard,1push,brick,wall_11,35.5,51.1,102.2,19.5,5.5,10.0,2,26.5,17.7,0.0,16.9,60.8,0.0143,140,one_push,2,61,28,12,20,"long_axis_bearing_deg = bearing of the item's LONG side in world, counter-clockwise from +X, in [0,180). Place by this, not by yaw. yaw_deg is the MuJoCo local-frame rotation and its meaning differs between bricks (long side on local X) and blocks (long side on local Y).","every bar uses the wall_10/wall_11 ArUco mounting; wall_9 is excluded (tag rotated 90 deg, 19.0 cm not 19.5)"
hard_028,hard,1push,block,obj_4,24.4,37.1,79.2,12.0,7.5,5.0,2,26.5,17.7,0.0,16.9,60.8,0.0143,140,one_push,2,61,28,12,20,"long_axis_bearing_deg = bearing of the item's LONG side in world, counter-clockwise from +X, in [0,180). Place by this, not by yaw. yaw_deg is the MuJoCo local-frame rotation and its meaning differs between bricks (long side on local X) and blocks (long side on local Y).","every bar uses the wall_10/wall_11 ArUco mounting; wall_9 is excluded (tag rotated 90 deg, 19.0 cm not 19.5)"
hard_029,hard,1push,brick,wall_10,38.9,34.2,168.3,19.5,5.5,10.0,2,36.6,8.4,0.0,34.8,61.9,0.0077,130,one_push,1,17,26,2,32,"long_axis_bearing_deg = bearing of the item's LONG side in world, counter-clockwise from +X, in [0,180). Place by this, not by yaw. yaw_deg is the MuJoCo local-frame rotation and its meaning differs between bricks (long side on local X) and blocks (long side on local Y).","every bar uses the wall_10/wall_11 ArUco mounting; wall_9 is excluded (tag rotated 90 deg, 19.0 cm not 19.5)"
hard_029,hard,1push,brick,wall_11,13.4,43.8,71.7,19.5,5.5,10.0,2,36.6,8.4,0.0,34.8,61.9,0.0077,130,one_push,1,17,26,2,32,"long_axis_bearing_deg = bearing of the item's LONG side in world, counter-clockwise from +X, in [0,180). Place by this, not by yaw. yaw_deg is the MuJoCo local-frame rotation and its meaning differs between bricks (long side on local X) and blocks (long side on local Y).","every bar uses the wall_10/wall_11 ArUco mounting; wall_9 is excluded (tag rotated 90 deg, 19.0 cm not 19.5)"
hard_029,hard,1push,block,obj_1,20.8,31.3,111.8,15.0,7.0,4.0,2,36.6,8.4,0.0,34.8,61.9,0.0077,130,one_push,1,17,26,2,32,"long_axis_bearing_deg = bearing of the item's LONG side in world, counter-clockwise from +X, in [0,180). Place by this, not by yaw. yaw_deg is the MuJoCo local-frame rotation and its meaning differs between bricks (long side on local X) and blocks (long side on local Y).","every bar uses the wall_10/wall_11 ArUco mounting; wall_9 is excluded (tag rotated 90 deg, 19.0 cm not 19.5)"
hard_030,hard,1push,brick,wall_10,39.0,35.6,8.5,19.5,5.5,10.0,2,6.1,19.2,0.0,14.3,69.0,0.0143,70,one_push,1,36,15,10,35,"long_axis_bearing_deg = bearing of the item's LONG side in world, counter-clockwise from +X, in [0,180). Place by this, not by yaw. yaw_deg is the MuJoCo local-frame rotation and its meaning differs between bricks (long side on local X) and blocks (long side on local Y).","every bar uses the wall_10/wall_11 ArUco mounting; wall_9 is excluded (tag rotated 90 deg, 19.0 cm not 19.5)"
hard_030,hard,1push,brick,wall_11,14.3,47.2,71.0,19.5,5.5,10.0,2,6.1,19.2,0.0,14.3,69.0,0.0143,70,one_push,1,36,15,10,35,"long_axis_bearing_deg = bearing of the item's LONG side in world, counter-clockwise from +X, in [0,180). Place by this, not by yaw. yaw_deg is the MuJoCo local-frame rotation and its meaning differs between bricks (long side on local X) and blocks (long side on local Y).","every bar uses the wall_10/wall_11 ArUco mounting; wall_9 is excluded (tag rotated 90 deg, 19.0 cm not 19.5)"
hard_030,hard,1push,block,obj_4,22.4,36.3,178.3,12.0,7.5,5.0,2,6.1,19.2,0.0,14.3,69.0,0.0143,70,one_push,1,36,15,10,35,"long_axis_bearing_deg = bearing of the item's LONG side in world, counter-clockwise from +X, in [0,180). Place by this, not by yaw. yaw_deg is the MuJoCo local-frame rotation and its meaning differs between bricks (long side on local X) and blocks (long side on local Y).","every bar uses the wall_10/wall_11 ArUco mounting; wall_9 is excluded (tag rotated 90 deg, 19.0 cm not 19.5)"
hard_031,hard,1push,brick,wall_10,10.8,51.4,25.1,19.5,5.5,10.0,2,24.6,31.2,0.0,34.0,66.6,0.0077,130,one_push,1,68,26,14,20,"long_axis_bearing_deg = bearing of the item's LONG side in world, counter-clockwise from +X, in [0,180). Place by this, not by yaw. yaw_deg is the MuJoCo local-frame rotation and its meaning differs between bricks (long side on local X) and blocks (long side on local Y).","every bar uses the wall_10/wall_11 ArUco mounting; wall_9 is excluded (tag rotated 90 deg, 19.0 cm not 19.5)"
hard_031,hard,1push,brick,wall_11,21.7,44.1,8.9,19.5,5.5,10.0,2,24.6,31.2,0.0,34.0,66.6,0.0077,130,one_push,1,68,26,14,20,"long_axis_bearing_deg = bearing of the item's LONG side in world, counter-clockwise from +X, in [0,180). Place by this, not by yaw. yaw_deg is the MuJoCo local-frame rotation and its meaning differs between bricks (long side on local X) and blocks (long side on local Y).","every bar uses the wall_10/wall_11 ArUco mounting; wall_9 is excluded (tag rotated 90 deg, 19.0 cm not 19.5)"
hard_031,hard,1push,block,obj_1,36.3,42.0,58.3,15.0,7.0,4.0,2,24.6,31.2,0.0,34.0,66.6,0.0077,130,one_push,1,68,26,14,20,"long_axis_bearing_deg = bearing of the item's LONG side in world, counter-clockwise from +X, in [0,180). Place by this, not by yaw. yaw_deg is the MuJoCo local-frame rotation and its meaning differs between bricks (long side on local X) and blocks (long side on local Y).","every bar uses the wall_10/wall_11 ArUco mounting; wall_9 is excluded (tag rotated 90 deg, 19.0 cm not 19.5)"
hard_032,hard,1push,brick,wall_10,11.3,32.7,141.6,19.5,5.5,10.0,2,27.5,22.6,0.0,21.9,60.6,0.0154,130,one_push,2,50,26,11,23,"long_axis_bearing_deg = bearing of the item's LONG side in world, counter-clockwise from +X, in [0,180). Place by this, not by yaw. yaw_deg is the MuJoCo local-frame rotation and its meaning differs between bricks (long side on local X) and blocks (long side on local Y).","every bar uses the wall_10/wall_11 ArUco mounting; wall_9 is excluded (tag rotated 90 deg, 19.0 cm not 19.5)"
hard_032,hard,1push,brick,wall_11,26.2,37.0,14.6,19.5,5.5,10.0,2,27.5,22.6,0.0,21.9,60.6,0.0154,130,one_push,2,50,26,11,23,"long_axis_bearing_deg = bearing of the item's LONG side in world, counter-clockwise from +X, in [0,180). Place by this, not by yaw. yaw_deg is the MuJoCo local-frame rotation and its meaning differs between bricks (long side on local X) and blocks (long side on local Y).","every bar uses the wall_10/wall_11 ArUco mounting; wall_9 is excluded (tag rotated 90 deg, 19.0 cm not 19.5)"
hard_032,hard,1push,block,obj_4,38.1,29.2,71.8,12.0,7.5,5.0,2,27.5,22.6,0.0,21.9,60.6,0.0154,130,one_push,2,50,26,11,23,"long_axis_bearing_deg = bearing of the item's LONG side in world, counter-clockwise from +X, in [0,180). Place by this, not by yaw. yaw_deg is the MuJoCo local-frame rotation and its meaning differs between bricks (long side on local X) and blocks (long side on local Y).","every bar uses the wall_10/wall_11 ArUco mounting; wall_9 is excluded (tag rotated 90 deg, 19.0 cm not 19.5)"
hard_033,hard,1push,brick,wall_10,10.1,38.7,169.7,19.5,5.5,10.0,2,36.5,22.1,0.0,22.8,64.4,0.008,125,one_push,1,71,24,8,28,"long_axis_bearing_deg = bearing of the item's LONG side in world, counter-clockwise from +X, in [0,180). Place by this, not by yaw. yaw_deg is the MuJoCo local-frame rotation and its meaning differs between bricks (long side on local X) and blocks (long side on local Y).","every bar uses the wall_10/wall_11 ArUco mounting; wall_9 is excluded (tag rotated 90 deg, 19.0 cm not 19.5)"
hard_033,hard,1push,brick,wall_11,35.3,47.0,109.9,19.5,5.5,10.0,2,36.5,22.1,0.0,22.8,64.4,0.008,125,one_push,1,71,24,8,28,"long_axis_bearing_deg = bearing of the item's LONG side in world, counter-clockwise from +X, in [0,180). Place by this, not by yaw. yaw_deg is the MuJoCo local-frame rotation and its meaning differs between bricks (long side on local X) and blocks (long side on local Y).","every bar uses the wall_10/wall_11 ArUco mounting; wall_9 is excluded (tag rotated 90 deg, 19.0 cm not 19.5)"
hard_033,hard,1push,block,obj_1,27.1,34.0,83.6,15.0,7.0,4.0,2,36.5,22.1,0.0,22.8,64.4,0.008,125,one_push,1,71,24,8,28,"long_axis_bearing_deg = bearing of the item's LONG side in world, counter-clockwise from +X, in [0,180). Place by this, not by yaw. yaw_deg is the MuJoCo local-frame rotation and its meaning differs between bricks (long side on local X) and blocks (long side on local Y).","every bar uses the wall_10/wall_11 ArUco mounting; wall_9 is excluded (tag rotated 90 deg, 19.0 cm not 19.5)"
hard_034,hard,1push,brick,wall_10,10.1,39.1,168.6,19.5,5.5,10.0,2,19.0,21.5,0.0,33.2,68.9,0.016,125,one_push,2,47,25,9,26,"long_axis_bearing_deg = bearing of the item's LONG side in world, counter-clockwise from +X, in [0,180). Place by this, not by yaw. yaw_deg is the MuJoCo local-frame rotation and its meaning differs between bricks (long side on local X) and blocks (long side on local Y).","every bar uses the wall_10/wall_11 ArUco mounting; wall_9 is excluded (tag rotated 90 deg, 19.0 cm not 19.5)"
hard_034,hard,1push,brick,wall_11,35.6,51.1,102.8,19.5,5.5,10.0,2,19.0,21.5,0.0,33.2,68.9,0.016,125,one_push,2,47,25,9,26,"long_axis_bearing_deg = bearing of the item's LONG side in world, counter-clockwise from +X, in [0,180). Place by this, not by yaw. yaw_deg is the MuJoCo local-frame rotation and its meaning differs between bricks (long side on local X) and blocks (long side on local Y).","every bar uses the wall_10/wall_11 ArUco mounting; wall_9 is excluded (tag rotated 90 deg, 19.0 cm not 19.5)"
hard_034,hard,1push,block,obj_4,28.6,36.7,1.1,12.0,7.5,5.0,2,19.0,21.5,0.0,33.2,68.9,0.016,125,one_push,2,47,25,9,26,"long_axis_bearing_deg = bearing of the item's LONG side in world, counter-clockwise from +X, in [0,180). Place by this, not by yaw. yaw_deg is the MuJoCo local-frame rotation and its meaning differs between bricks (long side on local X) and blocks (long side on local Y).","every bar uses the wall_10/wall_11 ArUco mounting; wall_9 is excluded (tag rotated 90 deg, 19.0 cm not 19.5)"
hard_035,hard,1push,brick,wall_10,26.7,44.8,153.2,19.5,5.5,10.0,2,42.6,19.1,0.0,26.0,66.9,0.008,125,one_push,1,4,24,7,29,"long_axis_bearing_deg = bearing of the item's LONG side in world, counter-clockwise from +X, in [0,180). Place by this, not by yaw. yaw_deg is the MuJoCo local-frame rotation and its meaning differs between bricks (long side on local X) and blocks (long side on local Y).","every bar uses the wall_10/wall_11 ArUco mounting; wall_9 is excluded (tag rotated 90 deg, 19.0 cm not 19.5)"
hard_035,hard,1push,brick,wall_11,38.0,32.9,52.7,19.5,5.5,10.0,2,42.6,19.1,0.0,26.0,66.9,0.008,125,one_push,1,4,24,7,29,"long_axis_bearing_deg = bearing of the item's LONG side in world, counter-clockwise from +X, in [0,180). Place by this, not by yaw. yaw_deg is the MuJoCo local-frame rotation and its meaning differs between bricks (long side on local X) and blocks (long side on local Y).","every bar uses the wall_10/wall_11 ArUco mounting; wall_9 is excluded (tag rotated 90 deg, 19.0 cm not 19.5)"
hard_035,hard,1push,block,obj_1,12.3,37.4,0.5,15.0,7.0,4.0,2,42.6,19.1,0.0,26.0,66.9,0.008,125,one_push,1,4,24,7,29,"long_axis_bearing_deg = bearing of the item's LONG side in world, counter-clockwise from +X, in [0,180). Place by this, not by yaw. yaw_deg is the MuJoCo local-frame rotation and its meaning differs between bricks (long side on local X) and blocks (long side on local Y).","every bar uses the wall_10/wall_11 ArUco mounting; wall_9 is excluded (tag rotated 90 deg, 19.0 cm not 19.5)"
hard_036,hard,1push,brick,wall_10,10.0,31.9,7.8,19.5,5.5,10.0,2,36.8,13.7,0.0,38.5,60.8,0.0174,115,one_push,2,73,23,5,32,"long_axis_bearing_deg = bearing of the item's LONG side in world, counter-clockwise from +X, in [0,180). Place by this, not by yaw. yaw_deg is the MuJoCo local-frame rotation and its meaning differs between bricks (long side on local X) and blocks (long side on local Y).","every bar uses the wall_10/wall_11 ArUco mounting; wall_9 is excluded (tag rotated 90 deg, 19.0 cm not 19.5)"
hard_036,hard,1push,brick,wall_11,35.6,38.3,104.5,19.5,5.5,10.0,2,36.8,13.7,0.0,38.5,60.8,0.0174,115,one_push,2,73,23,5,32,"long_axis_bearing_deg = bearing of the item's LONG side in world, counter-clockwise from +X, in [0,180). Place by this, not by yaw. yaw_deg is the MuJoCo local-frame rotation and its meaning differs between bricks (long side on local X) and blocks (long side on local Y).","every bar uses the wall_10/wall_11 ArUco mounting; wall_9 is excluded (tag rotated 90 deg, 19.0 cm not 19.5)"
hard_036,hard,1push,block,obj_4,27.0,30.0,118.6,12.0,7.5,5.0,2,36.8,13.7,0.0,38.5,60.8,0.0174,115,one_push,2,73,23,5,32,"long_axis_bearing_deg = bearing of the item's LONG side in world, counter-clockwise from +X, in [0,180). Place by this, not by yaw. yaw_deg is the MuJoCo local-frame rotation and its meaning differs between bricks (long side on local X) and blocks (long side on local Y).","every bar uses the wall_10/wall_11 ArUco mounting; wall_9 is excluded (tag rotated 90 deg, 19.0 cm not 19.5)"
hard_037,hard,1push,brick,wall_10,24.3,38.6,158.6,19.5,5.5,10.0,2,17.7,7.0,0.0,22.7,70.8,0.0087,115,one_push,1,62,24,8,28,"long_axis_bearing_deg = bearing of the item's LONG side in world, counter-clockwise from +X, in [0,180). Place by this, not by yaw. yaw_deg is the MuJoCo local-frame rotation and its meaning differs between bricks (long side on local X) and blocks (long side on local Y).","every bar uses the wall_10/wall_11 ArUco mounting; wall_9 is excluded (tag rotated 90 deg, 19.0 cm not 19.5)"
hard_037,hard,1push,brick,wall_11,38.7,42.6,134.1,19.5,5.5,10.0,2,17.7,7.0,0.0,22.7,70.8,0.0087,115,one_push,1,62,24,8,28,"long_axis_bearing_deg = bearing of the item's LONG side in world, counter-clockwise from +X, in [0,180). Place by this, not by yaw. yaw_deg is the MuJoCo local-frame rotation and its meaning differs between bricks (long side on local X) and blocks (long side on local Y).","every bar uses the wall_10/wall_11 ArUco mounting; wall_9 is excluded (tag rotated 90 deg, 19.0 cm not 19.5)"
hard_037,hard,1push,block,obj_1,9.0,32.1,78.4,15.0,7.0,4.0,2,17.7,7.0,0.0,22.7,70.8,0.0087,115,one_push,1,62,24,8,28,"long_axis_bearing_deg = bearing of the item's LONG side in world, counter-clockwise from +X, in [0,180). Place by this, not by yaw. yaw_deg is the MuJoCo local-frame rotation and its meaning differs between bricks (long side on local X) and blocks (long side on local Y).","every bar uses the wall_10/wall_11 ArUco mounting; wall_9 is excluded (tag rotated 90 deg, 19.0 cm not 19.5)"
hard_038,hard,1push,brick,wall_10,39.1,42.3,3.4,19.5,5.5,10.0,2,31.5,11.0,0.0,12.4,69.5,0.0174,115,one_push,2,44,23,6,31,"long_axis_bearing_deg = bearing of the item's LONG side in world, counter-clockwise from +X, in [0,180). Place by this, not by yaw. yaw_deg is the MuJoCo local-frame rotation and its meaning differs between bricks (long side on local X) and blocks (long side on local Y).","every bar uses the wall_10/wall_11 ArUco mounting; wall_9 is excluded (tag rotated 90 deg, 19.0 cm not 19.5)"
hard_038,hard,1push,brick,wall_11,13.7,50.3,74.8,19.5,5.5,10.0,2,31.5,11.0,0.0,12.4,69.5,0.0174,115,one_push,2,44,23,6,31,"long_axis_bearing_deg = bearing of the item's LONG side in world, counter-clockwise from +X, in [0,180). Place by this, not by yaw. yaw_deg is the MuJoCo local-frame rotation and its meaning differs between bricks (long side on local X) and blocks (long side on local Y).","every bar uses the wall_10/wall_11 ArUco mounting; wall_9 is excluded (tag rotated 90 deg, 19.0 cm not 19.5)"
hard_038,hard,1push,block,obj_4,20.4,39.1,156.4,12.0,7.5,5.0,2,31.5,11.0,0.0,12.4,69.5,0.0174,115,one_push,2,44,23,6,31,"long_axis_bearing_deg = bearing of the item's LONG side in world, counter-clockwise from +X, in [0,180). Place by this, not by yaw. yaw_deg is the MuJoCo local-frame rotation and its meaning differs between bricks (long side on local X) and blocks (long side on local Y).","every bar uses the wall_10/wall_11 ArUco mounting; wall_9 is excluded (tag rotated 90 deg, 19.0 cm not 19.5)"
hard_039,hard,1push,brick,wall_10,9.8,39.7,177.9,19.5,5.5,10.0,2,31.4,10.3,0.0,19.7,62.2,0.0091,110,one_push,1,44,23,9,28,"long_axis_bearing_deg = bearing of the item's LONG side in world, counter-clockwise from +X, in [0,180). Place by this, not by yaw. yaw_deg is the MuJoCo local-frame rotation and its meaning differs between bricks (long side on local X) and blocks (long side on local Y).","every bar uses the wall_10/wall_11 ArUco mounting; wall_9 is excluded (tag rotated 90 deg, 19.0 cm not 19.5)"
hard_039,hard,1push,brick,wall_11,35.2,48.0,107.0,19.5,5.5,10.0,2,31.4,10.3,0.0,19.7,62.2,0.0091,110,one_push,1,44,23,9,28,"long_axis_bearing_deg = bearing of the item's LONG side in world, counter-clockwise from +X, in [0,180). Place by this, not by yaw. yaw_deg is the MuJoCo local-frame rotation and its meaning differs between bricks (long side on local X) and blocks (long side on local Y).","every bar uses the wall_10/wall_11 ArUco mounting; wall_9 is excluded (tag rotated 90 deg, 19.0 cm not 19.5)"
hard_039,hard,1push,block,obj_1,28.4,38.1,134.6,15.0,7.0,4.0,2,31.4,10.3,0.0,19.7,62.2,0.0091,110,one_push,1,44,23,9,28,"long_axis_bearing_deg = bearing of the item's LONG side in world, counter-clockwise from +X, in [0,180). Place by this, not by yaw. yaw_deg is the MuJoCo local-frame rotation and its meaning differs between bricks (long side on local X) and blocks (long side on local Y).","every bar uses the wall_10/wall_11 ArUco mounting; wall_9 is excluded (tag rotated 90 deg, 19.0 cm not 19.5)"
hard_040,hard,1push,brick,wall_10,9.9,41.6,176.2,19.5,5.5,10.0,2,38.6,14.3,0.0,20.7,66.9,0.019,105,one_push,2,37,21,9,30,"long_axis_bearing_deg = bearing of the item's LONG side in world, counter-clockwise from +X, in [0,180). Place by this, not by yaw. yaw_deg is the MuJoCo local-frame rotation and its meaning differs between bricks (long side on local X) and blocks (long side on local Y).","every bar uses the wall_10/wall_11 ArUco mounting; wall_9 is excluded (tag rotated 90 deg, 19.0 cm not 19.5)"
hard_040,hard,1push,brick,wall_11,35.5,49.9,107.4,19.5,5.5,10.0,2,38.6,14.3,0.0,20.7,66.9,0.019,105,one_push,2,37,21,9,30,"long_axis_bearing_deg = bearing of the item's LONG side in world, counter-clockwise from +X, in [0,180). Place by this, not by yaw. yaw_deg is the MuJoCo local-frame rotation and its meaning differs between bricks (long side on local X) and blocks (long side on local Y).","every bar uses the wall_10/wall_11 ArUco mounting; wall_9 is excluded (tag rotated 90 deg, 19.0 cm not 19.5)"
hard_040,hard,1push,block,obj_4,28.2,40.7,135.2,12.0,7.5,5.0,2,38.6,14.3,0.0,20.7,66.9,0.019,105,one_push,2,37,21,9,30,"long_axis_bearing_deg = bearing of the item's LONG side in world, counter-clockwise from +X, in [0,180). Place by this, not by yaw. yaw_deg is the MuJoCo local-frame rotation and its meaning differs between bricks (long side on local X) and blocks (long side on local Y).","every bar uses the wall_10/wall_11 ArUco mounting; wall_9 is excluded (tag rotated 90 deg, 19.0 cm not 19.5)"
hard_041,hard,1push,brick,wall_10,38.9,47.5,171.0,19.5,5.5,10.0,2,24.2,29.3,0.0,33.7,61.5,0.0121,165,one_push,2,108,33,11,16,"long_axis_bearing_deg = bearing of the item's LONG side in world, counter-clockwise from +X, in [0,180). Place by this, not by yaw. yaw_deg is the MuJoCo local-frame rotation and its meaning differs between bricks (long side on local X) and blocks (long side on local Y).","every bar uses the wall_10/wall_11 ArUco mounting; wall_9 is excluded (tag rotated 90 deg, 19.0 cm not 19.5)"
hard_041,hard,1push,brick,wall_11,13.7,60.3,89.7,19.5,5.5,10.0,2,24.2,29.3,0.0,33.7,61.5,0.0121,165,one_push,2,108,33,11,16,"long_axis_bearing_deg = bearing of the item's LONG side in world, counter-clockwise from +X, in [0,180). Place by this, not by yaw. yaw_deg is the MuJoCo local-frame rotation and its meaning differs between bricks (long side on local X) and blocks (long side on local Y).","every bar uses the wall_10/wall_11 ArUco mounting; wall_9 is excluded (tag rotated 90 deg, 19.0 cm not 19.5)"
hard_041,hard,1push,block,obj_1,19.8,42.9,67.6,15.0,7.0,4.0,2,24.2,29.3,0.0,33.7,61.5,0.0121,165,one_push,2,108,33,11,16,"long_axis_bearing_deg = bearing of the item's LONG side in world, counter-clockwise from +X, in [0,180). Place by this, not by yaw. yaw_deg is the MuJoCo local-frame rotation and its meaning differs between bricks (long side on local X) and blocks (long side on local Y).","every bar uses the wall_10/wall_11 ArUco mounting; wall_9 is excluded (tag rotated 90 deg, 19.0 cm not 19.5)"
hard_042,hard,1push,brick,wall_10,38.9,46.8,169.3,19.5,5.5,10.0,2,32.6,26.3,0.0,39.1,71.3,0.0194,155,one_push,3,109,30,7,23,"long_axis_bearing_deg = bearing of the item's LONG side in world, counter-clockwise from +X, in [0,180). Place by this, not by yaw. yaw_deg is the MuJoCo local-frame rotation and its meaning differs between bricks (long side on local X) and blocks (long side on local Y).","every bar uses the wall_10/wall_11 ArUco mounting; wall_9 is excluded (tag rotated 90 deg, 19.0 cm not 19.5)"
hard_042,hard,1push,brick,wall_11,13.7,59.0,82.2,19.5,5.5,10.0,2,32.6,26.3,0.0,39.1,71.3,0.0194,155,one_push,3,109,30,7,23,"long_axis_bearing_deg = bearing of the item's LONG side in world, counter-clockwise from +X, in [0,180). Place by this, not by yaw. yaw_deg is the MuJoCo local-frame rotation and its meaning differs between bricks (long side on local X) and blocks (long side on local Y).","every bar uses the wall_10/wall_11 ArUco mounting; wall_9 is excluded (tag rotated 90 deg, 19.0 cm not 19.5)"
hard_042,hard,1push,block,obj_4,21.7,43.3,65.7,12.0,7.5,5.0,2,32.6,26.3,0.0,39.1,71.3,0.0194,155,one_push,3,109,30,7,23,"long_axis_bearing_deg = bearing of the item's LONG side in world, counter-clockwise from +X, in [0,180). Place by this, not by yaw. yaw_deg is the MuJoCo local-frame rotation and its meaning differs between bricks (long side on local X) and blocks (long side on local Y).","every bar uses the wall_10/wall_11 ArUco mounting; wall_9 is excluded (tag rotated 90 deg, 19.0 cm not 19.5)"
hard_043,hard,1push,brick,wall_10,10.1,41.1,10.5,19.5,5.5,10.0,2,19.6,9.0,0.0,10.8,56.3,0.0121,165,one_push,2,114,33,11,16,"long_axis_bearing_deg = bearing of the item's LONG side in world, counter-clockwise from +X, in [0,180). Place by this, not by yaw. yaw_deg is the MuJoCo local-frame rotation and its meaning differs between bricks (long side on local X) and blocks (long side on local Y).","every bar uses the wall_10/wall_11 ArUco mounting; wall_9 is excluded (tag rotated 90 deg, 19.0 cm not 19.5)"
hard_043,hard,1push,brick,wall_11,34.1,52.6,109.6,19.5,5.5,10.0,2,19.6,9.0,0.0,10.8,56.3,0.0121,165,one_push,2,114,33,11,16,"long_axis_bearing_deg = bearing of the item's LONG side in world, counter-clockwise from +X, in [0,180). Place by this, not by yaw. yaw_deg is the MuJoCo local-frame rotation and its meaning differs between bricks (long side on local X) and blocks (long side on local Y).","every bar uses the wall_10/wall_11 ArUco mounting; wall_9 is excluded (tag rotated 90 deg, 19.0 cm not 19.5)"
hard_043,hard,1push,block,obj_1,30.7,36.5,109.8,15.0,7.0,4.0,2,19.6,9.0,0.0,10.8,56.3,0.0121,165,one_push,2,114,33,11,16,"long_axis_bearing_deg = bearing of the item's LONG side in world, counter-clockwise from +X, in [0,180). Place by this, not by yaw. yaw_deg is the MuJoCo local-frame rotation and its meaning differs between bricks (long side on local X) and blocks (long side on local Y).","every bar uses the wall_10/wall_11 ArUco mounting; wall_9 is excluded (tag rotated 90 deg, 19.0 cm not 19.5)"
hard_044,hard,1push,brick,wall_10,39.0,41.0,172.7,19.5,5.5,10.0,2,23.7,18.2,0.0,33.4,70.1,0.02,150,one_push,3,109,30,12,18,"long_axis_bearing_deg = bearing of the item's LONG side in world, counter-clockwise from +X, in [0,180). Place by this, not by yaw. yaw_deg is the MuJoCo local-frame rotation and its meaning differs between bricks (long side on local X) and blocks (long side on local Y).","every bar uses the wall_10/wall_11 ArUco mounting; wall_9 is excluded (tag rotated 90 deg, 19.0 cm not 19.5)"
hard_044,hard,1push,brick,wall_11,13.2,51.1,70.1,19.5,5.5,10.0,2,23.7,18.2,0.0,33.4,70.1,0.02,150,one_push,3,109,30,12,18,"long_axis_bearing_deg = bearing of the item's LONG side in world, counter-clockwise from +X, in [0,180). Place by this, not by yaw. yaw_deg is the MuJoCo local-frame rotation and its meaning differs between bricks (long side on local X) and blocks (long side on local Y).","every bar uses the wall_10/wall_11 ArUco mounting; wall_9 is excluded (tag rotated 90 deg, 19.0 cm not 19.5)"
hard_044,hard,1push,block,obj_4,20.5,36.1,76.6,12.0,7.5,5.0,2,23.7,18.2,0.0,33.4,70.1,0.02,150,one_push,3,109,30,12,18,"long_axis_bearing_deg = bearing of the item's LONG side in world, counter-clockwise from +X, in [0,180). Place by this, not by yaw. yaw_deg is the MuJoCo local-frame rotation and its meaning differs between bricks (long side on local X) and blocks (long side on local Y).","every bar uses the wall_10/wall_11 ArUco mounting; wall_9 is excluded (tag rotated 90 deg, 19.0 cm not 19.5)"
hard_045,hard,1push,brick,wall_10,10.1,47.5,11.2,19.5,5.5,10.0,2,29.8,26.7,0.0,24.5,61.9,0.0133,150,one_push,2,60,30,6,24,"long_axis_bearing_deg = bearing of the item's LONG side in world, counter-clockwise from +X, in [0,180). Place by this, not by yaw. yaw_deg is the MuJoCo local-frame rotation and its meaning differs between bricks (long side on local X) and blocks (long side on local Y).","every bar uses the wall_10/wall_11 ArUco mounting; wall_9 is excluded (tag rotated 90 deg, 19.0 cm not 19.5)"
hard_045,hard,1push,brick,wall_11,35.2,59.2,104.7,19.5,5.5,10.0,2,29.8,26.7,0.0,24.5,61.9,0.0133,150,one_push,2,60,30,6,24,"long_axis_bearing_deg = bearing of the item's LONG side in world, counter-clockwise from +X, in [0,180). Place by this, not by yaw. yaw_deg is the MuJoCo local-frame rotation and its meaning differs between bricks (long side on local X) and blocks (long side on local Y).","every bar uses the wall_10/wall_11 ArUco mounting; wall_9 is excluded (tag rotated 90 deg, 19.0 cm not 19.5)"
hard_045,hard,1push,block,obj_1,27.4,43.8,79.4,15.0,7.0,4.0,2,29.8,26.7,0.0,24.5,61.9,0.0133,150,one_push,2,60,30,6,24,"long_axis_bearing_deg = bearing of the item's LONG side in world, counter-clockwise from +X, in [0,180). Place by this, not by yaw. yaw_deg is the MuJoCo local-frame rotation and its meaning differs between bricks (long side on local X) and blocks (long side on local Y).","every bar uses the wall_10/wall_11 ArUco mounting; wall_9 is excluded (tag rotated 90 deg, 19.0 cm not 19.5)"
hard_046,hard,1push,brick,wall_10,39.0,34.4,5.6,19.5,5.5,10.0,2,29.1,18.0,0.0,28.0,62.8,0.02,100,one_push,2,82,20,7,33,"long_axis_bearing_deg = bearing of the item's LONG side in world, counter-clockwise from +X, in [0,180). Place by this, not by yaw. yaw_deg is the MuJoCo local-frame rotation and its meaning differs between bricks (long side on local X) and blocks (long side on local Y).","every bar uses the wall_10/wall_11 ArUco mounting; wall_9 is excluded (tag rotated 90 deg, 19.0 cm not 19.5)"
hard_046,hard,1push,brick,wall_11,13.4,43.5,76.4,19.5,5.5,10.0,2,29.1,18.0,0.0,28.0,62.8,0.02,100,one_push,2,82,20,7,33,"long_axis_bearing_deg = bearing of the item's LONG side in world, counter-clockwise from +X, in [0,180). Place by this, not by yaw. yaw_deg is the MuJoCo local-frame rotation and its meaning differs between bricks (long side on local X) and blocks (long side on local Y).","every bar uses the wall_10/wall_11 ArUco mounting; wall_9 is excluded (tag rotated 90 deg, 19.0 cm not 19.5)"
hard_046,hard,1push,block,obj_4,21.2,32.8,95.9,12.0,7.5,5.0,2,29.1,18.0,0.0,28.0,62.8,0.02,100,one_push,2,82,20,7,33,"long_axis_bearing_deg = bearing of the item's LONG side in world, counter-clockwise from +X, in [0,180). Place by this, not by yaw. yaw_deg is the MuJoCo local-frame rotation and its meaning differs between bricks (long side on local X) and blocks (long side on local Y).","every bar uses the wall_10/wall_11 ArUco mounting; wall_9 is excluded (tag rotated 90 deg, 19.0 cm not 19.5)"
hard_047,hard,1push,brick,wall_10,10.0,37.8,5.2,19.5,5.5,10.0,2,41.2,12.9,0.0,22.5,55.2,0.0138,145,one_push,2,73,29,5,26,"long_axis_bearing_deg = bearing of the item's LONG side in world, counter-clockwise from +X, in [0,180). Place by this, not by yaw. yaw_deg is the MuJoCo local-frame rotation and its meaning differs between bricks (long side on local X) and blocks (long side on local Y).","every bar uses the wall_10/wall_11 ArUco mounting; wall_9 is excluded (tag rotated 90 deg, 19.0 cm not 19.5)"
hard_047,hard,1push,brick,wall_11,35.7,48.6,105.2,19.5,5.5,10.0,2,41.2,12.9,0.0,22.5,55.2,0.0138,145,one_push,2,73,29,5,26,"long_axis_bearing_deg = bearing of the item's LONG side in world, counter-clockwise from +X, in [0,180). Place by this, not by yaw. yaw_deg is the MuJoCo local-frame rotation and its meaning differs between bricks (long side on local X) and blocks (long side on local Y).","every bar uses the wall_10/wall_11 ArUco mounting; wall_9 is excluded (tag rotated 90 deg, 19.0 cm not 19.5)"
hard_047,hard,1push,block,obj_1,30.0,33.8,86.6,15.0,7.0,4.0,2,41.2,12.9,0.0,22.5,55.2,0.0138,145,one_push,2,73,29,5,26,"long_axis_bearing_deg = bearing of the item's LONG side in world, counter-clockwise from +X, in [0,180). Place by this, not by yaw. yaw_deg is the MuJoCo local-frame rotation and its meaning differs between bricks (long side on local X) and blocks (long side on local Y).","every bar uses the wall_10/wall_11 ArUco mounting; wall_9 is excluded (tag rotated 90 deg, 19.0 cm not 19.5)"
hard_048,hard,1push,brick,wall_10,39.0,36.2,172.1,19.5,5.5,10.0,2,12.4,10.4,0.0,40.5,52.1,0.02,100,one_push,2,48,20,11,29,"long_axis_bearing_deg = bearing of the item's LONG side in world, counter-clockwise from +X, in [0,180). Place by this, not by yaw. yaw_deg is the MuJoCo local-frame rotation and its meaning differs between bricks (long side on local X) and blocks (long side on local Y).","every bar uses the wall_10/wall_11 ArUco mounting; wall_9 is excluded (tag rotated 90 deg, 19.0 cm not 19.5)"
hard_048,hard,1push,brick,wall_11,13.9,46.2,75.7,19.5,5.5,10.0,2,12.4,10.4,0.0,40.5,52.1,0.02,100,one_push,2,48,20,11,29,"long_axis_bearing_deg = bearing of the item's LONG side in world, counter-clockwise from +X, in [0,180). Place by this, not by yaw. yaw_deg is the MuJoCo local-frame rotation and its meaning differs between bricks (long side on local X) and blocks (long side on local Y).","every bar uses the wall_10/wall_11 ArUco mounting; wall_9 is excluded (tag rotated 90 deg, 19.0 cm not 19.5)"
hard_048,hard,1push,block,obj_4,24.1,35.2,99.7,12.0,7.5,5.0,2,12.4,10.4,0.0,40.5,52.1,0.02,100,one_push,2,48,20,11,29,"long_axis_bearing_deg = bearing of the item's LONG side in world, counter-clockwise from +X, in [0,180). Place by this, not by yaw. yaw_deg is the MuJoCo local-frame rotation and its meaning differs between bricks (long side on local X) and blocks (long side on local Y).","every bar uses the wall_10/wall_11 ArUco mounting; wall_9 is excluded (tag rotated 90 deg, 19.0 cm not 19.5)"
hard_049,hard,1push,brick,wall_10,10.0,47.5,173.1,19.5,5.5,10.0,2,31.9,15.2,0.0,17.3,70.3,0.0138,145,one_push,2,94,30,7,23,"long_axis_bearing_deg = bearing of the item's LONG side in world, counter-clockwise from +X, in [0,180). Place by this, not by yaw. yaw_deg is the MuJoCo local-frame rotation and its meaning differs between bricks (long side on local X) and blocks (long side on local Y).","every bar uses the wall_10/wall_11 ArUco mounting; wall_9 is excluded (tag rotated 90 deg, 19.0 cm not 19.5)"
hard_049,hard,1push,brick,wall_11,33.8,59.5,100.8,19.5,5.5,10.0,2,31.9,15.2,0.0,17.3,70.3,0.0138,145,one_push,2,94,30,7,23,"long_axis_bearing_deg = bearing of the item's LONG side in world, counter-clockwise from +X, in [0,180). Place by this, not by yaw. yaw_deg is the MuJoCo local-frame rotation and its meaning differs between bricks (long side on local X) and blocks (long side on local Y).","every bar uses the wall_10/wall_11 ArUco mounting; wall_9 is excluded (tag rotated 90 deg, 19.0 cm not 19.5)"
hard_049,hard,1push,block,obj_1,28.4,42.9,123.5,15.0,7.0,4.0,2,31.9,15.2,0.0,17.3,70.3,0.0138,145,one_push,2,94,30,7,23,"long_axis_bearing_deg = bearing of the item's LONG side in world, counter-clockwise from +X, in [0,180). Place by this, not by yaw. yaw_deg is the MuJoCo local-frame rotation and its meaning differs between bricks (long side on local X) and blocks (long side on local Y).","every bar uses the wall_10/wall_11 ArUco mounting; wall_9 is excluded (tag rotated 90 deg, 19.0 cm not 19.5)"
hard_050,hard,1push,brick,wall_10,9.8,34.5,178.7,19.5,5.5,10.0,2,13.6,11.3,0.0,37.6,62.3,0.0211,95,one_push,2,79,19,6,35,"long_axis_bearing_deg = bearing of the item's LONG side in world, counter-clockwise from +X, in [0,180). Place by this, not by yaw. yaw_deg is the MuJoCo local-frame rotation and its meaning differs between bricks (long side on local X) and blocks (long side on local Y).","every bar uses the wall_10/wall_11 ArUco mounting; wall_9 is excluded (tag rotated 90 deg, 19.0 cm not 19.5)"
hard_050,hard,1push,brick,wall_11,34.4,45.7,109.7,19.5,5.5,10.0,2,13.6,11.3,0.0,37.6,62.3,0.0211,95,one_push,2,79,19,6,35,"long_axis_bearing_deg = bearing of the item's LONG side in world, counter-clockwise from +X, in [0,180). Place by this, not by yaw. yaw_deg is the MuJoCo local-frame rotation and its meaning differs between bricks (long side on local X) and blocks (long side on local Y).","every bar uses the wall_10/wall_11 ArUco mounting; wall_9 is excluded (tag rotated 90 deg, 19.0 cm not 19.5)"
hard_050,hard,1push,block,obj_4,29.1,34.5,95.2,12.0,7.5,5.0,2,13.6,11.3,0.0,37.6,62.3,0.0211,95,one_push,2,79,19,6,35,"long_axis_bearing_deg = bearing of the item's LONG side in world, counter-clockwise from +X, in [0,180). Place by this, not by yaw. yaw_deg is the MuJoCo local-frame rotation and its meaning differs between bricks (long side on local X) and blocks (long side on local Y).","every bar uses the wall_10/wall_11 ArUco mounting; wall_9 is excluded (tag rotated 90 deg, 19.0 cm not 19.5)"
hard_051,hard,1push,brick,wall_10,39.2,34.9,2.1,19.5,5.5,10.0,2,31.9,20.8,0.0,27.7,49.6,0.0143,140,one_push,2,32,28,1,31,"long_axis_bearing_deg = bearing of the item's LONG side in world, counter-clockwise from +X, in [0,180). Place by this, not by yaw. yaw_deg is the MuJoCo local-frame rotation and its meaning differs between bricks (long side on local X) and blocks (long side on local Y).","every bar uses the wall_10/wall_11 ArUco mounting; wall_9 is excluded (tag rotated 90 deg, 19.0 cm not 19.5)"
hard_051,hard,1push,brick,wall_11,13.9,43.9,71.5,19.5,5.5,10.0,2,31.9,20.8,0.0,27.7,49.6,0.0143,140,one_push,2,32,28,1,31,"long_axis_bearing_deg = bearing of the item's LONG side in world, counter-clockwise from +X, in [0,180). Place by this, not by yaw. yaw_deg is the MuJoCo local-frame rotation and its meaning differs between bricks (long side on local X) and blocks (long side on local Y).","every bar uses the wall_10/wall_11 ArUco mounting; wall_9 is excluded (tag rotated 90 deg, 19.0 cm not 19.5)"
hard_051,hard,1push,block,obj_1,20.9,30.0,107.7,15.0,7.0,4.0,2,31.9,20.8,0.0,27.7,49.6,0.0143,140,one_push,2,32,28,1,31,"long_axis_bearing_deg = bearing of the item's LONG side in world, counter-clockwise from +X, in [0,180). Place by this, not by yaw. yaw_deg is the MuJoCo local-frame rotation and its meaning differs between bricks (long side on local X) and blocks (long side on local Y).","every bar uses the wall_10/wall_11 ArUco mounting; wall_9 is excluded (tag rotated 90 deg, 19.0 cm not 19.5)"
hard_052,hard,1push,brick,wall_10,10.0,33.8,173.9,19.5,5.5,10.0,2,18.8,14.7,0.0,27.7,62.6,0.0222,90,one_push,2,79,19,9,32,"long_axis_bearing_deg = bearing of the item's LONG side in world, counter-clockwise from +X, in [0,180). Place by this, not by yaw. yaw_deg is the MuJoCo local-frame rotation and its meaning differs between bricks (long side on local X) and blocks (long side on local Y).","every bar uses the wall_10/wall_11 ArUco mounting; wall_9 is excluded (tag rotated 90 deg, 19.0 cm not 19.5)"
hard_052,hard,1push,brick,wall_11,35.7,46.6,101.9,19.5,5.5,10.0,2,18.8,14.7,0.0,27.7,62.6,0.0222,90,one_push,2,79,19,9,32,"long_axis_bearing_deg = bearing of the item's LONG side in world, counter-clockwise from +X, in [0,180). Place by this, not by yaw. yaw_deg is the MuJoCo local-frame rotation and its meaning differs between bricks (long side on local X) and blocks (long side on local Y).","every bar uses the wall_10/wall_11 ArUco mounting; wall_9 is excluded (tag rotated 90 deg, 19.0 cm not 19.5)"
hard_052,hard,1push,block,obj_4,28.5,36.6,77.1,12.0,7.5,5.0,2,18.8,14.7,0.0,27.7,62.6,0.0222,90,one_push,2,79,19,9,32,"long_axis_bearing_deg = bearing of the item's LONG side in world, counter-clockwise from +X, in [0,180). Place by this, not by yaw. yaw_deg is the MuJoCo local-frame rotation and its meaning differs between bricks (long side on local X) and blocks (long side on local Y).","every bar uses the wall_10/wall_11 ArUco mounting; wall_9 is excluded (tag rotated 90 deg, 19.0 cm not 19.5)"
hard_053,hard,1push,brick,wall_10,39.1,37.5,175.2,19.5,5.5,10.0,2,8.6,11.2,0.0,25.4,54.7,0.0143,140,one_push,2,80,28,7,25,"long_axis_bearing_deg = bearing of the item's LONG side in world, counter-clockwise from +X, in [0,180). Place by this, not by yaw. yaw_deg is the MuJoCo local-frame rotation and its meaning differs between bricks (long side on local X) and blocks (long side on local Y).","every bar uses the wall_10/wall_11 ArUco mounting; wall_9 is excluded (tag rotated 90 deg, 19.0 cm not 19.5)"
hard_053,hard,1push,brick,wall_11,14.1,48.9,73.2,19.5,5.5,10.0,2,8.6,11.2,0.0,25.4,54.7,0.0143,140,one_push,2,80,28,7,25,"long_axis_bearing_deg = bearing of the item's LONG side in world, counter-clockwise from +X, in [0,180). Place by this, not by yaw. yaw_deg is the MuJoCo local-frame rotation and its meaning differs between bricks (long side on local X) and blocks (long side on local Y).","every bar uses the wall_10/wall_11 ArUco mounting; wall_9 is excluded (tag rotated 90 deg, 19.0 cm not 19.5)"
hard_053,hard,1push,block,obj_1,18.8,34.8,82.1,15.0,7.0,4.0,2,8.6,11.2,0.0,25.4,54.7,0.0143,140,one_push,2,80,28,7,25,"long_axis_bearing_deg = bearing of the item's LONG side in world, counter-clockwise from +X, in [0,180). Place by this, not by yaw. yaw_deg is the MuJoCo local-frame rotation and its meaning differs between bricks (long side on local X) and blocks (long side on local Y).","every bar uses the wall_10/wall_11 ArUco mounting; wall_9 is excluded (tag rotated 90 deg, 19.0 cm not 19.5)"
hard_054,hard,1push,brick,wall_10,9.9,42.1,2.7,19.5,5.5,10.0,2,16.8,25.4,0.0,14.0,66.4,0.0222,135,one_push,3,62,27,10,23,"long_axis_bearing_deg = bearing of the item's LONG side in world, counter-clockwise from +X, in [0,180). Place by this, not by yaw. yaw_deg is the MuJoCo local-frame rotation and its meaning differs between bricks (long side on local X) and blocks (long side on local Y).","every bar uses the wall_10/wall_11 ArUco mounting; wall_9 is excluded (tag rotated 90 deg, 19.0 cm not 19.5)"
hard_054,hard,1push,brick,wall_11,35.5,53.0,109.0,19.5,5.5,10.0,2,16.8,25.4,0.0,14.0,66.4,0.0222,135,one_push,3,62,27,10,23,"long_axis_bearing_deg = bearing of the item's LONG side in world, counter-clockwise from +X, in [0,180). Place by this, not by yaw. yaw_deg is the MuJoCo local-frame rotation and its meaning differs between bricks (long side on local X) and blocks (long side on local Y).","every bar uses the wall_10/wall_11 ArUco mounting; wall_9 is excluded (tag rotated 90 deg, 19.0 cm not 19.5)"
hard_054,hard,1push,block,obj_4,26.9,38.3,80.5,12.0,7.5,5.0,2,16.8,25.4,0.0,14.0,66.4,0.0222,135,one_push,3,62,27,10,23,"long_axis_bearing_deg = bearing of the item's LONG side in world, counter-clockwise from +X, in [0,180). Place by this, not by yaw. yaw_deg is the MuJoCo local-frame rotation and its meaning differs between bricks (long side on local X) and blocks (long side on local Y).","every bar uses the wall_10/wall_11 ArUco mounting; wall_9 is excluded (tag rotated 90 deg, 19.0 cm not 19.5)"
hard_055,hard,1push,brick,wall_10,24.4,41.7,17.8,19.5,5.5,10.0,2,29.8,12.5,0.0,24.8,62.5,0.0143,140,one_push,2,80,26,15,19,"long_axis_bearing_deg = bearing of the item's LONG side in world, counter-clockwise from +X, in [0,180). Place by this, not by yaw. yaw_deg is the MuJoCo local-frame rotation and its meaning differs between bricks (long side on local X) and blocks (long side on local Y).","every bar uses the wall_10/wall_11 ArUco mounting; wall_9 is excluded (tag rotated 90 deg, 19.0 cm not 19.5)"
hard_055,hard,1push,brick,wall_11,37.2,39.4,47.8,19.5,5.5,10.0,2,29.8,12.5,0.0,24.8,62.5,0.0143,140,one_push,2,80,26,15,19,"long_axis_bearing_deg = bearing of the item's LONG side in world, counter-clockwise from +X, in [0,180). Place by this, not by yaw. yaw_deg is the MuJoCo local-frame rotation and its meaning differs between bricks (long side on local X) and blocks (long side on local Y).","every bar uses the wall_10/wall_11 ArUco mounting; wall_9 is excluded (tag rotated 90 deg, 19.0 cm not 19.5)"
hard_055,hard,1push,block,obj_1,11.5,32.8,97.3,15.0,7.0,4.0,2,29.8,12.5,0.0,24.8,62.5,0.0143,140,one_push,2,80,26,15,19,"long_axis_bearing_deg = bearing of the item's LONG side in world, counter-clockwise from +X, in [0,180). Place by this, not by yaw. yaw_deg is the MuJoCo local-frame rotation and its meaning differs between bricks (long side on local X) and blocks (long side on local Y).","every bar uses the wall_10/wall_11 ArUco mounting; wall_9 is excluded (tag rotated 90 deg, 19.0 cm not 19.5)"
hard_056,hard,1push,brick,wall_10,10.0,32.0,174.9,19.5,5.5,10.0,2,6.7,7.7,0.0,20.2,54.1,0.0222,90,one_push,2,59,18,9,33,"long_axis_bearing_deg = bearing of the item's LONG side in world, counter-clockwise from +X, in [0,180). Place by this, not by yaw. yaw_deg is the MuJoCo local-frame rotation and its meaning differs between bricks (long side on local X) and blocks (long side on local Y).","every bar uses the wall_10/wall_11 ArUco mounting; wall_9 is excluded (tag rotated 90 deg, 19.0 cm not 19.5)"
hard_056,hard,1push,brick,wall_11,35.4,45.0,105.8,19.5,5.5,10.0,2,6.7,7.7,0.0,20.2,54.1,0.0222,90,one_push,2,59,18,9,33,"long_axis_bearing_deg = bearing of the item's LONG side in world, counter-clockwise from +X, in [0,180). Place by this, not by yaw. yaw_deg is the MuJoCo local-frame rotation and its meaning differs between bricks (long side on local X) and blocks (long side on local Y).","every bar uses the wall_10/wall_11 ArUco mounting; wall_9 is excluded (tag rotated 90 deg, 19.0 cm not 19.5)"
hard_056,hard,1push,block,obj_4,27.9,32.9,0.6,12.0,7.5,5.0,2,6.7,7.7,0.0,20.2,54.1,0.0222,90,one_push,2,59,18,9,33,"long_axis_bearing_deg = bearing of the item's LONG side in world, counter-clockwise from +X, in [0,180). Place by this, not by yaw. yaw_deg is the MuJoCo local-frame rotation and its meaning differs between bricks (long side on local X) and blocks (long side on local Y).","every bar uses the wall_10/wall_11 ArUco mounting; wall_9 is excluded (tag rotated 90 deg, 19.0 cm not 19.5)"
hard_057,hard,1push,brick,wall_10,39.0,47.8,5.7,19.5,5.5,10.0,2,39.4,26.6,0.0,40.3,65.8,0.0154,130,one_push,2,89,26,15,19,"long_axis_bearing_deg = bearing of the item's LONG side in world, counter-clockwise from +X, in [0,180). Place by this, not by yaw. yaw_deg is the MuJoCo local-frame rotation and its meaning differs between bricks (long side on local X) and blocks (long side on local Y).","every bar uses the wall_10/wall_11 ArUco mounting; wall_9 is excluded (tag rotated 90 deg, 19.0 cm not 19.5)"
hard_057,hard,1push,brick,wall_11,13.8,59.6,83.6,19.5,5.5,10.0,2,39.4,26.6,0.0,40.3,65.8,0.0154,130,one_push,2,89,26,15,19,"long_axis_bearing_deg = bearing of the item's LONG side in world, counter-clockwise from +X, in [0,180). Place by this, not by yaw. yaw_deg is the MuJoCo local-frame rotation and its meaning differs between bricks (long side on local X) and blocks (long side on local Y).","every bar uses the wall_10/wall_11 ArUco mounting; wall_9 is excluded (tag rotated 90 deg, 19.0 cm not 19.5)"
hard_057,hard,1push,block,obj_1,19.0,46.1,56.0,15.0,7.0,4.0,2,39.4,26.6,0.0,40.3,65.8,0.0154,130,one_push,2,89,26,15,19,"long_axis_bearing_deg = bearing of the item's LONG side in world, counter-clockwise from +X, in [0,180). Place by this, not by yaw. yaw_deg is the MuJoCo local-frame rotation and its meaning differs between bricks (long side on local X) and blocks (long side on local Y).","every bar uses the wall_10/wall_11 ArUco mounting; wall_9 is excluded (tag rotated 90 deg, 19.0 cm not 19.5)"
hard_058,hard,1push,brick,wall_10,38.9,46.3,168.0,19.5,5.5,10.0,2,14.9,18.3,0.0,40.1,61.6,0.0231,130,one_push,3,91,26,12,22,"long_axis_bearing_deg = bearing of the item's LONG side in world, counter-clockwise from +X, in [0,180). Place by this, not by yaw. yaw_deg is the MuJoCo local-frame rotation and its meaning differs between bricks (long side on local X) and blocks (long side on local Y).","every bar uses the wall_10/wall_11 ArUco mounting; wall_9 is excluded (tag rotated 90 deg, 19.0 cm not 19.5)"
hard_058,hard,1push,brick,wall_11,12.8,52.6,72.1,19.5,5.5,10.0,2,14.9,18.3,0.0,40.1,61.6,0.0231,130,one_push,3,91,26,12,22,"long_axis_bearing_deg = bearing of the item's LONG side in world, counter-clockwise from +X, in [0,180). Place by this, not by yaw. yaw_deg is the MuJoCo local-frame rotation and its meaning differs between bricks (long side on local X) and blocks (long side on local Y).","every bar uses the wall_10/wall_11 ArUco mounting; wall_9 is excluded (tag rotated 90 deg, 19.0 cm not 19.5)"
hard_058,hard,1push,block,obj_4,21.5,41.5,83.2,12.0,7.5,5.0,2,14.9,18.3,0.0,40.1,61.6,0.0231,130,one_push,3,91,26,12,22,"long_axis_bearing_deg = bearing of the item's LONG side in world, counter-clockwise from +X, in [0,180). Place by this, not by yaw. yaw_deg is the MuJoCo local-frame rotation and its meaning differs between bricks (long side on local X) and blocks (long side on local Y).","every bar uses the wall_10/wall_11 ArUco mounting; wall_9 is excluded (tag rotated 90 deg, 19.0 cm not 19.5)"
hard_059,hard,1push,brick,wall_10,39.1,38.1,177.5,19.5,5.5,10.0,2,37.9,18.6,0.0,19.7,63.8,0.016,125,one_push,2,91,24,15,21,"long_axis_bearing_deg = bearing of the item's LONG side in world, counter-clockwise from +X, in [0,180). Place by this, not by yaw. yaw_deg is the MuJoCo local-frame rotation and its meaning differs between bricks (long side on local X) and blocks (long side on local Y).","every bar uses the wall_10/wall_11 ArUco mounting; wall_9 is excluded (tag rotated 90 deg, 19.0 cm not 19.5)"
hard_059,hard,1push,brick,wall_11,13.7,49.2,75.9,19.5,5.5,10.0,2,37.9,18.6,0.0,19.7,63.8,0.016,125,one_push,2,91,24,15,21,"long_axis_bearing_deg = bearing of the item's LONG side in world, counter-clockwise from +X, in [0,180). Place by this, not by yaw. yaw_deg is the MuJoCo local-frame rotation and its meaning differs between bricks (long side on local X) and blocks (long side on local Y).","every bar uses the wall_10/wall_11 ArUco mounting; wall_9 is excluded (tag rotated 90 deg, 19.0 cm not 19.5)"
hard_059,hard,1push,block,obj_1,19.9,36.7,62.1,15.0,7.0,4.0,2,37.9,18.6,0.0,19.7,63.8,0.016,125,one_push,2,91,24,15,21,"long_axis_bearing_deg = bearing of the item's LONG side in world, counter-clockwise from +X, in [0,180). Place by this, not by yaw. yaw_deg is the MuJoCo local-frame rotation and its meaning differs between bricks (long side on local X) and blocks (long side on local Y).","every bar uses the wall_10/wall_11 ArUco mounting; wall_9 is excluded (tag rotated 90 deg, 19.0 cm not 19.5)"
hard_060,hard,1push,brick,wall_10,39.1,33.8,3.7,19.5,5.5,10.0,2,11.6,15.4,0.0,38.1,67.5,0.0231,130,one_push,3,52,25,6,29,"long_axis_bearing_deg = bearing of the item's LONG side in world, counter-clockwise from +X, in [0,180). Place by this, not by yaw. yaw_deg is the MuJoCo local-frame rotation and its meaning differs between bricks (long side on local X) and blocks (long side on local Y).","every bar uses the wall_10/wall_11 ArUco mounting; wall_9 is excluded (tag rotated 90 deg, 19.0 cm not 19.5)"
hard_060,hard,1push,brick,wall_11,13.6,42.9,76.2,19.5,5.5,10.0,2,11.6,15.4,0.0,38.1,67.5,0.0231,130,one_push,3,52,25,6,29,"long_axis_bearing_deg = bearing of the item's LONG side in world, counter-clockwise from +X, in [0,180). Place by this, not by yaw. yaw_deg is the MuJoCo local-frame rotation and its meaning differs between bricks (long side on local X) and blocks (long side on local Y).","every bar uses the wall_10/wall_11 ArUco mounting; wall_9 is excluded (tag rotated 90 deg, 19.0 cm not 19.5)"
hard_060,hard,1push,block,obj_4,18.6,30.0,47.4,12.0,7.5,5.0,2,11.6,15.4,0.0,38.1,67.5,0.0231,130,one_push,3,52,25,6,29,"long_axis_bearing_deg = bearing of the item's LONG side in world, counter-clockwise from +X, in [0,180). Place by this, not by yaw. yaw_deg is the MuJoCo local-frame rotation and its meaning differs between bricks (long side on local X) and blocks (long side on local Y).","every bar uses the wall_10/wall_11 ArUco mounting; wall_9 is excluded (tag rotated 90 deg, 19.0 cm not 19.5)"
hard_061,hard,1push,brick,wall_10,38.9,30.7,169.8,19.5,5.5,10.0,2,33.3,14.6,0.0,13.5,65.5,0.016,125,one_push,2,20,25,2,33,"long_axis_bearing_deg = bearing of the item's LONG side in world, counter-clockwise from +X, in [0,180). Place by this, not by yaw. yaw_deg is the MuJoCo local-frame rotation and its meaning differs between bricks (long side on local X) and blocks (long side on local Y).","every bar uses the wall_10/wall_11 ArUco mounting; wall_9 is excluded (tag rotated 90 deg, 19.0 cm not 19.5)"
hard_061,hard,1push,brick,wall_11,13.0,38.5,73.5,19.5,5.5,10.0,2,33.3,14.6,0.0,13.5,65.5,0.016,125,one_push,2,20,25,2,33,"long_axis_bearing_deg = bearing of the item's LONG side in world, counter-clockwise from +X, in [0,180). Place by this, not by yaw. yaw_deg is the MuJoCo local-frame rotation and its meaning differs between bricks (long side on local X) and blocks (long side on local Y).","every bar uses the wall_10/wall_11 ArUco mounting; wall_9 is excluded (tag rotated 90 deg, 19.0 cm not 19.5)"
hard_061,hard,1push,block,obj_1,21.9,26.7,112.4,15.0,7.0,4.0,2,33.3,14.6,0.0,13.5,65.5,0.016,125,one_push,2,20,25,2,33,"long_axis_bearing_deg = bearing of the item's LONG side in world, counter-clockwise from +X, in [0,180). Place by this, not by yaw. yaw_deg is the MuJoCo local-frame rotation and its meaning differs between bricks (long side on local X) and blocks (long side on local Y).","every bar uses the wall_10/wall_11 ArUco mounting; wall_9 is excluded (tag rotated 90 deg, 19.0 cm not 19.5)"
hard_062,hard,1push,brick,wall_10,39.1,47.3,176.0,19.5,5.5,10.0,2,22.7,9.6,0.0,28.4,68.6,0.025,80,one_push,2,42,16,10,34,"long_axis_bearing_deg = bearing of the item's LONG side in world, counter-clockwise from +X, in [0,180). Place by this, not by yaw. yaw_deg is the MuJoCo local-frame rotation and its meaning differs between bricks (long side on local X) and blocks (long side on local Y).","every bar uses the wall_10/wall_11 ArUco mounting; wall_9 is excluded (tag rotated 90 deg, 19.0 cm not 19.5)"
hard_062,hard,1push,brick,wall_11,13.2,59.7,74.0,19.5,5.5,10.0,2,22.7,9.6,0.0,28.4,68.6,0.025,80,one_push,2,42,16,10,34,"long_axis_bearing_deg = bearing of the item's LONG side in world, counter-clockwise from +X, in [0,180). Place by this, not by yaw. yaw_deg is the MuJoCo local-frame rotation and its meaning differs between bricks (long side on local X) and blocks (long side on local Y).","every bar uses the wall_10/wall_11 ArUco mounting; wall_9 is excluded (tag rotated 90 deg, 19.0 cm not 19.5)"
hard_062,hard,1push,block,obj_4,21.3,49.5,0.2,12.0,7.5,5.0,2,22.7,9.6,0.0,28.4,68.6,0.025,80,one_push,2,42,16,10,34,"long_axis_bearing_deg = bearing of the item's LONG side in world, counter-clockwise from +X, in [0,180). Place by this, not by yaw. yaw_deg is the MuJoCo local-frame rotation and its meaning differs between bricks (long side on local X) and blocks (long side on local Y).","every bar uses the wall_10/wall_11 ArUco mounting; wall_9 is excluded (tag rotated 90 deg, 19.0 cm not 19.5)"
hard_063,hard,1push,brick,wall_10,38.9,46.9,11.4,19.5,5.5,10.0,2,37.1,27.3,0.0,25.2,68.4,0.016,125,one_push,2,101,25,15,20,"long_axis_bearing_deg = bearing of the item's LONG side in world, counter-clockwise from +X, in [0,180). Place by this, not by yaw. yaw_deg is the MuJoCo local-frame rotation and its meaning differs between bricks (long side on local X) and blocks (long side on local Y).","every bar uses the wall_10/wall_11 ArUco mounting; wall_9 is excluded (tag rotated 90 deg, 19.0 cm not 19.5)"
hard_063,hard,1push,brick,wall_11,13.2,56.3,70.8,19.5,5.5,10.0,2,37.1,27.3,0.0,25.2,68.4,0.016,125,one_push,2,101,25,15,20,"long_axis_bearing_deg = bearing of the item's LONG side in world, counter-clockwise from +X, in [0,180). Place by this, not by yaw. yaw_deg is the MuJoCo local-frame rotation and its meaning differs between bricks (long side on local X) and blocks (long side on local Y).","every bar uses the wall_10/wall_11 ArUco mounting; wall_9 is excluded (tag rotated 90 deg, 19.0 cm not 19.5)"
hard_063,hard,1push,block,obj_1,19.5,43.5,58.2,15.0,7.0,4.0,2,37.1,27.3,0.0,25.2,68.4,0.016,125,one_push,2,101,25,15,20,"long_axis_bearing_deg = bearing of the item's LONG side in world, counter-clockwise from +X, in [0,180). Place by this, not by yaw. yaw_deg is the MuJoCo local-frame rotation and its meaning differs between bricks (long side on local X) and blocks (long side on local Y).","every bar uses the wall_10/wall_11 ArUco mounting; wall_9 is excluded (tag rotated 90 deg, 19.0 cm not 19.5)"
hard_064,hard,1push,brick,wall_10,16.5,35.4,151.3,19.5,5.5,10.0,2,15.8,13.8,0.0,18.1,57.1,0.0261,115,one_push,3,100,24,11,25,"long_axis_bearing_deg = bearing of the item's LONG side in world, counter-clockwise from +X, in [0,180). Place by this, not by yaw. yaw_deg is the MuJoCo local-frame rotation and its meaning differs between bricks (long side on local X) and blocks (long side on local Y).","every bar uses the wall_10/wall_11 ArUco mounting; wall_9 is excluded (tag rotated 90 deg, 19.0 cm not 19.5)"
hard_064,hard,1push,brick,wall_11,37.2,46.8,154.7,19.5,5.5,10.0,2,15.8,13.8,0.0,18.1,57.1,0.0261,115,one_push,3,100,24,11,25,"long_axis_bearing_deg = bearing of the item's LONG side in world, counter-clockwise from +X, in [0,180). Place by this, not by yaw. yaw_deg is the MuJoCo local-frame rotation and its meaning differs between bricks (long side on local X) and blocks (long side on local Y).","every bar uses the wall_10/wall_11 ArUco mounting; wall_9 is excluded (tag rotated 90 deg, 19.0 cm not 19.5)"
hard_064,hard,1push,block,obj_4,33.9,37.0,154.4,12.0,7.5,5.0,2,15.8,13.8,0.0,18.1,57.1,0.0261,115,one_push,3,100,24,11,25,"long_axis_bearing_deg = bearing of the item's LONG side in world, counter-clockwise from +X, in [0,180). Place by this, not by yaw. yaw_deg is the MuJoCo local-frame rotation and its meaning differs between bricks (long side on local X) and blocks (long side on local Y).","every bar uses the wall_10/wall_11 ArUco mounting; wall_9 is excluded (tag rotated 90 deg, 19.0 cm not 19.5)"
hard_065,hard,1push,brick,wall_10,10.6,49.9,38.3,19.5,5.5,10.0,2,33.7,20.0,0.0,7.8,69.6,0.016,125,one_push,2,67,25,8,27,"long_axis_bearing_deg = bearing of the item's LONG side in world, counter-clockwise from +X, in [0,180). Place by this, not by yaw. yaw_deg is the MuJoCo local-frame rotation and its meaning differs between bricks (long side on local X) and blocks (long side on local Y).","every bar uses the wall_10/wall_11 ArUco mounting; wall_9 is excluded (tag rotated 90 deg, 19.0 cm not 19.5)"
hard_065,hard,1push,brick,wall_11,37.8,40.9,7.0,19.5,5.5,10.0,2,33.7,20.0,0.0,7.8,69.6,0.016,125,one_push,2,67,25,8,27,"long_axis_bearing_deg = bearing of the item's LONG side in world, counter-clockwise from +X, in [0,180). Place by this, not by yaw. yaw_deg is the MuJoCo local-frame rotation and its meaning differs between bricks (long side on local X) and blocks (long side on local Y).","every bar uses the wall_10/wall_11 ArUco mounting; wall_9 is excluded (tag rotated 90 deg, 19.0 cm not 19.5)"
hard_065,hard,1push,block,obj_1,23.2,43.2,96.0,15.0,7.0,4.0,2,33.7,20.0,0.0,7.8,69.6,0.016,125,one_push,2,67,25,8,27,"long_axis_bearing_deg = bearing of the item's LONG side in world, counter-clockwise from +X, in [0,180). Place by this, not by yaw. yaw_deg is the MuJoCo local-frame rotation and its meaning differs between bricks (long side on local X) and blocks (long side on local Y).","every bar uses the wall_10/wall_11 ArUco mounting; wall_9 is excluded (tag rotated 90 deg, 19.0 cm not 19.5)"
hard_066,hard,1push,brick,wall_10,38.9,32.0,169.8,19.5,5.5,10.0,2,33.7,17.3,0.0,10.7,60.1,0.0276,145,one_push,4,46,31,7,22,"long_axis_bearing_deg = bearing of the item's LONG side in world, counter-clockwise from +X, in [0,180). Place by this, not by yaw. yaw_deg is the MuJoCo local-frame rotation and its meaning differs between bricks (long side on local X) and blocks (long side on local Y).","every bar uses the wall_10/wall_11 ArUco mounting; wall_9 is excluded (tag rotated 90 deg, 19.0 cm not 19.5)"
hard_066,hard,1push,brick,wall_11,14.3,41.9,73.0,19.5,5.5,10.0,2,33.7,17.3,0.0,10.7,60.1,0.0276,145,one_push,4,46,31,7,22,"long_axis_bearing_deg = bearing of the item's LONG side in world, counter-clockwise from +X, in [0,180). Place by this, not by yaw. yaw_deg is the MuJoCo local-frame rotation and its meaning differs between bricks (long side on local X) and blocks (long side on local Y).","every bar uses the wall_10/wall_11 ArUco mounting; wall_9 is excluded (tag rotated 90 deg, 19.0 cm not 19.5)"
hard_066,hard,1push,block,obj_4,20.5,27.7,156.5,12.0,7.5,5.0,2,33.7,17.3,0.0,10.7,60.1,0.0276,145,one_push,4,46,31,7,22,"long_axis_bearing_deg = bearing of the item's LONG side in world, counter-clockwise from +X, in [0,180). Place by this, not by yaw. yaw_deg is the MuJoCo local-frame rotation and its meaning differs between bricks (long side on local X) and blocks (long side on local Y).","every bar uses the wall_10/wall_11 ArUco mounting; wall_9 is excluded (tag rotated 90 deg, 19.0 cm not 19.5)"
hard_067,hard,1push,brick,wall_10,9.9,31.8,4.0,19.5,5.5,10.0,2,30.1,9.6,0.0,15.9,69.6,0.0167,120,one_push,2,83,24,15,21,"long_axis_bearing_deg = bearing of the item's LONG side in world, counter-clockwise from +X, in [0,180). Place by this, not by yaw. yaw_deg is the MuJoCo local-frame rotation and its meaning differs between bricks (long side on local X) and blocks (long side on local Y).","every bar uses the wall_10/wall_11 ArUco mounting; wall_9 is excluded (tag rotated 90 deg, 19.0 cm not 19.5)"
hard_067,hard,1push,brick,wall_11,34.5,42.4,108.4,19.5,5.5,10.0,2,30.1,9.6,0.0,15.9,69.6,0.0167,120,one_push,2,83,24,15,21,"long_axis_bearing_deg = bearing of the item's LONG side in world, counter-clockwise from +X, in [0,180). Place by this, not by yaw. yaw_deg is the MuJoCo local-frame rotation and its meaning differs between bricks (long side on local X) and blocks (long side on local Y).","every bar uses the wall_10/wall_11 ArUco mounting; wall_9 is excluded (tag rotated 90 deg, 19.0 cm not 19.5)"
hard_067,hard,1push,block,obj_1,26.2,30.1,113.7,15.0,7.0,4.0,2,30.1,9.6,0.0,15.9,69.6,0.0167,120,one_push,2,83,24,15,21,"long_axis_bearing_deg = bearing of the item's LONG side in world, counter-clockwise from +X, in [0,180). Place by this, not by yaw. yaw_deg is the MuJoCo local-frame rotation and its meaning differs between bricks (long side on local X) and blocks (long side on local Y).","every bar uses the wall_10/wall_11 ArUco mounting; wall_9 is excluded (tag rotated 90 deg, 19.0 cm not 19.5)"
hard_068,hard,1push,brick,wall_10,38.9,44.9,169.9,19.5,5.5,10.0,2,12.6,20.4,0.0,37.8,65.0,0.0276,145,one_push,4,91,28,8,24,"long_axis_bearing_deg = bearing of the item's LONG side in world, counter-clockwise from +X, in [0,180). Place by this, not by yaw. yaw_deg is the MuJoCo local-frame rotation and its meaning differs between bricks (long side on local X) and blocks (long side on local Y).","every bar uses the wall_10/wall_11 ArUco mounting; wall_9 is excluded (tag rotated 90 deg, 19.0 cm not 19.5)"
hard_068,hard,1push,brick,wall_11,14.0,56.6,72.5,19.5,5.5,10.0,2,12.6,20.4,0.0,37.8,65.0,0.0276,145,one_push,4,91,28,8,24,"long_axis_bearing_deg = bearing of the item's LONG side in world, counter-clockwise from +X, in [0,180). Place by this, not by yaw. yaw_deg is the MuJoCo local-frame rotation and its meaning differs between bricks (long side on local X) and blocks (long side on local Y).","every bar uses the wall_10/wall_11 ArUco mounting; wall_9 is excluded (tag rotated 90 deg, 19.0 cm not 19.5)"
hard_068,hard,1push,block,obj_4,18.8,42.5,80.9,12.0,7.5,5.0,2,12.6,20.4,0.0,37.8,65.0,0.0276,145,one_push,4,91,28,8,24,"long_axis_bearing_deg = bearing of the item's LONG side in world, counter-clockwise from +X, in [0,180). Place by this, not by yaw. yaw_deg is the MuJoCo local-frame rotation and its meaning differs between bricks (long side on local X) and blocks (long side on local Y).","every bar uses the wall_10/wall_11 ArUco mounting; wall_9 is excluded (tag rotated 90 deg, 19.0 cm not 19.5)"
hard_069,hard,1push,brick,wall_10,39.0,46.2,171.5,19.5,5.5,10.0,2,14.6,14.3,0.0,39.3,70.8,0.0174,115,one_push,2,47,23,10,27,"long_axis_bearing_deg = bearing of the item's LONG side in world, counter-clockwise from +X, in [0,180). Place by this, not by yaw. yaw_deg is the MuJoCo local-frame rotation and its meaning differs between bricks (long side on local X) and blocks (long side on local Y).","every bar uses the wall_10/wall_11 ArUco mounting; wall_9 is excluded (tag rotated 90 deg, 19.0 cm not 19.5)"
hard_069,hard,1push,brick,wall_11,14.9,58.5,71.9,19.5,5.5,10.0,2,14.6,14.3,0.0,39.3,70.8,0.0174,115,one_push,2,47,23,10,27,"long_axis_bearing_deg = bearing of the item's LONG side in world, counter-clockwise from +X, in [0,180). Place by this, not by yaw. yaw_deg is the MuJoCo local-frame rotation and its meaning differs between bricks (long side on local X) and blocks (long side on local Y).","every bar uses the wall_10/wall_11 ArUco mounting; wall_9 is excluded (tag rotated 90 deg, 19.0 cm not 19.5)"
hard_069,hard,1push,block,obj_1,19.2,47.1,42.7,15.0,7.0,4.0,2,14.6,14.3,0.0,39.3,70.8,0.0174,115,one_push,2,47,23,10,27,"long_axis_bearing_deg = bearing of the item's LONG side in world, counter-clockwise from +X, in [0,180). Place by this, not by yaw. yaw_deg is the MuJoCo local-frame rotation and its meaning differs between bricks (long side on local X) and blocks (long side on local Y).","every bar uses the wall_10/wall_11 ArUco mounting; wall_9 is excluded (tag rotated 90 deg, 19.0 cm not 19.5)"
hard_070,hard,1push,brick,wall_10,39.0,36.5,172.1,19.5,5.5,10.0,2,23.0,11.3,0.0,40.2,62.8,0.0286,140,one_push,4,44,28,8,24,"long_axis_bearing_deg = bearing of the item's LONG side in world, counter-clockwise from +X, in [0,180). Place by this, not by yaw. yaw_deg is the MuJoCo local-frame rotation and its meaning differs between bricks (long side on local X) and blocks (long side on local Y).","every bar uses the wall_10/wall_11 ArUco mounting; wall_9 is excluded (tag rotated 90 deg, 19.0 cm not 19.5)"
hard_070,hard,1push,brick,wall_11,13.2,44.4,78.1,19.5,5.5,10.0,2,23.0,11.3,0.0,40.2,62.8,0.0286,140,one_push,4,44,28,8,24,"long_axis_bearing_deg = bearing of the item's LONG side in world, counter-clockwise from +X, in [0,180). Place by this, not by yaw. yaw_deg is the MuJoCo local-frame rotation and its meaning differs between bricks (long side on local X) and blocks (long side on local Y).","every bar uses the wall_10/wall_11 ArUco mounting; wall_9 is excluded (tag rotated 90 deg, 19.0 cm not 19.5)"
hard_070,hard,1push,block,obj_4,20.3,31.6,162.0,12.0,7.5,5.0,2,23.0,11.3,0.0,40.2,62.8,0.0286,140,one_push,4,44,28,8,24,"long_axis_bearing_deg = bearing of the item's LONG side in world, counter-clockwise from +X, in [0,180). Place by this, not by yaw. yaw_deg is the MuJoCo local-frame rotation and its meaning differs between bricks (long side on local X) and blocks (long side on local Y).","every bar uses the wall_10/wall_11 ArUco mounting; wall_9 is excluded (tag rotated 90 deg, 19.0 cm not 19.5)"
hard_071,hard,1push,brick,wall_10,39.2,36.4,0.3,19.5,5.5,10.0,2,10.1,19.4,0.0,39.5,52.2,0.0182,110,one_push,2,47,34,0,26,"long_axis_bearing_deg = bearing of the item's LONG side in world, counter-clockwise from +X, in [0,180). Place by this, not by yaw. yaw_deg is the MuJoCo local-frame rotation and its meaning differs between bricks (long side on local X) and blocks (long side on local Y).","every bar uses the wall_10/wall_11 ArUco mounting; wall_9 is excluded (tag rotated 90 deg, 19.0 cm not 19.5)"
hard_071,hard,1push,brick,wall_11,15.2,47.7,70.3,19.5,5.5,10.0,2,10.1,19.4,0.0,39.5,52.2,0.0182,110,one_push,2,47,34,0,26,"long_axis_bearing_deg = bearing of the item's LONG side in world, counter-clockwise from +X, in [0,180). Place by this, not by yaw. yaw_deg is the MuJoCo local-frame rotation and its meaning differs between bricks (long side on local X) and blocks (long side on local Y).","every bar uses the wall_10/wall_11 ArUco mounting; wall_9 is excluded (tag rotated 90 deg, 19.0 cm not 19.5)"
hard_071,hard,1push,block,obj_1,20.5,36.7,42.1,15.0,7.0,4.0,2,10.1,19.4,0.0,39.5,52.2,0.0182,110,one_push,2,47,34,0,26,"long_axis_bearing_deg = bearing of the item's LONG side in world, counter-clockwise from +X, in [0,180). Place by this, not by yaw. yaw_deg is the MuJoCo local-frame rotation and its meaning differs between bricks (long side on local X) and blocks (long side on local Y).","every bar uses the wall_10/wall_11 ArUco mounting; wall_9 is excluded (tag rotated 90 deg, 19.0 cm not 19.5)"
hard_072,hard,1push,brick,wall_10,39.1,34.9,175.4,19.5,5.5,10.0,2,42.8,10.0,0.0,29.5,69.0,0.0286,105,one_push,3,43,21,8,31,"long_axis_bearing_deg = bearing of the item's LONG side in world, counter-clockwise from +X, in [0,180). Place by this, not by yaw. yaw_deg is the MuJoCo local-frame rotation and its meaning differs between bricks (long side on local X) and blocks (long side on local Y).","every bar uses the wall_10/wall_11 ArUco mounting; wall_9 is excluded (tag rotated 90 deg, 19.0 cm not 19.5)"
hard_072,hard,1push,brick,wall_11,13.4,45.2,75.5,19.5,5.5,10.0,2,42.8,10.0,0.0,29.5,69.0,0.0286,105,one_push,3,43,21,8,31,"long_axis_bearing_deg = bearing of the item's LONG side in world, counter-clockwise from +X, in [0,180). Place by this, not by yaw. yaw_deg is the MuJoCo local-frame rotation and its meaning differs between bricks (long side on local X) and blocks (long side on local Y).","every bar uses the wall_10/wall_11 ArUco mounting; wall_9 is excluded (tag rotated 90 deg, 19.0 cm not 19.5)"
hard_072,hard,1push,block,obj_4,22.6,32.4,179.9,12.0,7.5,5.0,2,42.8,10.0,0.0,29.5,69.0,0.0286,105,one_push,3,43,21,8,31,"long_axis_bearing_deg = bearing of the item's LONG side in world, counter-clockwise from +X, in [0,180). Place by this, not by yaw. yaw_deg is the MuJoCo local-frame rotation and its meaning differs between bricks (long side on local X) and blocks (long side on local Y).","every bar uses the wall_10/wall_11 ArUco mounting; wall_9 is excluded (tag rotated 90 deg, 19.0 cm not 19.5)"
hard_073,hard,1push,brick,wall_10,10.0,37.4,172.1,19.5,5.5,10.0,2,40.4,21.5,0.0,29.8,67.3,0.02,150,one_push,3,99,30,11,19,"long_axis_bearing_deg = bearing of the item's LONG side in world, counter-clockwise from +X, in [0,180). Place by this, not by yaw. yaw_deg is the MuJoCo local-frame rotation and its meaning differs between bricks (long side on local X) and blocks (long side on local Y).","every bar uses the wall_10/wall_11 ArUco mounting; wall_9 is excluded (tag rotated 90 deg, 19.0 cm not 19.5)"
hard_073,hard,1push,brick,wall_11,35.0,50.4,106.2,19.5,5.5,10.0,2,40.4,21.5,0.0,29.8,67.3,0.02,150,one_push,3,99,30,11,19,"long_axis_bearing_deg = bearing of the item's LONG side in world, counter-clockwise from +X, in [0,180). Place by this, not by yaw. yaw_deg is the MuJoCo local-frame rotation and its meaning differs between bricks (long side on local X) and blocks (long side on local Y).","every bar uses the wall_10/wall_11 ArUco mounting; wall_9 is excluded (tag rotated 90 deg, 19.0 cm not 19.5)"
hard_073,hard,1push,block,obj_1,26.1,32.8,80.4,15.0,7.0,4.0,2,40.4,21.5,0.0,29.8,67.3,0.02,150,one_push,3,99,30,11,19,"long_axis_bearing_deg = bearing of the item's LONG side in world, counter-clockwise from +X, in [0,180). Place by this, not by yaw. yaw_deg is the MuJoCo local-frame rotation and its meaning differs between bricks (long side on local X) and blocks (long side on local Y).","every bar uses the wall_10/wall_11 ArUco mounting; wall_9 is excluded (tag rotated 90 deg, 19.0 cm not 19.5)"
hard_074,hard,1push,brick,wall_10,39.0,31.2,172.6,19.5,5.5,10.0,2,41.2,19.2,0.0,23.1,47.0,0.0296,135,one_push,4,32,28,8,24,"long_axis_bearing_deg = bearing of the item's LONG side in world, counter-clockwise from +X, in [0,180). Place by this, not by yaw. yaw_deg is the MuJoCo local-frame rotation and its meaning differs between bricks (long side on local X) and blocks (long side on local Y).","every bar uses the wall_10/wall_11 ArUco mounting; wall_9 is excluded (tag rotated 90 deg, 19.0 cm not 19.5)"
hard_074,hard,1push,brick,wall_11,13.8,43.3,75.8,19.5,5.5,10.0,2,41.2,19.2,0.0,23.1,47.0,0.0296,135,one_push,4,32,28,8,24,"long_axis_bearing_deg = bearing of the item's LONG side in world, counter-clockwise from +X, in [0,180). Place by this, not by yaw. yaw_deg is the MuJoCo local-frame rotation and its meaning differs between bricks (long side on local X) and blocks (long side on local Y).","every bar uses the wall_10/wall_11 ArUco mounting; wall_9 is excluded (tag rotated 90 deg, 19.0 cm not 19.5)"
hard_074,hard,1push,block,obj_4,20.5,28.3,152.4,12.0,7.5,5.0,2,41.2,19.2,0.0,23.1,47.0,0.0296,135,one_push,4,32,28,8,24,"long_axis_bearing_deg = bearing of the item's LONG side in world, counter-clockwise from +X, in [0,180). Place by this, not by yaw. yaw_deg is the MuJoCo local-frame rotation and its meaning differs between bricks (long side on local X) and blocks (long side on local Y).","every bar uses the wall_10/wall_11 ArUco mounting; wall_9 is excluded (tag rotated 90 deg, 19.0 cm not 19.5)"
hard_075,hard,1push,brick,wall_10,39.2,43.4,179.8,19.5,5.5,10.0,2,31.5,17.4,0.0,33.1,57.8,0.0211,95,one_push,2,44,19,8,33,"long_axis_bearing_deg = bearing of the item's LONG side in world, counter-clockwise from +X, in [0,180). Place by this, not by yaw. yaw_deg is the MuJoCo local-frame rotation and its meaning differs between bricks (long side on local X) and blocks (long side on local Y).","every bar uses the wall_10/wall_11 ArUco mounting; wall_9 is excluded (tag rotated 90 deg, 19.0 cm not 19.5)"
hard_075,hard,1push,brick,wall_11,14.0,51.1,74.3,19.5,5.5,10.0,2,31.5,17.4,0.0,33.1,57.8,0.0211,95,one_push,2,44,19,8,33,"long_axis_bearing_deg = bearing of the item's LONG side in world, counter-clockwise from +X, in [0,180). Place by this, not by yaw. yaw_deg is the MuJoCo local-frame rotation and its meaning differs between bricks (long side on local X) and blocks (long side on local Y).","every bar uses the wall_10/wall_11 ArUco mounting; wall_9 is excluded (tag rotated 90 deg, 19.0 cm not 19.5)"
hard_075,hard,1push,block,obj_1,24.2,44.6,105.3,15.0,7.0,4.0,2,31.5,17.4,0.0,33.1,57.8,0.0211,95,one_push,2,44,19,8,33,"long_axis_bearing_deg = bearing of the item's LONG side in world, counter-clockwise from +X, in [0,180). Place by this, not by yaw. yaw_deg is the MuJoCo local-frame rotation and its meaning differs between bricks (long side on local X) and blocks (long side on local Y).","every bar uses the wall_10/wall_11 ArUco mounting; wall_9 is excluded (tag rotated 90 deg, 19.0 cm not 19.5)"
hard_076,hard,1push,brick,wall_10,10.1,37.7,8.5,19.5,5.5,10.0,2,16.1,15.6,0.0,36.3,66.0,0.0308,130,one_push,4,102,27,8,25,"long_axis_bearing_deg = bearing of the item's LONG side in world, counter-clockwise from +X, in [0,180). Place by this, not by yaw. yaw_deg is the MuJoCo local-frame rotation and its meaning differs between bricks (long side on local X) and blocks (long side on local Y).","every bar uses the wall_10/wall_11 ArUco mounting; wall_9 is excluded (tag rotated 90 deg, 19.0 cm not 19.5)"
hard_076,hard,1push,brick,wall_11,36.0,48.7,105.2,19.5,5.5,10.0,2,16.1,15.6,0.0,36.3,66.0,0.0308,130,one_push,4,102,27,8,25,"long_axis_bearing_deg = bearing of the item's LONG side in world, counter-clockwise from +X, in [0,180). Place by this, not by yaw. yaw_deg is the MuJoCo local-frame rotation and its meaning differs between bricks (long side on local X) and blocks (long side on local Y).","every bar uses the wall_10/wall_11 ArUco mounting; wall_9 is excluded (tag rotated 90 deg, 19.0 cm not 19.5)"
hard_076,hard,1push,block,obj_4,28.0,34.8,117.3,12.0,7.5,5.0,2,16.1,15.6,0.0,36.3,66.0,0.0308,130,one_push,4,102,27,8,25,"long_axis_bearing_deg = bearing of the item's LONG side in world, counter-clockwise from +X, in [0,180). Place by this, not by yaw. yaw_deg is the MuJoCo local-frame rotation and its meaning differs between bricks (long side on local X) and blocks (long side on local Y).","every bar uses the wall_10/wall_11 ArUco mounting; wall_9 is excluded (tag rotated 90 deg, 19.0 cm not 19.5)"
hard_077,hard,1push,brick,wall_10,10.1,37.7,170.4,19.5,5.5,10.0,2,22.0,12.9,0.0,19.7,55.1,0.0214,140,one_push,3,77,28,7,25,"long_axis_bearing_deg = bearing of the item's LONG side in world, counter-clockwise from +X, in [0,180). Place by this, not by yaw. yaw_deg is the MuJoCo local-frame rotation and its meaning differs between bricks (long side on local X) and blocks (long side on local Y).","every bar uses the wall_10/wall_11 ArUco mounting; wall_9 is excluded (tag rotated 90 deg, 19.0 cm not 19.5)"
hard_077,hard,1push,brick,wall_11,34.4,48.4,107.9,19.5,5.5,10.0,2,22.0,12.9,0.0,19.7,55.1,0.0214,140,one_push,3,77,28,7,25,"long_axis_bearing_deg = bearing of the item's LONG side in world, counter-clockwise from +X, in [0,180). Place by this, not by yaw. yaw_deg is the MuJoCo local-frame rotation and its meaning differs between bricks (long side on local X) and blocks (long side on local Y).","every bar uses the wall_10/wall_11 ArUco mounting; wall_9 is excluded (tag rotated 90 deg, 19.0 cm not 19.5)"
hard_077,hard,1push,block,obj_1,27.9,32.9,86.0,15.0,7.0,4.0,2,22.0,12.9,0.0,19.7,55.1,0.0214,140,one_push,3,77,28,7,25,"long_axis_bearing_deg = bearing of the item's LONG side in world, counter-clockwise from +X, in [0,180). Place by this, not by yaw. yaw_deg is the MuJoCo local-frame rotation and its meaning differs between bricks (long side on local X) and blocks (long side on local Y).","every bar uses the wall_10/wall_11 ArUco mounting; wall_9 is excluded (tag rotated 90 deg, 19.0 cm not 19.5)"
hard_078,hard,1push,brick,wall_10,39.0,44.8,171.7,19.5,5.5,10.0,2,32.1,33.1,0.0,38.6,58.2,0.0308,130,one_push,4,63,26,8,26,"long_axis_bearing_deg = bearing of the item's LONG side in world, counter-clockwise from +X, in [0,180). Place by this, not by yaw. yaw_deg is the MuJoCo local-frame rotation and its meaning differs between bricks (long side on local X) and blocks (long side on local Y).","every bar uses the wall_10/wall_11 ArUco mounting; wall_9 is excluded (tag rotated 90 deg, 19.0 cm not 19.5)"
hard_078,hard,1push,brick,wall_11,13.4,54.2,76.4,19.5,5.5,10.0,2,32.1,33.1,0.0,38.6,58.2,0.0308,130,one_push,4,63,26,8,26,"long_axis_bearing_deg = bearing of the item's LONG side in world, counter-clockwise from +X, in [0,180). Place by this, not by yaw. yaw_deg is the MuJoCo local-frame rotation and its meaning differs between bricks (long side on local X) and blocks (long side on local Y).","every bar uses the wall_10/wall_11 ArUco mounting; wall_9 is excluded (tag rotated 90 deg, 19.0 cm not 19.5)"
hard_078,hard,1push,block,obj_4,19.4,42.5,52.1,12.0,7.5,5.0,2,32.1,33.1,0.0,38.6,58.2,0.0308,130,one_push,4,63,26,8,26,"long_axis_bearing_deg = bearing of the item's LONG side in world, counter-clockwise from +X, in [0,180). Place by this, not by yaw. yaw_deg is the MuJoCo local-frame rotation and its meaning differs between bricks (long side on local X) and blocks (long side on local Y).","every bar uses the wall_10/wall_11 ArUco mounting; wall_9 is excluded (tag rotated 90 deg, 19.0 cm not 19.5)"
hard_079,hard,1push,brick,wall_10,39.0,32.6,172.0,19.5,5.5,10.0,2,42.8,15.9,0.0,23.3,63.1,0.0222,135,one_push,3,67,27,5,28,"long_axis_bearing_deg = bearing of the item's LONG side in world, counter-clockwise from +X, in [0,180). Place by this, not by yaw. yaw_deg is the MuJoCo local-frame rotation and its meaning differs between bricks (long side on local X) and blocks (long side on local Y).","every bar uses the wall_10/wall_11 ArUco mounting; wall_9 is excluded (tag rotated 90 deg, 19.0 cm not 19.5)"
hard_079,hard,1push,brick,wall_11,13.2,44.3,71.9,19.5,5.5,10.0,2,42.8,15.9,0.0,23.3,63.1,0.0222,135,one_push,3,67,27,5,28,"long_axis_bearing_deg = bearing of the item's LONG side in world, counter-clockwise from +X, in [0,180). Place by this, not by yaw. yaw_deg is the MuJoCo local-frame rotation and its meaning differs between bricks (long side on local X) and blocks (long side on local Y).","every bar uses the wall_10/wall_11 ArUco mounting; wall_9 is excluded (tag rotated 90 deg, 19.0 cm not 19.5)"
hard_079,hard,1push,block,obj_1,19.5,30.2,94.8,15.0,7.0,4.0,2,42.8,15.9,0.0,23.3,63.1,0.0222,135,one_push,3,67,27,5,28,"long_axis_bearing_deg = bearing of the item's LONG side in world, counter-clockwise from +X, in [0,180). Place by this, not by yaw. yaw_deg is the MuJoCo local-frame rotation and its meaning differs between bricks (long side on local X) and blocks (long side on local Y).","every bar uses the wall_10/wall_11 ArUco mounting; wall_9 is excluded (tag rotated 90 deg, 19.0 cm not 19.5)"
hard_080,hard,1push,brick,wall_10,39.0,40.1,7.0,19.5,5.5,10.0,2,23.9,21.2,0.0,39.6,64.8,0.0308,130,one_push,4,88,26,6,28,"long_axis_bearing_deg = bearing of the item's LONG side in world, counter-clockwise from +X, in [0,180). Place by this, not by yaw. yaw_deg is the MuJoCo local-frame rotation and its meaning differs between bricks (long side on local X) and blocks (long side on local Y).","every bar uses the wall_10/wall_11 ArUco mounting; wall_9 is excluded (tag rotated 90 deg, 19.0 cm not 19.5)"
hard_080,hard,1push,brick,wall_11,13.1,50.8,78.0,19.5,5.5,10.0,2,23.9,21.2,0.0,39.6,64.8,0.0308,130,one_push,4,88,26,6,28,"long_axis_bearing_deg = bearing of the item's LONG side in world, counter-clockwise from +X, in [0,180). Place by this, not by yaw. yaw_deg is the MuJoCo local-frame rotation and its meaning differs between bricks (long side on local X) and blocks (long side on local Y).","every bar uses the wall_10/wall_11 ArUco mounting; wall_9 is excluded (tag rotated 90 deg, 19.0 cm not 19.5)"
hard_080,hard,1push,block,obj_4,21.3,35.9,59.7,12.0,7.5,5.0,2,23.9,21.2,0.0,39.6,64.8,0.0308,130,one_push,4,88,26,6,28,"long_axis_bearing_deg = bearing of the item's LONG side in world, counter-clockwise from +X, in [0,180). Place by this, not by yaw. yaw_deg is the MuJoCo local-frame rotation and its meaning differs between bricks (long side on local X) and blocks (long side on local Y).","every bar uses the wall_10/wall_11 ArUco mounting; wall_9 is excluded (tag rotated 90 deg, 19.0 cm not 19.5)"
hard_081,hard,1push,brick,wall_10,38.9,35.2,11.5,19.5,5.5,10.0,2,41.6,20.1,0.0,13.9,67.3,0.0222,135,one_push,3,84,27,5,28,"long_axis_bearing_deg = bearing of the item's LONG side in world, counter-clockwise from +X, in [0,180). Place by this, not by yaw. yaw_deg is the MuJoCo local-frame rotation and its meaning differs between bricks (long side on local X) and blocks (long side on local Y).","every bar uses the wall_10/wall_11 ArUco mounting; wall_9 is excluded (tag rotated 90 deg, 19.0 cm not 19.5)"
hard_081,hard,1push,brick,wall_11,12.9,44.9,79.3,19.5,5.5,10.0,2,41.6,20.1,0.0,13.9,67.3,0.0222,135,one_push,3,84,27,5,28,"long_axis_bearing_deg = bearing of the item's LONG side in world, counter-clockwise from +X, in [0,180). Place by this, not by yaw. yaw_deg is the MuJoCo local-frame rotation and its meaning differs between bricks (long side on local X) and blocks (long side on local Y).","every bar uses the wall_10/wall_11 ArUco mounting; wall_9 is excluded (tag rotated 90 deg, 19.0 cm not 19.5)"
hard_081,hard,1push,block,obj_1,20.8,30.7,103.3,15.0,7.0,4.0,2,41.6,20.1,0.0,13.9,67.3,0.0222,135,one_push,3,84,27,5,28,"long_axis_bearing_deg = bearing of the item's LONG side in world, counter-clockwise from +X, in [0,180). Place by this, not by yaw. yaw_deg is the MuJoCo local-frame rotation and its meaning differs between bricks (long side on local X) and blocks (long side on local Y).","every bar uses the wall_10/wall_11 ArUco mounting; wall_9 is excluded (tag rotated 90 deg, 19.0 cm not 19.5)"
hard_082,hard,1push,brick,wall_10,38.9,47.8,168.0,19.5,5.5,10.0,2,36.5,30.3,0.0,40.8,62.5,0.0312,160,one_push,5,25,31,4,25,"long_axis_bearing_deg = bearing of the item's LONG side in world, counter-clockwise from +X, in [0,180). Place by this, not by yaw. yaw_deg is the MuJoCo local-frame rotation and its meaning differs between bricks (long side on local X) and blocks (long side on local Y).","every bar uses the wall_10/wall_11 ArUco mounting; wall_9 is excluded (tag rotated 90 deg, 19.0 cm not 19.5)"
hard_082,hard,1push,brick,wall_11,15.1,60.1,84.7,19.5,5.5,10.0,2,36.5,30.3,0.0,40.8,62.5,0.0312,160,one_push,5,25,31,4,25,"long_axis_bearing_deg = bearing of the item's LONG side in world, counter-clockwise from +X, in [0,180). Place by this, not by yaw. yaw_deg is the MuJoCo local-frame rotation and its meaning differs between bricks (long side on local X) and blocks (long side on local Y).","every bar uses the wall_10/wall_11 ArUco mounting; wall_9 is excluded (tag rotated 90 deg, 19.0 cm not 19.5)"
hard_082,hard,1push,block,obj_4,19.3,43.9,40.9,12.0,7.5,5.0,2,36.5,30.3,0.0,40.8,62.5,0.0312,160,one_push,5,25,31,4,25,"long_axis_bearing_deg = bearing of the item's LONG side in world, counter-clockwise from +X, in [0,180). Place by this, not by yaw. yaw_deg is the MuJoCo local-frame rotation and its meaning differs between bricks (long side on local X) and blocks (long side on local Y).","every bar uses the wall_10/wall_11 ArUco mounting; wall_9 is excluded (tag rotated 90 deg, 19.0 cm not 19.5)"
hard_083,hard,1push,brick,wall_10,11.0,41.2,179.2,19.5,5.5,10.0,2,42.6,18.7,0.0,9.1,60.3,0.0222,135,one_push,3,67,27,15,18,"long_axis_bearing_deg = bearing of the item's LONG side in world, counter-clockwise from +X, in [0,180). Place by this, not by yaw. yaw_deg is the MuJoCo local-frame rotation and its meaning differs between bricks (long side on local X) and blocks (long side on local Y).","every bar uses the wall_10/wall_11 ArUco mounting; wall_9 is excluded (tag rotated 90 deg, 19.0 cm not 19.5)"
hard_083,hard,1push,brick,wall_11,25.2,47.2,151.9,19.5,5.5,10.0,2,42.6,18.7,0.0,9.1,60.3,0.0222,135,one_push,3,67,27,15,18,"long_axis_bearing_deg = bearing of the item's LONG side in world, counter-clockwise from +X, in [0,180). Place by this, not by yaw. yaw_deg is the MuJoCo local-frame rotation and its meaning differs between bricks (long side on local X) and blocks (long side on local Y).","every bar uses the wall_10/wall_11 ArUco mounting; wall_9 is excluded (tag rotated 90 deg, 19.0 cm not 19.5)"
hard_083,hard,1push,block,obj_1,37.4,38.5,69.3,15.0,7.0,4.0,2,42.6,18.7,0.0,9.1,60.3,0.0222,135,one_push,3,67,27,15,18,"long_axis_bearing_deg = bearing of the item's LONG side in world, counter-clockwise from +X, in [0,180). Place by this, not by yaw. yaw_deg is the MuJoCo local-frame rotation and its meaning differs between bricks (long side on local X) and blocks (long side on local Y).","every bar uses the wall_10/wall_11 ArUco mounting; wall_9 is excluded (tag rotated 90 deg, 19.0 cm not 19.5)"
hard_084,hard,1push,brick,wall_10,38.9,34.1,10.6,19.5,5.5,10.0,2,33.5,14.5,0.0,22.8,60.6,0.0333,30,one_push,1,10,6,21,33,"long_axis_bearing_deg = bearing of the item's LONG side in world, counter-clockwise from +X, in [0,180). Place by this, not by yaw. yaw_deg is the MuJoCo local-frame rotation and its meaning differs between bricks (long side on local X) and blocks (long side on local Y).","every bar uses the wall_10/wall_11 ArUco mounting; wall_9 is excluded (tag rotated 90 deg, 19.0 cm not 19.5)"
hard_084,hard,1push,brick,wall_11,13.9,43.1,70.5,19.5,5.5,10.0,2,33.5,14.5,0.0,22.8,60.6,0.0333,30,one_push,1,10,6,21,33,"long_axis_bearing_deg = bearing of the item's LONG side in world, counter-clockwise from +X, in [0,180). Place by this, not by yaw. yaw_deg is the MuJoCo local-frame rotation and its meaning differs between bricks (long side on local X) and blocks (long side on local Y).","every bar uses the wall_10/wall_11 ArUco mounting; wall_9 is excluded (tag rotated 90 deg, 19.0 cm not 19.5)"
hard_084,hard,1push,block,obj_4,26.0,38.6,22.6,12.0,7.5,5.0,2,33.5,14.5,0.0,22.8,60.6,0.0333,30,one_push,1,10,6,21,33,"long_axis_bearing_deg = bearing of the item's LONG side in world, counter-clockwise from +X, in [0,180). Place by this, not by yaw. yaw_deg is the MuJoCo local-frame rotation and its meaning differs between bricks (long side on local X) and blocks (long side on local Y).","every bar uses the wall_10/wall_11 ArUco mounting; wall_9 is excluded (tag rotated 90 deg, 19.0 cm not 19.5)"
hard_085,hard,1push,brick,wall_10,39.2,34.3,0.4,19.5,5.5,10.0,2,36.2,8.1,0.0,8.7,70.0,0.024,125,one_push,3,91,25,13,22,"long_axis_bearing_deg = bearing of the item's LONG side in world, counter-clockwise from +X, in [0,180). Place by this, not by yaw. yaw_deg is the MuJoCo local-frame rotation and its meaning differs between bricks (long side on local X) and blocks (long side on local Y).","every bar uses the wall_10/wall_11 ArUco mounting; wall_9 is excluded (tag rotated 90 deg, 19.0 cm not 19.5)"
hard_085,hard,1push,brick,wall_11,14.5,45.2,71.6,19.5,5.5,10.0,2,36.2,8.1,0.0,8.7,70.0,0.024,125,one_push,3,91,25,13,22,"long_axis_bearing_deg = bearing of the item's LONG side in world, counter-clockwise from +X, in [0,180). Place by this, not by yaw. yaw_deg is the MuJoCo local-frame rotation and its meaning differs between bricks (long side on local X) and blocks (long side on local Y).","every bar uses the wall_10/wall_11 ArUco mounting; wall_9 is excluded (tag rotated 90 deg, 19.0 cm not 19.5)"
hard_085,hard,1push,block,obj_1,19.6,32.0,67.2,15.0,7.0,4.0,2,36.2,8.1,0.0,8.7,70.0,0.024,125,one_push,3,91,25,13,22,"long_axis_bearing_deg = bearing of the item's LONG side in world, counter-clockwise from +X, in [0,180). Place by this, not by yaw. yaw_deg is the MuJoCo local-frame rotation and its meaning differs between bricks (long side on local X) and blocks (long side on local Y).","every bar uses the wall_10/wall_11 ArUco mounting; wall_9 is excluded (tag rotated 90 deg, 19.0 cm not 19.5)"
hard_086,hard,1push,brick,wall_10,39.0,34.2,5.3,19.5,5.5,10.0,2,23.5,14.6,0.0,8.6,66.2,0.0345,145,one_push,5,43,29,3,28,"long_axis_bearing_deg = bearing of the item's LONG side in world, counter-clockwise from +X, in [0,180). Place by this, not by yaw. yaw_deg is the MuJoCo local-frame rotation and its meaning differs between bricks (long side on local X) and blocks (long side on local Y).","every bar uses the wall_10/wall_11 ArUco mounting; wall_9 is excluded (tag rotated 90 deg, 19.0 cm not 19.5)"
hard_086,hard,1push,brick,wall_11,13.7,45.1,75.1,19.5,5.5,10.0,2,23.5,14.6,0.0,8.6,66.2,0.0345,145,one_push,5,43,29,3,28,"long_axis_bearing_deg = bearing of the item's LONG side in world, counter-clockwise from +X, in [0,180). Place by this, not by yaw. yaw_deg is the MuJoCo local-frame rotation and its meaning differs between bricks (long side on local X) and blocks (long side on local Y).","every bar uses the wall_10/wall_11 ArUco mounting; wall_9 is excluded (tag rotated 90 deg, 19.0 cm not 19.5)"
hard_086,hard,1push,block,obj_4,20.4,29.4,108.4,12.0,7.5,5.0,2,23.5,14.6,0.0,8.6,66.2,0.0345,145,one_push,5,43,29,3,28,"long_axis_bearing_deg = bearing of the item's LONG side in world, counter-clockwise from +X, in [0,180). Place by this, not by yaw. yaw_deg is the MuJoCo local-frame rotation and its meaning differs between bricks (long side on local X) and blocks (long side on local Y).","every bar uses the wall_10/wall_11 ArUco mounting; wall_9 is excluded (tag rotated 90 deg, 19.0 cm not 19.5)"
hard_087,hard,1push,brick,wall_10,9.9,41.4,3.2,19.5,5.5,10.0,2,23.5,24.2,0.0,11.8,66.3,0.024,125,one_push,3,89,25,15,20,"long_axis_bearing_deg = bearing of the item's LONG side in world, counter-clockwise from +X, in [0,180). Place by this, not by yaw. yaw_deg is the MuJoCo local-frame rotation and its meaning differs between bricks (long side on local X) and blocks (long side on local Y).","every bar uses the wall_10/wall_11 ArUco mounting; wall_9 is excluded (tag rotated 90 deg, 19.0 cm not 19.5)"
hard_087,hard,1push,brick,wall_11,35.7,54.3,101.7,19.5,5.5,10.0,2,23.5,24.2,0.0,11.8,66.3,0.024,125,one_push,3,89,25,15,20,"long_axis_bearing_deg = bearing of the item's LONG side in world, counter-clockwise from +X, in [0,180). Place by this, not by yaw. yaw_deg is the MuJoCo local-frame rotation and its meaning differs between bricks (long side on local X) and blocks (long side on local Y).","every bar uses the wall_10/wall_11 ArUco mounting; wall_9 is excluded (tag rotated 90 deg, 19.0 cm not 19.5)"
hard_087,hard,1push,block,obj_1,30.7,41.0,120.4,15.0,7.0,4.0,2,23.5,24.2,0.0,11.8,66.3,0.024,125,one_push,3,89,25,15,20,"long_axis_bearing_deg = bearing of the item's LONG side in world, counter-clockwise from +X, in [0,180). Place by this, not by yaw. yaw_deg is the MuJoCo local-frame rotation and its meaning differs between bricks (long side on local X) and blocks (long side on local Y).","every bar uses the wall_10/wall_11 ArUco mounting; wall_9 is excluded (tag rotated 90 deg, 19.0 cm not 19.5)"
hard_088,hard,1push,brick,wall_10,39.0,40.7,174.0,19.5,5.5,10.0,2,7.5,13.4,0.0,35.5,69.3,0.0348,115,one_push,4,73,23,6,31,"long_axis_bearing_deg = bearing of the item's LONG side in world, counter-clockwise from +X, in [0,180). Place by this, not by yaw. yaw_deg is the MuJoCo local-frame rotation and its meaning differs between bricks (long side on local X) and blocks (long side on local Y).","every bar uses the wall_10/wall_11 ArUco mounting; wall_9 is excluded (tag rotated 90 deg, 19.0 cm not 19.5)"
hard_088,hard,1push,brick,wall_11,13.2,46.8,72.2,19.5,5.5,10.0,2,7.5,13.4,0.0,35.5,69.3,0.0348,115,one_push,4,73,23,6,31,"long_axis_bearing_deg = bearing of the item's LONG side in world, counter-clockwise from +X, in [0,180). Place by this, not by yaw. yaw_deg is the MuJoCo local-frame rotation and its meaning differs between bricks (long side on local X) and blocks (long side on local Y).","every bar uses the wall_10/wall_11 ArUco mounting; wall_9 is excluded (tag rotated 90 deg, 19.0 cm not 19.5)"
hard_088,hard,1push,block,obj_4,20.5,36.9,168.2,12.0,7.5,5.0,2,7.5,13.4,0.0,35.5,69.3,0.0348,115,one_push,4,73,23,6,31,"long_axis_bearing_deg = bearing of the item's LONG side in world, counter-clockwise from +X, in [0,180). Place by this, not by yaw. yaw_deg is the MuJoCo local-frame rotation and its meaning differs between bricks (long side on local X) and blocks (long side on local Y).","every bar uses the wall_10/wall_11 ArUco mounting; wall_9 is excluded (tag rotated 90 deg, 19.0 cm not 19.5)"
hard_089,hard,1push,brick,wall_10,9.9,31.6,176.1,19.5,5.5,10.0,2,35.9,17.4,0.0,32.3,62.9,0.024,125,one_push,3,85,25,10,25,"long_axis_bearing_deg = bearing of the item's LONG side in world, counter-clockwise from +X, in [0,180). Place by this, not by yaw. yaw_deg is the MuJoCo local-frame rotation and its meaning differs between bricks (long side on local X) and blocks (long side on local Y).","every bar uses the wall_10/wall_11 ArUco mounting; wall_9 is excluded (tag rotated 90 deg, 19.0 cm not 19.5)"
hard_089,hard,1push,brick,wall_11,35.3,40.1,106.7,19.5,5.5,10.0,2,35.9,17.4,0.0,32.3,62.9,0.024,125,one_push,3,85,25,10,25,"long_axis_bearing_deg = bearing of the item's LONG side in world, counter-clockwise from +X, in [0,180). Place by this, not by yaw. yaw_deg is the MuJoCo local-frame rotation and its meaning differs between bricks (long side on local X) and blocks (long side on local Y).","every bar uses the wall_10/wall_11 ArUco mounting; wall_9 is excluded (tag rotated 90 deg, 19.0 cm not 19.5)"
hard_089,hard,1push,block,obj_1,27.2,27.4,89.0,15.0,7.0,4.0,2,35.9,17.4,0.0,32.3,62.9,0.024,125,one_push,3,85,25,10,25,"long_axis_bearing_deg = bearing of the item's LONG side in world, counter-clockwise from +X, in [0,180). Place by this, not by yaw. yaw_deg is the MuJoCo local-frame rotation and its meaning differs between bricks (long side on local X) and blocks (long side on local Y).","every bar uses the wall_10/wall_11 ArUco mounting; wall_9 is excluded (tag rotated 90 deg, 19.0 cm not 19.5)"
hard_090,hard,1push,brick,wall_10,10.1,30.5,169.9,19.5,5.5,10.0,2,23.9,11.5,0.0,25.8,56.8,0.0364,110,one_push,4,71,22,13,25,"long_axis_bearing_deg = bearing of the item's LONG side in world, counter-clockwise from +X, in [0,180). Place by this, not by yaw. yaw_deg is the MuJoCo local-frame rotation and its meaning differs between bricks (long side on local X) and blocks (long side on local Y).","every bar uses the wall_10/wall_11 ArUco mounting; wall_9 is excluded (tag rotated 90 deg, 19.0 cm not 19.5)"
hard_090,hard,1push,brick,wall_11,35.3,38.4,103.1,19.5,5.5,10.0,2,23.9,11.5,0.0,25.8,56.8,0.0364,110,one_push,4,71,22,13,25,"long_axis_bearing_deg = bearing of the item's LONG side in world, counter-clockwise from +X, in [0,180). Place by this, not by yaw. yaw_deg is the MuJoCo local-frame rotation and its meaning differs between bricks (long side on local X) and blocks (long side on local Y).","every bar uses the wall_10/wall_11 ArUco mounting; wall_9 is excluded (tag rotated 90 deg, 19.0 cm not 19.5)"
hard_090,hard,1push,block,obj_4,29.8,27.2,118.3,12.0,7.5,5.0,2,23.9,11.5,0.0,25.8,56.8,0.0364,110,one_push,4,71,22,13,25,"long_axis_bearing_deg = bearing of the item's LONG side in world, counter-clockwise from +X, in [0,180). Place by this, not by yaw. yaw_deg is the MuJoCo local-frame rotation and its meaning differs between bricks (long side on local X) and blocks (long side on local Y).","every bar uses the wall_10/wall_11 ArUco mounting; wall_9 is excluded (tag rotated 90 deg, 19.0 cm not 19.5)"
hard_091,hard,1push,brick,wall_10,13.7,40.6,24.8,19.5,5.5,10.0,2,26.0,30.1,0.0,8.2,71.5,0.024,125,one_push,3,44,25,15,20,"long_axis_bearing_deg = bearing of the item's LONG side in world, counter-clockwise from +X, in [0,180). Place by this, not by yaw. yaw_deg is the MuJoCo local-frame rotation and its meaning differs between bricks (long side on local X) and blocks (long side on local Y).","every bar uses the wall_10/wall_11 ArUco mounting; wall_9 is excluded (tag rotated 90 deg, 19.0 cm not 19.5)"
hard_091,hard,1push,brick,wall_11,25.7,52.7,126.7,19.5,5.5,10.0,2,26.0,30.1,0.0,8.2,71.5,0.024,125,one_push,3,44,25,15,20,"long_axis_bearing_deg = bearing of the item's LONG side in world, counter-clockwise from +X, in [0,180). Place by this, not by yaw. yaw_deg is the MuJoCo local-frame rotation and its meaning differs between bricks (long side on local X) and blocks (long side on local Y).","every bar uses the wall_10/wall_11 ArUco mounting; wall_9 is excluded (tag rotated 90 deg, 19.0 cm not 19.5)"
hard_091,hard,1push,block,obj_1,36.8,43.4,66.4,15.0,7.0,4.0,2,26.0,30.1,0.0,8.2,71.5,0.024,125,one_push,3,44,25,15,20,"long_axis_bearing_deg = bearing of the item's LONG side in world, counter-clockwise from +X, in [0,180). Place by this, not by yaw. yaw_deg is the MuJoCo local-frame rotation and its meaning differs between bricks (long side on local X) and blocks (long side on local Y).","every bar uses the wall_10/wall_11 ArUco mounting; wall_9 is excluded (tag rotated 90 deg, 19.0 cm not 19.5)"
hard_092,hard,1push,brick,wall_10,38.9,33.5,170.4,19.5,5.5,10.0,2,12.4,18.9,0.0,29.3,61.4,0.037,135,one_push,5,103,27,12,21,"long_axis_bearing_deg = bearing of the item's LONG side in world, counter-clockwise from +X, in [0,180). Place by this, not by yaw. yaw_deg is the MuJoCo local-frame rotation and its meaning differs between bricks (long side on local X) and blocks (long side on local Y).","every bar uses the wall_10/wall_11 ArUco mounting; wall_9 is excluded (tag rotated 90 deg, 19.0 cm not 19.5)"
hard_092,hard,1push,brick,wall_11,13.4,42.4,71.6,19.5,5.5,10.0,2,12.4,18.9,0.0,29.3,61.4,0.037,135,one_push,5,103,27,12,21,"long_axis_bearing_deg = bearing of the item's LONG side in world, counter-clockwise from +X, in [0,180). Place by this, not by yaw. yaw_deg is the MuJoCo local-frame rotation and its meaning differs between bricks (long side on local X) and blocks (long side on local Y).","every bar uses the wall_10/wall_11 ArUco mounting; wall_9 is excluded (tag rotated 90 deg, 19.0 cm not 19.5)"
hard_092,hard,1push,block,obj_4,21.0,29.5,78.0,12.0,7.5,5.0,2,12.4,18.9,0.0,29.3,61.4,0.037,135,one_push,5,103,27,12,21,"long_axis_bearing_deg = bearing of the item's LONG side in world, counter-clockwise from +X, in [0,180). Place by this, not by yaw. yaw_deg is the MuJoCo local-frame rotation and its meaning differs between bricks (long side on local X) and blocks (long side on local Y).","every bar uses the wall_10/wall_11 ArUco mounting; wall_9 is excluded (tag rotated 90 deg, 19.0 cm not 19.5)"
hard_093,hard,1push,brick,wall_10,39.2,38.7,0.3,19.5,5.5,10.0,2,29.1,19.5,0.0,40.9,56.1,0.025,160,one_push,4,18,32,3,25,"long_axis_bearing_deg = bearing of the item's LONG side in world, counter-clockwise from +X, in [0,180). Place by this, not by yaw. yaw_deg is the MuJoCo local-frame rotation and its meaning differs between bricks (long side on local X) and blocks (long side on local Y).","every bar uses the wall_10/wall_11 ArUco mounting; wall_9 is excluded (tag rotated 90 deg, 19.0 cm not 19.5)"
hard_093,hard,1push,brick,wall_11,13.6,50.9,74.5,19.5,5.5,10.0,2,29.1,19.5,0.0,40.9,56.1,0.025,160,one_push,4,18,32,3,25,"long_axis_bearing_deg = bearing of the item's LONG side in world, counter-clockwise from +X, in [0,180). Place by this, not by yaw. yaw_deg is the MuJoCo local-frame rotation and its meaning differs between bricks (long side on local X) and blocks (long side on local Y).","every bar uses the wall_10/wall_11 ArUco mounting; wall_9 is excluded (tag rotated 90 deg, 19.0 cm not 19.5)"
hard_093,hard,1push,block,obj_1,20.3,34.1,116.0,15.0,7.0,4.0,2,29.1,19.5,0.0,40.9,56.1,0.025,160,one_push,4,18,32,3,25,"long_axis_bearing_deg = bearing of the item's LONG side in world, counter-clockwise from +X, in [0,180). Place by this, not by yaw. yaw_deg is the MuJoCo local-frame rotation and its meaning differs between bricks (long side on local X) and blocks (long side on local Y).","every bar uses the wall_10/wall_11 ArUco mounting; wall_9 is excluded (tag rotated 90 deg, 19.0 cm not 19.5)"
hard_094,hard,1push,brick,wall_10,39.1,38.3,4.3,19.5,5.5,10.0,2,13.2,26.4,0.0,24.5,63.7,0.0381,105,one_push,4,81,21,9,30,"long_axis_bearing_deg = bearing of the item's LONG side in world, counter-clockwise from +X, in [0,180). Place by this, not by yaw. yaw_deg is the MuJoCo local-frame rotation and its meaning differs between bricks (long side on local X) and blocks (long side on local Y).","every bar uses the wall_10/wall_11 ArUco mounting; wall_9 is excluded (tag rotated 90 deg, 19.0 cm not 19.5)"
hard_094,hard,1push,brick,wall_11,13.8,49.7,71.0,19.5,5.5,10.0,2,13.2,26.4,0.0,24.5,63.7,0.0381,105,one_push,4,81,21,9,30,"long_axis_bearing_deg = bearing of the item's LONG side in world, counter-clockwise from +X, in [0,180). Place by this, not by yaw. yaw_deg is the MuJoCo local-frame rotation and its meaning differs between bricks (long side on local X) and blocks (long side on local Y).","every bar uses the wall_10/wall_11 ArUco mounting; wall_9 is excluded (tag rotated 90 deg, 19.0 cm not 19.5)"
hard_094,hard,1push,block,obj_4,22.5,37.3,96.0,12.0,7.5,5.0,2,13.2,26.4,0.0,24.5,63.7,0.0381,105,one_push,4,81,21,9,30,"long_axis_bearing_deg = bearing of the item's LONG side in world, counter-clockwise from +X, in [0,180). Place by this, not by yaw. yaw_deg is the MuJoCo local-frame rotation and its meaning differs between bricks (long side on local X) and blocks (long side on local Y).","every bar uses the wall_10/wall_11 ArUco mounting; wall_9 is excluded (tag rotated 90 deg, 19.0 cm not 19.5)"
hard_095,hard,1push,brick,wall_10,38.9,31.7,170.7,19.5,5.5,10.0,2,6.6,18.3,0.0,9.1,65.8,0.025,160,one_push,4,64,31,3,26,"long_axis_bearing_deg = bearing of the item's LONG side in world, counter-clockwise from +X, in [0,180). Place by this, not by yaw. yaw_deg is the MuJoCo local-frame rotation and its meaning differs between bricks (long side on local X) and blocks (long side on local Y).","every bar uses the wall_10/wall_11 ArUco mounting; wall_9 is excluded (tag rotated 90 deg, 19.0 cm not 19.5)"
hard_095,hard,1push,brick,wall_11,14.3,43.7,71.0,19.5,5.5,10.0,2,6.6,18.3,0.0,9.1,65.8,0.025,160,one_push,4,64,31,3,26,"long_axis_bearing_deg = bearing of the item's LONG side in world, counter-clockwise from +X, in [0,180). Place by this, not by yaw. yaw_deg is the MuJoCo local-frame rotation and its meaning differs between bricks (long side on local X) and blocks (long side on local Y).","every bar uses the wall_10/wall_11 ArUco mounting; wall_9 is excluded (tag rotated 90 deg, 19.0 cm not 19.5)"
hard_095,hard,1push,block,obj_1,19.6,27.5,98.4,15.0,7.0,4.0,2,6.6,18.3,0.0,9.1,65.8,0.025,160,one_push,4,64,31,3,26,"long_axis_bearing_deg = bearing of the item's LONG side in world, counter-clockwise from +X, in [0,180). Place by this, not by yaw. yaw_deg is the MuJoCo local-frame rotation and its meaning differs between bricks (long side on local X) and blocks (long side on local Y).","every bar uses the wall_10/wall_11 ArUco mounting; wall_9 is excluded (tag rotated 90 deg, 19.0 cm not 19.5)"
hard_096,hard,1push,brick,wall_10,39.2,44.3,0.3,19.5,5.5,10.0,2,25.2,7.0,0.0,26.2,66.5,0.0385,130,one_push,5,67,26,8,26,"long_axis_bearing_deg = bearing of the item's LONG side in world, counter-clockwise from +X, in [0,180). Place by this, not by yaw. yaw_deg is the MuJoCo local-frame rotation and its meaning differs between bricks (long side on local X) and blocks (long side on local Y).","every bar uses the wall_10/wall_11 ArUco mounting; wall_9 is excluded (tag rotated 90 deg, 19.0 cm not 19.5)"
hard_096,hard,1push,brick,wall_11,13.5,56.0,77.8,19.5,5.5,10.0,2,25.2,7.0,0.0,26.2,66.5,0.0385,130,one_push,5,67,26,8,26,"long_axis_bearing_deg = bearing of the item's LONG side in world, counter-clockwise from +X, in [0,180). Place by this, not by yaw. yaw_deg is the MuJoCo local-frame rotation and its meaning differs between bricks (long side on local X) and blocks (long side on local Y).","every bar uses the wall_10/wall_11 ArUco mounting; wall_9 is excluded (tag rotated 90 deg, 19.0 cm not 19.5)"
hard_096,hard,1push,block,obj_4,19.9,41.2,151.6,12.0,7.5,5.0,2,25.2,7.0,0.0,26.2,66.5,0.0385,130,one_push,5,67,26,8,26,"long_axis_bearing_deg = bearing of the item's LONG side in world, counter-clockwise from +X, in [0,180). Place by this, not by yaw. yaw_deg is the MuJoCo local-frame rotation and its meaning differs between bricks (long side on local X) and blocks (long side on local Y).","every bar uses the wall_10/wall_11 ArUco mounting; wall_9 is excluded (tag rotated 90 deg, 19.0 cm not 19.5)"
hard_097,hard,1push,brick,wall_10,39.2,47.4,0.3,19.5,5.5,10.0,2,11.7,30.9,0.0,8.2,69.0,0.025,120,one_push,3,78,24,15,21,"long_axis_bearing_deg = bearing of the item's LONG side in world, counter-clockwise from +X, in [0,180). Place by this, not by yaw. yaw_deg is the MuJoCo local-frame rotation and its meaning differs between bricks (long side on local X) and blocks (long side on local Y).","every bar uses the wall_10/wall_11 ArUco mounting; wall_9 is excluded (tag rotated 90 deg, 19.0 cm not 19.5)"
hard_097,hard,1push,brick,wall_11,13.6,53.8,73.0,19.5,5.5,10.0,2,11.7,30.9,0.0,8.2,69.0,0.025,120,one_push,3,78,24,15,21,"long_axis_bearing_deg = bearing of the item's LONG side in world, counter-clockwise from +X, in [0,180). Place by this, not by yaw. yaw_deg is the MuJoCo local-frame rotation and its meaning differs between bricks (long side on local X) and blocks (long side on local Y).","every bar uses the wall_10/wall_11 ArUco mounting; wall_9 is excluded (tag rotated 90 deg, 19.0 cm not 19.5)"
hard_097,hard,1push,block,obj_1,23.9,43.0,78.0,15.0,7.0,4.0,2,11.7,30.9,0.0,8.2,69.0,0.025,120,one_push,3,78,24,15,21,"long_axis_bearing_deg = bearing of the item's LONG side in world, counter-clockwise from +X, in [0,180). Place by this, not by yaw. yaw_deg is the MuJoCo local-frame rotation and its meaning differs between bricks (long side on local X) and blocks (long side on local Y).","every bar uses the wall_10/wall_11 ArUco mounting; wall_9 is excluded (tag rotated 90 deg, 19.0 cm not 19.5)"
hard_098,hard,1push,brick,wall_10,10.1,31.4,168.6,19.5,5.5,10.0,2,10.3,10.6,0.0,6.2,44.7,0.04,50,one_push,2,38,10,10,40,"long_axis_bearing_deg = bearing of the item's LONG side in world, counter-clockwise from +X, in [0,180). Place by this, not by yaw. yaw_deg is the MuJoCo local-frame rotation and its meaning differs between bricks (long side on local X) and blocks (long side on local Y).","every bar uses the wall_10/wall_11 ArUco mounting; wall_9 is excluded (tag rotated 90 deg, 19.0 cm not 19.5)"
hard_098,hard,1push,brick,wall_11,35.5,38.3,108.0,19.5,5.5,10.0,2,10.3,10.6,0.0,6.2,44.7,0.04,50,one_push,2,38,10,10,40,"long_axis_bearing_deg = bearing of the item's LONG side in world, counter-clockwise from +X, in [0,180). Place by this, not by yaw. yaw_deg is the MuJoCo local-frame rotation and its meaning differs between bricks (long side on local X) and blocks (long side on local Y).","every bar uses the wall_10/wall_11 ArUco mounting; wall_9 is excluded (tag rotated 90 deg, 19.0 cm not 19.5)"
hard_098,hard,1push,block,obj_4,25.9,33.6,73.1,12.0,7.5,5.0,2,10.3,10.6,0.0,6.2,44.7,0.04,50,one_push,2,38,10,10,40,"long_axis_bearing_deg = bearing of the item's LONG side in world, counter-clockwise from +X, in [0,180). Place by this, not by yaw. yaw_deg is the MuJoCo local-frame rotation and its meaning differs between bricks (long side on local X) and blocks (long side on local Y).","every bar uses the wall_10/wall_11 ArUco mounting; wall_9 is excluded (tag rotated 90 deg, 19.0 cm not 19.5)"
hard_099,hard,1push,brick,wall_10,25.3,40.6,177.9,19.5,5.5,10.0,2,30.5,23.8,0.0,7.1,65.3,0.025,120,one_push,3,26,24,6,30,"long_axis_bearing_deg = bearing of the item's LONG side in world, counter-clockwise from +X, in [0,180). Place by this, not by yaw. yaw_deg is the MuJoCo local-frame rotation and its meaning differs between bricks (long side on local X) and blocks (long side on local Y).","every bar uses the wall_10/wall_11 ArUco mounting; wall_9 is excluded (tag rotated 90 deg, 19.0 cm not 19.5)"
hard_099,hard,1push,brick,wall_11,38.0,33.2,4.0,19.5,5.5,10.0,2,30.5,23.8,0.0,7.1,65.3,0.025,120,one_push,3,26,24,6,30,"long_axis_bearing_deg = bearing of the item's LONG side in world, counter-clockwise from +X, in [0,180). Place by this, not by yaw. yaw_deg is the MuJoCo local-frame rotation and its meaning differs between bricks (long side on local X) and blocks (long side on local Y).","every bar uses the wall_10/wall_11 ArUco mounting; wall_9 is excluded (tag rotated 90 deg, 19.0 cm not 19.5)"
hard_099,hard,1push,block,obj_1,10.3,34.4,124.5,15.0,7.0,4.0,2,30.5,23.8,0.0,7.1,65.3,0.025,120,one_push,3,26,24,6,30,"long_axis_bearing_deg = bearing of the item's LONG side in world, counter-clockwise from +X, in [0,180). Place by this, not by yaw. yaw_deg is the MuJoCo local-frame rotation and its meaning differs between bricks (long side on local X) and blocks (long side on local Y).","every bar uses the wall_10/wall_11 ArUco mounting; wall_9 is excluded (tag rotated 90 deg, 19.0 cm not 19.5)"
