build_id,tier,axis,item,marker_hint,centre_x_cm,centre_y_cm,long_axis_bearing_deg,long_cm,short_cm,height_cm,n_bricks,robot_start_x_cm,robot_start_y_cm,robot_start_bearing_deg,goal_x_cm,goal_y_cm,solve_rate,tried,push_kind,valid_1push,valid_first_push,n_contacts_reachable,n_contacts_cutoff,n_contacts_collision,angle_convention,tag_convention
hard_000,hard,hmax2,brick,wall_10,39.1,41.0,177.4,19.5,5.5,10.0,2,16.2,18.4,0.0,34.9,58.2,0.0067,150,needs_2_chain,0,1,30,6,24,"long_axis_bearing_deg = bearing of the item's LONG side in world, counter-clockwise from +X, in [0,180). Place by this, not by yaw. yaw_deg is the MuJoCo local-frame rotation and its meaning differs between bricks (long side on local X) and blocks (long side on local Y).","every bar uses the wall_10/wall_11 ArUco mounting; wall_9 is excluded (tag rotated 90 deg, 19.0 cm not 19.5)"
hard_000,hard,hmax2,brick,wall_11,13.7,51.7,74.7,19.5,5.5,10.0,2,16.2,18.4,0.0,34.9,58.2,0.0067,150,needs_2_chain,0,1,30,6,24,"long_axis_bearing_deg = bearing of the item's LONG side in world, counter-clockwise from +X, in [0,180). Place by this, not by yaw. yaw_deg is the MuJoCo local-frame rotation and its meaning differs between bricks (long side on local X) and blocks (long side on local Y).","every bar uses the wall_10/wall_11 ArUco mounting; wall_9 is excluded (tag rotated 90 deg, 19.0 cm not 19.5)"
hard_000,hard,hmax2,block,obj_1,21.5,36.4,137.0,15.0,7.0,4.0,2,16.2,18.4,0.0,34.9,58.2,0.0067,150,needs_2_chain,0,1,30,6,24,"long_axis_bearing_deg = bearing of the item's LONG side in world, counter-clockwise from +X, in [0,180). Place by this, not by yaw. yaw_deg is the MuJoCo local-frame rotation and its meaning differs between bricks (long side on local X) and blocks (long side on local Y).","every bar uses the wall_10/wall_11 ArUco mounting; wall_9 is excluded (tag rotated 90 deg, 19.0 cm not 19.5)"
hard_001,hard,hmax2,brick,wall_10,39.0,42.2,6.8,19.5,5.5,10.0,2,36.8,16.9,0.0,27.3,69.0,0.0067,150,needs_2_chain,0,1,30,1,29,"long_axis_bearing_deg = bearing of the item's LONG side in world, counter-clockwise from +X, in [0,180). Place by this, not by yaw. yaw_deg is the MuJoCo local-frame rotation and its meaning differs between bricks (long side on local X) and blocks (long side on local Y).","every bar uses the wall_10/wall_11 ArUco mounting; wall_9 is excluded (tag rotated 90 deg, 19.0 cm not 19.5)"
hard_001,hard,hmax2,brick,wall_11,13.5,50.5,76.8,19.5,5.5,10.0,2,36.8,16.9,0.0,27.3,69.0,0.0067,150,needs_2_chain,0,1,30,1,29,"long_axis_bearing_deg = bearing of the item's LONG side in world, counter-clockwise from +X, in [0,180). Place by this, not by yaw. yaw_deg is the MuJoCo local-frame rotation and its meaning differs between bricks (long side on local X) and blocks (long side on local Y).","every bar uses the wall_10/wall_11 ArUco mounting; wall_9 is excluded (tag rotated 90 deg, 19.0 cm not 19.5)"
hard_001,hard,hmax2,block,obj_4,22.8,37.6,135.2,12.0,7.5,5.0,2,36.8,16.9,0.0,27.3,69.0,0.0067,150,needs_2_chain,0,1,30,1,29,"long_axis_bearing_deg = bearing of the item's LONG side in world, counter-clockwise from +X, in [0,180). Place by this, not by yaw. yaw_deg is the MuJoCo local-frame rotation and its meaning differs between bricks (long side on local X) and blocks (long side on local Y).","every bar uses the wall_10/wall_11 ArUco mounting; wall_9 is excluded (tag rotated 90 deg, 19.0 cm not 19.5)"
hard_002,hard,hmax2,brick,wall_10,39.2,37.8,179.2,19.5,5.5,10.0,3,23.4,17.2,0.0,12.6,66.4,0.0211,95,needs_2_chain,0,2,20,8,32,"long_axis_bearing_deg = bearing of the item's LONG side in world, counter-clockwise from +X, in [0,180). Place by this, not by yaw. yaw_deg is the MuJoCo local-frame rotation and its meaning differs between bricks (long side on local X) and blocks (long side on local Y).","every bar uses the wall_10/wall_11 ArUco mounting; wall_9 is excluded (tag rotated 90 deg, 19.0 cm not 19.5)"
hard_002,hard,hmax2,brick,wall_11,13.6,49.6,73.0,19.5,5.5,10.0,3,23.4,17.2,0.0,12.6,66.4,0.0211,95,needs_2_chain,0,2,20,8,32,"long_axis_bearing_deg = bearing of the item's LONG side in world, counter-clockwise from +X, in [0,180). Place by this, not by yaw. yaw_deg is the MuJoCo local-frame rotation and its meaning differs between bricks (long side on local X) and blocks (long side on local Y).","every bar uses the wall_10/wall_11 ArUco mounting; wall_9 is excluded (tag rotated 90 deg, 19.0 cm not 19.5)"
hard_002,hard,hmax2,brick,wall_12,13.6,24.9,97.7,19.5,5.5,10.0,3,23.4,17.2,0.0,12.6,66.4,0.0211,95,needs_2_chain,0,2,20,8,32,"long_axis_bearing_deg = bearing of the item's LONG side in world, counter-clockwise from +X, in [0,180). Place by this, not by yaw. yaw_deg is the MuJoCo local-frame rotation and its meaning differs between bricks (long side on local X) and blocks (long side on local Y).","every bar uses the wall_10/wall_11 ArUco mounting; wall_9 is excluded (tag rotated 90 deg, 19.0 cm not 19.5)"
hard_002,hard,hmax2,block,obj_1,25.4,33.2,123.1,15.0,7.0,4.0,3,23.4,17.2,0.0,12.6,66.4,0.0211,95,needs_2_chain,0,2,20,8,32,"long_axis_bearing_deg = bearing of the item's LONG side in world, counter-clockwise from +X, in [0,180). Place by this, not by yaw. yaw_deg is the MuJoCo local-frame rotation and its meaning differs between bricks (long side on local X) and blocks (long side on local Y).","every bar uses the wall_10/wall_11 ArUco mounting; wall_9 is excluded (tag rotated 90 deg, 19.0 cm not 19.5)"
hard_003,hard,hmax2,brick,wall_10,39.1,40.5,176.3,19.5,5.5,10.0,3,26.3,27.2,0.0,39.1,69.4,0.0133,75,needs_2_chain,0,1,15,3,42,"long_axis_bearing_deg = bearing of the item's LONG side in world, counter-clockwise from +X, in [0,180). Place by this, not by yaw. yaw_deg is the MuJoCo local-frame rotation and its meaning differs between bricks (long side on local X) and blocks (long side on local Y).","every bar uses the wall_10/wall_11 ArUco mounting; wall_9 is excluded (tag rotated 90 deg, 19.0 cm not 19.5)"
hard_003,hard,hmax2,brick,wall_11,14.7,52.6,74.3,19.5,5.5,10.0,3,26.3,27.2,0.0,39.1,69.4,0.0133,75,needs_2_chain,0,1,15,3,42,"long_axis_bearing_deg = bearing of the item's LONG side in world, counter-clockwise from +X, in [0,180). Place by this, not by yaw. yaw_deg is the MuJoCo local-frame rotation and its meaning differs between bricks (long side on local X) and blocks (long side on local Y).","every bar uses the wall_10/wall_11 ArUco mounting; wall_9 is excluded (tag rotated 90 deg, 19.0 cm not 19.5)"
hard_003,hard,hmax2,brick,wall_12,14.7,27.6,109.8,19.5,5.5,10.0,3,26.3,27.2,0.0,39.1,69.4,0.0133,75,needs_2_chain,0,1,15,3,42,"long_axis_bearing_deg = bearing of the item's LONG side in world, counter-clockwise from +X, in [0,180). Place by this, not by yaw. yaw_deg is the MuJoCo local-frame rotation and its meaning differs between bricks (long side on local X) and blocks (long side on local Y).","every bar uses the wall_10/wall_11 ArUco mounting; wall_9 is excluded (tag rotated 90 deg, 19.0 cm not 19.5)"
hard_003,hard,hmax2,block,obj_4,21.2,39.2,127.7,12.0,7.5,5.0,3,26.3,27.2,0.0,39.1,69.4,0.0133,75,needs_2_chain,0,1,15,3,42,"long_axis_bearing_deg = bearing of the item's LONG side in world, counter-clockwise from +X, in [0,180). Place by this, not by yaw. yaw_deg is the MuJoCo local-frame rotation and its meaning differs between bricks (long side on local X) and blocks (long side on local Y).","every bar uses the wall_10/wall_11 ArUco mounting; wall_9 is excluded (tag rotated 90 deg, 19.0 cm not 19.5)"
hard_004,hard,hmax2,brick,wall_10,38.9,38.8,169.8,19.5,5.5,10.0,2,21.2,10.8,0.0,11.0,67.6,0.0067,150,needs_2_chain,0,1,30,4,26,"long_axis_bearing_deg = bearing of the item's LONG side in world, counter-clockwise from +X, in [0,180). Place by this, not by yaw. yaw_deg is the MuJoCo local-frame rotation and its meaning differs between bricks (long side on local X) and blocks (long side on local Y).","every bar uses the wall_10/wall_11 ArUco mounting; wall_9 is excluded (tag rotated 90 deg, 19.0 cm not 19.5)"
hard_004,hard,hmax2,brick,wall_11,14.0,49.2,74.7,19.5,5.5,10.0,2,21.2,10.8,0.0,11.0,67.6,0.0067,150,needs_2_chain,0,1,30,4,26,"long_axis_bearing_deg = bearing of the item's LONG side in world, counter-clockwise from +X, in [0,180). Place by this, not by yaw. yaw_deg is the MuJoCo local-frame rotation and its meaning differs between bricks (long side on local X) and blocks (long side on local Y).","every bar uses the wall_10/wall_11 ArUco mounting; wall_9 is excluded (tag rotated 90 deg, 19.0 cm not 19.5)"
hard_004,hard,hmax2,block,obj_1,23.0,34.2,136.5,15.0,7.0,4.0,2,21.2,10.8,0.0,11.0,67.6,0.0067,150,needs_2_chain,0,1,30,4,26,"long_axis_bearing_deg = bearing of the item's LONG side in world, counter-clockwise from +X, in [0,180). Place by this, not by yaw. yaw_deg is the MuJoCo local-frame rotation and its meaning differs between bricks (long side on local X) and blocks (long side on local Y).","every bar uses the wall_10/wall_11 ArUco mounting; wall_9 is excluded (tag rotated 90 deg, 19.0 cm not 19.5)"
hard_005,hard,hmax2,brick,wall_10,11.2,38.5,141.4,19.5,5.5,10.0,2,22.2,14.0,0.0,31.1,60.6,0.0067,150,needs_2_chain,0,1,30,2,28,"long_axis_bearing_deg = bearing of the item's LONG side in world, counter-clockwise from +X, in [0,180). Place by this, not by yaw. yaw_deg is the MuJoCo local-frame rotation and its meaning differs between bricks (long side on local X) and blocks (long side on local Y).","every bar uses the wall_10/wall_11 ArUco mounting; wall_9 is excluded (tag rotated 90 deg, 19.0 cm not 19.5)"
hard_005,hard,hmax2,brick,wall_11,38.1,37.4,133.5,19.5,5.5,10.0,2,22.2,14.0,0.0,31.1,60.6,0.0067,150,needs_2_chain,0,1,30,2,28,"long_axis_bearing_deg = bearing of the item's LONG side in world, counter-clockwise from +X, in [0,180). Place by this, not by yaw. yaw_deg is the MuJoCo local-frame rotation and its meaning differs between bricks (long side on local X) and blocks (long side on local Y).","every bar uses the wall_10/wall_11 ArUco mounting; wall_9 is excluded (tag rotated 90 deg, 19.0 cm not 19.5)"
hard_005,hard,hmax2,block,obj_4,27.0,28.8,50.2,12.0,7.5,5.0,2,22.2,14.0,0.0,31.1,60.6,0.0067,150,needs_2_chain,0,1,30,2,28,"long_axis_bearing_deg = bearing of the item's LONG side in world, counter-clockwise from +X, in [0,180). Place by this, not by yaw. yaw_deg is the MuJoCo local-frame rotation and its meaning differs between bricks (long side on local X) and blocks (long side on local Y).","every bar uses the wall_10/wall_11 ArUco mounting; wall_9 is excluded (tag rotated 90 deg, 19.0 cm not 19.5)"
hard_006,hard,hmax2,brick,wall_10,10.0,45.1,172.4,19.5,5.5,10.0,3,11.5,11.5,0.0,23.3,61.0,0.0167,60,needs_2_chain,0,1,12,5,43,"long_axis_bearing_deg = bearing of the item's LONG side in world, counter-clockwise from +X, in [0,180). Place by this, not by yaw. yaw_deg is the MuJoCo local-frame rotation and its meaning differs between bricks (long side on local X) and blocks (long side on local Y).","every bar uses the wall_10/wall_11 ArUco mounting; wall_9 is excluded (tag rotated 90 deg, 19.0 cm not 19.5)"
hard_006,hard,hmax2,brick,wall_11,35.2,55.7,94.6,19.5,5.5,10.0,3,11.5,11.5,0.0,23.3,61.0,0.0167,60,needs_2_chain,0,1,12,5,43,"long_axis_bearing_deg = bearing of the item's LONG side in world, counter-clockwise from +X, in [0,180). Place by this, not by yaw. yaw_deg is the MuJoCo local-frame rotation and its meaning differs between bricks (long side on local X) and blocks (long side on local Y).","every bar uses the wall_10/wall_11 ArUco mounting; wall_9 is excluded (tag rotated 90 deg, 19.0 cm not 19.5)"
hard_006,hard,hmax2,brick,wall_12,35.2,34.4,70.3,19.5,5.5,10.0,3,11.5,11.5,0.0,23.3,61.0,0.0167,60,needs_2_chain,0,1,12,5,43,"long_axis_bearing_deg = bearing of the item's LONG side in world, counter-clockwise from +X, in [0,180). Place by this, not by yaw. yaw_deg is the MuJoCo local-frame rotation and its meaning differs between bricks (long side on local X) and blocks (long side on local Y).","every bar uses the wall_10/wall_11 ArUco mounting; wall_9 is excluded (tag rotated 90 deg, 19.0 cm not 19.5)"
hard_006,hard,hmax2,block,obj_4,27.1,41.7,30.0,12.0,7.5,5.0,3,11.5,11.5,0.0,23.3,61.0,0.0167,60,needs_2_chain,0,1,12,5,43,"long_axis_bearing_deg = bearing of the item's LONG side in world, counter-clockwise from +X, in [0,180). Place by this, not by yaw. yaw_deg is the MuJoCo local-frame rotation and its meaning differs between bricks (long side on local X) and blocks (long side on local Y).","every bar uses the wall_10/wall_11 ArUco mounting; wall_9 is excluded (tag rotated 90 deg, 19.0 cm not 19.5)"
hard_007,hard,hmax2,brick,wall_10,39.0,46.7,173.5,19.5,5.5,10.0,2,26.6,29.7,0.0,40.4,60.5,0.0067,150,needs_2_chain,0,1,30,4,26,"long_axis_bearing_deg = bearing of the item's LONG side in world, counter-clockwise from +X, in [0,180). Place by this, not by yaw. yaw_deg is the MuJoCo local-frame rotation and its meaning differs between bricks (long side on local X) and blocks (long side on local Y).","every bar uses the wall_10/wall_11 ArUco mounting; wall_9 is excluded (tag rotated 90 deg, 19.0 cm not 19.5)"
hard_007,hard,hmax2,brick,wall_11,15.5,59.3,74.3,19.5,5.5,10.0,2,26.6,29.7,0.0,40.4,60.5,0.0067,150,needs_2_chain,0,1,30,4,26,"long_axis_bearing_deg = bearing of the item's LONG side in world, counter-clockwise from +X, in [0,180). Place by this, not by yaw. yaw_deg is the MuJoCo local-frame rotation and its meaning differs between bricks (long side on local X) and blocks (long side on local Y).","every bar uses the wall_10/wall_11 ArUco mounting; wall_9 is excluded (tag rotated 90 deg, 19.0 cm not 19.5)"
hard_007,hard,hmax2,block,obj_1,21.2,42.2,128.1,15.0,7.0,4.0,2,26.6,29.7,0.0,40.4,60.5,0.0067,150,needs_2_chain,0,1,30,4,26,"long_axis_bearing_deg = bearing of the item's LONG side in world, counter-clockwise from +X, in [0,180). Place by this, not by yaw. yaw_deg is the MuJoCo local-frame rotation and its meaning differs between bricks (long side on local X) and blocks (long side on local Y).","every bar uses the wall_10/wall_11 ArUco mounting; wall_9 is excluded (tag rotated 90 deg, 19.0 cm not 19.5)"
hard_008,hard,hmax2,brick,wall_10,39.0,37.9,171.6,19.5,5.5,10.0,2,20.7,19.2,0.0,23.1,64.9,0.0067,150,needs_2_chain,0,1,30,2,28,"long_axis_bearing_deg = bearing of the item's LONG side in world, counter-clockwise from +X, in [0,180). Place by this, not by yaw. yaw_deg is the MuJoCo local-frame rotation and its meaning differs between bricks (long side on local X) and blocks (long side on local Y).","every bar uses the wall_10/wall_11 ArUco mounting; wall_9 is excluded (tag rotated 90 deg, 19.0 cm not 19.5)"
hard_008,hard,hmax2,brick,wall_11,13.4,48.8,78.4,19.5,5.5,10.0,2,20.7,19.2,0.0,23.1,64.9,0.0067,150,needs_2_chain,0,1,30,2,28,"long_axis_bearing_deg = bearing of the item's LONG side in world, counter-clockwise from +X, in [0,180). Place by this, not by yaw. yaw_deg is the MuJoCo local-frame rotation and its meaning differs between bricks (long side on local X) and blocks (long side on local Y).","every bar uses the wall_10/wall_11 ArUco mounting; wall_9 is excluded (tag rotated 90 deg, 19.0 cm not 19.5)"
hard_008,hard,hmax2,block,obj_4,20.9,33.1,122.1,12.0,7.5,5.0,2,20.7,19.2,0.0,23.1,64.9,0.0067,150,needs_2_chain,0,1,30,2,28,"long_axis_bearing_deg = bearing of the item's LONG side in world, counter-clockwise from +X, in [0,180). Place by this, not by yaw. yaw_deg is the MuJoCo local-frame rotation and its meaning differs between bricks (long side on local X) and blocks (long side on local Y).","every bar uses the wall_10/wall_11 ArUco mounting; wall_9 is excluded (tag rotated 90 deg, 19.0 cm not 19.5)"
hard_009,hard,hmax2,brick,wall_10,39.2,30.6,178.1,19.5,5.5,10.0,3,33.8,17.1,0.0,29.1,55.7,0.02,50,needs_2_chain,0,1,10,6,44,"long_axis_bearing_deg = bearing of the item's LONG side in world, counter-clockwise from +X, in [0,180). Place by this, not by yaw. yaw_deg is the MuJoCo local-frame rotation and its meaning differs between bricks (long side on local X) and blocks (long side on local Y).","every bar uses the wall_10/wall_11 ArUco mounting; wall_9 is excluded (tag rotated 90 deg, 19.0 cm not 19.5)"
hard_009,hard,hmax2,brick,wall_11,14.2,43.6,70.6,19.5,5.5,10.0,3,33.8,17.1,0.0,29.1,55.7,0.02,50,needs_2_chain,0,1,10,6,44,"long_axis_bearing_deg = bearing of the item's LONG side in world, counter-clockwise from +X, in [0,180). Place by this, not by yaw. yaw_deg is the MuJoCo local-frame rotation and its meaning differs between bricks (long side on local X) and blocks (long side on local Y).","every bar uses the wall_10/wall_11 ArUco mounting; wall_9 is excluded (tag rotated 90 deg, 19.0 cm not 19.5)"
hard_009,hard,hmax2,brick,wall_12,14.2,21.1,87.5,19.5,5.5,10.0,3,33.8,17.1,0.0,29.1,55.7,0.02,50,needs_2_chain,0,1,10,6,44,"long_axis_bearing_deg = bearing of the item's LONG side in world, counter-clockwise from +X, in [0,180). Place by this, not by yaw. yaw_deg is the MuJoCo local-frame rotation and its meaning differs between bricks (long side on local X) and blocks (long side on local Y).","every bar uses the wall_10/wall_11 ArUco mounting; wall_9 is excluded (tag rotated 90 deg, 19.0 cm not 19.5)"
hard_009,hard,hmax2,block,obj_4,21.7,32.2,121.2,12.0,7.5,5.0,3,33.8,17.1,0.0,29.1,55.7,0.02,50,needs_2_chain,0,1,10,6,44,"long_axis_bearing_deg = bearing of the item's LONG side in world, counter-clockwise from +X, in [0,180). Place by this, not by yaw. yaw_deg is the MuJoCo local-frame rotation and its meaning differs between bricks (long side on local X) and blocks (long side on local Y).","every bar uses the wall_10/wall_11 ArUco mounting; wall_9 is excluded (tag rotated 90 deg, 19.0 cm not 19.5)"
hard_010,hard,hmax2,brick,wall_10,10.0,33.7,174.6,19.5,5.5,10.0,2,15.9,9.6,0.0,7.8,64.9,0.0077,130,needs_2_chain,0,1,26,2,32,"long_axis_bearing_deg = bearing of the item's LONG side in world, counter-clockwise from +X, in [0,180). Place by this, not by yaw. yaw_deg is the MuJoCo local-frame rotation and its meaning differs between bricks (long side on local X) and blocks (long side on local Y).","every bar uses the wall_10/wall_11 ArUco mounting; wall_9 is excluded (tag rotated 90 deg, 19.0 cm not 19.5)"
hard_010,hard,hmax2,brick,wall_11,34.9,40.1,107.3,19.5,5.5,10.0,2,15.9,9.6,0.0,7.8,64.9,0.0077,130,needs_2_chain,0,1,26,2,32,"long_axis_bearing_deg = bearing of the item's LONG side in world, counter-clockwise from +X, in [0,180). Place by this, not by yaw. yaw_deg is the MuJoCo local-frame rotation and its meaning differs between bricks (long side on local X) and blocks (long side on local Y).","every bar uses the wall_10/wall_11 ArUco mounting; wall_9 is excluded (tag rotated 90 deg, 19.0 cm not 19.5)"
hard_010,hard,hmax2,block,obj_1,24.7,28.9,41.9,15.0,7.0,4.0,2,15.9,9.6,0.0,7.8,64.9,0.0077,130,needs_2_chain,0,1,26,2,32,"long_axis_bearing_deg = bearing of the item's LONG side in world, counter-clockwise from +X, in [0,180). Place by this, not by yaw. yaw_deg is the MuJoCo local-frame rotation and its meaning differs between bricks (long side on local X) and blocks (long side on local Y).","every bar uses the wall_10/wall_11 ArUco mounting; wall_9 is excluded (tag rotated 90 deg, 19.0 cm not 19.5)"
hard_011,hard,hmax2,brick,wall_10,13.5,28.3,171.8,19.5,5.5,10.0,2,25.5,7.8,0.0,14.3,45.5,0.0074,135,needs_2_chain,0,1,27,2,31,"long_axis_bearing_deg = bearing of the item's LONG side in world, counter-clockwise from +X, in [0,180). Place by this, not by yaw. yaw_deg is the MuJoCo local-frame rotation and its meaning differs between bricks (long side on local X) and blocks (long side on local Y).","every bar uses the wall_10/wall_11 ArUco mounting; wall_9 is excluded (tag rotated 90 deg, 19.0 cm not 19.5)"
hard_011,hard,hmax2,brick,wall_11,26.4,36.0,2.5,19.5,5.5,10.0,2,25.5,7.8,0.0,14.3,45.5,0.0074,135,needs_2_chain,0,1,27,2,31,"long_axis_bearing_deg = bearing of the item's LONG side in world, counter-clockwise from +X, in [0,180). Place by this, not by yaw. yaw_deg is the MuJoCo local-frame rotation and its meaning differs between bricks (long side on local X) and blocks (long side on local Y).","every bar uses the wall_10/wall_11 ArUco mounting; wall_9 is excluded (tag rotated 90 deg, 19.0 cm not 19.5)"
hard_011,hard,hmax2,block,obj_4,38.4,26.6,21.7,12.0,7.5,5.0,2,25.5,7.8,0.0,14.3,45.5,0.0074,135,needs_2_chain,0,1,27,2,31,"long_axis_bearing_deg = bearing of the item's LONG side in world, counter-clockwise from +X, in [0,180). Place by this, not by yaw. yaw_deg is the MuJoCo local-frame rotation and its meaning differs between bricks (long side on local X) and blocks (long side on local Y).","every bar uses the wall_10/wall_11 ArUco mounting; wall_9 is excluded (tag rotated 90 deg, 19.0 cm not 19.5)"
hard_012,hard,hmax2,brick,wall_10,10.0,31.9,172.6,19.5,5.5,10.0,3,10.9,7.1,0.0,22.9,52.2,0.0267,75,needs_2_chain,0,2,16,4,40,"long_axis_bearing_deg = bearing of the item's LONG side in world, counter-clockwise from +X, in [0,180). Place by this, not by yaw. yaw_deg is the MuJoCo local-frame rotation and its meaning differs between bricks (long side on local X) and blocks (long side on local Y).","every bar uses the wall_10/wall_11 ArUco mounting; wall_9 is excluded (tag rotated 90 deg, 19.0 cm not 19.5)"
hard_012,hard,hmax2,brick,wall_11,35.8,44.9,84.8,19.5,5.5,10.0,3,10.9,7.1,0.0,22.9,52.2,0.0267,75,needs_2_chain,0,2,16,4,40,"long_axis_bearing_deg = bearing of the item's LONG side in world, counter-clockwise from +X, in [0,180). Place by this, not by yaw. yaw_deg is the MuJoCo local-frame rotation and its meaning differs between bricks (long side on local X) and blocks (long side on local Y).","every bar uses the wall_10/wall_11 ArUco mounting; wall_9 is excluded (tag rotated 90 deg, 19.0 cm not 19.5)"
hard_012,hard,hmax2,brick,wall_12,35.8,19.5,76.3,19.5,5.5,10.0,3,10.9,7.1,0.0,22.9,52.2,0.0267,75,needs_2_chain,0,2,16,4,40,"long_axis_bearing_deg = bearing of the item's LONG side in world, counter-clockwise from +X, in [0,180). Place by this, not by yaw. yaw_deg is the MuJoCo local-frame rotation and its meaning differs between bricks (long side on local X) and blocks (long side on local Y).","every bar uses the wall_10/wall_11 ArUco mounting; wall_9 is excluded (tag rotated 90 deg, 19.0 cm not 19.5)"
hard_012,hard,hmax2,block,obj_4,26.9,28.6,40.3,12.0,7.5,5.0,3,10.9,7.1,0.0,22.9,52.2,0.0267,75,needs_2_chain,0,2,16,4,40,"long_axis_bearing_deg = bearing of the item's LONG side in world, counter-clockwise from +X, in [0,180). Place by this, not by yaw. yaw_deg is the MuJoCo local-frame rotation and its meaning differs between bricks (long side on local X) and blocks (long side on local Y).","every bar uses the wall_10/wall_11 ArUco mounting; wall_9 is excluded (tag rotated 90 deg, 19.0 cm not 19.5)"
hard_013,hard,hmax2,brick,wall_10,25.0,37.9,175.6,19.5,5.5,10.0,2,40.7,21.3,0.0,7.8,49.2,0.008,125,needs_2_chain,0,1,24,7,29,"long_axis_bearing_deg = bearing of the item's LONG side in world, counter-clockwise from +X, in [0,180). Place by this, not by yaw. yaw_deg is the MuJoCo local-frame rotation and its meaning differs between bricks (long side on local X) and blocks (long side on local Y).","every bar uses the wall_10/wall_11 ArUco mounting; wall_9 is excluded (tag rotated 90 deg, 19.0 cm not 19.5)"
hard_013,hard,hmax2,brick,wall_11,36.0,30.6,29.4,19.5,5.5,10.0,2,40.7,21.3,0.0,7.8,49.2,0.008,125,needs_2_chain,0,1,24,7,29,"long_axis_bearing_deg = bearing of the item's LONG side in world, counter-clockwise from +X, in [0,180). Place by this, not by yaw. yaw_deg is the MuJoCo local-frame rotation and its meaning differs between bricks (long side on local X) and blocks (long side on local Y).","every bar uses the wall_10/wall_11 ArUco mounting; wall_9 is excluded (tag rotated 90 deg, 19.0 cm not 19.5)"
hard_013,hard,hmax2,block,obj_1,8.3,28.3,170.6,15.0,7.0,4.0,2,40.7,21.3,0.0,7.8,49.2,0.008,125,needs_2_chain,0,1,24,7,29,"long_axis_bearing_deg = bearing of the item's LONG side in world, counter-clockwise from +X, in [0,180). Place by this, not by yaw. yaw_deg is the MuJoCo local-frame rotation and its meaning differs between bricks (long side on local X) and blocks (long side on local Y).","every bar uses the wall_10/wall_11 ArUco mounting; wall_9 is excluded (tag rotated 90 deg, 19.0 cm not 19.5)"
hard_014,hard,hmax2,brick,wall_10,13.3,25.4,42.4,19.5,5.5,10.0,2,26.0,15.3,0.0,6.7,63.3,0.0077,130,needs_2_chain,0,1,26,4,30,"long_axis_bearing_deg = bearing of the item's LONG side in world, counter-clockwise from +X, in [0,180). Place by this, not by yaw. yaw_deg is the MuJoCo local-frame rotation and its meaning differs between bricks (long side on local X) and blocks (long side on local Y).","every bar uses the wall_10/wall_11 ArUco mounting; wall_9 is excluded (tag rotated 90 deg, 19.0 cm not 19.5)"
hard_014,hard,hmax2,brick,wall_11,38.3,34.2,127.7,19.5,5.5,10.0,2,26.0,15.3,0.0,6.7,63.3,0.0077,130,needs_2_chain,0,1,26,4,30,"long_axis_bearing_deg = bearing of the item's LONG side in world, counter-clockwise from +X, in [0,180). Place by this, not by yaw. yaw_deg is the MuJoCo local-frame rotation and its meaning differs between bricks (long side on local X) and blocks (long side on local Y).","every bar uses the wall_10/wall_11 ArUco mounting; wall_9 is excluded (tag rotated 90 deg, 19.0 cm not 19.5)"
hard_014,hard,hmax2,block,obj_4,26.3,27.2,75.9,12.0,7.5,5.0,2,26.0,15.3,0.0,6.7,63.3,0.0077,130,needs_2_chain,0,1,26,4,30,"long_axis_bearing_deg = bearing of the item's LONG side in world, counter-clockwise from +X, in [0,180). Place by this, not by yaw. yaw_deg is the MuJoCo local-frame rotation and its meaning differs between bricks (long side on local X) and blocks (long side on local Y).","every bar uses the wall_10/wall_11 ArUco mounting; wall_9 is excluded (tag rotated 90 deg, 19.0 cm not 19.5)"
hard_015,hard,hmax2,brick,wall_10,10.0,37.4,6.7,19.5,5.5,10.0,3,22.3,8.4,0.0,7.6,64.1,0.0267,75,needs_2_chain,0,2,15,3,42,"long_axis_bearing_deg = bearing of the item's LONG side in world, counter-clockwise from +X, in [0,180). Place by this, not by yaw. yaw_deg is the MuJoCo local-frame rotation and its meaning differs between bricks (long side on local X) and blocks (long side on local Y).","every bar uses the wall_10/wall_11 ArUco mounting; wall_9 is excluded (tag rotated 90 deg, 19.0 cm not 19.5)"
hard_015,hard,hmax2,brick,wall_11,35.3,48.1,100.8,19.5,5.5,10.0,3,22.3,8.4,0.0,7.6,64.1,0.0267,75,needs_2_chain,0,2,15,3,42,"long_axis_bearing_deg = bearing of the item's LONG side in world, counter-clockwise from +X, in [0,180). Place by this, not by yaw. yaw_deg is the MuJoCo local-frame rotation and its meaning differs between bricks (long side on local X) and blocks (long side on local Y).","every bar uses the wall_10/wall_11 ArUco mounting; wall_9 is excluded (tag rotated 90 deg, 19.0 cm not 19.5)"
hard_015,hard,hmax2,brick,wall_12,35.3,24.8,73.0,19.5,5.5,10.0,3,22.3,8.4,0.0,7.6,64.1,0.0267,75,needs_2_chain,0,2,15,3,42,"long_axis_bearing_deg = bearing of the item's LONG side in world, counter-clockwise from +X, in [0,180). Place by this, not by yaw. yaw_deg is the MuJoCo local-frame rotation and its meaning differs between bricks (long side on local X) and blocks (long side on local Y).","every bar uses the wall_10/wall_11 ArUco mounting; wall_9 is excluded (tag rotated 90 deg, 19.0 cm not 19.5)"
hard_015,hard,hmax2,block,obj_4,26.8,36.4,51.0,12.0,7.5,5.0,3,22.3,8.4,0.0,7.6,64.1,0.0267,75,needs_2_chain,0,2,15,3,42,"long_axis_bearing_deg = bearing of the item's LONG side in world, counter-clockwise from +X, in [0,180). Place by this, not by yaw. yaw_deg is the MuJoCo local-frame rotation and its meaning differs between bricks (long side on local X) and blocks (long side on local Y).","every bar uses the wall_10/wall_11 ArUco mounting; wall_9 is excluded (tag rotated 90 deg, 19.0 cm not 19.5)"
hard_016,hard,hmax2,brick,wall_10,15.0,38.4,130.9,19.5,5.5,10.0,2,6.6,32.5,0.0,14.1,65.5,0.008,125,needs_2_chain,0,1,25,0,35,"long_axis_bearing_deg = bearing of the item's LONG side in world, counter-clockwise from +X, in [0,180). Place by this, not by yaw. yaw_deg is the MuJoCo local-frame rotation and its meaning differs between bricks (long side on local X) and blocks (long side on local Y).","every bar uses the wall_10/wall_11 ArUco mounting; wall_9 is excluded (tag rotated 90 deg, 19.0 cm not 19.5)"
hard_016,hard,hmax2,brick,wall_11,26.7,48.9,169.5,19.5,5.5,10.0,2,6.6,32.5,0.0,14.1,65.5,0.008,125,needs_2_chain,0,1,25,0,35,"long_axis_bearing_deg = bearing of the item's LONG side in world, counter-clockwise from +X, in [0,180). Place by this, not by yaw. yaw_deg is the MuJoCo local-frame rotation and its meaning differs between bricks (long side on local X) and blocks (long side on local Y).","every bar uses the wall_10/wall_11 ArUco mounting; wall_9 is excluded (tag rotated 90 deg, 19.0 cm not 19.5)"
hard_016,hard,hmax2,block,obj_1,39.2,39.9,43.6,15.0,7.0,4.0,2,6.6,32.5,0.0,14.1,65.5,0.008,125,needs_2_chain,0,1,25,0,35,"long_axis_bearing_deg = bearing of the item's LONG side in world, counter-clockwise from +X, in [0,180). Place by this, not by yaw. yaw_deg is the MuJoCo local-frame rotation and its meaning differs between bricks (long side on local X) and blocks (long side on local Y).","every bar uses the wall_10/wall_11 ArUco mounting; wall_9 is excluded (tag rotated 90 deg, 19.0 cm not 19.5)"
hard_017,hard,hmax2,brick,wall_10,23.9,37.0,164.7,19.5,5.5,10.0,2,14.6,9.7,0.0,35.2,62.7,0.008,125,needs_2_chain,0,1,26,5,29,"long_axis_bearing_deg = bearing of the item's LONG side in world, counter-clockwise from +X, in [0,180). Place by this, not by yaw. yaw_deg is the MuJoCo local-frame rotation and its meaning differs between bricks (long side on local X) and blocks (long side on local Y).","every bar uses the wall_10/wall_11 ArUco mounting; wall_9 is excluded (tag rotated 90 deg, 19.0 cm not 19.5)"
hard_017,hard,hmax2,brick,wall_11,35.2,29.7,37.7,19.5,5.5,10.0,2,14.6,9.7,0.0,35.2,62.7,0.008,125,needs_2_chain,0,1,26,5,29,"long_axis_bearing_deg = bearing of the item's LONG side in world, counter-clockwise from +X, in [0,180). Place by this, not by yaw. yaw_deg is the MuJoCo local-frame rotation and its meaning differs between bricks (long side on local X) and blocks (long side on local Y).","every bar uses the wall_10/wall_11 ArUco mounting; wall_9 is excluded (tag rotated 90 deg, 19.0 cm not 19.5)"
hard_017,hard,hmax2,block,obj_4,9.1,28.1,161.8,12.0,7.5,5.0,2,14.6,9.7,0.0,35.2,62.7,0.008,125,needs_2_chain,0,1,26,5,29,"long_axis_bearing_deg = bearing of the item's LONG side in world, counter-clockwise from +X, in [0,180). Place by this, not by yaw. yaw_deg is the MuJoCo local-frame rotation and its meaning differs between bricks (long side on local X) and blocks (long side on local Y).","every bar uses the wall_10/wall_11 ArUco mounting; wall_9 is excluded (tag rotated 90 deg, 19.0 cm not 19.5)"
hard_018,hard,hmax2,brick,wall_10,39.2,36.9,177.8,19.5,5.5,10.0,2,26.7,14.5,0.0,16.9,60.0,0.0083,120,needs_2_chain,0,1,24,3,33,"long_axis_bearing_deg = bearing of the item's LONG side in world, counter-clockwise from +X, in [0,180). Place by this, not by yaw. yaw_deg is the MuJoCo local-frame rotation and its meaning differs between bricks (long side on local X) and blocks (long side on local Y).","every bar uses the wall_10/wall_11 ArUco mounting; wall_9 is excluded (tag rotated 90 deg, 19.0 cm not 19.5)"
hard_018,hard,hmax2,brick,wall_11,14.0,44.6,72.1,19.5,5.5,10.0,2,26.7,14.5,0.0,16.9,60.0,0.0083,120,needs_2_chain,0,1,24,3,33,"long_axis_bearing_deg = bearing of the item's LONG side in world, counter-clockwise from +X, in [0,180). Place by this, not by yaw. yaw_deg is the MuJoCo local-frame rotation and its meaning differs between bricks (long side on local X) and blocks (long side on local Y).","every bar uses the wall_10/wall_11 ArUco mounting; wall_9 is excluded (tag rotated 90 deg, 19.0 cm not 19.5)"
hard_018,hard,hmax2,block,obj_1,22.6,33.8,130.7,15.0,7.0,4.0,2,26.7,14.5,0.0,16.9,60.0,0.0083,120,needs_2_chain,0,1,24,3,33,"long_axis_bearing_deg = bearing of the item's LONG side in world, counter-clockwise from +X, in [0,180). Place by this, not by yaw. yaw_deg is the MuJoCo local-frame rotation and its meaning differs between bricks (long side on local X) and blocks (long side on local Y).","every bar uses the wall_10/wall_11 ArUco mounting; wall_9 is excluded (tag rotated 90 deg, 19.0 cm not 19.5)"
hard_019,hard,hmax2,brick,wall_10,10.0,41.2,8.0,19.5,5.5,10.0,2,13.4,15.9,0.0,19.7,71.3,0.0083,120,needs_2_chain,0,1,24,2,34,"long_axis_bearing_deg = bearing of the item's LONG side in world, counter-clockwise from +X, in [0,180). Place by this, not by yaw. yaw_deg is the MuJoCo local-frame rotation and its meaning differs between bricks (long side on local X) and blocks (long side on local Y).","every bar uses the wall_10/wall_11 ArUco mounting; wall_9 is excluded (tag rotated 90 deg, 19.0 cm not 19.5)"
hard_019,hard,hmax2,brick,wall_11,34.9,49.2,109.3,19.5,5.5,10.0,2,13.4,15.9,0.0,19.7,71.3,0.0083,120,needs_2_chain,0,1,24,2,34,"long_axis_bearing_deg = bearing of the item's LONG side in world, counter-clockwise from +X, in [0,180). Place by this, not by yaw. yaw_deg is the MuJoCo local-frame rotation and its meaning differs between bricks (long side on local X) and blocks (long side on local Y).","every bar uses the wall_10/wall_11 ArUco mounting; wall_9 is excluded (tag rotated 90 deg, 19.0 cm not 19.5)"
hard_019,hard,hmax2,block,obj_4,25.8,37.0,60.5,12.0,7.5,5.0,2,13.4,15.9,0.0,19.7,71.3,0.0083,120,needs_2_chain,0,1,24,2,34,"long_axis_bearing_deg = bearing of the item's LONG side in world, counter-clockwise from +X, in [0,180). Place by this, not by yaw. yaw_deg is the MuJoCo local-frame rotation and its meaning differs between bricks (long side on local X) and blocks (long side on local Y).","every bar uses the wall_10/wall_11 ArUco mounting; wall_9 is excluded (tag rotated 90 deg, 19.0 cm not 19.5)"
hard_020,hard,hmax2,brick,wall_10,39.0,39.8,174.9,19.5,5.5,10.0,2,8.8,17.7,0.0,30.5,61.6,0.0091,110,needs_2_chain,0,1,22,1,37,"long_axis_bearing_deg = bearing of the item's LONG side in world, counter-clockwise from +X, in [0,180). Place by this, not by yaw. yaw_deg is the MuJoCo local-frame rotation and its meaning differs between bricks (long side on local X) and blocks (long side on local Y).","every bar uses the wall_10/wall_11 ArUco mounting; wall_9 is excluded (tag rotated 90 deg, 19.0 cm not 19.5)"
hard_020,hard,hmax2,brick,wall_11,14.6,47.6,72.0,19.5,5.5,10.0,2,8.8,17.7,0.0,30.5,61.6,0.0091,110,needs_2_chain,0,1,22,1,37,"long_axis_bearing_deg = bearing of the item's LONG side in world, counter-clockwise from +X, in [0,180). Place by this, not by yaw. yaw_deg is the MuJoCo local-frame rotation and its meaning differs between bricks (long side on local X) and blocks (long side on local Y).","every bar uses the wall_10/wall_11 ArUco mounting; wall_9 is excluded (tag rotated 90 deg, 19.0 cm not 19.5)"
hard_020,hard,hmax2,block,obj_1,23.2,37.1,119.8,15.0,7.0,4.0,2,8.8,17.7,0.0,30.5,61.6,0.0091,110,needs_2_chain,0,1,22,1,37,"long_axis_bearing_deg = bearing of the item's LONG side in world, counter-clockwise from +X, in [0,180). Place by this, not by yaw. yaw_deg is the MuJoCo local-frame rotation and its meaning differs between bricks (long side on local X) and blocks (long side on local Y).","every bar uses the wall_10/wall_11 ArUco mounting; wall_9 is excluded (tag rotated 90 deg, 19.0 cm not 19.5)"
hard_021,hard,hmax2,brick,wall_10,38.9,31.9,171.0,19.5,5.5,10.0,2,18.4,9.5,0.0,37.0,57.2,0.0083,120,needs_2_chain,0,1,24,1,35,"long_axis_bearing_deg = bearing of the item's LONG side in world, counter-clockwise from +X, in [0,180). Place by this, not by yaw. yaw_deg is the MuJoCo local-frame rotation and its meaning differs between bricks (long side on local X) and blocks (long side on local Y).","every bar uses the wall_10/wall_11 ArUco mounting; wall_9 is excluded (tag rotated 90 deg, 19.0 cm not 19.5)"
hard_021,hard,hmax2,brick,wall_11,13.1,38.0,78.1,19.5,5.5,10.0,2,18.4,9.5,0.0,37.0,57.2,0.0083,120,needs_2_chain,0,1,24,1,35,"long_axis_bearing_deg = bearing of the item's LONG side in world, counter-clockwise from +X, in [0,180). Place by this, not by yaw. yaw_deg is the MuJoCo local-frame rotation and its meaning differs between bricks (long side on local X) and blocks (long side on local Y).","every bar uses the wall_10/wall_11 ArUco mounting; wall_9 is excluded (tag rotated 90 deg, 19.0 cm not 19.5)"
hard_021,hard,hmax2,block,obj_4,22.4,27.6,128.0,12.0,7.5,5.0,2,18.4,9.5,0.0,37.0,57.2,0.0083,120,needs_2_chain,0,1,24,1,35,"long_axis_bearing_deg = bearing of the item's LONG side in world, counter-clockwise from +X, in [0,180). Place by this, not by yaw. yaw_deg is the MuJoCo local-frame rotation and its meaning differs between bricks (long side on local X) and blocks (long side on local Y).","every bar uses the wall_10/wall_11 ArUco mounting; wall_9 is excluded (tag rotated 90 deg, 19.0 cm not 19.5)"
hard_022,hard,hmax2,brick,wall_10,38.9,37.7,169.4,19.5,5.5,10.0,2,33.4,19.8,0.0,34.3,55.7,0.0133,150,needs_2_chain,0,2,30,6,24,"long_axis_bearing_deg = bearing of the item's LONG side in world, counter-clockwise from +X, in [0,180). Place by this, not by yaw. yaw_deg is the MuJoCo local-frame rotation and its meaning differs between bricks (long side on local X) and blocks (long side on local Y).","every bar uses the wall_10/wall_11 ArUco mounting; wall_9 is excluded (tag rotated 90 deg, 19.0 cm not 19.5)"
hard_022,hard,hmax2,brick,wall_11,14.0,49.6,71.8,19.5,5.5,10.0,2,33.4,19.8,0.0,34.3,55.7,0.0133,150,needs_2_chain,0,2,30,6,24,"long_axis_bearing_deg = bearing of the item's LONG side in world, counter-clockwise from +X, in [0,180). Place by this, not by yaw. yaw_deg is the MuJoCo local-frame rotation and its meaning differs between bricks (long side on local X) and blocks (long side on local Y).","every bar uses the wall_10/wall_11 ArUco mounting; wall_9 is excluded (tag rotated 90 deg, 19.0 cm not 19.5)"
hard_022,hard,hmax2,block,obj_1,21.6,32.7,141.8,15.0,7.0,4.0,2,33.4,19.8,0.0,34.3,55.7,0.0133,150,needs_2_chain,0,2,30,6,24,"long_axis_bearing_deg = bearing of the item's LONG side in world, counter-clockwise from +X, in [0,180). Place by this, not by yaw. yaw_deg is the MuJoCo local-frame rotation and its meaning differs between bricks (long side on local X) and blocks (long side on local Y).","every bar uses the wall_10/wall_11 ArUco mounting; wall_9 is excluded (tag rotated 90 deg, 19.0 cm not 19.5)"
hard_023,hard,hmax2,brick,wall_10,38.9,30.3,170.0,19.5,5.5,10.0,2,14.2,10.8,0.0,37.8,65.5,0.0087,115,needs_2_chain,0,1,23,3,34,"long_axis_bearing_deg = bearing of the item's LONG side in world, counter-clockwise from +X, in [0,180). Place by this, not by yaw. yaw_deg is the MuJoCo local-frame rotation and its meaning differs between bricks (long side on local X) and blocks (long side on local Y).","every bar uses the wall_10/wall_11 ArUco mounting; wall_9 is excluded (tag rotated 90 deg, 19.0 cm not 19.5)"
hard_023,hard,hmax2,brick,wall_11,12.9,37.2,80.3,19.5,5.5,10.0,2,14.2,10.8,0.0,37.8,65.5,0.0087,115,needs_2_chain,0,1,23,3,34,"long_axis_bearing_deg = bearing of the item's LONG side in world, counter-clockwise from +X, in [0,180). Place by this, not by yaw. yaw_deg is the MuJoCo local-frame rotation and its meaning differs between bricks (long side on local X) and blocks (long side on local Y).","every bar uses the wall_10/wall_11 ArUco mounting; wall_9 is excluded (tag rotated 90 deg, 19.0 cm not 19.5)"
hard_023,hard,hmax2,block,obj_4,22.1,27.7,130.2,12.0,7.5,5.0,2,14.2,10.8,0.0,37.8,65.5,0.0087,115,needs_2_chain,0,1,23,3,34,"long_axis_bearing_deg = bearing of the item's LONG side in world, counter-clockwise from +X, in [0,180). Place by this, not by yaw. yaw_deg is the MuJoCo local-frame rotation and its meaning differs between bricks (long side on local X) and blocks (long side on local Y).","every bar uses the wall_10/wall_11 ArUco mounting; wall_9 is excluded (tag rotated 90 deg, 19.0 cm not 19.5)"
hard_024,hard,hmax2,brick,wall_10,38.9,47.4,171.3,19.5,5.5,10.0,2,19.4,20.1,0.0,32.1,69.1,0.0133,150,needs_2_chain,0,2,30,3,27,"long_axis_bearing_deg = bearing of the item's LONG side in world, counter-clockwise from +X, in [0,180). Place by this, not by yaw. yaw_deg is the MuJoCo local-frame rotation and its meaning differs between bricks (long side on local X) and blocks (long side on local Y).","every bar uses the wall_10/wall_11 ArUco mounting; wall_9 is excluded (tag rotated 90 deg, 19.0 cm not 19.5)"
hard_024,hard,hmax2,brick,wall_11,15.4,59.8,85.2,19.5,5.5,10.0,2,19.4,20.1,0.0,32.1,69.1,0.0133,150,needs_2_chain,0,2,30,3,27,"long_axis_bearing_deg = bearing of the item's LONG side in world, counter-clockwise from +X, in [0,180). Place by this, not by yaw. yaw_deg is the MuJoCo local-frame rotation and its meaning differs between bricks (long side on local X) and blocks (long side on local Y).","every bar uses the wall_10/wall_11 ArUco mounting; wall_9 is excluded (tag rotated 90 deg, 19.0 cm not 19.5)"
hard_024,hard,hmax2,block,obj_1,19.7,44.1,20.4,15.0,7.0,4.0,2,19.4,20.1,0.0,32.1,69.1,0.0133,150,needs_2_chain,0,2,30,3,27,"long_axis_bearing_deg = bearing of the item's LONG side in world, counter-clockwise from +X, in [0,180). Place by this, not by yaw. yaw_deg is the MuJoCo local-frame rotation and its meaning differs between bricks (long side on local X) and blocks (long side on local Y).","every bar uses the wall_10/wall_11 ArUco mounting; wall_9 is excluded (tag rotated 90 deg, 19.0 cm not 19.5)"
hard_025,hard,hmax2,brick,wall_10,12.0,32.3,174.3,19.5,5.5,10.0,2,24.1,16.4,0.0,23.6,64.0,0.0133,150,needs_2_chain,0,2,29,1,30,"long_axis_bearing_deg = bearing of the item's LONG side in world, counter-clockwise from +X, in [0,180). Place by this, not by yaw. yaw_deg is the MuJoCo local-frame rotation and its meaning differs between bricks (long side on local X) and blocks (long side on local Y).","every bar uses the wall_10/wall_11 ArUco mounting; wall_9 is excluded (tag rotated 90 deg, 19.0 cm not 19.5)"
hard_025,hard,hmax2,brick,wall_11,25.6,36.5,160.6,19.5,5.5,10.0,2,24.1,16.4,0.0,23.6,64.0,0.0133,150,needs_2_chain,0,2,29,1,30,"long_axis_bearing_deg = bearing of the item's LONG side in world, counter-clockwise from +X, in [0,180). Place by this, not by yaw. yaw_deg is the MuJoCo local-frame rotation and its meaning differs between bricks (long side on local X) and blocks (long side on local Y).","every bar uses the wall_10/wall_11 ArUco mounting; wall_9 is excluded (tag rotated 90 deg, 19.0 cm not 19.5)"
hard_025,hard,hmax2,block,obj_4,37.0,26.5,15.9,12.0,7.5,5.0,2,24.1,16.4,0.0,23.6,64.0,0.0133,150,needs_2_chain,0,2,29,1,30,"long_axis_bearing_deg = bearing of the item's LONG side in world, counter-clockwise from +X, in [0,180). Place by this, not by yaw. yaw_deg is the MuJoCo local-frame rotation and its meaning differs between bricks (long side on local X) and blocks (long side on local Y).","every bar uses the wall_10/wall_11 ArUco mounting; wall_9 is excluded (tag rotated 90 deg, 19.0 cm not 19.5)"
hard_026,hard,hmax2,brick,wall_10,9.8,41.4,0.5,19.5,5.5,10.0,2,11.2,24.7,0.0,9.7,59.9,0.0133,150,needs_2_chain,0,2,30,7,23,"long_axis_bearing_deg = bearing of the item's LONG side in world, counter-clockwise from +X, in [0,180). Place by this, not by yaw. yaw_deg is the MuJoCo local-frame rotation and its meaning differs between bricks (long side on local X) and blocks (long side on local Y).","every bar uses the wall_10/wall_11 ArUco mounting; wall_9 is excluded (tag rotated 90 deg, 19.0 cm not 19.5)"
hard_026,hard,hmax2,brick,wall_11,35.5,52.2,104.6,19.5,5.5,10.0,2,11.2,24.7,0.0,9.7,59.9,0.0133,150,needs_2_chain,0,2,30,7,23,"long_axis_bearing_deg = bearing of the item's LONG side in world, counter-clockwise from +X, in [0,180). Place by this, not by yaw. yaw_deg is the MuJoCo local-frame rotation and its meaning differs between bricks (long side on local X) and blocks (long side on local Y).","every bar uses the wall_10/wall_11 ArUco mounting; wall_9 is excluded (tag rotated 90 deg, 19.0 cm not 19.5)"
hard_026,hard,hmax2,block,obj_1,28.3,37.2,40.1,15.0,7.0,4.0,2,11.2,24.7,0.0,9.7,59.9,0.0133,150,needs_2_chain,0,2,30,7,23,"long_axis_bearing_deg = bearing of the item's LONG side in world, counter-clockwise from +X, in [0,180). Place by this, not by yaw. yaw_deg is the MuJoCo local-frame rotation and its meaning differs between bricks (long side on local X) and blocks (long side on local Y).","every bar uses the wall_10/wall_11 ArUco mounting; wall_9 is excluded (tag rotated 90 deg, 19.0 cm not 19.5)"
hard_027,hard,hmax2,brick,wall_10,39.1,33.4,177.2,19.5,5.5,10.0,2,20.7,11.4,0.0,31.8,51.1,0.0143,140,needs_2_chain,0,2,28,0,32,"long_axis_bearing_deg = bearing of the item's LONG side in world, counter-clockwise from +X, in [0,180). Place by this, not by yaw. yaw_deg is the MuJoCo local-frame rotation and its meaning differs between bricks (long side on local X) and blocks (long side on local Y).","every bar uses the wall_10/wall_11 ArUco mounting; wall_9 is excluded (tag rotated 90 deg, 19.0 cm not 19.5)"
hard_027,hard,hmax2,brick,wall_11,14.0,43.5,71.7,19.5,5.5,10.0,2,20.7,11.4,0.0,31.8,51.1,0.0143,140,needs_2_chain,0,2,28,0,32,"long_axis_bearing_deg = bearing of the item's LONG side in world, counter-clockwise from +X, in [0,180). Place by this, not by yaw. yaw_deg is the MuJoCo local-frame rotation and its meaning differs between bricks (long side on local X) and blocks (long side on local Y).","every bar uses the wall_10/wall_11 ArUco mounting; wall_9 is excluded (tag rotated 90 deg, 19.0 cm not 19.5)"
hard_027,hard,hmax2,block,obj_4,23.5,30.8,131.3,12.0,7.5,5.0,2,20.7,11.4,0.0,31.8,51.1,0.0143,140,needs_2_chain,0,2,28,0,32,"long_axis_bearing_deg = bearing of the item's LONG side in world, counter-clockwise from +X, in [0,180). Place by this, not by yaw. yaw_deg is the MuJoCo local-frame rotation and its meaning differs between bricks (long side on local X) and blocks (long side on local Y).","every bar uses the wall_10/wall_11 ArUco mounting; wall_9 is excluded (tag rotated 90 deg, 19.0 cm not 19.5)"
hard_028,hard,hmax2,brick,wall_10,39.0,30.1,174.2,19.5,5.5,10.0,2,10.1,7.4,0.0,29.3,68.2,0.0138,145,needs_2_chain,0,2,28,6,26,"long_axis_bearing_deg = bearing of the item's LONG side in world, counter-clockwise from +X, in [0,180). Place by this, not by yaw. yaw_deg is the MuJoCo local-frame rotation and its meaning differs between bricks (long side on local X) and blocks (long side on local Y).","every bar uses the wall_10/wall_11 ArUco mounting; wall_9 is excluded (tag rotated 90 deg, 19.0 cm not 19.5)"
hard_028,hard,hmax2,brick,wall_11,14.0,39.9,72.5,19.5,5.5,10.0,2,10.1,7.4,0.0,29.3,68.2,0.0138,145,needs_2_chain,0,2,28,6,26,"long_axis_bearing_deg = bearing of the item's LONG side in world, counter-clockwise from +X, in [0,180). Place by this, not by yaw. yaw_deg is the MuJoCo local-frame rotation and its meaning differs between bricks (long side on local X) and blocks (long side on local Y).","every bar uses the wall_10/wall_11 ArUco mounting; wall_9 is excluded (tag rotated 90 deg, 19.0 cm not 19.5)"
hard_028,hard,hmax2,block,obj_1,23.2,27.2,150.3,15.0,7.0,4.0,2,10.1,7.4,0.0,29.3,68.2,0.0138,145,needs_2_chain,0,2,28,6,26,"long_axis_bearing_deg = bearing of the item's LONG side in world, counter-clockwise from +X, in [0,180). Place by this, not by yaw. yaw_deg is the MuJoCo local-frame rotation and its meaning differs between bricks (long side on local X) and blocks (long side on local Y).","every bar uses the wall_10/wall_11 ArUco mounting; wall_9 is excluded (tag rotated 90 deg, 19.0 cm not 19.5)"
hard_029,hard,hmax2,brick,wall_10,11.1,52.7,46.9,19.5,5.5,10.0,2,10.5,15.8,0.0,27.0,68.6,0.016,125,needs_2_chain,0,2,25,4,31,"long_axis_bearing_deg = bearing of the item's LONG side in world, counter-clockwise from +X, in [0,180). Place by this, not by yaw. yaw_deg is the MuJoCo local-frame rotation and its meaning differs between bricks (long side on local X) and blocks (long side on local Y).","every bar uses the wall_10/wall_11 ArUco mounting; wall_9 is excluded (tag rotated 90 deg, 19.0 cm not 19.5)"
hard_029,hard,hmax2,brick,wall_11,35.8,47.8,29.3,19.5,5.5,10.0,2,10.5,15.8,0.0,27.0,68.6,0.016,125,needs_2_chain,0,2,25,4,31,"long_axis_bearing_deg = bearing of the item's LONG side in world, counter-clockwise from +X, in [0,180). Place by this, not by yaw. yaw_deg is the MuJoCo local-frame rotation and its meaning differs between bricks (long side on local X) and blocks (long side on local Y).","every bar uses the wall_10/wall_11 ArUco mounting; wall_9 is excluded (tag rotated 90 deg, 19.0 cm not 19.5)"
hard_029,hard,hmax2,block,obj_4,18.9,43.6,113.9,12.0,7.5,5.0,2,10.5,15.8,0.0,27.0,68.6,0.016,125,needs_2_chain,0,2,25,4,31,"long_axis_bearing_deg = bearing of the item's LONG side in world, counter-clockwise from +X, in [0,180). Place by this, not by yaw. yaw_deg is the MuJoCo local-frame rotation and its meaning differs between bricks (long side on local X) and blocks (long side on local Y).","every bar uses the wall_10/wall_11 ArUco mounting; wall_9 is excluded (tag rotated 90 deg, 19.0 cm not 19.5)"
hard_030,hard,hmax2,brick,wall_10,25.2,47.1,169.5,19.5,5.5,10.0,2,35.2,15.4,0.0,19.4,57.9,0.0154,130,needs_2_chain,0,2,26,6,28,"long_axis_bearing_deg = bearing of the item's LONG side in world, counter-clockwise from +X, in [0,180). Place by this, not by yaw. yaw_deg is the MuJoCo local-frame rotation and its meaning differs between bricks (long side on local X) and blocks (long side on local Y).","every bar uses the wall_10/wall_11 ArUco mounting; wall_9 is excluded (tag rotated 90 deg, 19.0 cm not 19.5)"
hard_030,hard,hmax2,brick,wall_11,36.8,38.6,52.7,19.5,5.5,10.0,2,35.2,15.4,0.0,19.4,57.9,0.0154,130,needs_2_chain,0,2,26,6,28,"long_axis_bearing_deg = bearing of the item's LONG side in world, counter-clockwise from +X, in [0,180). Place by this, not by yaw. yaw_deg is the MuJoCo local-frame rotation and its meaning differs between bricks (long side on local X) and blocks (long side on local Y).","every bar uses the wall_10/wall_11 ArUco mounting; wall_9 is excluded (tag rotated 90 deg, 19.0 cm not 19.5)"
hard_030,hard,hmax2,block,obj_1,11.2,40.3,167.8,15.0,7.0,4.0,2,35.2,15.4,0.0,19.4,57.9,0.0154,130,needs_2_chain,0,2,26,6,28,"long_axis_bearing_deg = bearing of the item's LONG side in world, counter-clockwise from +X, in [0,180). Place by this, not by yaw. yaw_deg is the MuJoCo local-frame rotation and its meaning differs between bricks (long side on local X) and blocks (long side on local Y).","every bar uses the wall_10/wall_11 ArUco mounting; wall_9 is excluded (tag rotated 90 deg, 19.0 cm not 19.5)"
hard_031,hard,hmax2,brick,wall_10,15.0,41.2,126.9,19.5,5.5,10.0,2,17.3,7.6,0.0,34.2,66.6,0.016,125,needs_2_chain,0,2,25,5,30,"long_axis_bearing_deg = bearing of the item's LONG side in world, counter-clockwise from +X, in [0,180). Place by this, not by yaw. yaw_deg is the MuJoCo local-frame rotation and its meaning differs between bricks (long side on local X) and blocks (long side on local Y).","every bar uses the wall_10/wall_11 ArUco mounting; wall_9 is excluded (tag rotated 90 deg, 19.0 cm not 19.5)"
hard_031,hard,hmax2,brick,wall_11,38.5,45.9,143.8,19.5,5.5,10.0,2,17.3,7.6,0.0,34.2,66.6,0.016,125,needs_2_chain,0,2,25,5,30,"long_axis_bearing_deg = bearing of the item's LONG side in world, counter-clockwise from +X, in [0,180). Place by this, not by yaw. yaw_deg is the MuJoCo local-frame rotation and its meaning differs between bricks (long side on local X) and blocks (long side on local Y).","every bar uses the wall_10/wall_11 ArUco mounting; wall_9 is excluded (tag rotated 90 deg, 19.0 cm not 19.5)"
hard_031,hard,hmax2,block,obj_4,29.9,37.7,73.0,12.0,7.5,5.0,2,17.3,7.6,0.0,34.2,66.6,0.016,125,needs_2_chain,0,2,25,5,30,"long_axis_bearing_deg = bearing of the item's LONG side in world, counter-clockwise from +X, in [0,180). Place by this, not by yaw. yaw_deg is the MuJoCo local-frame rotation and its meaning differs between bricks (long side on local X) and blocks (long side on local Y).","every bar uses the wall_10/wall_11 ArUco mounting; wall_9 is excluded (tag rotated 90 deg, 19.0 cm not 19.5)"
hard_032,hard,hmax2,brick,wall_10,10.6,51.7,27.0,19.5,5.5,10.0,2,8.5,30.5,0.0,16.0,68.1,0.016,125,needs_2_chain,0,2,24,4,32,"long_axis_bearing_deg = bearing of the item's LONG side in world, counter-clockwise from +X, in [0,180). Place by this, not by yaw. yaw_deg is the MuJoCo local-frame rotation and its meaning differs between bricks (long side on local X) and blocks (long side on local Y).","every bar uses the wall_10/wall_11 ArUco mounting; wall_9 is excluded (tag rotated 90 deg, 19.0 cm not 19.5)"
hard_032,hard,hmax2,brick,wall_11,34.3,45.0,44.9,19.5,5.5,10.0,2,8.5,30.5,0.0,16.0,68.1,0.016,125,needs_2_chain,0,2,24,4,32,"long_axis_bearing_deg = bearing of the item's LONG side in world, counter-clockwise from +X, in [0,180). Place by this, not by yaw. yaw_deg is the MuJoCo local-frame rotation and its meaning differs between bricks (long side on local X) and blocks (long side on local Y).","every bar uses the wall_10/wall_11 ArUco mounting; wall_9 is excluded (tag rotated 90 deg, 19.0 cm not 19.5)"
hard_032,hard,hmax2,block,obj_1,20.3,43.7,95.8,15.0,7.0,4.0,2,8.5,30.5,0.0,16.0,68.1,0.016,125,needs_2_chain,0,2,24,4,32,"long_axis_bearing_deg = bearing of the item's LONG side in world, counter-clockwise from +X, in [0,180). Place by this, not by yaw. yaw_deg is the MuJoCo local-frame rotation and its meaning differs between bricks (long side on local X) and blocks (long side on local Y).","every bar uses the wall_10/wall_11 ArUco mounting; wall_9 is excluded (tag rotated 90 deg, 19.0 cm not 19.5)"
hard_033,hard,hmax2,brick,wall_10,39.0,35.1,172.9,19.5,5.5,10.0,2,28.8,9.6,0.0,8.8,61.0,0.0174,115,needs_2_chain,0,2,23,1,36,"long_axis_bearing_deg = bearing of the item's LONG side in world, counter-clockwise from +X, in [0,180). Place by this, not by yaw. yaw_deg is the MuJoCo local-frame rotation and its meaning differs between bricks (long side on local X) and blocks (long side on local Y).","every bar uses the wall_10/wall_11 ArUco mounting; wall_9 is excluded (tag rotated 90 deg, 19.0 cm not 19.5)"
hard_033,hard,hmax2,brick,wall_11,13.0,41.5,78.9,19.5,5.5,10.0,2,28.8,9.6,0.0,8.8,61.0,0.0174,115,needs_2_chain,0,2,23,1,36,"long_axis_bearing_deg = bearing of the item's LONG side in world, counter-clockwise from +X, in [0,180). Place by this, not by yaw. yaw_deg is the MuJoCo local-frame rotation and its meaning differs between bricks (long side on local X) and blocks (long side on local Y).","every bar uses the wall_10/wall_11 ArUco mounting; wall_9 is excluded (tag rotated 90 deg, 19.0 cm not 19.5)"
hard_033,hard,hmax2,block,obj_4,24.0,32.7,129.7,12.0,7.5,5.0,2,28.8,9.6,0.0,8.8,61.0,0.0174,115,needs_2_chain,0,2,23,1,36,"long_axis_bearing_deg = bearing of the item's LONG side in world, counter-clockwise from +X, in [0,180). Place by this, not by yaw. yaw_deg is the MuJoCo local-frame rotation and its meaning differs between bricks (long side on local X) and blocks (long side on local Y).","every bar uses the wall_10/wall_11 ArUco mounting; wall_9 is excluded (tag rotated 90 deg, 19.0 cm not 19.5)"
hard_034,hard,hmax2,brick,wall_10,25.5,53.1,48.6,19.5,5.5,10.0,2,10.9,21.6,0.0,10.0,69.5,0.016,125,needs_2_chain,0,2,25,6,29,"long_axis_bearing_deg = bearing of the item's LONG side in world, counter-clockwise from +X, in [0,180). Place by this, not by yaw. yaw_deg is the MuJoCo local-frame rotation and its meaning differs between bricks (long side on local X) and blocks (long side on local Y).","every bar uses the wall_10/wall_11 ArUco mounting; wall_9 is excluded (tag rotated 90 deg, 19.0 cm not 19.5)"
hard_034,hard,hmax2,brick,wall_11,35.5,41.7,125.2,19.5,5.5,10.0,2,10.9,21.6,0.0,10.0,69.5,0.016,125,needs_2_chain,0,2,25,6,29,"long_axis_bearing_deg = bearing of the item's LONG side in world, counter-clockwise from +X, in [0,180). Place by this, not by yaw. yaw_deg is the MuJoCo local-frame rotation and its meaning differs between bricks (long side on local X) and blocks (long side on local Y).","every bar uses the wall_10/wall_11 ArUco mounting; wall_9 is excluded (tag rotated 90 deg, 19.0 cm not 19.5)"
hard_034,hard,hmax2,block,obj_1,10.7,42.8,145.9,15.0,7.0,4.0,2,10.9,21.6,0.0,10.0,69.5,0.016,125,needs_2_chain,0,2,25,6,29,"long_axis_bearing_deg = bearing of the item's LONG side in world, counter-clockwise from +X, in [0,180). Place by this, not by yaw. yaw_deg is the MuJoCo local-frame rotation and its meaning differs between bricks (long side on local X) and blocks (long side on local Y).","every bar uses the wall_10/wall_11 ArUco mounting; wall_9 is excluded (tag rotated 90 deg, 19.0 cm not 19.5)"
hard_035,hard,hmax2,brick,wall_10,39.1,35.6,177.6,19.5,5.5,10.0,2,10.3,20.2,0.0,41.8,59.2,0.02,150,needs_2_chain,0,3,30,0,30,"long_axis_bearing_deg = bearing of the item's LONG side in world, counter-clockwise from +X, in [0,180). Place by this, not by yaw. yaw_deg is the MuJoCo local-frame rotation and its meaning differs between bricks (long side on local X) and blocks (long side on local Y).","every bar uses the wall_10/wall_11 ArUco mounting; wall_9 is excluded (tag rotated 90 deg, 19.0 cm not 19.5)"
hard_035,hard,hmax2,brick,wall_11,13.5,45.9,76.3,19.5,5.5,10.0,2,10.3,20.2,0.0,41.8,59.2,0.02,150,needs_2_chain,0,3,30,0,30,"long_axis_bearing_deg = bearing of the item's LONG side in world, counter-clockwise from +X, in [0,180). Place by this, not by yaw. yaw_deg is the MuJoCo local-frame rotation and its meaning differs between bricks (long side on local X) and blocks (long side on local Y).","every bar uses the wall_10/wall_11 ArUco mounting; wall_9 is excluded (tag rotated 90 deg, 19.0 cm not 19.5)"
hard_035,hard,hmax2,block,obj_4,22.6,31.8,126.6,12.0,7.5,5.0,2,10.3,20.2,0.0,41.8,59.2,0.02,150,needs_2_chain,0,3,30,0,30,"long_axis_bearing_deg = bearing of the item's LONG side in world, counter-clockwise from +X, in [0,180). Place by this, not by yaw. yaw_deg is the MuJoCo local-frame rotation and its meaning differs between bricks (long side on local X) and blocks (long side on local Y).","every bar uses the wall_10/wall_11 ArUco mounting; wall_9 is excluded (tag rotated 90 deg, 19.0 cm not 19.5)"
hard_036,hard,hmax2,brick,wall_10,38.9,31.3,169.1,19.5,5.5,10.0,2,41.3,18.7,0.0,30.0,64.2,0.0167,120,needs_2_chain,0,2,24,5,31,"long_axis_bearing_deg = bearing of the item's LONG side in world, counter-clockwise from +X, in [0,180). Place by this, not by yaw. yaw_deg is the MuJoCo local-frame rotation and its meaning differs between bricks (long side on local X) and blocks (long side on local Y).","every bar uses the wall_10/wall_11 ArUco mounting; wall_9 is excluded (tag rotated 90 deg, 19.0 cm not 19.5)"
hard_036,hard,hmax2,brick,wall_11,13.9,38.5,74.1,19.5,5.5,10.0,2,41.3,18.7,0.0,30.0,64.2,0.0167,120,needs_2_chain,0,2,24,5,31,"long_axis_bearing_deg = bearing of the item's LONG side in world, counter-clockwise from +X, in [0,180). Place by this, not by yaw. yaw_deg is the MuJoCo local-frame rotation and its meaning differs between bricks (long side on local X) and blocks (long side on local Y).","every bar uses the wall_10/wall_11 ArUco mounting; wall_9 is excluded (tag rotated 90 deg, 19.0 cm not 19.5)"
hard_036,hard,hmax2,block,obj_1,23.4,26.6,169.6,15.0,7.0,4.0,2,41.3,18.7,0.0,30.0,64.2,0.0167,120,needs_2_chain,0,2,24,5,31,"long_axis_bearing_deg = bearing of the item's LONG side in world, counter-clockwise from +X, in [0,180). Place by this, not by yaw. yaw_deg is the MuJoCo local-frame rotation and its meaning differs between bricks (long side on local X) and blocks (long side on local Y).","every bar uses the wall_10/wall_11 ArUco mounting; wall_9 is excluded (tag rotated 90 deg, 19.0 cm not 19.5)"
hard_037,hard,hmax2,brick,wall_10,12.7,42.9,159.2,19.5,5.5,10.0,2,38.0,11.0,0.0,36.5,68.8,0.025,120,needs_2_chain,0,3,24,4,32,"long_axis_bearing_deg = bearing of the item's LONG side in world, counter-clockwise from +X, in [0,180). Place by this, not by yaw. yaw_deg is the MuJoCo local-frame rotation and its meaning differs between bricks (long side on local X) and blocks (long side on local Y).","every bar uses the wall_10/wall_11 ArUco mounting; wall_9 is excluded (tag rotated 90 deg, 19.0 cm not 19.5)"
hard_037,hard,hmax2,brick,wall_11,24.3,47.9,174.5,19.5,5.5,10.0,2,38.0,11.0,0.0,36.5,68.8,0.025,120,needs_2_chain,0,3,24,4,32,"long_axis_bearing_deg = bearing of the item's LONG side in world, counter-clockwise from +X, in [0,180). Place by this, not by yaw. yaw_deg is the MuJoCo local-frame rotation and its meaning differs between bricks (long side on local X) and blocks (long side on local Y).","every bar uses the wall_10/wall_11 ArUco mounting; wall_9 is excluded (tag rotated 90 deg, 19.0 cm not 19.5)"
hard_037,hard,hmax2,block,obj_4,39.5,38.2,30.6,12.0,7.5,5.0,2,38.0,11.0,0.0,36.5,68.8,0.025,120,needs_2_chain,0,3,24,4,32,"long_axis_bearing_deg = bearing of the item's LONG side in world, counter-clockwise from +X, in [0,180). Place by this, not by yaw. yaw_deg is the MuJoCo local-frame rotation and its meaning differs between bricks (long side on local X) and blocks (long side on local Y).","every bar uses the wall_10/wall_11 ArUco mounting; wall_9 is excluded (tag rotated 90 deg, 19.0 cm not 19.5)"
hard_038,hard,hmax2,brick,wall_10,21.7,41.0,4.8,19.5,5.5,10.0,2,32.2,20.8,0.0,14.5,69.7,0.0167,120,needs_2_chain,0,2,24,0,36,"long_axis_bearing_deg = bearing of the item's LONG side in world, counter-clockwise from +X, in [0,180). Place by this, not by yaw. yaw_deg is the MuJoCo local-frame rotation and its meaning differs between bricks (long side on local X) and blocks (long side on local Y).","every bar uses the wall_10/wall_11 ArUco mounting; wall_9 is excluded (tag rotated 90 deg, 19.0 cm not 19.5)"
hard_038,hard,hmax2,brick,wall_11,38.7,31.1,168.4,19.5,5.5,10.0,2,32.2,20.8,0.0,14.5,69.7,0.0167,120,needs_2_chain,0,2,24,0,36,"long_axis_bearing_deg = bearing of the item's LONG side in world, counter-clockwise from +X, in [0,180). Place by this, not by yaw. yaw_deg is the MuJoCo local-frame rotation and its meaning differs between bricks (long side on local X) and blocks (long side on local Y).","every bar uses the wall_10/wall_11 ArUco mounting; wall_9 is excluded (tag rotated 90 deg, 19.0 cm not 19.5)"
hard_038,hard,hmax2,block,obj_1,7.5,29.9,126.1,15.0,7.0,4.0,2,32.2,20.8,0.0,14.5,69.7,0.0167,120,needs_2_chain,0,2,24,0,36,"long_axis_bearing_deg = bearing of the item's LONG side in world, counter-clockwise from +X, in [0,180). Place by this, not by yaw. yaw_deg is the MuJoCo local-frame rotation and its meaning differs between bricks (long side on local X) and blocks (long side on local Y).","every bar uses the wall_10/wall_11 ArUco mounting; wall_9 is excluded (tag rotated 90 deg, 19.0 cm not 19.5)"
hard_039,hard,hmax2,brick,wall_10,38.9,32.0,171.1,19.5,5.5,10.0,2,33.3,7.8,0.0,41.0,69.8,0.0286,140,needs_2_chain,0,4,28,2,30,"long_axis_bearing_deg = bearing of the item's LONG side in world, counter-clockwise from +X, in [0,180). Place by this, not by yaw. yaw_deg is the MuJoCo local-frame rotation and its meaning differs between bricks (long side on local X) and blocks (long side on local Y).","every bar uses the wall_10/wall_11 ArUco mounting; wall_9 is excluded (tag rotated 90 deg, 19.0 cm not 19.5)"
hard_039,hard,hmax2,brick,wall_11,12.9,41.9,80.6,19.5,5.5,10.0,2,33.3,7.8,0.0,41.0,69.8,0.0286,140,needs_2_chain,0,4,28,2,30,"long_axis_bearing_deg = bearing of the item's LONG side in world, counter-clockwise from +X, in [0,180). Place by this, not by yaw. yaw_deg is the MuJoCo local-frame rotation and its meaning differs between bricks (long side on local X) and blocks (long side on local Y).","every bar uses the wall_10/wall_11 ArUco mounting; wall_9 is excluded (tag rotated 90 deg, 19.0 cm not 19.5)"
hard_039,hard,hmax2,block,obj_4,22.6,29.5,128.8,12.0,7.5,5.0,2,33.3,7.8,0.0,41.0,69.8,0.0286,140,needs_2_chain,0,4,28,2,30,"long_axis_bearing_deg = bearing of the item's LONG side in world, counter-clockwise from +X, in [0,180). Place by this, not by yaw. yaw_deg is the MuJoCo local-frame rotation and its meaning differs between bricks (long side on local X) and blocks (long side on local Y).","every bar uses the wall_10/wall_11 ArUco mounting; wall_9 is excluded (tag rotated 90 deg, 19.0 cm not 19.5)"
hard_040,hard,hmax2,brick,wall_10,10.0,40.5,8.0,19.5,5.5,10.0,2,6.6,16.1,0.0,19.9,58.4,0.0174,115,needs_2_chain,0,2,22,3,35,"long_axis_bearing_deg = bearing of the item's LONG side in world, counter-clockwise from +X, in [0,180). Place by this, not by yaw. yaw_deg is the MuJoCo local-frame rotation and its meaning differs between bricks (long side on local X) and blocks (long side on local Y).","every bar uses the wall_10/wall_11 ArUco mounting; wall_9 is excluded (tag rotated 90 deg, 19.0 cm not 19.5)"
hard_040,hard,hmax2,brick,wall_11,35.3,49.2,106.2,19.5,5.5,10.0,2,6.6,16.1,0.0,19.9,58.4,0.0174,115,needs_2_chain,0,2,22,3,35,"long_axis_bearing_deg = bearing of the item's LONG side in world, counter-clockwise from +X, in [0,180). Place by this, not by yaw. yaw_deg is the MuJoCo local-frame rotation and its meaning differs between bricks (long side on local X) and blocks (long side on local Y).","every bar uses the wall_10/wall_11 ArUco mounting; wall_9 is excluded (tag rotated 90 deg, 19.0 cm not 19.5)"
hard_040,hard,hmax2,block,obj_1,26.0,40.2,54.1,15.0,7.0,4.0,2,6.6,16.1,0.0,19.9,58.4,0.0174,115,needs_2_chain,0,2,22,3,35,"long_axis_bearing_deg = bearing of the item's LONG side in world, counter-clockwise from +X, in [0,180). Place by this, not by yaw. yaw_deg is the MuJoCo local-frame rotation and its meaning differs between bricks (long side on local X) and blocks (long side on local Y).","every bar uses the wall_10/wall_11 ArUco mounting; wall_9 is excluded (tag rotated 90 deg, 19.0 cm not 19.5)"
hard_041,hard,hmax2,brick,wall_10,39.1,43.6,4.5,19.5,5.5,10.0,2,22.1,9.7,0.0,22.6,69.8,0.0296,135,needs_2_chain,0,4,27,6,27,"long_axis_bearing_deg = bearing of the item's LONG side in world, counter-clockwise from +X, in [0,180). Place by this, not by yaw. yaw_deg is the MuJoCo local-frame rotation and its meaning differs between bricks (long side on local X) and blocks (long side on local Y).","every bar uses the wall_10/wall_11 ArUco mounting; wall_9 is excluded (tag rotated 90 deg, 19.0 cm not 19.5)"
hard_041,hard,hmax2,brick,wall_11,13.3,51.0,78.0,19.5,5.5,10.0,2,22.1,9.7,0.0,22.6,69.8,0.0296,135,needs_2_chain,0,4,27,6,27,"long_axis_bearing_deg = bearing of the item's LONG side in world, counter-clockwise from +X, in [0,180). Place by this, not by yaw. yaw_deg is the MuJoCo local-frame rotation and its meaning differs between bricks (long side on local X) and blocks (long side on local Y).","every bar uses the wall_10/wall_11 ArUco mounting; wall_9 is excluded (tag rotated 90 deg, 19.0 cm not 19.5)"
hard_041,hard,hmax2,block,obj_4,21.4,39.2,21.1,12.0,7.5,5.0,2,22.1,9.7,0.0,22.6,69.8,0.0296,135,needs_2_chain,0,4,27,6,27,"long_axis_bearing_deg = bearing of the item's LONG side in world, counter-clockwise from +X, in [0,180). Place by this, not by yaw. yaw_deg is the MuJoCo local-frame rotation and its meaning differs between bricks (long side on local X) and blocks (long side on local Y).","every bar uses the wall_10/wall_11 ArUco mounting; wall_9 is excluded (tag rotated 90 deg, 19.0 cm not 19.5)"
hard_042,hard,hmax2,brick,wall_10,13.7,41.3,49.6,19.5,5.5,10.0,2,37.0,18.8,0.0,10.2,57.3,0.0174,115,needs_2_chain,0,2,24,7,29,"long_axis_bearing_deg = bearing of the item's LONG side in world, counter-clockwise from +X, in [0,180). Place by this, not by yaw. yaw_deg is the MuJoCo local-frame rotation and its meaning differs between bricks (long side on local X) and blocks (long side on local Y).","every bar uses the wall_10/wall_11 ArUco mounting; wall_9 is excluded (tag rotated 90 deg, 19.0 cm not 19.5)"
hard_042,hard,hmax2,brick,wall_11,37.5,30.5,11.4,19.5,5.5,10.0,2,37.0,18.8,0.0,10.2,57.3,0.0174,115,needs_2_chain,0,2,24,7,29,"long_axis_bearing_deg = bearing of the item's LONG side in world, counter-clockwise from +X, in [0,180). Place by this, not by yaw. yaw_deg is the MuJoCo local-frame rotation and its meaning differs between bricks (long side on local X) and blocks (long side on local Y).","every bar uses the wall_10/wall_11 ArUco mounting; wall_9 is excluded (tag rotated 90 deg, 19.0 cm not 19.5)"
hard_042,hard,hmax2,block,obj_1,21.2,31.1,119.5,15.0,7.0,4.0,2,37.0,18.8,0.0,10.2,57.3,0.0174,115,needs_2_chain,0,2,24,7,29,"long_axis_bearing_deg = bearing of the item's LONG side in world, counter-clockwise from +X, in [0,180). Place by this, not by yaw. yaw_deg is the MuJoCo local-frame rotation and its meaning differs between bricks (long side on local X) and blocks (long side on local Y).","every bar uses the wall_10/wall_11 ArUco mounting; wall_9 is excluded (tag rotated 90 deg, 19.0 cm not 19.5)"
hard_043,hard,hmax2,brick,wall_10,38.9,40.4,169.6,19.5,5.5,10.0,2,39.9,6.2,0.0,37.0,70.6,0.0333,150,needs_2_chain,0,5,30,3,27,"long_axis_bearing_deg = bearing of the item's LONG side in world, counter-clockwise from +X, in [0,180). Place by this, not by yaw. yaw_deg is the MuJoCo local-frame rotation and its meaning differs between bricks (long side on local X) and blocks (long side on local Y).","every bar uses the wall_10/wall_11 ArUco mounting; wall_9 is excluded (tag rotated 90 deg, 19.0 cm not 19.5)"
hard_043,hard,hmax2,brick,wall_11,14.5,47.9,72.0,19.5,5.5,10.0,2,39.9,6.2,0.0,37.0,70.6,0.0333,150,needs_2_chain,0,5,30,3,27,"long_axis_bearing_deg = bearing of the item's LONG side in world, counter-clockwise from +X, in [0,180). Place by this, not by yaw. yaw_deg is the MuJoCo local-frame rotation and its meaning differs between bricks (long side on local X) and blocks (long side on local Y).","every bar uses the wall_10/wall_11 ArUco mounting; wall_9 is excluded (tag rotated 90 deg, 19.0 cm not 19.5)"
hard_043,hard,hmax2,block,obj_4,24.5,36.2,146.1,12.0,7.5,5.0,2,39.9,6.2,0.0,37.0,70.6,0.0333,150,needs_2_chain,0,5,30,3,27,"long_axis_bearing_deg = bearing of the item's LONG side in world, counter-clockwise from +X, in [0,180). Place by this, not by yaw. yaw_deg is the MuJoCo local-frame rotation and its meaning differs between bricks (long side on local X) and blocks (long side on local Y).","every bar uses the wall_10/wall_11 ArUco mounting; wall_9 is excluded (tag rotated 90 deg, 19.0 cm not 19.5)"
hard_044,hard,hmax2,brick,wall_10,39.1,40.2,176.1,19.5,5.5,10.0,2,11.3,25.5,0.0,37.4,63.2,0.02,150,needs_2_chain,0,3,30,6,24,"long_axis_bearing_deg = bearing of the item's LONG side in world, counter-clockwise from +X, in [0,180). Place by this, not by yaw. yaw_deg is the MuJoCo local-frame rotation and its meaning differs between bricks (long side on local X) and blocks (long side on local Y).","every bar uses the wall_10/wall_11 ArUco mounting; wall_9 is excluded (tag rotated 90 deg, 19.0 cm not 19.5)"
hard_044,hard,hmax2,brick,wall_11,14.1,52.0,74.8,19.5,5.5,10.0,2,11.3,25.5,0.0,37.4,63.2,0.02,150,needs_2_chain,0,3,30,6,24,"long_axis_bearing_deg = bearing of the item's LONG side in world, counter-clockwise from +X, in [0,180). Place by this, not by yaw. yaw_deg is the MuJoCo local-frame rotation and its meaning differs between bricks (long side on local X) and blocks (long side on local Y).","every bar uses the wall_10/wall_11 ArUco mounting; wall_9 is excluded (tag rotated 90 deg, 19.0 cm not 19.5)"
hard_044,hard,hmax2,block,obj_1,22.0,36.2,143.9,15.0,7.0,4.0,2,11.3,25.5,0.0,37.4,63.2,0.02,150,needs_2_chain,0,3,30,6,24,"long_axis_bearing_deg = bearing of the item's LONG side in world, counter-clockwise from +X, in [0,180). Place by this, not by yaw. yaw_deg is the MuJoCo local-frame rotation and its meaning differs between bricks (long side on local X) and blocks (long side on local Y).","every bar uses the wall_10/wall_11 ArUco mounting; wall_9 is excluded (tag rotated 90 deg, 19.0 cm not 19.5)"
hard_045,hard,hmax2,brick,wall_10,10.0,40.8,7.0,19.5,5.5,10.0,2,31.9,6.7,0.0,22.2,67.8,0.0333,150,needs_2_chain,0,5,30,2,28,"long_axis_bearing_deg = bearing of the item's LONG side in world, counter-clockwise from +X, in [0,180). Place by this, not by yaw. yaw_deg is the MuJoCo local-frame rotation and its meaning differs between bricks (long side on local X) and blocks (long side on local Y).","every bar uses the wall_10/wall_11 ArUco mounting; wall_9 is excluded (tag rotated 90 deg, 19.0 cm not 19.5)"
hard_045,hard,hmax2,brick,wall_11,35.8,52.1,107.0,19.5,5.5,10.0,2,31.9,6.7,0.0,22.2,67.8,0.0333,150,needs_2_chain,0,5,30,2,28,"long_axis_bearing_deg = bearing of the item's LONG side in world, counter-clockwise from +X, in [0,180). Place by this, not by yaw. yaw_deg is the MuJoCo local-frame rotation and its meaning differs between bricks (long side on local X) and blocks (long side on local Y).","every bar uses the wall_10/wall_11 ArUco mounting; wall_9 is excluded (tag rotated 90 deg, 19.0 cm not 19.5)"
hard_045,hard,hmax2,block,obj_4,26.9,38.2,52.6,12.0,7.5,5.0,2,31.9,6.7,0.0,22.2,67.8,0.0333,150,needs_2_chain,0,5,30,2,28,"long_axis_bearing_deg = bearing of the item's LONG side in world, counter-clockwise from +X, in [0,180). Place by this, not by yaw. yaw_deg is the MuJoCo local-frame rotation and its meaning differs between bricks (long side on local X) and blocks (long side on local Y).","every bar uses the wall_10/wall_11 ArUco mounting; wall_9 is excluded (tag rotated 90 deg, 19.0 cm not 19.5)"
hard_046,hard,hmax2,brick,wall_10,39.1,31.5,177.0,19.5,5.5,10.0,2,13.9,8.1,0.0,36.3,69.0,0.02,150,needs_2_chain,0,3,30,4,26,"long_axis_bearing_deg = bearing of the item's LONG side in world, counter-clockwise from +X, in [0,180). Place by this, not by yaw. yaw_deg is the MuJoCo local-frame rotation and its meaning differs between bricks (long side on local X) and blocks (long side on local Y).","every bar uses the wall_10/wall_11 ArUco mounting; wall_9 is excluded (tag rotated 90 deg, 19.0 cm not 19.5)"
hard_046,hard,hmax2,brick,wall_11,13.3,42.2,77.8,19.5,5.5,10.0,2,13.9,8.1,0.0,36.3,69.0,0.02,150,needs_2_chain,0,3,30,4,26,"long_axis_bearing_deg = bearing of the item's LONG side in world, counter-clockwise from +X, in [0,180). Place by this, not by yaw. yaw_deg is the MuJoCo local-frame rotation and its meaning differs between bricks (long side on local X) and blocks (long side on local Y).","every bar uses the wall_10/wall_11 ArUco mounting; wall_9 is excluded (tag rotated 90 deg, 19.0 cm not 19.5)"
hard_046,hard,hmax2,block,obj_1,22.5,28.4,134.9,15.0,7.0,4.0,2,13.9,8.1,0.0,36.3,69.0,0.02,150,needs_2_chain,0,3,30,4,26,"long_axis_bearing_deg = bearing of the item's LONG side in world, counter-clockwise from +X, in [0,180). Place by this, not by yaw. yaw_deg is the MuJoCo local-frame rotation and its meaning differs between bricks (long side on local X) and blocks (long side on local Y).","every bar uses the wall_10/wall_11 ArUco mounting; wall_9 is excluded (tag rotated 90 deg, 19.0 cm not 19.5)"
hard_047,hard,hmax2,brick,wall_10,23.5,36.8,155.4,19.5,5.5,10.0,2,32.6,10.1,0.0,20.2,65.3,0.0333,120,needs_2_chain,0,4,24,3,33,"long_axis_bearing_deg = bearing of the item's LONG side in world, counter-clockwise from +X, in [0,180). Place by this, not by yaw. yaw_deg is the MuJoCo local-frame rotation and its meaning differs between bricks (long side on local X) and blocks (long side on local Y).","every bar uses the wall_10/wall_11 ArUco mounting; wall_9 is excluded (tag rotated 90 deg, 19.0 cm not 19.5)"
hard_047,hard,hmax2,brick,wall_11,38.8,39.7,158.6,19.5,5.5,10.0,2,32.6,10.1,0.0,20.2,65.3,0.0333,120,needs_2_chain,0,4,24,3,33,"long_axis_bearing_deg = bearing of the item's LONG side in world, counter-clockwise from +X, in [0,180). Place by this, not by yaw. yaw_deg is the MuJoCo local-frame rotation and its meaning differs between bricks (long side on local X) and blocks (long side on local Y).","every bar uses the wall_10/wall_11 ArUco mounting; wall_9 is excluded (tag rotated 90 deg, 19.0 cm not 19.5)"
hard_047,hard,hmax2,block,obj_4,10.4,32.0,158.9,12.0,7.5,5.0,2,32.6,10.1,0.0,20.2,65.3,0.0333,120,needs_2_chain,0,4,24,3,33,"long_axis_bearing_deg = bearing of the item's LONG side in world, counter-clockwise from +X, in [0,180). Place by this, not by yaw. yaw_deg is the MuJoCo local-frame rotation and its meaning differs between bricks (long side on local X) and blocks (long side on local Y).","every bar uses the wall_10/wall_11 ArUco mounting; wall_9 is excluded (tag rotated 90 deg, 19.0 cm not 19.5)"
hard_048,hard,hmax2,brick,wall_10,10.0,36.2,5.6,19.5,5.5,10.0,2,10.7,13.9,0.0,21.2,52.0,0.02,150,needs_2_chain,0,3,30,5,25,"long_axis_bearing_deg = bearing of the item's LONG side in world, counter-clockwise from +X, in [0,180). Place by this, not by yaw. yaw_deg is the MuJoCo local-frame rotation and its meaning differs between bricks (long side on local X) and blocks (long side on local Y).","every bar uses the wall_10/wall_11 ArUco mounting; wall_9 is excluded (tag rotated 90 deg, 19.0 cm not 19.5)"
hard_048,hard,hmax2,brick,wall_11,35.2,47.5,105.6,19.5,5.5,10.0,2,10.7,13.9,0.0,21.2,52.0,0.02,150,needs_2_chain,0,3,30,5,25,"long_axis_bearing_deg = bearing of the item's LONG side in world, counter-clockwise from +X, in [0,180). Place by this, not by yaw. yaw_deg is the MuJoCo local-frame rotation and its meaning differs between bricks (long side on local X) and blocks (long side on local Y).","every bar uses the wall_10/wall_11 ArUco mounting; wall_9 is excluded (tag rotated 90 deg, 19.0 cm not 19.5)"
hard_048,hard,hmax2,block,obj_1,26.4,33.0,40.3,15.0,7.0,4.0,2,10.7,13.9,0.0,21.2,52.0,0.02,150,needs_2_chain,0,3,30,5,25,"long_axis_bearing_deg = bearing of the item's LONG side in world, counter-clockwise from +X, in [0,180). Place by this, not by yaw. yaw_deg is the MuJoCo local-frame rotation and its meaning differs between bricks (long side on local X) and blocks (long side on local Y).","every bar uses the wall_10/wall_11 ArUco mounting; wall_9 is excluded (tag rotated 90 deg, 19.0 cm not 19.5)"
hard_049,hard,hmax2,brick,wall_10,38.9,40.6,171.0,19.5,5.5,10.0,2,6.7,9.2,0.0,26.0,62.1,0.0345,145,needs_2_chain,0,5,28,5,27,"long_axis_bearing_deg = bearing of the item's LONG side in world, counter-clockwise from +X, in [0,180). Place by this, not by yaw. yaw_deg is the MuJoCo local-frame rotation and its meaning differs between bricks (long side on local X) and blocks (long side on local Y).","every bar uses the wall_10/wall_11 ArUco mounting; wall_9 is excluded (tag rotated 90 deg, 19.0 cm not 19.5)"
hard_049,hard,hmax2,brick,wall_11,13.3,48.2,76.2,19.5,5.5,10.0,2,6.7,9.2,0.0,26.0,62.1,0.0345,145,needs_2_chain,0,5,28,5,27,"long_axis_bearing_deg = bearing of the item's LONG side in world, counter-clockwise from +X, in [0,180). Place by this, not by yaw. yaw_deg is the MuJoCo local-frame rotation and its meaning differs between bricks (long side on local X) and blocks (long side on local Y).","every bar uses the wall_10/wall_11 ArUco mounting; wall_9 is excluded (tag rotated 90 deg, 19.0 cm not 19.5)"
hard_049,hard,hmax2,block,obj_4,22.3,37.5,142.6,12.0,7.5,5.0,2,6.7,9.2,0.0,26.0,62.1,0.0345,145,needs_2_chain,0,5,28,5,27,"long_axis_bearing_deg = bearing of the item's LONG side in world, counter-clockwise from +X, in [0,180). Place by this, not by yaw. yaw_deg is the MuJoCo local-frame rotation and its meaning differs between bricks (long side on local X) and blocks (long side on local Y).","every bar uses the wall_10/wall_11 ArUco mounting; wall_9 is excluded (tag rotated 90 deg, 19.0 cm not 19.5)"
hard_050,hard,hmax2,brick,wall_10,10.0,39.2,6.4,19.5,5.5,10.0,2,29.8,16.7,0.0,14.9,55.7,0.02,150,needs_2_chain,0,3,30,1,29,"long_axis_bearing_deg = bearing of the item's LONG side in world, counter-clockwise from +X, in [0,180). Place by this, not by yaw. yaw_deg is the MuJoCo local-frame rotation and its meaning differs between bricks (long side on local X) and blocks (long side on local Y).","every bar uses the wall_10/wall_11 ArUco mounting; wall_9 is excluded (tag rotated 90 deg, 19.0 cm not 19.5)"
hard_050,hard,hmax2,brick,wall_11,33.9,50.6,110.0,19.5,5.5,10.0,2,29.8,16.7,0.0,14.9,55.7,0.02,150,needs_2_chain,0,3,30,1,29,"long_axis_bearing_deg = bearing of the item's LONG side in world, counter-clockwise from +X, in [0,180). Place by this, not by yaw. yaw_deg is the MuJoCo local-frame rotation and its meaning differs between bricks (long side on local X) and blocks (long side on local Y).","every bar uses the wall_10/wall_11 ArUco mounting; wall_9 is excluded (tag rotated 90 deg, 19.0 cm not 19.5)"
hard_050,hard,hmax2,block,obj_1,30.7,36.3,151.7,15.0,7.0,4.0,2,29.8,16.7,0.0,14.9,55.7,0.02,150,needs_2_chain,0,3,30,1,29,"long_axis_bearing_deg = bearing of the item's LONG side in world, counter-clockwise from +X, in [0,180). Place by this, not by yaw. yaw_deg is the MuJoCo local-frame rotation and its meaning differs between bricks (long side on local X) and blocks (long side on local Y).","every bar uses the wall_10/wall_11 ArUco mounting; wall_9 is excluded (tag rotated 90 deg, 19.0 cm not 19.5)"
hard_051,hard,hmax2,brick,wall_10,39.1,31.8,3.1,19.5,5.5,10.0,2,34.7,19.8,0.0,10.2,61.0,0.0348,115,needs_2_chain,0,4,23,6,31,"long_axis_bearing_deg = bearing of the item's LONG side in world, counter-clockwise from +X, in [0,180). Place by this, not by yaw. yaw_deg is the MuJoCo local-frame rotation and its meaning differs between bricks (long side on local X) and blocks (long side on local Y).","every bar uses the wall_10/wall_11 ArUco mounting; wall_9 is excluded (tag rotated 90 deg, 19.0 cm not 19.5)"
hard_051,hard,hmax2,brick,wall_11,13.4,38.4,70.6,19.5,5.5,10.0,2,34.7,19.8,0.0,10.2,61.0,0.0348,115,needs_2_chain,0,4,23,6,31,"long_axis_bearing_deg = bearing of the item's LONG side in world, counter-clockwise from +X, in [0,180). Place by this, not by yaw. yaw_deg is the MuJoCo local-frame rotation and its meaning differs between bricks (long side on local X) and blocks (long side on local Y).","every bar uses the wall_10/wall_11 ArUco mounting; wall_9 is excluded (tag rotated 90 deg, 19.0 cm not 19.5)"
hard_051,hard,hmax2,block,obj_4,21.5,27.8,20.0,12.0,7.5,5.0,2,34.7,19.8,0.0,10.2,61.0,0.0348,115,needs_2_chain,0,4,23,6,31,"long_axis_bearing_deg = bearing of the item's LONG side in world, counter-clockwise from +X, in [0,180). Place by this, not by yaw. yaw_deg is the MuJoCo local-frame rotation and its meaning differs between bricks (long side on local X) and blocks (long side on local Y).","every bar uses the wall_10/wall_11 ArUco mounting; wall_9 is excluded (tag rotated 90 deg, 19.0 cm not 19.5)"
hard_052,hard,hmax2,brick,wall_10,39.0,34.5,5.3,19.5,5.5,10.0,2,28.3,9.4,0.0,9.2,69.7,0.0214,140,needs_2_chain,0,3,27,3,30,"long_axis_bearing_deg = bearing of the item's LONG side in world, counter-clockwise from +X, in [0,180). Place by this, not by yaw. yaw_deg is the MuJoCo local-frame rotation and its meaning differs between bricks (long side on local X) and blocks (long side on local Y).","every bar uses the wall_10/wall_11 ArUco mounting; wall_9 is excluded (tag rotated 90 deg, 19.0 cm not 19.5)"
hard_052,hard,hmax2,brick,wall_11,13.4,43.1,75.8,19.5,5.5,10.0,2,28.3,9.4,0.0,9.2,69.7,0.0214,140,needs_2_chain,0,3,27,3,30,"long_axis_bearing_deg = bearing of the item's LONG side in world, counter-clockwise from +X, in [0,180). Place by this, not by yaw. yaw_deg is the MuJoCo local-frame rotation and its meaning differs between bricks (long side on local X) and blocks (long side on local Y).","every bar uses the wall_10/wall_11 ArUco mounting; wall_9 is excluded (tag rotated 90 deg, 19.0 cm not 19.5)"
hard_052,hard,hmax2,block,obj_1,23.6,30.6,134.8,15.0,7.0,4.0,2,28.3,9.4,0.0,9.2,69.7,0.0214,140,needs_2_chain,0,3,27,3,30,"long_axis_bearing_deg = bearing of the item's LONG side in world, counter-clockwise from +X, in [0,180). Place by this, not by yaw. yaw_deg is the MuJoCo local-frame rotation and its meaning differs between bricks (long side on local X) and blocks (long side on local Y).","every bar uses the wall_10/wall_11 ArUco mounting; wall_9 is excluded (tag rotated 90 deg, 19.0 cm not 19.5)"
hard_053,hard,hmax2,brick,wall_10,12.3,41.6,169.6,19.5,5.5,10.0,2,15.7,28.7,0.0,20.5,62.2,0.0385,130,needs_2_chain,0,5,26,7,27,"long_axis_bearing_deg = bearing of the item's LONG side in world, counter-clockwise from +X, in [0,180). Place by this, not by yaw. yaw_deg is the MuJoCo local-frame rotation and its meaning differs between bricks (long side on local X) and blocks (long side on local Y).","every bar uses the wall_10/wall_11 ArUco mounting; wall_9 is excluded (tag rotated 90 deg, 19.0 cm not 19.5)"
hard_053,hard,hmax2,brick,wall_11,25.8,51.2,163.0,19.5,5.5,10.0,2,15.7,28.7,0.0,20.5,62.2,0.0385,130,needs_2_chain,0,5,26,7,27,"long_axis_bearing_deg = bearing of the item's LONG side in world, counter-clockwise from +X, in [0,180). Place by this, not by yaw. yaw_deg is the MuJoCo local-frame rotation and its meaning differs between bricks (long side on local X) and blocks (long side on local Y).","every bar uses the wall_10/wall_11 ArUco mounting; wall_9 is excluded (tag rotated 90 deg, 19.0 cm not 19.5)"
hard_053,hard,hmax2,block,obj_4,38.2,40.2,119.6,12.0,7.5,5.0,2,15.7,28.7,0.0,20.5,62.2,0.0385,130,needs_2_chain,0,5,26,7,27,"long_axis_bearing_deg = bearing of the item's LONG side in world, counter-clockwise from +X, in [0,180). Place by this, not by yaw. yaw_deg is the MuJoCo local-frame rotation and its meaning differs between bricks (long side on local X) and blocks (long side on local Y).","every bar uses the wall_10/wall_11 ArUco mounting; wall_9 is excluded (tag rotated 90 deg, 19.0 cm not 19.5)"
hard_054,hard,hmax2,brick,wall_10,13.4,27.9,32.9,19.5,5.5,10.0,2,25.0,17.9,0.0,27.9,46.7,0.0231,130,needs_2_chain,0,3,26,1,33,"long_axis_bearing_deg = bearing of the item's LONG side in world, counter-clockwise from +X, in [0,180). Place by this, not by yaw. yaw_deg is the MuJoCo local-frame rotation and its meaning differs between bricks (long side on local X) and blocks (long side on local Y).","every bar uses the wall_10/wall_11 ArUco mounting; wall_9 is excluded (tag rotated 90 deg, 19.0 cm not 19.5)"
hard_054,hard,hmax2,brick,wall_11,25.4,38.4,172.5,19.5,5.5,10.0,2,25.0,17.9,0.0,27.9,46.7,0.0231,130,needs_2_chain,0,3,26,1,33,"long_axis_bearing_deg = bearing of the item's LONG side in world, counter-clockwise from +X, in [0,180). Place by this, not by yaw. yaw_deg is the MuJoCo local-frame rotation and its meaning differs between bricks (long side on local X) and blocks (long side on local Y).","every bar uses the wall_10/wall_11 ArUco mounting; wall_9 is excluded (tag rotated 90 deg, 19.0 cm not 19.5)"
hard_054,hard,hmax2,block,obj_1,34.8,28.0,18.9,15.0,7.0,4.0,2,25.0,17.9,0.0,27.9,46.7,0.0231,130,needs_2_chain,0,3,26,1,33,"long_axis_bearing_deg = bearing of the item's LONG side in world, counter-clockwise from +X, in [0,180). Place by this, not by yaw. yaw_deg is the MuJoCo local-frame rotation and its meaning differs between bricks (long side on local X) and blocks (long side on local Y).","every bar uses the wall_10/wall_11 ArUco mounting; wall_9 is excluded (tag rotated 90 deg, 19.0 cm not 19.5)"
hard_055,hard,hmax2,brick,wall_10,39.1,42.4,3.8,19.5,5.5,10.0,2,8.7,30.9,0.0,33.8,59.7,0.04,150,needs_2_chain,0,6,30,2,28,"long_axis_bearing_deg = bearing of the item's LONG side in world, counter-clockwise from +X, in [0,180). Place by this, not by yaw. yaw_deg is the MuJoCo local-frame rotation and its meaning differs between bricks (long side on local X) and blocks (long side on local Y).","every bar uses the wall_10/wall_11 ArUco mounting; wall_9 is excluded (tag rotated 90 deg, 19.0 cm not 19.5)"
hard_055,hard,hmax2,brick,wall_11,14.2,52.6,71.9,19.5,5.5,10.0,2,8.7,30.9,0.0,33.8,59.7,0.04,150,needs_2_chain,0,6,30,2,28,"long_axis_bearing_deg = bearing of the item's LONG side in world, counter-clockwise from +X, in [0,180). Place by this, not by yaw. yaw_deg is the MuJoCo local-frame rotation and its meaning differs between bricks (long side on local X) and blocks (long side on local Y).","every bar uses the wall_10/wall_11 ArUco mounting; wall_9 is excluded (tag rotated 90 deg, 19.0 cm not 19.5)"
hard_055,hard,hmax2,block,obj_4,23.2,39.4,132.1,12.0,7.5,5.0,2,8.7,30.9,0.0,33.8,59.7,0.04,150,needs_2_chain,0,6,30,2,28,"long_axis_bearing_deg = bearing of the item's LONG side in world, counter-clockwise from +X, in [0,180). Place by this, not by yaw. yaw_deg is the MuJoCo local-frame rotation and its meaning differs between bricks (long side on local X) and blocks (long side on local Y).","every bar uses the wall_10/wall_11 ArUco mounting; wall_9 is excluded (tag rotated 90 deg, 19.0 cm not 19.5)"
hard_056,hard,hmax2,brick,wall_10,10.9,51.6,40.1,19.5,5.5,10.0,2,26.5,13.0,0.0,33.8,63.5,0.0231,130,needs_2_chain,0,3,26,5,29,"long_axis_bearing_deg = bearing of the item's LONG side in world, counter-clockwise from +X, in [0,180). Place by this, not by yaw. yaw_deg is the MuJoCo local-frame rotation and its meaning differs between bricks (long side on local X) and blocks (long side on local Y).","every bar uses the wall_10/wall_11 ArUco mounting; wall_9 is excluded (tag rotated 90 deg, 19.0 cm not 19.5)"
hard_056,hard,hmax2,brick,wall_11,36.3,39.0,159.6,19.5,5.5,10.0,2,26.5,13.0,0.0,33.8,63.5,0.0231,130,needs_2_chain,0,3,26,5,29,"long_axis_bearing_deg = bearing of the item's LONG side in world, counter-clockwise from +X, in [0,180). Place by this, not by yaw. yaw_deg is the MuJoCo local-frame rotation and its meaning differs between bricks (long side on local X) and blocks (long side on local Y).","every bar uses the wall_10/wall_11 ArUco mounting; wall_9 is excluded (tag rotated 90 deg, 19.0 cm not 19.5)"
hard_056,hard,hmax2,block,obj_1,17.9,42.8,122.0,15.0,7.0,4.0,2,26.5,13.0,0.0,33.8,63.5,0.0231,130,needs_2_chain,0,3,26,5,29,"long_axis_bearing_deg = bearing of the item's LONG side in world, counter-clockwise from +X, in [0,180). Place by this, not by yaw. yaw_deg is the MuJoCo local-frame rotation and its meaning differs between bricks (long side on local X) and blocks (long side on local Y).","every bar uses the wall_10/wall_11 ArUco mounting; wall_9 is excluded (tag rotated 90 deg, 19.0 cm not 19.5)"
hard_057,hard,hmax2,brick,wall_10,39.2,44.5,2.2,19.5,5.5,10.0,2,27.9,21.6,0.0,33.5,66.3,0.04,150,needs_2_chain,0,6,30,4,26,"long_axis_bearing_deg = bearing of the item's LONG side in world, counter-clockwise from +X, in [0,180). Place by this, not by yaw. yaw_deg is the MuJoCo local-frame rotation and its meaning differs between bricks (long side on local X) and blocks (long side on local Y).","every bar uses the wall_10/wall_11 ArUco mounting; wall_9 is excluded (tag rotated 90 deg, 19.0 cm not 19.5)"
hard_057,hard,hmax2,brick,wall_11,13.5,52.3,71.7,19.5,5.5,10.0,2,27.9,21.6,0.0,33.5,66.3,0.04,150,needs_2_chain,0,6,30,4,26,"long_axis_bearing_deg = bearing of the item's LONG side in world, counter-clockwise from +X, in [0,180). Place by this, not by yaw. yaw_deg is the MuJoCo local-frame rotation and its meaning differs between bricks (long side on local X) and blocks (long side on local Y).","every bar uses the wall_10/wall_11 ArUco mounting; wall_9 is excluded (tag rotated 90 deg, 19.0 cm not 19.5)"
hard_057,hard,hmax2,block,obj_4,23.1,40.1,144.4,12.0,7.5,5.0,2,27.9,21.6,0.0,33.5,66.3,0.04,150,needs_2_chain,0,6,30,4,26,"long_axis_bearing_deg = bearing of the item's LONG side in world, counter-clockwise from +X, in [0,180). Place by this, not by yaw. yaw_deg is the MuJoCo local-frame rotation and its meaning differs between bricks (long side on local X) and blocks (long side on local Y).","every bar uses the wall_10/wall_11 ArUco mounting; wall_9 is excluded (tag rotated 90 deg, 19.0 cm not 19.5)"
hard_058,hard,hmax2,brick,wall_10,12.0,34.3,140.1,19.5,5.5,10.0,2,6.5,7.3,0.0,16.5,70.4,0.025,120,needs_2_chain,0,3,24,6,30,"long_axis_bearing_deg = bearing of the item's LONG side in world, counter-clockwise from +X, in [0,180). Place by this, not by yaw. yaw_deg is the MuJoCo local-frame rotation and its meaning differs between bricks (long side on local X) and blocks (long side on local Y).","every bar uses the wall_10/wall_11 ArUco mounting; wall_9 is excluded (tag rotated 90 deg, 19.0 cm not 19.5)"
hard_058,hard,hmax2,brick,wall_11,22.5,38.0,162.3,19.5,5.5,10.0,2,6.5,7.3,0.0,16.5,70.4,0.025,120,needs_2_chain,0,3,24,6,30,"long_axis_bearing_deg = bearing of the item's LONG side in world, counter-clockwise from +X, in [0,180). Place by this, not by yaw. yaw_deg is the MuJoCo local-frame rotation and its meaning differs between bricks (long side on local X) and blocks (long side on local Y).","every bar uses the wall_10/wall_11 ArUco mounting; wall_9 is excluded (tag rotated 90 deg, 19.0 cm not 19.5)"
hard_058,hard,hmax2,block,obj_1,39.4,29.2,29.5,15.0,7.0,4.0,2,6.5,7.3,0.0,16.5,70.4,0.025,120,needs_2_chain,0,3,24,6,30,"long_axis_bearing_deg = bearing of the item's LONG side in world, counter-clockwise from +X, in [0,180). Place by this, not by yaw. yaw_deg is the MuJoCo local-frame rotation and its meaning differs between bricks (long side on local X) and blocks (long side on local Y).","every bar uses the wall_10/wall_11 ArUco mounting; wall_9 is excluded (tag rotated 90 deg, 19.0 cm not 19.5)"
hard_059,hard,hmax2,brick,wall_10,24.5,36.1,176.3,19.5,5.5,10.0,2,42.8,6.3,0.0,6.7,63.0,0.04,125,needs_2_chain,0,5,25,3,32,"long_axis_bearing_deg = bearing of the item's LONG side in world, counter-clockwise from +X, in [0,180). Place by this, not by yaw. yaw_deg is the MuJoCo local-frame rotation and its meaning differs between bricks (long side on local X) and blocks (long side on local Y).","every bar uses the wall_10/wall_11 ArUco mounting; wall_9 is excluded (tag rotated 90 deg, 19.0 cm not 19.5)"
hard_059,hard,hmax2,brick,wall_11,35.3,28.5,12.3,19.5,5.5,10.0,2,42.8,6.3,0.0,6.7,63.0,0.04,125,needs_2_chain,0,5,25,3,32,"long_axis_bearing_deg = bearing of the item's LONG side in world, counter-clockwise from +X, in [0,180). Place by this, not by yaw. yaw_deg is the MuJoCo local-frame rotation and its meaning differs between bricks (long side on local X) and blocks (long side on local Y).","every bar uses the wall_10/wall_11 ArUco mounting; wall_9 is excluded (tag rotated 90 deg, 19.0 cm not 19.5)"
hard_059,hard,hmax2,block,obj_4,11.0,28.0,154.8,12.0,7.5,5.0,2,42.8,6.3,0.0,6.7,63.0,0.04,125,needs_2_chain,0,5,25,3,32,"long_axis_bearing_deg = bearing of the item's LONG side in world, counter-clockwise from +X, in [0,180). Place by this, not by yaw. yaw_deg is the MuJoCo local-frame rotation and its meaning differs between bricks (long side on local X) and blocks (long side on local Y).","every bar uses the wall_10/wall_11 ArUco mounting; wall_9 is excluded (tag rotated 90 deg, 19.0 cm not 19.5)"
hard_060,hard,hmax2,brick,wall_10,26.0,41.1,25.9,19.5,5.5,10.0,2,23.2,8.7,0.0,23.9,49.5,0.025,120,needs_2_chain,0,3,24,3,33,"long_axis_bearing_deg = bearing of the item's LONG side in world, counter-clockwise from +X, in [0,180). Place by this, not by yaw. yaw_deg is the MuJoCo local-frame rotation and its meaning differs between bricks (long side on local X) and blocks (long side on local Y).","every bar uses the wall_10/wall_11 ArUco mounting; wall_9 is excluded (tag rotated 90 deg, 19.0 cm not 19.5)"
hard_060,hard,hmax2,brick,wall_11,36.0,33.3,6.3,19.5,5.5,10.0,2,23.2,8.7,0.0,23.9,49.5,0.025,120,needs_2_chain,0,3,24,3,33,"long_axis_bearing_deg = bearing of the item's LONG side in world, counter-clockwise from +X, in [0,180). Place by this, not by yaw. yaw_deg is the MuJoCo local-frame rotation and its meaning differs between bricks (long side on local X) and blocks (long side on local Y).","every bar uses the wall_10/wall_11 ArUco mounting; wall_9 is excluded (tag rotated 90 deg, 19.0 cm not 19.5)"
hard_060,hard,hmax2,block,obj_1,10.3,31.5,143.6,15.0,7.0,4.0,2,23.2,8.7,0.0,23.9,49.5,0.025,120,needs_2_chain,0,3,24,3,33,"long_axis_bearing_deg = bearing of the item's LONG side in world, counter-clockwise from +X, in [0,180). Place by this, not by yaw. yaw_deg is the MuJoCo local-frame rotation and its meaning differs between bricks (long side on local X) and blocks (long side on local Y).","every bar uses the wall_10/wall_11 ArUco mounting; wall_9 is excluded (tag rotated 90 deg, 19.0 cm not 19.5)"
hard_061,hard,hmax2,brick,wall_10,24.2,50.4,5.0,19.5,5.5,10.0,2,21.3,31.5,0.0,36.3,61.7,0.04,125,needs_2_chain,0,5,24,6,30,"long_axis_bearing_deg = bearing of the item's LONG side in world, counter-clockwise from +X, in [0,180). Place by this, not by yaw. yaw_deg is the MuJoCo local-frame rotation and its meaning differs between bricks (long side on local X) and blocks (long side on local Y).","every bar uses the wall_10/wall_11 ArUco mounting; wall_9 is excluded (tag rotated 90 deg, 19.0 cm not 19.5)"
hard_061,hard,hmax2,brick,wall_11,37.4,40.3,25.7,19.5,5.5,10.0,2,21.3,31.5,0.0,36.3,61.7,0.04,125,needs_2_chain,0,5,24,6,30,"long_axis_bearing_deg = bearing of the item's LONG side in world, counter-clockwise from +X, in [0,180). Place by this, not by yaw. yaw_deg is the MuJoCo local-frame rotation and its meaning differs between bricks (long side on local X) and blocks (long side on local Y).","every bar uses the wall_10/wall_11 ArUco mounting; wall_9 is excluded (tag rotated 90 deg, 19.0 cm not 19.5)"
hard_061,hard,hmax2,block,obj_4,10.2,41.2,130.5,12.0,7.5,5.0,2,21.3,31.5,0.0,36.3,61.7,0.04,125,needs_2_chain,0,5,24,6,30,"long_axis_bearing_deg = bearing of the item's LONG side in world, counter-clockwise from +X, in [0,180). Place by this, not by yaw. yaw_deg is the MuJoCo local-frame rotation and its meaning differs between bricks (long side on local X) and blocks (long side on local Y).","every bar uses the wall_10/wall_11 ArUco mounting; wall_9 is excluded (tag rotated 90 deg, 19.0 cm not 19.5)"
hard_062,hard,hmax2,brick,wall_10,12.8,34.4,153.4,19.5,5.5,10.0,2,11.7,7.2,0.0,11.9,69.1,0.025,120,needs_2_chain,0,3,24,3,33,"long_axis_bearing_deg = bearing of the item's LONG side in world, counter-clockwise from +X, in [0,180). Place by this, not by yaw. yaw_deg is the MuJoCo local-frame rotation and its meaning differs between bricks (long side on local X) and blocks (long side on local Y).","every bar uses the wall_10/wall_11 ArUco mounting; wall_9 is excluded (tag rotated 90 deg, 19.0 cm not 19.5)"
hard_062,hard,hmax2,brick,wall_11,37.8,40.5,139.3,19.5,5.5,10.0,2,11.7,7.2,0.0,11.9,69.1,0.025,120,needs_2_chain,0,3,24,3,33,"long_axis_bearing_deg = bearing of the item's LONG side in world, counter-clockwise from +X, in [0,180). Place by this, not by yaw. yaw_deg is the MuJoCo local-frame rotation and its meaning differs between bricks (long side on local X) and blocks (long side on local Y).","every bar uses the wall_10/wall_11 ArUco mounting; wall_9 is excluded (tag rotated 90 deg, 19.0 cm not 19.5)"
hard_062,hard,hmax2,block,obj_1,31.8,30.4,86.2,15.0,7.0,4.0,2,11.7,7.2,0.0,11.9,69.1,0.025,120,needs_2_chain,0,3,24,3,33,"long_axis_bearing_deg = bearing of the item's LONG side in world, counter-clockwise from +X, in [0,180). Place by this, not by yaw. yaw_deg is the MuJoCo local-frame rotation and its meaning differs between bricks (long side on local X) and blocks (long side on local Y).","every bar uses the wall_10/wall_11 ArUco mounting; wall_9 is excluded (tag rotated 90 deg, 19.0 cm not 19.5)"
hard_063,hard,hmax2,brick,wall_10,39.2,31.8,179.0,19.5,5.5,10.0,2,12.1,8.7,0.0,35.4,69.2,0.04,150,needs_2_chain,0,6,30,1,29,"long_axis_bearing_deg = bearing of the item's LONG side in world, counter-clockwise from +X, in [0,180). Place by this, not by yaw. yaw_deg is the MuJoCo local-frame rotation and its meaning differs between bricks (long side on local X) and blocks (long side on local Y).","every bar uses the wall_10/wall_11 ArUco mounting; wall_9 is excluded (tag rotated 90 deg, 19.0 cm not 19.5)"
hard_063,hard,hmax2,brick,wall_11,13.5,41.6,75.4,19.5,5.5,10.0,2,12.1,8.7,0.0,35.4,69.2,0.04,150,needs_2_chain,0,6,30,1,29,"long_axis_bearing_deg = bearing of the item's LONG side in world, counter-clockwise from +X, in [0,180). Place by this, not by yaw. yaw_deg is the MuJoCo local-frame rotation and its meaning differs between bricks (long side on local X) and blocks (long side on local Y).","every bar uses the wall_10/wall_11 ArUco mounting; wall_9 is excluded (tag rotated 90 deg, 19.0 cm not 19.5)"
hard_063,hard,hmax2,block,obj_4,24.6,27.4,141.6,12.0,7.5,5.0,2,12.1,8.7,0.0,35.4,69.2,0.04,150,needs_2_chain,0,6,30,1,29,"long_axis_bearing_deg = bearing of the item's LONG side in world, counter-clockwise from +X, in [0,180). Place by this, not by yaw. yaw_deg is the MuJoCo local-frame rotation and its meaning differs between bricks (long side on local X) and blocks (long side on local Y).","every bar uses the wall_10/wall_11 ArUco mounting; wall_9 is excluded (tag rotated 90 deg, 19.0 cm not 19.5)"
hard_064,hard,hmax2,brick,wall_10,10.6,42.6,137.7,19.5,5.5,10.0,2,18.9,26.0,0.0,17.9,59.9,0.025,120,needs_2_chain,0,3,24,4,32,"long_axis_bearing_deg = bearing of the item's LONG side in world, counter-clockwise from +X, in [0,180). Place by this, not by yaw. yaw_deg is the MuJoCo local-frame rotation and its meaning differs between bricks (long side on local X) and blocks (long side on local Y).","every bar uses the wall_10/wall_11 ArUco mounting; wall_9 is excluded (tag rotated 90 deg, 19.0 cm not 19.5)"
hard_064,hard,hmax2,brick,wall_11,24.6,44.8,152.9,19.5,5.5,10.0,2,18.9,26.0,0.0,17.9,59.9,0.025,120,needs_2_chain,0,3,24,4,32,"long_axis_bearing_deg = bearing of the item's LONG side in world, counter-clockwise from +X, in [0,180). Place by this, not by yaw. yaw_deg is the MuJoCo local-frame rotation and its meaning differs between bricks (long side on local X) and blocks (long side on local Y).","every bar uses the wall_10/wall_11 ArUco mounting; wall_9 is excluded (tag rotated 90 deg, 19.0 cm not 19.5)"
hard_064,hard,hmax2,block,obj_1,38.9,37.1,38.5,15.0,7.0,4.0,2,18.9,26.0,0.0,17.9,59.9,0.025,120,needs_2_chain,0,3,24,4,32,"long_axis_bearing_deg = bearing of the item's LONG side in world, counter-clockwise from +X, in [0,180). Place by this, not by yaw. yaw_deg is the MuJoCo local-frame rotation and its meaning differs between bricks (long side on local X) and blocks (long side on local Y).","every bar uses the wall_10/wall_11 ArUco mounting; wall_9 is excluded (tag rotated 90 deg, 19.0 cm not 19.5)"
hard_065,hard,hmax2,brick,wall_10,11.8,46.3,30.0,19.5,5.5,10.0,2,18.7,11.6,0.0,42.4,58.4,0.0417,120,needs_2_chain,0,5,24,5,31,"long_axis_bearing_deg = bearing of the item's LONG side in world, counter-clockwise from +X, in [0,180). Place by this, not by yaw. yaw_deg is the MuJoCo local-frame rotation and its meaning differs between bricks (long side on local X) and blocks (long side on local Y).","every bar uses the wall_10/wall_11 ArUco mounting; wall_9 is excluded (tag rotated 90 deg, 19.0 cm not 19.5)"
hard_065,hard,hmax2,brick,wall_11,25.7,44.4,24.1,19.5,5.5,10.0,2,18.7,11.6,0.0,42.4,58.4,0.0417,120,needs_2_chain,0,5,24,5,31,"long_axis_bearing_deg = bearing of the item's LONG side in world, counter-clockwise from +X, in [0,180). Place by this, not by yaw. yaw_deg is the MuJoCo local-frame rotation and its meaning differs between bricks (long side on local X) and blocks (long side on local Y).","every bar uses the wall_10/wall_11 ArUco mounting; wall_9 is excluded (tag rotated 90 deg, 19.0 cm not 19.5)"
hard_065,hard,hmax2,block,obj_4,39.7,39.0,18.6,12.0,7.5,5.0,2,18.7,11.6,0.0,42.4,58.4,0.0417,120,needs_2_chain,0,5,24,5,31,"long_axis_bearing_deg = bearing of the item's LONG side in world, counter-clockwise from +X, in [0,180). Place by this, not by yaw. yaw_deg is the MuJoCo local-frame rotation and its meaning differs between bricks (long side on local X) and blocks (long side on local Y).","every bar uses the wall_10/wall_11 ArUco mounting; wall_9 is excluded (tag rotated 90 deg, 19.0 cm not 19.5)"
hard_066,hard,hmax2,brick,wall_10,10.3,37.8,53.4,19.5,5.5,10.0,2,18.3,21.0,0.0,25.3,68.5,0.025,120,needs_2_chain,0,3,24,6,30,"long_axis_bearing_deg = bearing of the item's LONG side in world, counter-clockwise from +X, in [0,180). Place by this, not by yaw. yaw_deg is the MuJoCo local-frame rotation and its meaning differs between bricks (long side on local X) and blocks (long side on local Y).","every bar uses the wall_10/wall_11 ArUco mounting; wall_9 is excluded (tag rotated 90 deg, 19.0 cm not 19.5)"
hard_066,hard,hmax2,brick,wall_11,23.6,37.1,21.1,19.5,5.5,10.0,2,18.3,21.0,0.0,25.3,68.5,0.025,120,needs_2_chain,0,3,24,6,30,"long_axis_bearing_deg = bearing of the item's LONG side in world, counter-clockwise from +X, in [0,180). Place by this, not by yaw. yaw_deg is the MuJoCo local-frame rotation and its meaning differs between bricks (long side on local X) and blocks (long side on local Y).","every bar uses the wall_10/wall_11 ArUco mounting; wall_9 is excluded (tag rotated 90 deg, 19.0 cm not 19.5)"
hard_066,hard,hmax2,block,obj_1,38.2,36.1,43.8,15.0,7.0,4.0,2,18.3,21.0,0.0,25.3,68.5,0.025,120,needs_2_chain,0,3,24,6,30,"long_axis_bearing_deg = bearing of the item's LONG side in world, counter-clockwise from +X, in [0,180). Place by this, not by yaw. yaw_deg is the MuJoCo local-frame rotation and its meaning differs between bricks (long side on local X) and blocks (long side on local Y).","every bar uses the wall_10/wall_11 ArUco mounting; wall_9 is excluded (tag rotated 90 deg, 19.0 cm not 19.5)"
hard_067,hard,hmax2,brick,wall_10,10.8,42.9,51.9,19.5,5.5,10.0,2,13.7,11.9,0.0,20.1,63.1,0.0435,115,needs_2_chain,0,5,24,1,35,"long_axis_bearing_deg = bearing of the item's LONG side in world, counter-clockwise from +X, in [0,180). Place by this, not by yaw. yaw_deg is the MuJoCo local-frame rotation and its meaning differs between bricks (long side on local X) and blocks (long side on local Y).","every bar uses the wall_10/wall_11 ArUco mounting; wall_9 is excluded (tag rotated 90 deg, 19.0 cm not 19.5)"
hard_067,hard,hmax2,brick,wall_11,37.5,34.0,165.0,19.5,5.5,10.0,2,13.7,11.9,0.0,20.1,63.1,0.0435,115,needs_2_chain,0,5,24,1,35,"long_axis_bearing_deg = bearing of the item's LONG side in world, counter-clockwise from +X, in [0,180). Place by this, not by yaw. yaw_deg is the MuJoCo local-frame rotation and its meaning differs between bricks (long side on local X) and blocks (long side on local Y).","every bar uses the wall_10/wall_11 ArUco mounting; wall_9 is excluded (tag rotated 90 deg, 19.0 cm not 19.5)"
hard_067,hard,hmax2,block,obj_4,20.6,36.0,110.7,12.0,7.5,5.0,2,13.7,11.9,0.0,20.1,63.1,0.0435,115,needs_2_chain,0,5,24,1,35,"long_axis_bearing_deg = bearing of the item's LONG side in world, counter-clockwise from +X, in [0,180). Place by this, not by yaw. yaw_deg is the MuJoCo local-frame rotation and its meaning differs between bricks (long side on local X) and blocks (long side on local Y).","every bar uses the wall_10/wall_11 ArUco mounting; wall_9 is excluded (tag rotated 90 deg, 19.0 cm not 19.5)"
hard_068,hard,hmax2,brick,wall_10,10.0,32.4,6.1,19.5,5.5,10.0,2,10.7,12.0,0.0,8.3,67.2,0.0267,150,needs_2_chain,0,4,30,4,26,"long_axis_bearing_deg = bearing of the item's LONG side in world, counter-clockwise from +X, in [0,180). Place by this, not by yaw. yaw_deg is the MuJoCo local-frame rotation and its meaning differs between bricks (long side on local X) and blocks (long side on local Y).","every bar uses the wall_10/wall_11 ArUco mounting; wall_9 is excluded (tag rotated 90 deg, 19.0 cm not 19.5)"
hard_068,hard,hmax2,brick,wall_11,35.3,42.8,104.3,19.5,5.5,10.0,2,10.7,12.0,0.0,8.3,67.2,0.0267,150,needs_2_chain,0,4,30,4,26,"long_axis_bearing_deg = bearing of the item's LONG side in world, counter-clockwise from +X, in [0,180). Place by this, not by yaw. yaw_deg is the MuJoCo local-frame rotation and its meaning differs between bricks (long side on local X) and blocks (long side on local Y).","every bar uses the wall_10/wall_11 ArUco mounting; wall_9 is excluded (tag rotated 90 deg, 19.0 cm not 19.5)"
hard_068,hard,hmax2,block,obj_1,30.1,28.2,155.8,15.0,7.0,4.0,2,10.7,12.0,0.0,8.3,67.2,0.0267,150,needs_2_chain,0,4,30,4,26,"long_axis_bearing_deg = bearing of the item's LONG side in world, counter-clockwise from +X, in [0,180). Place by this, not by yaw. yaw_deg is the MuJoCo local-frame rotation and its meaning differs between bricks (long side on local X) and blocks (long side on local Y).","every bar uses the wall_10/wall_11 ArUco mounting; wall_9 is excluded (tag rotated 90 deg, 19.0 cm not 19.5)"
hard_069,hard,hmax2,brick,wall_10,10.0,37.0,6.8,19.5,5.5,10.0,2,30.8,19.8,0.0,28.4,63.3,0.0462,130,needs_2_chain,0,6,27,7,26,"long_axis_bearing_deg = bearing of the item's LONG side in world, counter-clockwise from +X, in [0,180). Place by this, not by yaw. yaw_deg is the MuJoCo local-frame rotation and its meaning differs between bricks (long side on local X) and blocks (long side on local Y).","every bar uses the wall_10/wall_11 ArUco mounting; wall_9 is excluded (tag rotated 90 deg, 19.0 cm not 19.5)"
hard_069,hard,hmax2,brick,wall_11,35.3,47.1,102.8,19.5,5.5,10.0,2,30.8,19.8,0.0,28.4,63.3,0.0462,130,needs_2_chain,0,6,27,7,26,"long_axis_bearing_deg = bearing of the item's LONG side in world, counter-clockwise from +X, in [0,180). Place by this, not by yaw. yaw_deg is the MuJoCo local-frame rotation and its meaning differs between bricks (long side on local X) and blocks (long side on local Y).","every bar uses the wall_10/wall_11 ArUco mounting; wall_9 is excluded (tag rotated 90 deg, 19.0 cm not 19.5)"
hard_069,hard,hmax2,block,obj_4,28.4,33.6,169.8,12.0,7.5,5.0,2,30.8,19.8,0.0,28.4,63.3,0.0462,130,needs_2_chain,0,6,27,7,26,"long_axis_bearing_deg = bearing of the item's LONG side in world, counter-clockwise from +X, in [0,180). Place by this, not by yaw. yaw_deg is the MuJoCo local-frame rotation and its meaning differs between bricks (long side on local X) and blocks (long side on local Y).","every bar uses the wall_10/wall_11 ArUco mounting; wall_9 is excluded (tag rotated 90 deg, 19.0 cm not 19.5)"
hard_070,hard,hmax2,brick,wall_10,39.1,30.9,176.9,19.5,5.5,10.0,2,21.6,11.5,0.0,29.3,62.5,0.0267,150,needs_2_chain,0,4,30,5,25,"long_axis_bearing_deg = bearing of the item's LONG side in world, counter-clockwise from +X, in [0,180). Place by this, not by yaw. yaw_deg is the MuJoCo local-frame rotation and its meaning differs between bricks (long side on local X) and blocks (long side on local Y).","every bar uses the wall_10/wall_11 ArUco mounting; wall_9 is excluded (tag rotated 90 deg, 19.0 cm not 19.5)"
hard_070,hard,hmax2,brick,wall_11,14.0,41.2,70.6,19.5,5.5,10.0,2,21.6,11.5,0.0,29.3,62.5,0.0267,150,needs_2_chain,0,4,30,5,25,"long_axis_bearing_deg = bearing of the item's LONG side in world, counter-clockwise from +X, in [0,180). Place by this, not by yaw. yaw_deg is the MuJoCo local-frame rotation and its meaning differs between bricks (long side on local X) and blocks (long side on local Y).","every bar uses the wall_10/wall_11 ArUco mounting; wall_9 is excluded (tag rotated 90 deg, 19.0 cm not 19.5)"
hard_070,hard,hmax2,block,obj_1,19.8,26.1,26.0,15.0,7.0,4.0,2,21.6,11.5,0.0,29.3,62.5,0.0267,150,needs_2_chain,0,4,30,5,25,"long_axis_bearing_deg = bearing of the item's LONG side in world, counter-clockwise from +X, in [0,180). Place by this, not by yaw. yaw_deg is the MuJoCo local-frame rotation and its meaning differs between bricks (long side on local X) and blocks (long side on local Y).","every bar uses the wall_10/wall_11 ArUco mounting; wall_9 is excluded (tag rotated 90 deg, 19.0 cm not 19.5)"
hard_071,hard,hmax2,brick,wall_10,38.9,34.4,170.0,19.5,5.5,10.0,2,36.7,19.0,0.0,13.5,66.6,0.0467,150,needs_2_chain,0,7,30,8,22,"long_axis_bearing_deg = bearing of the item's LONG side in world, counter-clockwise from +X, in [0,180). Place by this, not by yaw. yaw_deg is the MuJoCo local-frame rotation and its meaning differs between bricks (long side on local X) and blocks (long side on local Y).","every bar uses the wall_10/wall_11 ArUco mounting; wall_9 is excluded (tag rotated 90 deg, 19.0 cm not 19.5)"
hard_071,hard,hmax2,brick,wall_11,13.1,44.6,77.3,19.5,5.5,10.0,2,36.7,19.0,0.0,13.5,66.6,0.0467,150,needs_2_chain,0,7,30,8,22,"long_axis_bearing_deg = bearing of the item's LONG side in world, counter-clockwise from +X, in [0,180). Place by this, not by yaw. yaw_deg is the MuJoCo local-frame rotation and its meaning differs between bricks (long side on local X) and blocks (long side on local Y).","every bar uses the wall_10/wall_11 ArUco mounting; wall_9 is excluded (tag rotated 90 deg, 19.0 cm not 19.5)"
hard_071,hard,hmax2,block,obj_4,22.7,30.9,27.2,12.0,7.5,5.0,2,36.7,19.0,0.0,13.5,66.6,0.0467,150,needs_2_chain,0,7,30,8,22,"long_axis_bearing_deg = bearing of the item's LONG side in world, counter-clockwise from +X, in [0,180). Place by this, not by yaw. yaw_deg is the MuJoCo local-frame rotation and its meaning differs between bricks (long side on local X) and blocks (long side on local Y).","every bar uses the wall_10/wall_11 ArUco mounting; wall_9 is excluded (tag rotated 90 deg, 19.0 cm not 19.5)"
hard_072,hard,hmax2,brick,wall_10,10.0,40.2,8.3,19.5,5.5,10.0,2,40.8,15.0,0.0,37.1,70.1,0.0276,145,needs_2_chain,0,4,29,2,29,"long_axis_bearing_deg = bearing of the item's LONG side in world, counter-clockwise from +X, in [0,180). Place by this, not by yaw. yaw_deg is the MuJoCo local-frame rotation and its meaning differs between bricks (long side on local X) and blocks (long side on local Y).","every bar uses the wall_10/wall_11 ArUco mounting; wall_9 is excluded (tag rotated 90 deg, 19.0 cm not 19.5)"
hard_072,hard,hmax2,brick,wall_11,35.6,48.9,103.7,19.5,5.5,10.0,2,40.8,15.0,0.0,37.1,70.1,0.0276,145,needs_2_chain,0,4,29,2,29,"long_axis_bearing_deg = bearing of the item's LONG side in world, counter-clockwise from +X, in [0,180). Place by this, not by yaw. yaw_deg is the MuJoCo local-frame rotation and its meaning differs between bricks (long side on local X) and blocks (long side on local Y).","every bar uses the wall_10/wall_11 ArUco mounting; wall_9 is excluded (tag rotated 90 deg, 19.0 cm not 19.5)"
hard_072,hard,hmax2,block,obj_1,27.9,35.3,136.3,15.0,7.0,4.0,2,40.8,15.0,0.0,37.1,70.1,0.0276,145,needs_2_chain,0,4,29,2,29,"long_axis_bearing_deg = bearing of the item's LONG side in world, counter-clockwise from +X, in [0,180). Place by this, not by yaw. yaw_deg is the MuJoCo local-frame rotation and its meaning differs between bricks (long side on local X) and blocks (long side on local Y).","every bar uses the wall_10/wall_11 ArUco mounting; wall_9 is excluded (tag rotated 90 deg, 19.0 cm not 19.5)"
hard_073,hard,hmax2,brick,wall_10,10.1,32.7,11.8,19.5,5.5,10.0,2,7.8,14.1,0.0,23.8,56.1,0.0467,150,needs_2_chain,0,7,30,7,23,"long_axis_bearing_deg = bearing of the item's LONG side in world, counter-clockwise from +X, in [0,180). Place by this, not by yaw. yaw_deg is the MuJoCo local-frame rotation and its meaning differs between bricks (long side on local X) and blocks (long side on local Y).","every bar uses the wall_10/wall_11 ArUco mounting; wall_9 is excluded (tag rotated 90 deg, 19.0 cm not 19.5)"
hard_073,hard,hmax2,brick,wall_11,34.5,40.8,109.3,19.5,5.5,10.0,2,7.8,14.1,0.0,23.8,56.1,0.0467,150,needs_2_chain,0,7,30,7,23,"long_axis_bearing_deg = bearing of the item's LONG side in world, counter-clockwise from +X, in [0,180). Place by this, not by yaw. yaw_deg is the MuJoCo local-frame rotation and its meaning differs between bricks (long side on local X) and blocks (long side on local Y).","every bar uses the wall_10/wall_11 ArUco mounting; wall_9 is excluded (tag rotated 90 deg, 19.0 cm not 19.5)"
hard_073,hard,hmax2,block,obj_4,28.5,28.2,34.7,12.0,7.5,5.0,2,7.8,14.1,0.0,23.8,56.1,0.0467,150,needs_2_chain,0,7,30,7,23,"long_axis_bearing_deg = bearing of the item's LONG side in world, counter-clockwise from +X, in [0,180). Place by this, not by yaw. yaw_deg is the MuJoCo local-frame rotation and its meaning differs between bricks (long side on local X) and blocks (long side on local Y).","every bar uses the wall_10/wall_11 ArUco mounting; wall_9 is excluded (tag rotated 90 deg, 19.0 cm not 19.5)"
hard_074,hard,hmax2,brick,wall_10,12.7,43.1,164.6,19.5,5.5,10.0,2,29.6,23.2,0.0,14.3,65.2,0.0276,145,needs_2_chain,0,4,29,7,24,"long_axis_bearing_deg = bearing of the item's LONG side in world, counter-clockwise from +X, in [0,180). Place by this, not by yaw. yaw_deg is the MuJoCo local-frame rotation and its meaning differs between bricks (long side on local X) and blocks (long side on local Y).","every bar uses the wall_10/wall_11 ArUco mounting; wall_9 is excluded (tag rotated 90 deg, 19.0 cm not 19.5)"
hard_074,hard,hmax2,brick,wall_11,27.7,48.1,0.5,19.5,5.5,10.0,2,29.6,23.2,0.0,14.3,65.2,0.0276,145,needs_2_chain,0,4,29,7,24,"long_axis_bearing_deg = bearing of the item's LONG side in world, counter-clockwise from +X, in [0,180). Place by this, not by yaw. yaw_deg is the MuJoCo local-frame rotation and its meaning differs between bricks (long side on local X) and blocks (long side on local Y).","every bar uses the wall_10/wall_11 ArUco mounting; wall_9 is excluded (tag rotated 90 deg, 19.0 cm not 19.5)"
hard_074,hard,hmax2,block,obj_1,37.9,38.9,53.0,15.0,7.0,4.0,2,29.6,23.2,0.0,14.3,65.2,0.0276,145,needs_2_chain,0,4,29,7,24,"long_axis_bearing_deg = bearing of the item's LONG side in world, counter-clockwise from +X, in [0,180). Place by this, not by yaw. yaw_deg is the MuJoCo local-frame rotation and its meaning differs between bricks (long side on local X) and blocks (long side on local Y).","every bar uses the wall_10/wall_11 ArUco mounting; wall_9 is excluded (tag rotated 90 deg, 19.0 cm not 19.5)"
hard_075,hard,hmax2,brick,wall_10,10.1,33.9,9.1,19.5,5.5,10.0,2,29.7,9.9,0.0,32.1,70.3,0.0476,105,needs_2_chain,0,5,20,6,34,"long_axis_bearing_deg = bearing of the item's LONG side in world, counter-clockwise from +X, in [0,180). Place by this, not by yaw. yaw_deg is the MuJoCo local-frame rotation and its meaning differs between bricks (long side on local X) and blocks (long side on local Y).","every bar uses the wall_10/wall_11 ArUco mounting; wall_9 is excluded (tag rotated 90 deg, 19.0 cm not 19.5)"
hard_075,hard,hmax2,brick,wall_11,35.7,43.0,108.2,19.5,5.5,10.0,2,29.7,9.9,0.0,32.1,70.3,0.0476,105,needs_2_chain,0,5,20,6,34,"long_axis_bearing_deg = bearing of the item's LONG side in world, counter-clockwise from +X, in [0,180). Place by this, not by yaw. yaw_deg is the MuJoCo local-frame rotation and its meaning differs between bricks (long side on local X) and blocks (long side on local Y).","every bar uses the wall_10/wall_11 ArUco mounting; wall_9 is excluded (tag rotated 90 deg, 19.0 cm not 19.5)"
hard_075,hard,hmax2,block,obj_4,28.1,33.0,165.0,12.0,7.5,5.0,2,29.7,9.9,0.0,32.1,70.3,0.0476,105,needs_2_chain,0,5,20,6,34,"long_axis_bearing_deg = bearing of the item's LONG side in world, counter-clockwise from +X, in [0,180). Place by this, not by yaw. yaw_deg is the MuJoCo local-frame rotation and its meaning differs between bricks (long side on local X) and blocks (long side on local Y).","every bar uses the wall_10/wall_11 ArUco mounting; wall_9 is excluded (tag rotated 90 deg, 19.0 cm not 19.5)"
hard_076,hard,hmax2,brick,wall_10,12.6,30.5,148.7,19.5,5.5,10.0,2,6.6,20.9,0.0,16.6,68.6,0.0296,135,needs_2_chain,0,4,26,6,28,"long_axis_bearing_deg = bearing of the item's LONG side in world, counter-clockwise from +X, in [0,180). Place by this, not by yaw. yaw_deg is the MuJoCo local-frame rotation and its meaning differs between bricks (long side on local X) and blocks (long side on local Y).","every bar uses the wall_10/wall_11 ArUco mounting; wall_9 is excluded (tag rotated 90 deg, 19.0 cm not 19.5)"
hard_076,hard,hmax2,brick,wall_11,22.2,41.6,9.5,19.5,5.5,10.0,2,6.6,20.9,0.0,16.6,68.6,0.0296,135,needs_2_chain,0,4,26,6,28,"long_axis_bearing_deg = bearing of the item's LONG side in world, counter-clockwise from +X, in [0,180). Place by this, not by yaw. yaw_deg is the MuJoCo local-frame rotation and its meaning differs between bricks (long side on local X) and blocks (long side on local Y).","every bar uses the wall_10/wall_11 ArUco mounting; wall_9 is excluded (tag rotated 90 deg, 19.0 cm not 19.5)"
hard_076,hard,hmax2,block,obj_1,37.5,37.9,28.2,15.0,7.0,4.0,2,6.6,20.9,0.0,16.6,68.6,0.0296,135,needs_2_chain,0,4,26,6,28,"long_axis_bearing_deg = bearing of the item's LONG side in world, counter-clockwise from +X, in [0,180). Place by this, not by yaw. yaw_deg is the MuJoCo local-frame rotation and its meaning differs between bricks (long side on local X) and blocks (long side on local Y).","every bar uses the wall_10/wall_11 ArUco mounting; wall_9 is excluded (tag rotated 90 deg, 19.0 cm not 19.5)"
hard_077,hard,hmax2,brick,wall_10,10.0,37.3,6.9,19.5,5.5,10.0,2,20.6,17.4,0.0,17.1,66.9,0.0483,145,needs_2_chain,0,7,29,6,25,"long_axis_bearing_deg = bearing of the item's LONG side in world, counter-clockwise from +X, in [0,180). Place by this, not by yaw. yaw_deg is the MuJoCo local-frame rotation and its meaning differs between bricks (long side on local X) and blocks (long side on local Y).","every bar uses the wall_10/wall_11 ArUco mounting; wall_9 is excluded (tag rotated 90 deg, 19.0 cm not 19.5)"
hard_077,hard,hmax2,brick,wall_11,35.5,45.8,105.8,19.5,5.5,10.0,2,20.6,17.4,0.0,17.1,66.9,0.0483,145,needs_2_chain,0,7,29,6,25,"long_axis_bearing_deg = bearing of the item's LONG side in world, counter-clockwise from +X, in [0,180). Place by this, not by yaw. yaw_deg is the MuJoCo local-frame rotation and its meaning differs between bricks (long side on local X) and blocks (long side on local Y).","every bar uses the wall_10/wall_11 ArUco mounting; wall_9 is excluded (tag rotated 90 deg, 19.0 cm not 19.5)"
hard_077,hard,hmax2,block,obj_4,27.4,34.7,36.0,12.0,7.5,5.0,2,20.6,17.4,0.0,17.1,66.9,0.0483,145,needs_2_chain,0,7,29,6,25,"long_axis_bearing_deg = bearing of the item's LONG side in world, counter-clockwise from +X, in [0,180). Place by this, not by yaw. yaw_deg is the MuJoCo local-frame rotation and its meaning differs between bricks (long side on local X) and blocks (long side on local Y).","every bar uses the wall_10/wall_11 ArUco mounting; wall_9 is excluded (tag rotated 90 deg, 19.0 cm not 19.5)"
hard_078,hard,hmax2,brick,wall_10,39.2,31.2,1.4,19.5,5.5,10.0,2,7.8,8.6,0.0,17.4,71.1,0.0308,130,needs_2_chain,0,4,26,3,31,"long_axis_bearing_deg = bearing of the item's LONG side in world, counter-clockwise from +X, in [0,180). Place by this, not by yaw. yaw_deg is the MuJoCo local-frame rotation and its meaning differs between bricks (long side on local X) and blocks (long side on local Y).","every bar uses the wall_10/wall_11 ArUco mounting; wall_9 is excluded (tag rotated 90 deg, 19.0 cm not 19.5)"
hard_078,hard,hmax2,brick,wall_11,14.1,41.6,73.7,19.5,5.5,10.0,2,7.8,8.6,0.0,17.4,71.1,0.0308,130,needs_2_chain,0,4,26,3,31,"long_axis_bearing_deg = bearing of the item's LONG side in world, counter-clockwise from +X, in [0,180). Place by this, not by yaw. yaw_deg is the MuJoCo local-frame rotation and its meaning differs between bricks (long side on local X) and blocks (long side on local Y).","every bar uses the wall_10/wall_11 ArUco mounting; wall_9 is excluded (tag rotated 90 deg, 19.0 cm not 19.5)"
hard_078,hard,hmax2,block,obj_1,23.0,28.8,127.3,15.0,7.0,4.0,2,7.8,8.6,0.0,17.4,71.1,0.0308,130,needs_2_chain,0,4,26,3,31,"long_axis_bearing_deg = bearing of the item's LONG side in world, counter-clockwise from +X, in [0,180). Place by this, not by yaw. yaw_deg is the MuJoCo local-frame rotation and its meaning differs between bricks (long side on local X) and blocks (long side on local Y).","every bar uses the wall_10/wall_11 ArUco mounting; wall_9 is excluded (tag rotated 90 deg, 19.0 cm not 19.5)"
hard_079,hard,hmax2,brick,wall_10,10.0,31.1,174.6,19.5,5.5,10.0,2,13.5,10.1,0.0,34.4,67.8,0.0483,145,needs_2_chain,0,7,28,3,29,"long_axis_bearing_deg = bearing of the item's LONG side in world, counter-clockwise from +X, in [0,180). Place by this, not by yaw. yaw_deg is the MuJoCo local-frame rotation and its meaning differs between bricks (long side on local X) and blocks (long side on local Y).","every bar uses the wall_10/wall_11 ArUco mounting; wall_9 is excluded (tag rotated 90 deg, 19.0 cm not 19.5)"
hard_079,hard,hmax2,brick,wall_11,34.2,40.0,108.6,19.5,5.5,10.0,2,13.5,10.1,0.0,34.4,67.8,0.0483,145,needs_2_chain,0,7,28,3,29,"long_axis_bearing_deg = bearing of the item's LONG side in world, counter-clockwise from +X, in [0,180). Place by this, not by yaw. yaw_deg is the MuJoCo local-frame rotation and its meaning differs between bricks (long side on local X) and blocks (long side on local Y).","every bar uses the wall_10/wall_11 ArUco mounting; wall_9 is excluded (tag rotated 90 deg, 19.0 cm not 19.5)"
hard_079,hard,hmax2,block,obj_4,27.8,28.4,153.3,12.0,7.5,5.0,2,13.5,10.1,0.0,34.4,67.8,0.0483,145,needs_2_chain,0,7,28,3,29,"long_axis_bearing_deg = bearing of the item's LONG side in world, counter-clockwise from +X, in [0,180). Place by this, not by yaw. yaw_deg is the MuJoCo local-frame rotation and its meaning differs between bricks (long side on local X) and blocks (long side on local Y).","every bar uses the wall_10/wall_11 ArUco mounting; wall_9 is excluded (tag rotated 90 deg, 19.0 cm not 19.5)"
hard_080,hard,hmax2,brick,wall_10,10.5,33.6,151.5,19.5,5.5,10.0,2,26.7,12.4,0.0,17.7,55.8,0.0308,130,needs_2_chain,0,4,25,7,28,"long_axis_bearing_deg = bearing of the item's LONG side in world, counter-clockwise from +X, in [0,180). Place by this, not by yaw. yaw_deg is the MuJoCo local-frame rotation and its meaning differs between bricks (long side on local X) and blocks (long side on local Y).","every bar uses the wall_10/wall_11 ArUco mounting; wall_9 is excluded (tag rotated 90 deg, 19.0 cm not 19.5)"
hard_080,hard,hmax2,brick,wall_11,36.1,42.4,161.9,19.5,5.5,10.0,2,26.7,12.4,0.0,17.7,55.8,0.0308,130,needs_2_chain,0,4,25,7,28,"long_axis_bearing_deg = bearing of the item's LONG side in world, counter-clockwise from +X, in [0,180). Place by this, not by yaw. yaw_deg is the MuJoCo local-frame rotation and its meaning differs between bricks (long side on local X) and blocks (long side on local Y).","every bar uses the wall_10/wall_11 ArUco mounting; wall_9 is excluded (tag rotated 90 deg, 19.0 cm not 19.5)"
hard_080,hard,hmax2,block,obj_1,26.6,34.0,76.5,15.0,7.0,4.0,2,26.7,12.4,0.0,17.7,55.8,0.0308,130,needs_2_chain,0,4,25,7,28,"long_axis_bearing_deg = bearing of the item's LONG side in world, counter-clockwise from +X, in [0,180). Place by this, not by yaw. yaw_deg is the MuJoCo local-frame rotation and its meaning differs between bricks (long side on local X) and blocks (long side on local Y).","every bar uses the wall_10/wall_11 ArUco mounting; wall_9 is excluded (tag rotated 90 deg, 19.0 cm not 19.5)"
hard_081,hard,hmax2,brick,wall_10,12.7,38.9,30.4,19.5,5.5,10.0,2,28.3,15.2,0.0,10.0,59.9,0.032,125,needs_2_chain,0,4,25,5,30,"long_axis_bearing_deg = bearing of the item's LONG side in world, counter-clockwise from +X, in [0,180). Place by this, not by yaw. yaw_deg is the MuJoCo local-frame rotation and its meaning differs between bricks (long side on local X) and blocks (long side on local Y).","every bar uses the wall_10/wall_11 ArUco mounting; wall_9 is excluded (tag rotated 90 deg, 19.0 cm not 19.5)"
hard_081,hard,hmax2,brick,wall_11,38.6,33.0,33.6,19.5,5.5,10.0,2,28.3,15.2,0.0,10.0,59.9,0.032,125,needs_2_chain,0,4,25,5,30,"long_axis_bearing_deg = bearing of the item's LONG side in world, counter-clockwise from +X, in [0,180). Place by this, not by yaw. yaw_deg is the MuJoCo local-frame rotation and its meaning differs between bricks (long side on local X) and blocks (long side on local Y).","every bar uses the wall_10/wall_11 ArUco mounting; wall_9 is excluded (tag rotated 90 deg, 19.0 cm not 19.5)"
hard_081,hard,hmax2,block,obj_1,21.3,30.6,106.4,15.0,7.0,4.0,2,28.3,15.2,0.0,10.0,59.9,0.032,125,needs_2_chain,0,4,25,5,30,"long_axis_bearing_deg = bearing of the item's LONG side in world, counter-clockwise from +X, in [0,180). Place by this, not by yaw. yaw_deg is the MuJoCo local-frame rotation and its meaning differs between bricks (long side on local X) and blocks (long side on local Y).","every bar uses the wall_10/wall_11 ArUco mounting; wall_9 is excluded (tag rotated 90 deg, 19.0 cm not 19.5)"
hard_082,hard,hmax2,brick,wall_10,9.8,33.9,0.7,19.5,5.5,10.0,2,18.9,14.5,0.0,29.8,59.4,0.0333,150,needs_2_chain,0,5,30,2,28,"long_axis_bearing_deg = bearing of the item's LONG side in world, counter-clockwise from +X, in [0,180). Place by this, not by yaw. yaw_deg is the MuJoCo local-frame rotation and its meaning differs between bricks (long side on local X) and blocks (long side on local Y).","every bar uses the wall_10/wall_11 ArUco mounting; wall_9 is excluded (tag rotated 90 deg, 19.0 cm not 19.5)"
hard_082,hard,hmax2,brick,wall_11,35.0,43.1,107.8,19.5,5.5,10.0,2,18.9,14.5,0.0,29.8,59.4,0.0333,150,needs_2_chain,0,5,30,2,28,"long_axis_bearing_deg = bearing of the item's LONG side in world, counter-clockwise from +X, in [0,180). Place by this, not by yaw. yaw_deg is the MuJoCo local-frame rotation and its meaning differs between bricks (long side on local X) and blocks (long side on local Y).","every bar uses the wall_10/wall_11 ArUco mounting; wall_9 is excluded (tag rotated 90 deg, 19.0 cm not 19.5)"
hard_082,hard,hmax2,block,obj_1,29.9,29.0,147.1,15.0,7.0,4.0,2,18.9,14.5,0.0,29.8,59.4,0.0333,150,needs_2_chain,0,5,30,2,28,"long_axis_bearing_deg = bearing of the item's LONG side in world, counter-clockwise from +X, in [0,180). Place by this, not by yaw. yaw_deg is the MuJoCo local-frame rotation and its meaning differs between bricks (long side on local X) and blocks (long side on local Y).","every bar uses the wall_10/wall_11 ArUco mounting; wall_9 is excluded (tag rotated 90 deg, 19.0 cm not 19.5)"
hard_083,hard,hmax2,brick,wall_10,39.0,38.2,5.0,19.5,5.5,10.0,2,9.8,18.0,0.0,32.7,65.9,0.037,135,needs_2_chain,0,5,27,2,31,"long_axis_bearing_deg = bearing of the item's LONG side in world, counter-clockwise from +X, in [0,180). Place by this, not by yaw. yaw_deg is the MuJoCo local-frame rotation and its meaning differs between bricks (long side on local X) and blocks (long side on local Y).","every bar uses the wall_10/wall_11 ArUco mounting; wall_9 is excluded (tag rotated 90 deg, 19.0 cm not 19.5)"
hard_083,hard,hmax2,brick,wall_11,14.2,47.0,70.6,19.5,5.5,10.0,2,9.8,18.0,0.0,32.7,65.9,0.037,135,needs_2_chain,0,5,27,2,31,"long_axis_bearing_deg = bearing of the item's LONG side in world, counter-clockwise from +X, in [0,180). Place by this, not by yaw. yaw_deg is the MuJoCo local-frame rotation and its meaning differs between bricks (long side on local X) and blocks (long side on local Y).","every bar uses the wall_10/wall_11 ArUco mounting; wall_9 is excluded (tag rotated 90 deg, 19.0 cm not 19.5)"
hard_083,hard,hmax2,block,obj_1,22.1,34.0,127.8,15.0,7.0,4.0,2,9.8,18.0,0.0,32.7,65.9,0.037,135,needs_2_chain,0,5,27,2,31,"long_axis_bearing_deg = bearing of the item's LONG side in world, counter-clockwise from +X, in [0,180). Place by this, not by yaw. yaw_deg is the MuJoCo local-frame rotation and its meaning differs between bricks (long side on local X) and blocks (long side on local Y).","every bar uses the wall_10/wall_11 ArUco mounting; wall_9 is excluded (tag rotated 90 deg, 19.0 cm not 19.5)"
hard_084,hard,hmax2,brick,wall_10,10.7,30.6,175.1,19.5,5.5,10.0,2,9.6,15.2,0.0,25.3,52.5,0.037,135,needs_2_chain,0,5,27,5,28,"long_axis_bearing_deg = bearing of the item's LONG side in world, counter-clockwise from +X, in [0,180). Place by this, not by yaw. yaw_deg is the MuJoCo local-frame rotation and its meaning differs between bricks (long side on local X) and blocks (long side on local Y).","every bar uses the wall_10/wall_11 ArUco mounting; wall_9 is excluded (tag rotated 90 deg, 19.0 cm not 19.5)"
hard_084,hard,hmax2,brick,wall_11,25.5,40.1,162.7,19.5,5.5,10.0,2,9.6,15.2,0.0,25.3,52.5,0.037,135,needs_2_chain,0,5,27,5,28,"long_axis_bearing_deg = bearing of the item's LONG side in world, counter-clockwise from +X, in [0,180). Place by this, not by yaw. yaw_deg is the MuJoCo local-frame rotation and its meaning differs between bricks (long side on local X) and blocks (long side on local Y).","every bar uses the wall_10/wall_11 ArUco mounting; wall_9 is excluded (tag rotated 90 deg, 19.0 cm not 19.5)"
hard_084,hard,hmax2,block,obj_1,37.9,30.6,47.9,15.0,7.0,4.0,2,9.6,15.2,0.0,25.3,52.5,0.037,135,needs_2_chain,0,5,27,5,28,"long_axis_bearing_deg = bearing of the item's LONG side in world, counter-clockwise from +X, in [0,180). Place by this, not by yaw. yaw_deg is the MuJoCo local-frame rotation and its meaning differs between bricks (long side on local X) and blocks (long side on local Y).","every bar uses the wall_10/wall_11 ArUco mounting; wall_9 is excluded (tag rotated 90 deg, 19.0 cm not 19.5)"
hard_085,hard,hmax2,brick,wall_10,38.9,34.1,10.1,19.5,5.5,10.0,2,39.4,20.1,0.0,36.2,54.7,0.04,125,needs_2_chain,0,5,26,4,30,"long_axis_bearing_deg = bearing of the item's LONG side in world, counter-clockwise from +X, in [0,180). Place by this, not by yaw. yaw_deg is the MuJoCo local-frame rotation and its meaning differs between bricks (long side on local X) and blocks (long side on local Y).","every bar uses the wall_10/wall_11 ArUco mounting; wall_9 is excluded (tag rotated 90 deg, 19.0 cm not 19.5)"
hard_085,hard,hmax2,brick,wall_11,13.1,41.2,73.3,19.5,5.5,10.0,2,39.4,20.1,0.0,36.2,54.7,0.04,125,needs_2_chain,0,5,26,4,30,"long_axis_bearing_deg = bearing of the item's LONG side in world, counter-clockwise from +X, in [0,180). Place by this, not by yaw. yaw_deg is the MuJoCo local-frame rotation and its meaning differs between bricks (long side on local X) and blocks (long side on local Y).","every bar uses the wall_10/wall_11 ArUco mounting; wall_9 is excluded (tag rotated 90 deg, 19.0 cm not 19.5)"
hard_085,hard,hmax2,block,obj_1,23.3,30.2,137.4,15.0,7.0,4.0,2,39.4,20.1,0.0,36.2,54.7,0.04,125,needs_2_chain,0,5,26,4,30,"long_axis_bearing_deg = bearing of the item's LONG side in world, counter-clockwise from +X, in [0,180). Place by this, not by yaw. yaw_deg is the MuJoCo local-frame rotation and its meaning differs between bricks (long side on local X) and blocks (long side on local Y).","every bar uses the wall_10/wall_11 ArUco mounting; wall_9 is excluded (tag rotated 90 deg, 19.0 cm not 19.5)"
hard_086,hard,hmax2,brick,wall_10,26.7,44.8,153.2,19.5,5.5,10.0,2,42.6,19.1,0.0,26.0,66.9,0.04,125,one_push,1,4,24,7,29,"long_axis_bearing_deg = bearing of the item's LONG side in world, counter-clockwise from +X, in [0,180). Place by this, not by yaw. yaw_deg is the MuJoCo local-frame rotation and its meaning differs between bricks (long side on local X) and blocks (long side on local Y).","every bar uses the wall_10/wall_11 ArUco mounting; wall_9 is excluded (tag rotated 90 deg, 19.0 cm not 19.5)"
hard_086,hard,hmax2,brick,wall_11,38.0,32.9,52.7,19.5,5.5,10.0,2,42.6,19.1,0.0,26.0,66.9,0.04,125,one_push,1,4,24,7,29,"long_axis_bearing_deg = bearing of the item's LONG side in world, counter-clockwise from +X, in [0,180). Place by this, not by yaw. yaw_deg is the MuJoCo local-frame rotation and its meaning differs between bricks (long side on local X) and blocks (long side on local Y).","every bar uses the wall_10/wall_11 ArUco mounting; wall_9 is excluded (tag rotated 90 deg, 19.0 cm not 19.5)"
hard_086,hard,hmax2,block,obj_1,12.3,37.4,0.5,15.0,7.0,4.0,2,42.6,19.1,0.0,26.0,66.9,0.04,125,one_push,1,4,24,7,29,"long_axis_bearing_deg = bearing of the item's LONG side in world, counter-clockwise from +X, in [0,180). Place by this, not by yaw. yaw_deg is the MuJoCo local-frame rotation and its meaning differs between bricks (long side on local X) and blocks (long side on local Y).","every bar uses the wall_10/wall_11 ArUco mounting; wall_9 is excluded (tag rotated 90 deg, 19.0 cm not 19.5)"
hard_087,hard,hmax2,brick,wall_10,39.2,34.8,179.7,19.5,5.5,10.0,2,42.0,22.7,0.0,9.1,60.0,0.04,150,needs_2_chain,0,6,32,0,28,"long_axis_bearing_deg = bearing of the item's LONG side in world, counter-clockwise from +X, in [0,180). Place by this, not by yaw. yaw_deg is the MuJoCo local-frame rotation and its meaning differs between bricks (long side on local X) and blocks (long side on local Y).","every bar uses the wall_10/wall_11 ArUco mounting; wall_9 is excluded (tag rotated 90 deg, 19.0 cm not 19.5)"
hard_087,hard,hmax2,brick,wall_11,14.5,45.1,73.7,19.5,5.5,10.0,2,42.0,22.7,0.0,9.1,60.0,0.04,150,needs_2_chain,0,6,32,0,28,"long_axis_bearing_deg = bearing of the item's LONG side in world, counter-clockwise from +X, in [0,180). Place by this, not by yaw. yaw_deg is the MuJoCo local-frame rotation and its meaning differs between bricks (long side on local X) and blocks (long side on local Y).","every bar uses the wall_10/wall_11 ArUco mounting; wall_9 is excluded (tag rotated 90 deg, 19.0 cm not 19.5)"
hard_087,hard,hmax2,block,obj_1,18.6,30.1,28.8,15.0,7.0,4.0,2,42.0,22.7,0.0,9.1,60.0,0.04,150,needs_2_chain,0,6,32,0,28,"long_axis_bearing_deg = bearing of the item's LONG side in world, counter-clockwise from +X, in [0,180). Place by this, not by yaw. yaw_deg is the MuJoCo local-frame rotation and its meaning differs between bricks (long side on local X) and blocks (long side on local Y).","every bar uses the wall_10/wall_11 ArUco mounting; wall_9 is excluded (tag rotated 90 deg, 19.0 cm not 19.5)"
hard_088,hard,hmax2,brick,wall_10,10.8,38.9,134.7,19.5,5.5,10.0,2,29.5,13.3,0.0,19.1,68.0,0.0417,120,needs_2_chain,0,5,24,6,30,"long_axis_bearing_deg = bearing of the item's LONG side in world, counter-clockwise from +X, in [0,180). Place by this, not by yaw. yaw_deg is the MuJoCo local-frame rotation and its meaning differs between bricks (long side on local X) and blocks (long side on local Y).","every bar uses the wall_10/wall_11 ArUco mounting; wall_9 is excluded (tag rotated 90 deg, 19.0 cm not 19.5)"
hard_088,hard,hmax2,brick,wall_11,37.6,42.7,146.1,19.5,5.5,10.0,2,29.5,13.3,0.0,19.1,68.0,0.0417,120,needs_2_chain,0,5,24,6,30,"long_axis_bearing_deg = bearing of the item's LONG side in world, counter-clockwise from +X, in [0,180). Place by this, not by yaw. yaw_deg is the MuJoCo local-frame rotation and its meaning differs between bricks (long side on local X) and blocks (long side on local Y).","every bar uses the wall_10/wall_11 ArUco mounting; wall_9 is excluded (tag rotated 90 deg, 19.0 cm not 19.5)"
hard_088,hard,hmax2,block,obj_1,26.8,34.8,49.0,15.0,7.0,4.0,2,29.5,13.3,0.0,19.1,68.0,0.0417,120,needs_2_chain,0,5,24,6,30,"long_axis_bearing_deg = bearing of the item's LONG side in world, counter-clockwise from +X, in [0,180). Place by this, not by yaw. yaw_deg is the MuJoCo local-frame rotation and its meaning differs between bricks (long side on local X) and blocks (long side on local Y).","every bar uses the wall_10/wall_11 ArUco mounting; wall_9 is excluded (tag rotated 90 deg, 19.0 cm not 19.5)"
hard_089,hard,hmax2,brick,wall_10,26.4,41.7,1.5,19.5,5.5,10.0,2,32.7,8.8,0.0,18.2,67.1,0.0435,115,needs_2_chain,0,5,23,5,32,"long_axis_bearing_deg = bearing of the item's LONG side in world, counter-clockwise from +X, in [0,180). Place by this, not by yaw. yaw_deg is the MuJoCo local-frame rotation and its meaning differs between bricks (long side on local X) and blocks (long side on local Y).","every bar uses the wall_10/wall_11 ArUco mounting; wall_9 is excluded (tag rotated 90 deg, 19.0 cm not 19.5)"
hard_089,hard,hmax2,brick,wall_11,36.1,34.0,32.5,19.5,5.5,10.0,2,32.7,8.8,0.0,18.2,67.1,0.0435,115,needs_2_chain,0,5,23,5,32,"long_axis_bearing_deg = bearing of the item's LONG side in world, counter-clockwise from +X, in [0,180). Place by this, not by yaw. yaw_deg is the MuJoCo local-frame rotation and its meaning differs between bricks (long side on local X) and blocks (long side on local Y).","every bar uses the wall_10/wall_11 ArUco mounting; wall_9 is excluded (tag rotated 90 deg, 19.0 cm not 19.5)"
hard_089,hard,hmax2,block,obj_1,10.4,35.8,134.7,15.0,7.0,4.0,2,32.7,8.8,0.0,18.2,67.1,0.0435,115,needs_2_chain,0,5,23,5,32,"long_axis_bearing_deg = bearing of the item's LONG side in world, counter-clockwise from +X, in [0,180). Place by this, not by yaw. yaw_deg is the MuJoCo local-frame rotation and its meaning differs between bricks (long side on local X) and blocks (long side on local Y).","every bar uses the wall_10/wall_11 ArUco mounting; wall_9 is excluded (tag rotated 90 deg, 19.0 cm not 19.5)"
hard_090,hard,hmax2,brick,wall_10,39.0,47.8,172.2,19.5,5.5,10.0,2,14.4,17.8,0.0,30.6,63.2,0.0467,150,needs_2_chain,0,7,30,3,27,"long_axis_bearing_deg = bearing of the item's LONG side in world, counter-clockwise from +X, in [0,180). Place by this, not by yaw. yaw_deg is the MuJoCo local-frame rotation and its meaning differs between bricks (long side on local X) and blocks (long side on local Y).","every bar uses the wall_10/wall_11 ArUco mounting; wall_9 is excluded (tag rotated 90 deg, 19.0 cm not 19.5)"
hard_090,hard,hmax2,brick,wall_11,14.7,60.0,79.4,19.5,5.5,10.0,2,14.4,17.8,0.0,30.6,63.2,0.0467,150,needs_2_chain,0,7,30,3,27,"long_axis_bearing_deg = bearing of the item's LONG side in world, counter-clockwise from +X, in [0,180). Place by this, not by yaw. yaw_deg is the MuJoCo local-frame rotation and its meaning differs between bricks (long side on local X) and blocks (long side on local Y).","every bar uses the wall_10/wall_11 ArUco mounting; wall_9 is excluded (tag rotated 90 deg, 19.0 cm not 19.5)"
hard_090,hard,hmax2,block,obj_1,18.8,45.8,22.4,15.0,7.0,4.0,2,14.4,17.8,0.0,30.6,63.2,0.0467,150,needs_2_chain,0,7,30,3,27,"long_axis_bearing_deg = bearing of the item's LONG side in world, counter-clockwise from +X, in [0,180). Place by this, not by yaw. yaw_deg is the MuJoCo local-frame rotation and its meaning differs between bricks (long side on local X) and blocks (long side on local Y).","every bar uses the wall_10/wall_11 ArUco mounting; wall_9 is excluded (tag rotated 90 deg, 19.0 cm not 19.5)"
hard_091,hard,hmax2,brick,wall_10,38.9,34.9,10.5,19.5,5.5,10.0,2,22.1,14.1,0.0,25.1,52.2,0.0467,150,needs_2_chain,0,7,30,6,24,"long_axis_bearing_deg = bearing of the item's LONG side in world, counter-clockwise from +X, in [0,180). Place by this, not by yaw. yaw_deg is the MuJoCo local-frame rotation and its meaning differs between bricks (long side on local X) and blocks (long side on local Y).","every bar uses the wall_10/wall_11 ArUco mounting; wall_9 is excluded (tag rotated 90 deg, 19.0 cm not 19.5)"
hard_091,hard,hmax2,brick,wall_11,13.0,44.8,73.6,19.5,5.5,10.0,2,22.1,14.1,0.0,25.1,52.2,0.0467,150,needs_2_chain,0,7,30,6,24,"long_axis_bearing_deg = bearing of the item's LONG side in world, counter-clockwise from +X, in [0,180). Place by this, not by yaw. yaw_deg is the MuJoCo local-frame rotation and its meaning differs between bricks (long side on local X) and blocks (long side on local Y).","every bar uses the wall_10/wall_11 ArUco mounting; wall_9 is excluded (tag rotated 90 deg, 19.0 cm not 19.5)"
hard_091,hard,hmax2,block,obj_1,19.9,30.8,143.2,15.0,7.0,4.0,2,22.1,14.1,0.0,25.1,52.2,0.0467,150,needs_2_chain,0,7,30,6,24,"long_axis_bearing_deg = bearing of the item's LONG side in world, counter-clockwise from +X, in [0,180). Place by this, not by yaw. yaw_deg is the MuJoCo local-frame rotation and its meaning differs between bricks (long side on local X) and blocks (long side on local Y).","every bar uses the wall_10/wall_11 ArUco mounting; wall_9 is excluded (tag rotated 90 deg, 19.0 cm not 19.5)"
hard_092,hard,hmax2,brick,wall_10,39.0,47.3,174.6,19.5,5.5,10.0,2,17.3,25.2,0.0,23.7,62.8,0.0483,145,needs_2_chain,0,7,28,6,26,"long_axis_bearing_deg = bearing of the item's LONG side in world, counter-clockwise from +X, in [0,180). Place by this, not by yaw. yaw_deg is the MuJoCo local-frame rotation and its meaning differs between bricks (long side on local X) and blocks (long side on local Y).","every bar uses the wall_10/wall_11 ArUco mounting; wall_9 is excluded (tag rotated 90 deg, 19.0 cm not 19.5)"
hard_092,hard,hmax2,brick,wall_11,13.5,59.6,79.1,19.5,5.5,10.0,2,17.3,25.2,0.0,23.7,62.8,0.0483,145,needs_2_chain,0,7,28,6,26,"long_axis_bearing_deg = bearing of the item's LONG side in world, counter-clockwise from +X, in [0,180). Place by this, not by yaw. yaw_deg is the MuJoCo local-frame rotation and its meaning differs between bricks (long side on local X) and blocks (long side on local Y).","every bar uses the wall_10/wall_11 ArUco mounting; wall_9 is excluded (tag rotated 90 deg, 19.0 cm not 19.5)"
hard_092,hard,hmax2,block,obj_1,20.7,45.2,7.5,15.0,7.0,4.0,2,17.3,25.2,0.0,23.7,62.8,0.0483,145,needs_2_chain,0,7,28,6,26,"long_axis_bearing_deg = bearing of the item's LONG side in world, counter-clockwise from +X, in [0,180). Place by this, not by yaw. yaw_deg is the MuJoCo local-frame rotation and its meaning differs between bricks (long side on local X) and blocks (long side on local Y).","every bar uses the wall_10/wall_11 ArUco mounting; wall_9 is excluded (tag rotated 90 deg, 19.0 cm not 19.5)"
