build_id,tier,axis,item,marker_hint,centre_x_cm,centre_y_cm,long_axis_bearing_deg,long_cm,short_cm,height_cm,n_bricks,robot_start_x_cm,robot_start_y_cm,robot_start_bearing_deg,goal_x_cm,goal_y_cm,solve_rate,tried,push_kind,valid_1push,valid_first_push,n_contacts_reachable,n_contacts_cutoff,n_contacts_collision,angle_convention,tag_convention
easy_000,easy,hmax2,brick,wall_10,39.0,32.3,174.8,19.5,5.5,10.0,1,35.3,18.4,0.0,18.9,68.9,0.7143,140,one_push,71,29,28,19,13,"long_axis_bearing_deg = bearing of the item's LONG side in world, counter-clockwise from +X, in [0,180). Place by this, not by yaw. yaw_deg is the MuJoCo local-frame rotation and its meaning differs between bricks (long side on local X) and blocks (long side on local Y).","every bar uses the wall_10/wall_11 ArUco mounting; wall_9 is excluded (tag rotated 90 deg, 19.0 cm not 19.5)"
easy_000,easy,hmax2,block,obj_1,16.4,35.1,16.2,15.0,7.0,4.0,1,35.3,18.4,0.0,18.9,68.9,0.7143,140,one_push,71,29,28,19,13,"long_axis_bearing_deg = bearing of the item's LONG side in world, counter-clockwise from +X, in [0,180). Place by this, not by yaw. yaw_deg is the MuJoCo local-frame rotation and its meaning differs between bricks (long side on local X) and blocks (long side on local Y).","every bar uses the wall_10/wall_11 ArUco mounting; wall_9 is excluded (tag rotated 90 deg, 19.0 cm not 19.5)"
easy_001,easy,hmax2,brick,wall_10,38.9,38.6,10.9,19.5,5.5,10.0,1,13.8,16.9,0.0,9.7,53.0,0.7308,130,one_push,80,15,25,24,11,"long_axis_bearing_deg = bearing of the item's LONG side in world, counter-clockwise from +X, in [0,180). Place by this, not by yaw. yaw_deg is the MuJoCo local-frame rotation and its meaning differs between bricks (long side on local X) and blocks (long side on local Y).","every bar uses the wall_10/wall_11 ArUco mounting; wall_9 is excluded (tag rotated 90 deg, 19.0 cm not 19.5)"
easy_001,easy,hmax2,block,obj_4,14.4,40.2,17.5,12.0,7.5,5.0,1,13.8,16.9,0.0,9.7,53.0,0.7308,130,one_push,80,15,25,24,11,"long_axis_bearing_deg = bearing of the item's LONG side in world, counter-clockwise from +X, in [0,180). Place by this, not by yaw. yaw_deg is the MuJoCo local-frame rotation and its meaning differs between bricks (long side on local X) and blocks (long side on local Y).","every bar uses the wall_10/wall_11 ArUco mounting; wall_9 is excluded (tag rotated 90 deg, 19.0 cm not 19.5)"
easy_002,easy,hmax2,brick,wall_10,38.9,47.5,170.7,19.5,5.5,10.0,2,29.9,9.5,0.0,25.7,66.2,0.3,150,needs_2_chain,0,45,30,0,30,"long_axis_bearing_deg = bearing of the item's LONG side in world, counter-clockwise from +X, in [0,180). Place by this, not by yaw. yaw_deg is the MuJoCo local-frame rotation and its meaning differs between bricks (long side on local X) and blocks (long side on local Y).","every bar uses the wall_10/wall_11 ArUco mounting; wall_9 is excluded (tag rotated 90 deg, 19.0 cm not 19.5)"
easy_002,easy,hmax2,brick,wall_11,13.6,60.0,80.9,19.5,5.5,10.0,2,29.9,9.5,0.0,25.7,66.2,0.3,150,needs_2_chain,0,45,30,0,30,"long_axis_bearing_deg = bearing of the item's LONG side in world, counter-clockwise from +X, in [0,180). Place by this, not by yaw. yaw_deg is the MuJoCo local-frame rotation and its meaning differs between bricks (long side on local X) and blocks (long side on local Y).","every bar uses the wall_10/wall_11 ArUco mounting; wall_9 is excluded (tag rotated 90 deg, 19.0 cm not 19.5)"
easy_002,easy,hmax2,block,obj_1,19.1,44.9,40.2,15.0,7.0,4.0,2,29.9,9.5,0.0,25.7,66.2,0.3,150,needs_2_chain,0,45,30,0,30,"long_axis_bearing_deg = bearing of the item's LONG side in world, counter-clockwise from +X, in [0,180). Place by this, not by yaw. yaw_deg is the MuJoCo local-frame rotation and its meaning differs between bricks (long side on local X) and blocks (long side on local Y).","every bar uses the wall_10/wall_11 ArUco mounting; wall_9 is excluded (tag rotated 90 deg, 19.0 cm not 19.5)"
easy_003,easy,hmax2,brick,wall_10,38.9,46.9,11.7,19.5,5.5,10.0,2,35.0,27.3,0.0,23.4,64.2,0.3,20,one_push,3,3,4,25,31,"long_axis_bearing_deg = bearing of the item's LONG side in world, counter-clockwise from +X, in [0,180). Place by this, not by yaw. yaw_deg is the MuJoCo local-frame rotation and its meaning differs between bricks (long side on local X) and blocks (long side on local Y).","every bar uses the wall_10/wall_11 ArUco mounting; wall_9 is excluded (tag rotated 90 deg, 19.0 cm not 19.5)"
easy_003,easy,hmax2,brick,wall_11,12.9,53.2,102.3,19.5,5.5,10.0,2,35.0,27.3,0.0,23.4,64.2,0.3,20,one_push,3,3,4,25,31,"long_axis_bearing_deg = bearing of the item's LONG side in world, counter-clockwise from +X, in [0,180). Place by this, not by yaw. yaw_deg is the MuJoCo local-frame rotation and its meaning differs between bricks (long side on local X) and blocks (long side on local Y).","every bar uses the wall_10/wall_11 ArUco mounting; wall_9 is excluded (tag rotated 90 deg, 19.0 cm not 19.5)"
easy_003,easy,hmax2,block,obj_4,25.0,51.7,23.9,12.0,7.5,5.0,2,35.0,27.3,0.0,23.4,64.2,0.3,20,one_push,3,3,4,25,31,"long_axis_bearing_deg = bearing of the item's LONG side in world, counter-clockwise from +X, in [0,180). Place by this, not by yaw. yaw_deg is the MuJoCo local-frame rotation and its meaning differs between bricks (long side on local X) and blocks (long side on local Y).","every bar uses the wall_10/wall_11 ArUco mounting; wall_9 is excluded (tag rotated 90 deg, 19.0 cm not 19.5)"
easy_004,easy,hmax2,brick,wall_10,38.9,34.1,171.2,19.5,5.5,10.0,3,40.5,19.4,0.0,12.6,66.8,0.3,50,needs_2_chain,0,15,10,12,38,"long_axis_bearing_deg = bearing of the item's LONG side in world, counter-clockwise from +X, in [0,180). Place by this, not by yaw. yaw_deg is the MuJoCo local-frame rotation and its meaning differs between bricks (long side on local X) and blocks (long side on local Y).","every bar uses the wall_10/wall_11 ArUco mounting; wall_9 is excluded (tag rotated 90 deg, 19.0 cm not 19.5)"
easy_004,easy,hmax2,brick,wall_11,13.3,46.8,95.2,19.5,5.5,10.0,3,40.5,19.4,0.0,12.6,66.8,0.3,50,needs_2_chain,0,15,10,12,38,"long_axis_bearing_deg = bearing of the item's LONG side in world, counter-clockwise from +X, in [0,180). Place by this, not by yaw. yaw_deg is the MuJoCo local-frame rotation and its meaning differs between bricks (long side on local X) and blocks (long side on local Y).","every bar uses the wall_10/wall_11 ArUco mounting; wall_9 is excluded (tag rotated 90 deg, 19.0 cm not 19.5)"
easy_004,easy,hmax2,brick,wall_12,13.3,23.8,107.9,19.5,5.5,10.0,3,40.5,19.4,0.0,12.6,66.8,0.3,50,needs_2_chain,0,15,10,12,38,"long_axis_bearing_deg = bearing of the item's LONG side in world, counter-clockwise from +X, in [0,180). Place by this, not by yaw. yaw_deg is the MuJoCo local-frame rotation and its meaning differs between bricks (long side on local X) and blocks (long side on local Y).","every bar uses the wall_10/wall_11 ArUco mounting; wall_9 is excluded (tag rotated 90 deg, 19.0 cm not 19.5)"
easy_004,easy,hmax2,block,obj_1,21.4,32.4,83.7,15.0,7.0,4.0,3,40.5,19.4,0.0,12.6,66.8,0.3,50,needs_2_chain,0,15,10,12,38,"long_axis_bearing_deg = bearing of the item's LONG side in world, counter-clockwise from +X, in [0,180). Place by this, not by yaw. yaw_deg is the MuJoCo local-frame rotation and its meaning differs between bricks (long side on local X) and blocks (long side on local Y).","every bar uses the wall_10/wall_11 ArUco mounting; wall_9 is excluded (tag rotated 90 deg, 19.0 cm not 19.5)"
easy_005,easy,hmax2,brick,wall_10,39.1,30.9,177.3,19.5,5.5,10.0,3,28.2,14.6,0.0,40.9,46.5,0.3286,70,needs_2_chain,0,23,12,8,40,"long_axis_bearing_deg = bearing of the item's LONG side in world, counter-clockwise from +X, in [0,180). Place by this, not by yaw. yaw_deg is the MuJoCo local-frame rotation and its meaning differs between bricks (long side on local X) and blocks (long side on local Y).","every bar uses the wall_10/wall_11 ArUco mounting; wall_9 is excluded (tag rotated 90 deg, 19.0 cm not 19.5)"
easy_005,easy,hmax2,brick,wall_11,13.7,43.8,79.0,19.5,5.5,10.0,3,28.2,14.6,0.0,40.9,46.5,0.3286,70,needs_2_chain,0,23,12,8,40,"long_axis_bearing_deg = bearing of the item's LONG side in world, counter-clockwise from +X, in [0,180). Place by this, not by yaw. yaw_deg is the MuJoCo local-frame rotation and its meaning differs between bricks (long side on local X) and blocks (long side on local Y).","every bar uses the wall_10/wall_11 ArUco mounting; wall_9 is excluded (tag rotated 90 deg, 19.0 cm not 19.5)"
easy_005,easy,hmax2,brick,wall_12,13.7,20.6,109.2,19.5,5.5,10.0,3,28.2,14.6,0.0,40.9,46.5,0.3286,70,needs_2_chain,0,23,12,8,40,"long_axis_bearing_deg = bearing of the item's LONG side in world, counter-clockwise from +X, in [0,180). Place by this, not by yaw. yaw_deg is the MuJoCo local-frame rotation and its meaning differs between bricks (long side on local X) and blocks (long side on local Y).","every bar uses the wall_10/wall_11 ArUco mounting; wall_9 is excluded (tag rotated 90 deg, 19.0 cm not 19.5)"
easy_005,easy,hmax2,block,obj_4,22.7,26.0,1.0,12.0,7.5,5.0,3,28.2,14.6,0.0,40.9,46.5,0.3286,70,needs_2_chain,0,23,12,8,40,"long_axis_bearing_deg = bearing of the item's LONG side in world, counter-clockwise from +X, in [0,180). Place by this, not by yaw. yaw_deg is the MuJoCo local-frame rotation and its meaning differs between bricks (long side on local X) and blocks (long side on local Y).","every bar uses the wall_10/wall_11 ArUco mounting; wall_9 is excluded (tag rotated 90 deg, 19.0 cm not 19.5)"
easy_006,easy,hmax2,brick,wall_10,39.0,35.2,7.1,19.5,5.5,10.0,1,39.8,13.6,0.0,28.5,66.3,0.7259,135,one_push,83,15,26,23,11,"long_axis_bearing_deg = bearing of the item's LONG side in world, counter-clockwise from +X, in [0,180). Place by this, not by yaw. yaw_deg is the MuJoCo local-frame rotation and its meaning differs between bricks (long side on local X) and blocks (long side on local Y).","every bar uses the wall_10/wall_11 ArUco mounting; wall_9 is excluded (tag rotated 90 deg, 19.0 cm not 19.5)"
easy_006,easy,hmax2,block,obj_1,14.9,30.6,33.7,15.0,7.0,4.0,1,39.8,13.6,0.0,28.5,66.3,0.7259,135,one_push,83,15,26,23,11,"long_axis_bearing_deg = bearing of the item's LONG side in world, counter-clockwise from +X, in [0,180). Place by this, not by yaw. yaw_deg is the MuJoCo local-frame rotation and its meaning differs between bricks (long side on local X) and blocks (long side on local Y).","every bar uses the wall_10/wall_11 ArUco mounting; wall_9 is excluded (tag rotated 90 deg, 19.0 cm not 19.5)"
easy_007,easy,hmax2,brick,wall_10,39.1,40.3,176.8,19.5,5.5,10.0,1,32.2,11.7,0.0,8.8,63.4,0.7391,115,one_push,81,4,24,29,7,"long_axis_bearing_deg = bearing of the item's LONG side in world, counter-clockwise from +X, in [0,180). Place by this, not by yaw. yaw_deg is the MuJoCo local-frame rotation and its meaning differs between bricks (long side on local X) and blocks (long side on local Y).","every bar uses the wall_10/wall_11 ArUco mounting; wall_9 is excluded (tag rotated 90 deg, 19.0 cm not 19.5)"
easy_007,easy,hmax2,block,obj_4,13.0,37.3,34.1,12.0,7.5,5.0,1,32.2,11.7,0.0,8.8,63.4,0.7391,115,one_push,81,4,24,29,7,"long_axis_bearing_deg = bearing of the item's LONG side in world, counter-clockwise from +X, in [0,180). Place by this, not by yaw. yaw_deg is the MuJoCo local-frame rotation and its meaning differs between bricks (long side on local X) and blocks (long side on local Y).","every bar uses the wall_10/wall_11 ArUco mounting; wall_9 is excluded (tag rotated 90 deg, 19.0 cm not 19.5)"
easy_008,easy,hmax2,brick,wall_10,25.0,47.3,10.2,19.5,5.5,10.0,2,14.4,7.3,0.0,19.9,55.4,0.3077,130,needs_2_chain,0,40,26,14,20,"long_axis_bearing_deg = bearing of the item's LONG side in world, counter-clockwise from +X, in [0,180). Place by this, not by yaw. yaw_deg is the MuJoCo local-frame rotation and its meaning differs between bricks (long side on local X) and blocks (long side on local Y).","every bar uses the wall_10/wall_11 ArUco mounting; wall_9 is excluded (tag rotated 90 deg, 19.0 cm not 19.5)"
easy_008,easy,hmax2,brick,wall_11,34.1,35.7,156.8,19.5,5.5,10.0,2,14.4,7.3,0.0,19.9,55.4,0.3077,130,needs_2_chain,0,40,26,14,20,"long_axis_bearing_deg = bearing of the item's LONG side in world, counter-clockwise from +X, in [0,180). Place by this, not by yaw. yaw_deg is the MuJoCo local-frame rotation and its meaning differs between bricks (long side on local X) and blocks (long side on local Y).","every bar uses the wall_10/wall_11 ArUco mounting; wall_9 is excluded (tag rotated 90 deg, 19.0 cm not 19.5)"
easy_008,easy,hmax2,block,obj_1,12.6,39.6,118.7,15.0,7.0,4.0,2,14.4,7.3,0.0,19.9,55.4,0.3077,130,needs_2_chain,0,40,26,14,20,"long_axis_bearing_deg = bearing of the item's LONG side in world, counter-clockwise from +X, in [0,180). Place by this, not by yaw. yaw_deg is the MuJoCo local-frame rotation and its meaning differs between bricks (long side on local X) and blocks (long side on local Y).","every bar uses the wall_10/wall_11 ArUco mounting; wall_9 is excluded (tag rotated 90 deg, 19.0 cm not 19.5)"
easy_009,easy,hmax2,brick,wall_10,10.1,43.8,8.8,19.5,5.5,10.0,2,9.2,30.9,0.0,12.3,64.1,0.3,80,needs_2_chain,0,24,16,5,39,"long_axis_bearing_deg = bearing of the item's LONG side in world, counter-clockwise from +X, in [0,180). Place by this, not by yaw. yaw_deg is the MuJoCo local-frame rotation and its meaning differs between bricks (long side on local X) and blocks (long side on local Y).","every bar uses the wall_10/wall_11 ArUco mounting; wall_9 is excluded (tag rotated 90 deg, 19.0 cm not 19.5)"
easy_009,easy,hmax2,brick,wall_11,36.1,52.4,103.2,19.5,5.5,10.0,2,9.2,30.9,0.0,12.3,64.1,0.3,80,needs_2_chain,0,24,16,5,39,"long_axis_bearing_deg = bearing of the item's LONG side in world, counter-clockwise from +X, in [0,180). Place by this, not by yaw. yaw_deg is the MuJoCo local-frame rotation and its meaning differs between bricks (long side on local X) and blocks (long side on local Y).","every bar uses the wall_10/wall_11 ArUco mounting; wall_9 is excluded (tag rotated 90 deg, 19.0 cm not 19.5)"
easy_009,easy,hmax2,block,obj_4,26.7,46.5,62.8,12.0,7.5,5.0,2,9.2,30.9,0.0,12.3,64.1,0.3,80,needs_2_chain,0,24,16,5,39,"long_axis_bearing_deg = bearing of the item's LONG side in world, counter-clockwise from +X, in [0,180). Place by this, not by yaw. yaw_deg is the MuJoCo local-frame rotation and its meaning differs between bricks (long side on local X) and blocks (long side on local Y).","every bar uses the wall_10/wall_11 ArUco mounting; wall_9 is excluded (tag rotated 90 deg, 19.0 cm not 19.5)"
easy_010,easy,hmax2,brick,wall_10,38.9,37.1,170.2,19.5,5.5,10.0,3,7.2,14.8,0.0,13.2,69.2,0.3,50,one_push,1,14,9,12,39,"long_axis_bearing_deg = bearing of the item's LONG side in world, counter-clockwise from +X, in [0,180). Place by this, not by yaw. yaw_deg is the MuJoCo local-frame rotation and its meaning differs between bricks (long side on local X) and blocks (long side on local Y).","every bar uses the wall_10/wall_11 ArUco mounting; wall_9 is excluded (tag rotated 90 deg, 19.0 cm not 19.5)"
easy_010,easy,hmax2,brick,wall_11,13.2,49.0,76.1,19.5,5.5,10.0,3,7.2,14.8,0.0,13.2,69.2,0.3,50,one_push,1,14,9,12,39,"long_axis_bearing_deg = bearing of the item's LONG side in world, counter-clockwise from +X, in [0,180). Place by this, not by yaw. yaw_deg is the MuJoCo local-frame rotation and its meaning differs between bricks (long side on local X) and blocks (long side on local Y).","every bar uses the wall_10/wall_11 ArUco mounting; wall_9 is excluded (tag rotated 90 deg, 19.0 cm not 19.5)"
easy_010,easy,hmax2,brick,wall_12,13.2,25.4,106.9,19.5,5.5,10.0,3,7.2,14.8,0.0,13.2,69.2,0.3,50,one_push,1,14,9,12,39,"long_axis_bearing_deg = bearing of the item's LONG side in world, counter-clockwise from +X, in [0,180). Place by this, not by yaw. yaw_deg is the MuJoCo local-frame rotation and its meaning differs between bricks (long side on local X) and blocks (long side on local Y).","every bar uses the wall_10/wall_11 ArUco mounting; wall_9 is excluded (tag rotated 90 deg, 19.0 cm not 19.5)"
easy_010,easy,hmax2,block,obj_1,20.7,35.7,83.7,15.0,7.0,4.0,3,7.2,14.8,0.0,13.2,69.2,0.3,50,one_push,1,14,9,12,39,"long_axis_bearing_deg = bearing of the item's LONG side in world, counter-clockwise from +X, in [0,180). Place by this, not by yaw. yaw_deg is the MuJoCo local-frame rotation and its meaning differs between bricks (long side on local X) and blocks (long side on local Y).","every bar uses the wall_10/wall_11 ArUco mounting; wall_9 is excluded (tag rotated 90 deg, 19.0 cm not 19.5)"
easy_011,easy,hmax2,brick,wall_10,38.9,34.0,170.3,19.5,5.5,10.0,3,42.7,11.8,0.0,9.2,65.5,0.3333,60,one_push,3,17,13,12,35,"long_axis_bearing_deg = bearing of the item's LONG side in world, counter-clockwise from +X, in [0,180). Place by this, not by yaw. yaw_deg is the MuJoCo local-frame rotation and its meaning differs between bricks (long side on local X) and blocks (long side on local Y).","every bar uses the wall_10/wall_11 ArUco mounting; wall_9 is excluded (tag rotated 90 deg, 19.0 cm not 19.5)"
easy_011,easy,hmax2,brick,wall_11,13.0,45.1,93.7,19.5,5.5,10.0,3,42.7,11.8,0.0,9.2,65.5,0.3333,60,one_push,3,17,13,12,35,"long_axis_bearing_deg = bearing of the item's LONG side in world, counter-clockwise from +X, in [0,180). Place by this, not by yaw. yaw_deg is the MuJoCo local-frame rotation and its meaning differs between bricks (long side on local X) and blocks (long side on local Y).","every bar uses the wall_10/wall_11 ArUco mounting; wall_9 is excluded (tag rotated 90 deg, 19.0 cm not 19.5)"
easy_011,easy,hmax2,brick,wall_12,13.0,21.3,103.7,19.5,5.5,10.0,3,42.7,11.8,0.0,9.2,65.5,0.3333,60,one_push,3,17,13,12,35,"long_axis_bearing_deg = bearing of the item's LONG side in world, counter-clockwise from +X, in [0,180). Place by this, not by yaw. yaw_deg is the MuJoCo local-frame rotation and its meaning differs between bricks (long side on local X) and blocks (long side on local Y).","every bar uses the wall_10/wall_11 ArUco mounting; wall_9 is excluded (tag rotated 90 deg, 19.0 cm not 19.5)"
easy_011,easy,hmax2,block,obj_4,21.2,31.4,79.0,12.0,7.5,5.0,3,42.7,11.8,0.0,9.2,65.5,0.3333,60,one_push,3,17,13,12,35,"long_axis_bearing_deg = bearing of the item's LONG side in world, counter-clockwise from +X, in [0,180). Place by this, not by yaw. yaw_deg is the MuJoCo local-frame rotation and its meaning differs between bricks (long side on local X) and blocks (long side on local Y).","every bar uses the wall_10/wall_11 ArUco mounting; wall_9 is excluded (tag rotated 90 deg, 19.0 cm not 19.5)"
easy_012,easy,hmax2,brick,wall_10,39.0,43.9,7.8,19.5,5.5,10.0,1,37.4,10.2,0.0,21.1,70.5,0.7429,140,one_push,81,23,27,24,9,"long_axis_bearing_deg = bearing of the item's LONG side in world, counter-clockwise from +X, in [0,180). Place by this, not by yaw. yaw_deg is the MuJoCo local-frame rotation and its meaning differs between bricks (long side on local X) and blocks (long side on local Y).","every bar uses the wall_10/wall_11 ArUco mounting; wall_9 is excluded (tag rotated 90 deg, 19.0 cm not 19.5)"
easy_012,easy,hmax2,block,obj_1,16.3,46.1,18.2,15.0,7.0,4.0,1,37.4,10.2,0.0,21.1,70.5,0.7429,140,one_push,81,23,27,24,9,"long_axis_bearing_deg = bearing of the item's LONG side in world, counter-clockwise from +X, in [0,180). Place by this, not by yaw. yaw_deg is the MuJoCo local-frame rotation and its meaning differs between bricks (long side on local X) and blocks (long side on local Y).","every bar uses the wall_10/wall_11 ArUco mounting; wall_9 is excluded (tag rotated 90 deg, 19.0 cm not 19.5)"
easy_013,easy,hmax2,brick,wall_10,39.0,38.9,5.7,19.5,5.5,10.0,1,13.8,21.6,0.0,6.9,52.4,0.76,125,one_push,93,2,24,30,6,"long_axis_bearing_deg = bearing of the item's LONG side in world, counter-clockwise from +X, in [0,180). Place by this, not by yaw. yaw_deg is the MuJoCo local-frame rotation and its meaning differs between bricks (long side on local X) and blocks (long side on local Y).","every bar uses the wall_10/wall_11 ArUco mounting; wall_9 is excluded (tag rotated 90 deg, 19.0 cm not 19.5)"
easy_013,easy,hmax2,block,obj_4,13.7,43.7,26.0,12.0,7.5,5.0,1,13.8,21.6,0.0,6.9,52.4,0.76,125,one_push,93,2,24,30,6,"long_axis_bearing_deg = bearing of the item's LONG side in world, counter-clockwise from +X, in [0,180). Place by this, not by yaw. yaw_deg is the MuJoCo local-frame rotation and its meaning differs between bricks (long side on local X) and blocks (long side on local Y).","every bar uses the wall_10/wall_11 ArUco mounting; wall_9 is excluded (tag rotated 90 deg, 19.0 cm not 19.5)"
easy_014,easy,hmax2,brick,wall_10,10.5,42.7,29.0,19.5,5.5,10.0,2,27.9,17.3,0.0,42.2,65.4,0.3111,135,needs_2_chain,0,42,27,4,29,"long_axis_bearing_deg = bearing of the item's LONG side in world, counter-clockwise from +X, in [0,180). Place by this, not by yaw. yaw_deg is the MuJoCo local-frame rotation and its meaning differs between bricks (long side on local X) and blocks (long side on local Y).","every bar uses the wall_10/wall_11 ArUco mounting; wall_9 is excluded (tag rotated 90 deg, 19.0 cm not 19.5)"
easy_014,easy,hmax2,brick,wall_11,37.1,39.0,50.4,19.5,5.5,10.0,2,27.9,17.3,0.0,42.2,65.4,0.3111,135,needs_2_chain,0,42,27,4,29,"long_axis_bearing_deg = bearing of the item's LONG side in world, counter-clockwise from +X, in [0,180). Place by this, not by yaw. yaw_deg is the MuJoCo local-frame rotation and its meaning differs between bricks (long side on local X) and blocks (long side on local Y).","every bar uses the wall_10/wall_11 ArUco mounting; wall_9 is excluded (tag rotated 90 deg, 19.0 cm not 19.5)"
easy_014,easy,hmax2,block,obj_1,22.7,33.5,90.8,15.0,7.0,4.0,2,27.9,17.3,0.0,42.2,65.4,0.3111,135,needs_2_chain,0,42,27,4,29,"long_axis_bearing_deg = bearing of the item's LONG side in world, counter-clockwise from +X, in [0,180). Place by this, not by yaw. yaw_deg is the MuJoCo local-frame rotation and its meaning differs between bricks (long side on local X) and blocks (long side on local Y).","every bar uses the wall_10/wall_11 ArUco mounting; wall_9 is excluded (tag rotated 90 deg, 19.0 cm not 19.5)"
easy_015,easy,hmax2,brick,wall_10,9.8,41.4,0.3,19.5,5.5,10.0,2,41.3,12.5,0.0,12.8,64.9,0.3077,130,one_push,8,32,26,8,26,"long_axis_bearing_deg = bearing of the item's LONG side in world, counter-clockwise from +X, in [0,180). Place by this, not by yaw. yaw_deg is the MuJoCo local-frame rotation and its meaning differs between bricks (long side on local X) and blocks (long side on local Y).","every bar uses the wall_10/wall_11 ArUco mounting; wall_9 is excluded (tag rotated 90 deg, 19.0 cm not 19.5)"
easy_015,easy,hmax2,brick,wall_11,35.5,52.2,105.9,19.5,5.5,10.0,2,41.3,12.5,0.0,12.8,64.9,0.3077,130,one_push,8,32,26,8,26,"long_axis_bearing_deg = bearing of the item's LONG side in world, counter-clockwise from +X, in [0,180). Place by this, not by yaw. yaw_deg is the MuJoCo local-frame rotation and its meaning differs between bricks (long side on local X) and blocks (long side on local Y).","every bar uses the wall_10/wall_11 ArUco mounting; wall_9 is excluded (tag rotated 90 deg, 19.0 cm not 19.5)"
easy_015,easy,hmax2,block,obj_4,28.3,37.8,1.2,12.0,7.5,5.0,2,41.3,12.5,0.0,12.8,64.9,0.3077,130,one_push,8,32,26,8,26,"long_axis_bearing_deg = bearing of the item's LONG side in world, counter-clockwise from +X, in [0,180). Place by this, not by yaw. yaw_deg is the MuJoCo local-frame rotation and its meaning differs between bricks (long side on local X) and blocks (long side on local Y).","every bar uses the wall_10/wall_11 ArUco mounting; wall_9 is excluded (tag rotated 90 deg, 19.0 cm not 19.5)"
easy_016,easy,hmax2,brick,wall_10,9.8,30.9,0.9,19.5,5.5,10.0,3,15.7,10.2,0.0,12.3,60.8,0.3455,55,needs_2_chain,0,19,12,10,38,"long_axis_bearing_deg = bearing of the item's LONG side in world, counter-clockwise from +X, in [0,180). Place by this, not by yaw. yaw_deg is the MuJoCo local-frame rotation and its meaning differs between bricks (long side on local X) and blocks (long side on local Y).","every bar uses the wall_10/wall_11 ArUco mounting; wall_9 is excluded (tag rotated 90 deg, 19.0 cm not 19.5)"
easy_016,easy,hmax2,brick,wall_11,34.3,43.3,109.7,19.5,5.5,10.0,3,15.7,10.2,0.0,12.3,60.8,0.3455,55,needs_2_chain,0,19,12,10,38,"long_axis_bearing_deg = bearing of the item's LONG side in world, counter-clockwise from +X, in [0,180). Place by this, not by yaw. yaw_deg is the MuJoCo local-frame rotation and its meaning differs between bricks (long side on local X) and blocks (long side on local Y).","every bar uses the wall_10/wall_11 ArUco mounting; wall_9 is excluded (tag rotated 90 deg, 19.0 cm not 19.5)"
easy_016,easy,hmax2,brick,wall_12,34.3,22.3,78.7,19.5,5.5,10.0,3,15.7,10.2,0.0,12.3,60.8,0.3455,55,needs_2_chain,0,19,12,10,38,"long_axis_bearing_deg = bearing of the item's LONG side in world, counter-clockwise from +X, in [0,180). Place by this, not by yaw. yaw_deg is the MuJoCo local-frame rotation and its meaning differs between bricks (long side on local X) and blocks (long side on local Y).","every bar uses the wall_10/wall_11 ArUco mounting; wall_9 is excluded (tag rotated 90 deg, 19.0 cm not 19.5)"
easy_016,easy,hmax2,block,obj_1,27.1,26.8,87.0,15.0,7.0,4.0,3,15.7,10.2,0.0,12.3,60.8,0.3455,55,needs_2_chain,0,19,12,10,38,"long_axis_bearing_deg = bearing of the item's LONG side in world, counter-clockwise from +X, in [0,180). Place by this, not by yaw. yaw_deg is the MuJoCo local-frame rotation and its meaning differs between bricks (long side on local X) and blocks (long side on local Y).","every bar uses the wall_10/wall_11 ArUco mounting; wall_9 is excluded (tag rotated 90 deg, 19.0 cm not 19.5)"
easy_017,easy,hmax2,brick,wall_10,39.1,46.2,4.7,19.5,5.5,10.0,3,33.3,30.8,0.0,41.7,65.8,0.3333,75,needs_2_chain,0,25,15,5,40,"long_axis_bearing_deg = bearing of the item's LONG side in world, counter-clockwise from +X, in [0,180). Place by this, not by yaw. yaw_deg is the MuJoCo local-frame rotation and its meaning differs between bricks (long side on local X) and blocks (long side on local Y).","every bar uses the wall_10/wall_11 ArUco mounting; wall_9 is excluded (tag rotated 90 deg, 19.0 cm not 19.5)"
easy_017,easy,hmax2,brick,wall_11,13.4,57.8,77.7,19.5,5.5,10.0,3,33.3,30.8,0.0,41.7,65.8,0.3333,75,needs_2_chain,0,25,15,5,40,"long_axis_bearing_deg = bearing of the item's LONG side in world, counter-clockwise from +X, in [0,180). Place by this, not by yaw. yaw_deg is the MuJoCo local-frame rotation and its meaning differs between bricks (long side on local X) and blocks (long side on local Y).","every bar uses the wall_10/wall_11 ArUco mounting; wall_9 is excluded (tag rotated 90 deg, 19.0 cm not 19.5)"
easy_017,easy,hmax2,brick,wall_12,13.4,33.9,88.0,19.5,5.5,10.0,3,33.3,30.8,0.0,41.7,65.8,0.3333,75,needs_2_chain,0,25,15,5,40,"long_axis_bearing_deg = bearing of the item's LONG side in world, counter-clockwise from +X, in [0,180). Place by this, not by yaw. yaw_deg is the MuJoCo local-frame rotation and its meaning differs between bricks (long side on local X) and blocks (long side on local Y).","every bar uses the wall_10/wall_11 ArUco mounting; wall_9 is excluded (tag rotated 90 deg, 19.0 cm not 19.5)"
easy_017,easy,hmax2,block,obj_4,21.0,46.1,112.4,12.0,7.5,5.0,3,33.3,30.8,0.0,41.7,65.8,0.3333,75,needs_2_chain,0,25,15,5,40,"long_axis_bearing_deg = bearing of the item's LONG side in world, counter-clockwise from +X, in [0,180). Place by this, not by yaw. yaw_deg is the MuJoCo local-frame rotation and its meaning differs between bricks (long side on local X) and blocks (long side on local Y).","every bar uses the wall_10/wall_11 ArUco mounting; wall_9 is excluded (tag rotated 90 deg, 19.0 cm not 19.5)"
easy_018,easy,hmax2,brick,wall_10,39.1,31.4,176.4,19.5,5.5,10.0,1,13.9,18.4,0.0,15.9,47.3,0.7556,90,one_push,66,2,18,28,14,"long_axis_bearing_deg = bearing of the item's LONG side in world, counter-clockwise from +X, in [0,180). Place by this, not by yaw. yaw_deg is the MuJoCo local-frame rotation and its meaning differs between bricks (long side on local X) and blocks (long side on local Y).","every bar uses the wall_10/wall_11 ArUco mounting; wall_9 is excluded (tag rotated 90 deg, 19.0 cm not 19.5)"
easy_018,easy,hmax2,block,obj_1,12.9,32.1,32.0,15.0,7.0,4.0,1,13.9,18.4,0.0,15.9,47.3,0.7556,90,one_push,66,2,18,28,14,"long_axis_bearing_deg = bearing of the item's LONG side in world, counter-clockwise from +X, in [0,180). Place by this, not by yaw. yaw_deg is the MuJoCo local-frame rotation and its meaning differs between bricks (long side on local X) and blocks (long side on local Y).","every bar uses the wall_10/wall_11 ArUco mounting; wall_9 is excluded (tag rotated 90 deg, 19.0 cm not 19.5)"
easy_019,easy,hmax2,brick,wall_10,39.1,41.1,3.0,19.5,5.5,10.0,1,14.7,21.9,0.0,21.2,69.8,0.775,120,one_push,88,5,24,29,7,"long_axis_bearing_deg = bearing of the item's LONG side in world, counter-clockwise from +X, in [0,180). Place by this, not by yaw. yaw_deg is the MuJoCo local-frame rotation and its meaning differs between bricks (long side on local X) and blocks (long side on local Y).","every bar uses the wall_10/wall_11 ArUco mounting; wall_9 is excluded (tag rotated 90 deg, 19.0 cm not 19.5)"
easy_019,easy,hmax2,block,obj_4,13.3,40.9,34.0,12.0,7.5,5.0,1,14.7,21.9,0.0,21.2,69.8,0.775,120,one_push,88,5,24,29,7,"long_axis_bearing_deg = bearing of the item's LONG side in world, counter-clockwise from +X, in [0,180). Place by this, not by yaw. yaw_deg is the MuJoCo local-frame rotation and its meaning differs between bricks (long side on local X) and blocks (long side on local Y).","every bar uses the wall_10/wall_11 ArUco mounting; wall_9 is excluded (tag rotated 90 deg, 19.0 cm not 19.5)"
easy_020,easy,hmax2,brick,wall_10,38.9,31.5,9.2,19.5,5.5,10.0,2,26.5,20.0,0.0,29.7,71.0,0.312,125,needs_2_chain,0,39,25,6,29,"long_axis_bearing_deg = bearing of the item's LONG side in world, counter-clockwise from +X, in [0,180). Place by this, not by yaw. yaw_deg is the MuJoCo local-frame rotation and its meaning differs between bricks (long side on local X) and blocks (long side on local Y).","every bar uses the wall_10/wall_11 ArUco mounting; wall_9 is excluded (tag rotated 90 deg, 19.0 cm not 19.5)"
easy_020,easy,hmax2,brick,wall_11,13.6,41.4,70.7,19.5,5.5,10.0,2,26.5,20.0,0.0,29.7,71.0,0.312,125,needs_2_chain,0,39,25,6,29,"long_axis_bearing_deg = bearing of the item's LONG side in world, counter-clockwise from +X, in [0,180). Place by this, not by yaw. yaw_deg is the MuJoCo local-frame rotation and its meaning differs between bricks (long side on local X) and blocks (long side on local Y).","every bar uses the wall_10/wall_11 ArUco mounting; wall_9 is excluded (tag rotated 90 deg, 19.0 cm not 19.5)"
easy_020,easy,hmax2,block,obj_1,20.5,27.2,39.8,15.0,7.0,4.0,2,26.5,20.0,0.0,29.7,71.0,0.312,125,needs_2_chain,0,39,25,6,29,"long_axis_bearing_deg = bearing of the item's LONG side in world, counter-clockwise from +X, in [0,180). Place by this, not by yaw. yaw_deg is the MuJoCo local-frame rotation and its meaning differs between bricks (long side on local X) and blocks (long side on local Y).","every bar uses the wall_10/wall_11 ArUco mounting; wall_9 is excluded (tag rotated 90 deg, 19.0 cm not 19.5)"
easy_021,easy,hmax2,brick,wall_10,39.0,42.1,7.5,19.5,5.5,10.0,2,13.6,14.1,0.0,8.2,63.2,0.3172,145,needs_2_chain,0,46,29,3,28,"long_axis_bearing_deg = bearing of the item's LONG side in world, counter-clockwise from +X, in [0,180). Place by this, not by yaw. yaw_deg is the MuJoCo local-frame rotation and its meaning differs between bricks (long side on local X) and blocks (long side on local Y).","every bar uses the wall_10/wall_11 ArUco mounting; wall_9 is excluded (tag rotated 90 deg, 19.0 cm not 19.5)"
easy_021,easy,hmax2,brick,wall_11,14.4,54.1,72.2,19.5,5.5,10.0,2,13.6,14.1,0.0,8.2,63.2,0.3172,145,needs_2_chain,0,46,29,3,28,"long_axis_bearing_deg = bearing of the item's LONG side in world, counter-clockwise from +X, in [0,180). Place by this, not by yaw. yaw_deg is the MuJoCo local-frame rotation and its meaning differs between bricks (long side on local X) and blocks (long side on local Y).","every bar uses the wall_10/wall_11 ArUco mounting; wall_9 is excluded (tag rotated 90 deg, 19.0 cm not 19.5)"
easy_021,easy,hmax2,block,obj_4,21.4,37.5,38.4,12.0,7.5,5.0,2,13.6,14.1,0.0,8.2,63.2,0.3172,145,needs_2_chain,0,46,29,3,28,"long_axis_bearing_deg = bearing of the item's LONG side in world, counter-clockwise from +X, in [0,180). Place by this, not by yaw. yaw_deg is the MuJoCo local-frame rotation and its meaning differs between bricks (long side on local X) and blocks (long side on local Y).","every bar uses the wall_10/wall_11 ArUco mounting; wall_9 is excluded (tag rotated 90 deg, 19.0 cm not 19.5)"
easy_022,easy,hmax2,brick,wall_10,39.2,40.2,0.7,19.5,5.5,10.0,3,7.8,12.4,0.0,32.3,61.7,0.4,30,one_push,2,10,7,16,37,"long_axis_bearing_deg = bearing of the item's LONG side in world, counter-clockwise from +X, in [0,180). Place by this, not by yaw. yaw_deg is the MuJoCo local-frame rotation and its meaning differs between bricks (long side on local X) and blocks (long side on local Y).","every bar uses the wall_10/wall_11 ArUco mounting; wall_9 is excluded (tag rotated 90 deg, 19.0 cm not 19.5)"
easy_022,easy,hmax2,brick,wall_11,14.2,52.8,78.5,19.5,5.5,10.0,3,7.8,12.4,0.0,32.3,61.7,0.4,30,one_push,2,10,7,16,37,"long_axis_bearing_deg = bearing of the item's LONG side in world, counter-clockwise from +X, in [0,180). Place by this, not by yaw. yaw_deg is the MuJoCo local-frame rotation and its meaning differs between bricks (long side on local X) and blocks (long side on local Y).","every bar uses the wall_10/wall_11 ArUco mounting; wall_9 is excluded (tag rotated 90 deg, 19.0 cm not 19.5)"
easy_022,easy,hmax2,brick,wall_12,14.2,28.6,107.0,19.5,5.5,10.0,3,7.8,12.4,0.0,32.3,61.7,0.4,30,one_push,2,10,7,16,37,"long_axis_bearing_deg = bearing of the item's LONG side in world, counter-clockwise from +X, in [0,180). Place by this, not by yaw. yaw_deg is the MuJoCo local-frame rotation and its meaning differs between bricks (long side on local X) and blocks (long side on local Y).","every bar uses the wall_10/wall_11 ArUco mounting; wall_9 is excluded (tag rotated 90 deg, 19.0 cm not 19.5)"
easy_022,easy,hmax2,block,obj_1,22.4,42.4,76.3,15.0,7.0,4.0,3,7.8,12.4,0.0,32.3,61.7,0.4,30,one_push,2,10,7,16,37,"long_axis_bearing_deg = bearing of the item's LONG side in world, counter-clockwise from +X, in [0,180). Place by this, not by yaw. yaw_deg is the MuJoCo local-frame rotation and its meaning differs between bricks (long side on local X) and blocks (long side on local Y).","every bar uses the wall_10/wall_11 ArUco mounting; wall_9 is excluded (tag rotated 90 deg, 19.0 cm not 19.5)"
easy_023,easy,hmax2,brick,wall_10,38.9,46.2,171.3,19.5,5.5,10.0,3,12.0,10.6,0.0,34.6,68.3,0.4,75,one_push,3,27,16,6,38,"long_axis_bearing_deg = bearing of the item's LONG side in world, counter-clockwise from +X, in [0,180). Place by this, not by yaw. yaw_deg is the MuJoCo local-frame rotation and its meaning differs between bricks (long side on local X) and blocks (long side on local Y).","every bar uses the wall_10/wall_11 ArUco mounting; wall_9 is excluded (tag rotated 90 deg, 19.0 cm not 19.5)"
easy_023,easy,hmax2,brick,wall_11,13.6,57.4,87.5,19.5,5.5,10.0,3,12.0,10.6,0.0,34.6,68.3,0.4,75,one_push,3,27,16,6,38,"long_axis_bearing_deg = bearing of the item's LONG side in world, counter-clockwise from +X, in [0,180). Place by this, not by yaw. yaw_deg is the MuJoCo local-frame rotation and its meaning differs between bricks (long side on local X) and blocks (long side on local Y).","every bar uses the wall_10/wall_11 ArUco mounting; wall_9 is excluded (tag rotated 90 deg, 19.0 cm not 19.5)"
easy_023,easy,hmax2,brick,wall_12,13.6,34.2,105.5,19.5,5.5,10.0,3,12.0,10.6,0.0,34.6,68.3,0.4,75,one_push,3,27,16,6,38,"long_axis_bearing_deg = bearing of the item's LONG side in world, counter-clockwise from +X, in [0,180). Place by this, not by yaw. yaw_deg is the MuJoCo local-frame rotation and its meaning differs between bricks (long side on local X) and blocks (long side on local Y).","every bar uses the wall_10/wall_11 ArUco mounting; wall_9 is excluded (tag rotated 90 deg, 19.0 cm not 19.5)"
easy_023,easy,hmax2,block,obj_4,22.3,41.3,178.4,12.0,7.5,5.0,3,12.0,10.6,0.0,34.6,68.3,0.4,75,one_push,3,27,16,6,38,"long_axis_bearing_deg = bearing of the item's LONG side in world, counter-clockwise from +X, in [0,180). Place by this, not by yaw. yaw_deg is the MuJoCo local-frame rotation and its meaning differs between bricks (long side on local X) and blocks (long side on local Y).","every bar uses the wall_10/wall_11 ArUco mounting; wall_9 is excluded (tag rotated 90 deg, 19.0 cm not 19.5)"
easy_024,easy,hmax2,brick,wall_10,38.9,33.1,170.9,19.5,5.5,10.0,1,33.4,10.4,0.0,19.0,51.4,0.76,125,one_push,82,13,25,28,7,"long_axis_bearing_deg = bearing of the item's LONG side in world, counter-clockwise from +X, in [0,180). Place by this, not by yaw. yaw_deg is the MuJoCo local-frame rotation and its meaning differs between bricks (long side on local X) and blocks (long side on local Y).","every bar uses the wall_10/wall_11 ArUco mounting; wall_9 is excluded (tag rotated 90 deg, 19.0 cm not 19.5)"
easy_024,easy,hmax2,block,obj_1,14.5,33.9,38.1,15.0,7.0,4.0,1,33.4,10.4,0.0,19.0,51.4,0.76,125,one_push,82,13,25,28,7,"long_axis_bearing_deg = bearing of the item's LONG side in world, counter-clockwise from +X, in [0,180). Place by this, not by yaw. yaw_deg is the MuJoCo local-frame rotation and its meaning differs between bricks (long side on local X) and blocks (long side on local Y).","every bar uses the wall_10/wall_11 ArUco mounting; wall_9 is excluded (tag rotated 90 deg, 19.0 cm not 19.5)"
easy_025,easy,hmax2,brick,wall_10,38.9,33.4,168.6,19.5,5.5,10.0,1,20.9,7.4,0.0,37.8,69.4,0.776,125,one_push,88,9,25,28,7,"long_axis_bearing_deg = bearing of the item's LONG side in world, counter-clockwise from +X, in [0,180). Place by this, not by yaw. yaw_deg is the MuJoCo local-frame rotation and its meaning differs between bricks (long side on local X) and blocks (long side on local Y).","every bar uses the wall_10/wall_11 ArUco mounting; wall_9 is excluded (tag rotated 90 deg, 19.0 cm not 19.5)"
easy_025,easy,hmax2,block,obj_4,14.2,34.3,21.9,12.0,7.5,5.0,1,20.9,7.4,0.0,37.8,69.4,0.776,125,one_push,88,9,25,28,7,"long_axis_bearing_deg = bearing of the item's LONG side in world, counter-clockwise from +X, in [0,180). Place by this, not by yaw. yaw_deg is the MuJoCo local-frame rotation and its meaning differs between bricks (long side on local X) and blocks (long side on local Y).","every bar uses the wall_10/wall_11 ArUco mounting; wall_9 is excluded (tag rotated 90 deg, 19.0 cm not 19.5)"
easy_026,easy,hmax2,brick,wall_10,22.6,45.8,3.3,19.5,5.5,10.0,2,32.6,8.2,0.0,16.9,64.7,0.328,125,needs_2_chain,0,41,24,8,28,"long_axis_bearing_deg = bearing of the item's LONG side in world, counter-clockwise from +X, in [0,180). Place by this, not by yaw. yaw_deg is the MuJoCo local-frame rotation and its meaning differs between bricks (long side on local X) and blocks (long side on local Y).","every bar uses the wall_10/wall_11 ArUco mounting; wall_9 is excluded (tag rotated 90 deg, 19.0 cm not 19.5)"
easy_026,easy,hmax2,brick,wall_11,37.3,37.9,179.3,19.5,5.5,10.0,2,32.6,8.2,0.0,16.9,64.7,0.328,125,needs_2_chain,0,41,24,8,28,"long_axis_bearing_deg = bearing of the item's LONG side in world, counter-clockwise from +X, in [0,180). Place by this, not by yaw. yaw_deg is the MuJoCo local-frame rotation and its meaning differs between bricks (long side on local X) and blocks (long side on local Y).","every bar uses the wall_10/wall_11 ArUco mounting; wall_9 is excluded (tag rotated 90 deg, 19.0 cm not 19.5)"
easy_026,easy,hmax2,block,obj_1,7.5,34.6,104.6,15.0,7.0,4.0,2,32.6,8.2,0.0,16.9,64.7,0.328,125,needs_2_chain,0,41,24,8,28,"long_axis_bearing_deg = bearing of the item's LONG side in world, counter-clockwise from +X, in [0,180). Place by this, not by yaw. yaw_deg is the MuJoCo local-frame rotation and its meaning differs between bricks (long side on local X) and blocks (long side on local Y).","every bar uses the wall_10/wall_11 ArUco mounting; wall_9 is excluded (tag rotated 90 deg, 19.0 cm not 19.5)"
easy_027,easy,hmax2,brick,wall_10,39.0,47.6,7.7,19.5,5.5,10.0,2,16.8,28.1,0.0,39.1,65.1,0.3286,70,needs_2_chain,0,23,14,7,39,"long_axis_bearing_deg = bearing of the item's LONG side in world, counter-clockwise from +X, in [0,180). Place by this, not by yaw. yaw_deg is the MuJoCo local-frame rotation and its meaning differs between bricks (long side on local X) and blocks (long side on local Y).","every bar uses the wall_10/wall_11 ArUco mounting; wall_9 is excluded (tag rotated 90 deg, 19.0 cm not 19.5)"
easy_027,easy,hmax2,brick,wall_11,13.1,58.2,73.5,19.5,5.5,10.0,2,16.8,28.1,0.0,39.1,65.1,0.3286,70,needs_2_chain,0,23,14,7,39,"long_axis_bearing_deg = bearing of the item's LONG side in world, counter-clockwise from +X, in [0,180). Place by this, not by yaw. yaw_deg is the MuJoCo local-frame rotation and its meaning differs between bricks (long side on local X) and blocks (long side on local Y).","every bar uses the wall_10/wall_11 ArUco mounting; wall_9 is excluded (tag rotated 90 deg, 19.0 cm not 19.5)"
easy_027,easy,hmax2,block,obj_4,22.2,48.2,125.1,12.0,7.5,5.0,2,16.8,28.1,0.0,39.1,65.1,0.3286,70,needs_2_chain,0,23,14,7,39,"long_axis_bearing_deg = bearing of the item's LONG side in world, counter-clockwise from +X, in [0,180). Place by this, not by yaw. yaw_deg is the MuJoCo local-frame rotation and its meaning differs between bricks (long side on local X) and blocks (long side on local Y).","every bar uses the wall_10/wall_11 ArUco mounting; wall_9 is excluded (tag rotated 90 deg, 19.0 cm not 19.5)"
easy_028,easy,hmax2,brick,wall_10,38.9,35.7,170.1,19.5,5.5,10.0,3,23.5,14.6,0.0,41.0,50.8,0.4,75,needs_2_chain,0,30,15,7,38,"long_axis_bearing_deg = bearing of the item's LONG side in world, counter-clockwise from +X, in [0,180). Place by this, not by yaw. yaw_deg is the MuJoCo local-frame rotation and its meaning differs between bricks (long side on local X) and blocks (long side on local Y).","every bar uses the wall_10/wall_11 ArUco mounting; wall_9 is excluded (tag rotated 90 deg, 19.0 cm not 19.5)"
easy_028,easy,hmax2,brick,wall_11,13.7,47.6,72.3,19.5,5.5,10.0,3,23.5,14.6,0.0,41.0,50.8,0.4,75,needs_2_chain,0,30,15,7,38,"long_axis_bearing_deg = bearing of the item's LONG side in world, counter-clockwise from +X, in [0,180). Place by this, not by yaw. yaw_deg is the MuJoCo local-frame rotation and its meaning differs between bricks (long side on local X) and blocks (long side on local Y).","every bar uses the wall_10/wall_11 ArUco mounting; wall_9 is excluded (tag rotated 90 deg, 19.0 cm not 19.5)"
easy_028,easy,hmax2,brick,wall_12,13.7,25.9,91.3,19.5,5.5,10.0,3,23.5,14.6,0.0,41.0,50.8,0.4,75,needs_2_chain,0,30,15,7,38,"long_axis_bearing_deg = bearing of the item's LONG side in world, counter-clockwise from +X, in [0,180). Place by this, not by yaw. yaw_deg is the MuJoCo local-frame rotation and its meaning differs between bricks (long side on local X) and blocks (long side on local Y).","every bar uses the wall_10/wall_11 ArUco mounting; wall_9 is excluded (tag rotated 90 deg, 19.0 cm not 19.5)"
easy_028,easy,hmax2,block,obj_1,20.7,32.7,95.1,15.0,7.0,4.0,3,23.5,14.6,0.0,41.0,50.8,0.4,75,needs_2_chain,0,30,15,7,38,"long_axis_bearing_deg = bearing of the item's LONG side in world, counter-clockwise from +X, in [0,180). Place by this, not by yaw. yaw_deg is the MuJoCo local-frame rotation and its meaning differs between bricks (long side on local X) and blocks (long side on local Y).","every bar uses the wall_10/wall_11 ArUco mounting; wall_9 is excluded (tag rotated 90 deg, 19.0 cm not 19.5)"
easy_029,easy,hmax2,brick,wall_10,38.9,45.1,170.5,19.5,5.5,10.0,3,23.5,13.1,0.0,28.6,64.2,0.4235,85,needs_2_chain,0,36,17,9,34,"long_axis_bearing_deg = bearing of the item's LONG side in world, counter-clockwise from +X, in [0,180). Place by this, not by yaw. yaw_deg is the MuJoCo local-frame rotation and its meaning differs between bricks (long side on local X) and blocks (long side on local Y).","every bar uses the wall_10/wall_11 ArUco mounting; wall_9 is excluded (tag rotated 90 deg, 19.0 cm not 19.5)"
easy_029,easy,hmax2,brick,wall_11,13.2,57.0,73.3,19.5,5.5,10.0,3,23.5,13.1,0.0,28.6,64.2,0.4235,85,needs_2_chain,0,36,17,9,34,"long_axis_bearing_deg = bearing of the item's LONG side in world, counter-clockwise from +X, in [0,180). Place by this, not by yaw. yaw_deg is the MuJoCo local-frame rotation and its meaning differs between bricks (long side on local X) and blocks (long side on local Y).","every bar uses the wall_10/wall_11 ArUco mounting; wall_9 is excluded (tag rotated 90 deg, 19.0 cm not 19.5)"
easy_029,easy,hmax2,brick,wall_12,13.2,35.0,93.7,19.5,5.5,10.0,3,23.5,13.1,0.0,28.6,64.2,0.4235,85,needs_2_chain,0,36,17,9,34,"long_axis_bearing_deg = bearing of the item's LONG side in world, counter-clockwise from +X, in [0,180). Place by this, not by yaw. yaw_deg is the MuJoCo local-frame rotation and its meaning differs between bricks (long side on local X) and blocks (long side on local Y).","every bar uses the wall_10/wall_11 ArUco mounting; wall_9 is excluded (tag rotated 90 deg, 19.0 cm not 19.5)"
easy_029,easy,hmax2,block,obj_4,21.7,42.2,99.0,12.0,7.5,5.0,3,23.5,13.1,0.0,28.6,64.2,0.4235,85,needs_2_chain,0,36,17,9,34,"long_axis_bearing_deg = bearing of the item's LONG side in world, counter-clockwise from +X, in [0,180). Place by this, not by yaw. yaw_deg is the MuJoCo local-frame rotation and its meaning differs between bricks (long side on local X) and blocks (long side on local Y).","every bar uses the wall_10/wall_11 ArUco mounting; wall_9 is excluded (tag rotated 90 deg, 19.0 cm not 19.5)"
easy_030,easy,hmax2,brick,wall_10,39.1,47.5,2.3,19.5,5.5,10.0,1,24.6,9.0,0.0,39.7,64.6,0.7615,130,one_push,84,15,26,23,11,"long_axis_bearing_deg = bearing of the item's LONG side in world, counter-clockwise from +X, in [0,180). Place by this, not by yaw. yaw_deg is the MuJoCo local-frame rotation and its meaning differs between bricks (long side on local X) and blocks (long side on local Y).","every bar uses the wall_10/wall_11 ArUco mounting; wall_9 is excluded (tag rotated 90 deg, 19.0 cm not 19.5)"
easy_030,easy,hmax2,block,obj_1,15.1,45.0,35.2,15.0,7.0,4.0,1,24.6,9.0,0.0,39.7,64.6,0.7615,130,one_push,84,15,26,23,11,"long_axis_bearing_deg = bearing of the item's LONG side in world, counter-clockwise from +X, in [0,180). Place by this, not by yaw. yaw_deg is the MuJoCo local-frame rotation and its meaning differs between bricks (long side on local X) and blocks (long side on local Y).","every bar uses the wall_10/wall_11 ArUco mounting; wall_9 is excluded (tag rotated 90 deg, 19.0 cm not 19.5)"
easy_031,easy,hmax2,brick,wall_10,39.2,41.1,2.1,19.5,5.5,10.0,1,7.3,22.3,0.0,24.7,69.7,0.7769,130,one_push,96,5,26,29,5,"long_axis_bearing_deg = bearing of the item's LONG side in world, counter-clockwise from +X, in [0,180). Place by this, not by yaw. yaw_deg is the MuJoCo local-frame rotation and its meaning differs between bricks (long side on local X) and blocks (long side on local Y).","every bar uses the wall_10/wall_11 ArUco mounting; wall_9 is excluded (tag rotated 90 deg, 19.0 cm not 19.5)"
easy_031,easy,hmax2,block,obj_4,13.5,38.8,36.3,12.0,7.5,5.0,1,7.3,22.3,0.0,24.7,69.7,0.7769,130,one_push,96,5,26,29,5,"long_axis_bearing_deg = bearing of the item's LONG side in world, counter-clockwise from +X, in [0,180). Place by this, not by yaw. yaw_deg is the MuJoCo local-frame rotation and its meaning differs between bricks (long side on local X) and blocks (long side on local Y).","every bar uses the wall_10/wall_11 ArUco mounting; wall_9 is excluded (tag rotated 90 deg, 19.0 cm not 19.5)"
easy_032,easy,hmax2,brick,wall_10,25.0,35.0,36.4,19.5,5.5,10.0,2,17.0,8.7,0.0,18.1,54.9,0.3333,120,needs_2_chain,0,40,24,11,25,"long_axis_bearing_deg = bearing of the item's LONG side in world, counter-clockwise from +X, in [0,180). Place by this, not by yaw. yaw_deg is the MuJoCo local-frame rotation and its meaning differs between bricks (long side on local X) and blocks (long side on local Y).","every bar uses the wall_10/wall_11 ArUco mounting; wall_9 is excluded (tag rotated 90 deg, 19.0 cm not 19.5)"
easy_032,easy,hmax2,brick,wall_11,36.6,24.2,54.7,19.5,5.5,10.0,2,17.0,8.7,0.0,18.1,54.9,0.3333,120,needs_2_chain,0,40,24,11,25,"long_axis_bearing_deg = bearing of the item's LONG side in world, counter-clockwise from +X, in [0,180). Place by this, not by yaw. yaw_deg is the MuJoCo local-frame rotation and its meaning differs between bricks (long side on local X) and blocks (long side on local Y).","every bar uses the wall_10/wall_11 ArUco mounting; wall_9 is excluded (tag rotated 90 deg, 19.0 cm not 19.5)"
easy_032,easy,hmax2,block,obj_1,11.3,28.3,128.9,15.0,7.0,4.0,2,17.0,8.7,0.0,18.1,54.9,0.3333,120,needs_2_chain,0,40,24,11,25,"long_axis_bearing_deg = bearing of the item's LONG side in world, counter-clockwise from +X, in [0,180). Place by this, not by yaw. yaw_deg is the MuJoCo local-frame rotation and its meaning differs between bricks (long side on local X) and blocks (long side on local Y).","every bar uses the wall_10/wall_11 ArUco mounting; wall_9 is excluded (tag rotated 90 deg, 19.0 cm not 19.5)"
easy_033,easy,hmax2,brick,wall_10,39.0,34.2,5.3,19.5,5.5,10.0,2,23.5,14.6,0.0,8.6,66.2,0.331,145,one_push,5,43,29,3,28,"long_axis_bearing_deg = bearing of the item's LONG side in world, counter-clockwise from +X, in [0,180). Place by this, not by yaw. yaw_deg is the MuJoCo local-frame rotation and its meaning differs between bricks (long side on local X) and blocks (long side on local Y).","every bar uses the wall_10/wall_11 ArUco mounting; wall_9 is excluded (tag rotated 90 deg, 19.0 cm not 19.5)"
easy_033,easy,hmax2,brick,wall_11,13.7,45.1,75.1,19.5,5.5,10.0,2,23.5,14.6,0.0,8.6,66.2,0.331,145,one_push,5,43,29,3,28,"long_axis_bearing_deg = bearing of the item's LONG side in world, counter-clockwise from +X, in [0,180). Place by this, not by yaw. yaw_deg is the MuJoCo local-frame rotation and its meaning differs between bricks (long side on local X) and blocks (long side on local Y).","every bar uses the wall_10/wall_11 ArUco mounting; wall_9 is excluded (tag rotated 90 deg, 19.0 cm not 19.5)"
easy_033,easy,hmax2,block,obj_4,20.4,29.4,108.4,12.0,7.5,5.0,2,23.5,14.6,0.0,8.6,66.2,0.331,145,one_push,5,43,29,3,28,"long_axis_bearing_deg = bearing of the item's LONG side in world, counter-clockwise from +X, in [0,180). Place by this, not by yaw. yaw_deg is the MuJoCo local-frame rotation and its meaning differs between bricks (long side on local X) and blocks (long side on local Y).","every bar uses the wall_10/wall_11 ArUco mounting; wall_9 is excluded (tag rotated 90 deg, 19.0 cm not 19.5)"
easy_034,easy,hmax2,brick,wall_10,39.1,32.9,176.9,19.5,5.5,10.0,3,31.0,7.6,0.0,40.2,62.6,0.4333,60,needs_2_chain,0,26,12,8,40,"long_axis_bearing_deg = bearing of the item's LONG side in world, counter-clockwise from +X, in [0,180). Place by this, not by yaw. yaw_deg is the MuJoCo local-frame rotation and its meaning differs between bricks (long side on local X) and blocks (long side on local Y).","every bar uses the wall_10/wall_11 ArUco mounting; wall_9 is excluded (tag rotated 90 deg, 19.0 cm not 19.5)"
easy_034,easy,hmax2,brick,wall_11,13.3,43.7,79.1,19.5,5.5,10.0,3,31.0,7.6,0.0,40.2,62.6,0.4333,60,needs_2_chain,0,26,12,8,40,"long_axis_bearing_deg = bearing of the item's LONG side in world, counter-clockwise from +X, in [0,180). Place by this, not by yaw. yaw_deg is the MuJoCo local-frame rotation and its meaning differs between bricks (long side on local X) and blocks (long side on local Y).","every bar uses the wall_10/wall_11 ArUco mounting; wall_9 is excluded (tag rotated 90 deg, 19.0 cm not 19.5)"
easy_034,easy,hmax2,brick,wall_12,13.3,22.0,106.5,19.5,5.5,10.0,3,31.0,7.6,0.0,40.2,62.6,0.4333,60,needs_2_chain,0,26,12,8,40,"long_axis_bearing_deg = bearing of the item's LONG side in world, counter-clockwise from +X, in [0,180). Place by this, not by yaw. yaw_deg is the MuJoCo local-frame rotation and its meaning differs between bricks (long side on local X) and blocks (long side on local Y).","every bar uses the wall_10/wall_11 ArUco mounting; wall_9 is excluded (tag rotated 90 deg, 19.0 cm not 19.5)"
easy_034,easy,hmax2,block,obj_1,20.8,28.3,94.9,15.0,7.0,4.0,3,31.0,7.6,0.0,40.2,62.6,0.4333,60,needs_2_chain,0,26,12,8,40,"long_axis_bearing_deg = bearing of the item's LONG side in world, counter-clockwise from +X, in [0,180). Place by this, not by yaw. yaw_deg is the MuJoCo local-frame rotation and its meaning differs between bricks (long side on local X) and blocks (long side on local Y).","every bar uses the wall_10/wall_11 ArUco mounting; wall_9 is excluded (tag rotated 90 deg, 19.0 cm not 19.5)"
easy_035,easy,hmax2,brick,wall_10,38.9,40.1,8.9,19.5,5.5,10.0,3,39.0,17.9,0.0,35.1,61.2,0.45,60,one_push,12,15,11,17,32,"long_axis_bearing_deg = bearing of the item's LONG side in world, counter-clockwise from +X, in [0,180). Place by this, not by yaw. yaw_deg is the MuJoCo local-frame rotation and its meaning differs between bricks (long side on local X) and blocks (long side on local Y).","every bar uses the wall_10/wall_11 ArUco mounting; wall_9 is excluded (tag rotated 90 deg, 19.0 cm not 19.5)"
easy_035,easy,hmax2,brick,wall_11,13.5,53.0,80.4,19.5,5.5,10.0,3,39.0,17.9,0.0,35.1,61.2,0.45,60,one_push,12,15,11,17,32,"long_axis_bearing_deg = bearing of the item's LONG side in world, counter-clockwise from +X, in [0,180). Place by this, not by yaw. yaw_deg is the MuJoCo local-frame rotation and its meaning differs between bricks (long side on local X) and blocks (long side on local Y).","every bar uses the wall_10/wall_11 ArUco mounting; wall_9 is excluded (tag rotated 90 deg, 19.0 cm not 19.5)"
easy_035,easy,hmax2,brick,wall_12,13.5,30.0,106.8,19.5,5.5,10.0,3,39.0,17.9,0.0,35.1,61.2,0.45,60,one_push,12,15,11,17,32,"long_axis_bearing_deg = bearing of the item's LONG side in world, counter-clockwise from +X, in [0,180). Place by this, not by yaw. yaw_deg is the MuJoCo local-frame rotation and its meaning differs between bricks (long side on local X) and blocks (long side on local Y).","every bar uses the wall_10/wall_11 ArUco mounting; wall_9 is excluded (tag rotated 90 deg, 19.0 cm not 19.5)"
easy_035,easy,hmax2,block,obj_4,24.0,43.4,76.7,12.0,7.5,5.0,3,39.0,17.9,0.0,35.1,61.2,0.45,60,one_push,12,15,11,17,32,"long_axis_bearing_deg = bearing of the item's LONG side in world, counter-clockwise from +X, in [0,180). Place by this, not by yaw. yaw_deg is the MuJoCo local-frame rotation and its meaning differs between bricks (long side on local X) and blocks (long side on local Y).","every bar uses the wall_10/wall_11 ArUco mounting; wall_9 is excluded (tag rotated 90 deg, 19.0 cm not 19.5)"
easy_036,easy,hmax2,brick,wall_10,10.0,45.6,172.6,19.5,5.5,10.0,1,28.2,22.4,0.0,41.8,62.6,0.7692,130,one_push,80,20,25,26,9,"long_axis_bearing_deg = bearing of the item's LONG side in world, counter-clockwise from +X, in [0,180). Place by this, not by yaw. yaw_deg is the MuJoCo local-frame rotation and its meaning differs between bricks (long side on local X) and blocks (long side on local Y).","every bar uses the wall_10/wall_11 ArUco mounting; wall_9 is excluded (tag rotated 90 deg, 19.0 cm not 19.5)"
easy_036,easy,hmax2,block,obj_1,34.8,41.7,142.4,15.0,7.0,4.0,1,28.2,22.4,0.0,41.8,62.6,0.7692,130,one_push,80,20,25,26,9,"long_axis_bearing_deg = bearing of the item's LONG side in world, counter-clockwise from +X, in [0,180). Place by this, not by yaw. yaw_deg is the MuJoCo local-frame rotation and its meaning differs between bricks (long side on local X) and blocks (long side on local Y).","every bar uses the wall_10/wall_11 ArUco mounting; wall_9 is excluded (tag rotated 90 deg, 19.0 cm not 19.5)"
easy_037,easy,hmax2,brick,wall_10,38.9,44.2,170.0,19.5,5.5,10.0,1,6.8,30.6,0.0,14.1,59.1,0.7895,95,one_push,75,0,17,30,13,"long_axis_bearing_deg = bearing of the item's LONG side in world, counter-clockwise from +X, in [0,180). Place by this, not by yaw. yaw_deg is the MuJoCo local-frame rotation and its meaning differs between bricks (long side on local X) and blocks (long side on local Y).","every bar uses the wall_10/wall_11 ArUco mounting; wall_9 is excluded (tag rotated 90 deg, 19.0 cm not 19.5)"
easy_037,easy,hmax2,block,obj_4,13.7,48.1,11.5,12.0,7.5,5.0,1,6.8,30.6,0.0,14.1,59.1,0.7895,95,one_push,75,0,17,30,13,"long_axis_bearing_deg = bearing of the item's LONG side in world, counter-clockwise from +X, in [0,180). Place by this, not by yaw. yaw_deg is the MuJoCo local-frame rotation and its meaning differs between bricks (long side on local X) and blocks (long side on local Y).","every bar uses the wall_10/wall_11 ArUco mounting; wall_9 is excluded (tag rotated 90 deg, 19.0 cm not 19.5)"
easy_038,easy,hmax2,brick,wall_10,11.5,43.3,38.5,19.5,5.5,10.0,2,29.2,14.4,0.0,16.0,69.8,0.3385,130,needs_2_chain,0,44,26,15,19,"long_axis_bearing_deg = bearing of the item's LONG side in world, counter-clockwise from +X, in [0,180). Place by this, not by yaw. yaw_deg is the MuJoCo local-frame rotation and its meaning differs between bricks (long side on local X) and blocks (long side on local Y).","every bar uses the wall_10/wall_11 ArUco mounting; wall_9 is excluded (tag rotated 90 deg, 19.0 cm not 19.5)"
easy_038,easy,hmax2,brick,wall_11,24.9,45.0,37.3,19.5,5.5,10.0,2,29.2,14.4,0.0,16.0,69.8,0.3385,130,needs_2_chain,0,44,26,15,19,"long_axis_bearing_deg = bearing of the item's LONG side in world, counter-clockwise from +X, in [0,180). Place by this, not by yaw. yaw_deg is the MuJoCo local-frame rotation and its meaning differs between bricks (long side on local X) and blocks (long side on local Y).","every bar uses the wall_10/wall_11 ArUco mounting; wall_9 is excluded (tag rotated 90 deg, 19.0 cm not 19.5)"
easy_038,easy,hmax2,block,obj_1,36.3,43.3,65.3,15.0,7.0,4.0,2,29.2,14.4,0.0,16.0,69.8,0.3385,130,needs_2_chain,0,44,26,15,19,"long_axis_bearing_deg = bearing of the item's LONG side in world, counter-clockwise from +X, in [0,180). Place by this, not by yaw. yaw_deg is the MuJoCo local-frame rotation and its meaning differs between bricks (long side on local X) and blocks (long side on local Y).","every bar uses the wall_10/wall_11 ArUco mounting; wall_9 is excluded (tag rotated 90 deg, 19.0 cm not 19.5)"
easy_039,easy,hmax2,brick,wall_10,22.9,47.9,16.2,19.5,5.5,10.0,2,40.6,28.7,0.0,14.5,61.6,0.3385,130,needs_2_chain,0,44,26,9,25,"long_axis_bearing_deg = bearing of the item's LONG side in world, counter-clockwise from +X, in [0,180). Place by this, not by yaw. yaw_deg is the MuJoCo local-frame rotation and its meaning differs between bricks (long side on local X) and blocks (long side on local Y).","every bar uses the wall_10/wall_11 ArUco mounting; wall_9 is excluded (tag rotated 90 deg, 19.0 cm not 19.5)"
easy_039,easy,hmax2,brick,wall_11,35.9,44.0,25.6,19.5,5.5,10.0,2,40.6,28.7,0.0,14.5,61.6,0.3385,130,needs_2_chain,0,44,26,9,25,"long_axis_bearing_deg = bearing of the item's LONG side in world, counter-clockwise from +X, in [0,180). Place by this, not by yaw. yaw_deg is the MuJoCo local-frame rotation and its meaning differs between bricks (long side on local X) and blocks (long side on local Y).","every bar uses the wall_10/wall_11 ArUco mounting; wall_9 is excluded (tag rotated 90 deg, 19.0 cm not 19.5)"
easy_039,easy,hmax2,block,obj_4,11.0,38.6,114.9,12.0,7.5,5.0,2,40.6,28.7,0.0,14.5,61.6,0.3385,130,needs_2_chain,0,44,26,9,25,"long_axis_bearing_deg = bearing of the item's LONG side in world, counter-clockwise from +X, in [0,180). Place by this, not by yaw. yaw_deg is the MuJoCo local-frame rotation and its meaning differs between bricks (long side on local X) and blocks (long side on local Y).","every bar uses the wall_10/wall_11 ArUco mounting; wall_9 is excluded (tag rotated 90 deg, 19.0 cm not 19.5)"
easy_040,easy,hmax2,brick,wall_10,9.8,44.9,1.6,19.5,5.5,10.0,3,8.3,11.7,0.0,12.2,66.1,0.4462,65,needs_2_chain,0,29,13,2,45,"long_axis_bearing_deg = bearing of the item's LONG side in world, counter-clockwise from +X, in [0,180). Place by this, not by yaw. yaw_deg is the MuJoCo local-frame rotation and its meaning differs between bricks (long side on local X) and blocks (long side on local Y).","every bar uses the wall_10/wall_11 ArUco mounting; wall_9 is excluded (tag rotated 90 deg, 19.0 cm not 19.5)"
easy_040,easy,hmax2,brick,wall_11,34.6,56.0,109.4,19.5,5.5,10.0,3,8.3,11.7,0.0,12.2,66.1,0.4462,65,needs_2_chain,0,29,13,2,45,"long_axis_bearing_deg = bearing of the item's LONG side in world, counter-clockwise from +X, in [0,180). Place by this, not by yaw. yaw_deg is the MuJoCo local-frame rotation and its meaning differs between bricks (long side on local X) and blocks (long side on local Y).","every bar uses the wall_10/wall_11 ArUco mounting; wall_9 is excluded (tag rotated 90 deg, 19.0 cm not 19.5)"
easy_040,easy,hmax2,brick,wall_12,34.6,33.7,73.6,19.5,5.5,10.0,3,8.3,11.7,0.0,12.2,66.1,0.4462,65,needs_2_chain,0,29,13,2,45,"long_axis_bearing_deg = bearing of the item's LONG side in world, counter-clockwise from +X, in [0,180). Place by this, not by yaw. yaw_deg is the MuJoCo local-frame rotation and its meaning differs between bricks (long side on local X) and blocks (long side on local Y).","every bar uses the wall_10/wall_11 ArUco mounting; wall_9 is excluded (tag rotated 90 deg, 19.0 cm not 19.5)"
easy_040,easy,hmax2,block,obj_1,27.4,44.2,75.3,15.0,7.0,4.0,3,8.3,11.7,0.0,12.2,66.1,0.4462,65,needs_2_chain,0,29,13,2,45,"long_axis_bearing_deg = bearing of the item's LONG side in world, counter-clockwise from +X, in [0,180). Place by this, not by yaw. yaw_deg is the MuJoCo local-frame rotation and its meaning differs between bricks (long side on local X) and blocks (long side on local Y).","every bar uses the wall_10/wall_11 ArUco mounting; wall_9 is excluded (tag rotated 90 deg, 19.0 cm not 19.5)"
easy_041,easy,hmax2,brick,wall_10,39.0,31.6,8.3,19.5,5.5,10.0,3,29.8,6.0,0.0,28.7,65.8,0.4533,75,needs_2_chain,0,34,15,7,38,"long_axis_bearing_deg = bearing of the item's LONG side in world, counter-clockwise from +X, in [0,180). Place by this, not by yaw. yaw_deg is the MuJoCo local-frame rotation and its meaning differs between bricks (long side on local X) and blocks (long side on local Y).","every bar uses the wall_10/wall_11 ArUco mounting; wall_9 is excluded (tag rotated 90 deg, 19.0 cm not 19.5)"
easy_041,easy,hmax2,brick,wall_11,13.0,42.2,77.8,19.5,5.5,10.0,3,29.8,6.0,0.0,28.7,65.8,0.4533,75,needs_2_chain,0,34,15,7,38,"long_axis_bearing_deg = bearing of the item's LONG side in world, counter-clockwise from +X, in [0,180). Place by this, not by yaw. yaw_deg is the MuJoCo local-frame rotation and its meaning differs between bricks (long side on local X) and blocks (long side on local Y).","every bar uses the wall_10/wall_11 ArUco mounting; wall_9 is excluded (tag rotated 90 deg, 19.0 cm not 19.5)"
easy_041,easy,hmax2,brick,wall_12,13.0,19.9,95.0,19.5,5.5,10.0,3,29.8,6.0,0.0,28.7,65.8,0.4533,75,needs_2_chain,0,34,15,7,38,"long_axis_bearing_deg = bearing of the item's LONG side in world, counter-clockwise from +X, in [0,180). Place by this, not by yaw. yaw_deg is the MuJoCo local-frame rotation and its meaning differs between bricks (long side on local X) and blocks (long side on local Y).","every bar uses the wall_10/wall_11 ArUco mounting; wall_9 is excluded (tag rotated 90 deg, 19.0 cm not 19.5)"
easy_041,easy,hmax2,block,obj_4,22.3,28.4,112.9,12.0,7.5,5.0,3,29.8,6.0,0.0,28.7,65.8,0.4533,75,needs_2_chain,0,34,15,7,38,"long_axis_bearing_deg = bearing of the item's LONG side in world, counter-clockwise from +X, in [0,180). Place by this, not by yaw. yaw_deg is the MuJoCo local-frame rotation and its meaning differs between bricks (long side on local X) and blocks (long side on local Y).","every bar uses the wall_10/wall_11 ArUco mounting; wall_9 is excluded (tag rotated 90 deg, 19.0 cm not 19.5)"
easy_042,easy,hmax2,brick,wall_10,38.9,34.2,169.6,19.5,5.5,10.0,1,9.3,12.6,0.0,31.1,49.7,0.7778,135,one_push,65,40,26,15,19,"long_axis_bearing_deg = bearing of the item's LONG side in world, counter-clockwise from +X, in [0,180). Place by this, not by yaw. yaw_deg is the MuJoCo local-frame rotation and its meaning differs between bricks (long side on local X) and blocks (long side on local Y).","every bar uses the wall_10/wall_11 ArUco mounting; wall_9 is excluded (tag rotated 90 deg, 19.0 cm not 19.5)"
easy_042,easy,hmax2,block,obj_1,15.9,30.7,18.9,15.0,7.0,4.0,1,9.3,12.6,0.0,31.1,49.7,0.7778,135,one_push,65,40,26,15,19,"long_axis_bearing_deg = bearing of the item's LONG side in world, counter-clockwise from +X, in [0,180). Place by this, not by yaw. yaw_deg is the MuJoCo local-frame rotation and its meaning differs between bricks (long side on local X) and blocks (long side on local Y).","every bar uses the wall_10/wall_11 ArUco mounting; wall_9 is excluded (tag rotated 90 deg, 19.0 cm not 19.5)"
easy_043,easy,hmax2,brick,wall_10,39.0,44.3,5.3,19.5,5.5,10.0,1,27.0,24.9,0.0,32.7,65.4,0.8,150,one_push,105,15,30,22,8,"long_axis_bearing_deg = bearing of the item's LONG side in world, counter-clockwise from +X, in [0,180). Place by this, not by yaw. yaw_deg is the MuJoCo local-frame rotation and its meaning differs between bricks (long side on local X) and blocks (long side on local Y).","every bar uses the wall_10/wall_11 ArUco mounting; wall_9 is excluded (tag rotated 90 deg, 19.0 cm not 19.5)"
easy_043,easy,hmax2,block,obj_4,15.2,44.2,21.3,12.0,7.5,5.0,1,27.0,24.9,0.0,32.7,65.4,0.8,150,one_push,105,15,30,22,8,"long_axis_bearing_deg = bearing of the item's LONG side in world, counter-clockwise from +X, in [0,180). Place by this, not by yaw. yaw_deg is the MuJoCo local-frame rotation and its meaning differs between bricks (long side on local X) and blocks (long side on local Y).","every bar uses the wall_10/wall_11 ArUco mounting; wall_9 is excluded (tag rotated 90 deg, 19.0 cm not 19.5)"
easy_044,easy,hmax2,brick,wall_10,12.3,39.0,134.9,19.5,5.5,10.0,2,37.4,15.1,0.0,7.5,68.8,0.3481,135,needs_2_chain,0,47,26,8,26,"long_axis_bearing_deg = bearing of the item's LONG side in world, counter-clockwise from +X, in [0,180). Place by this, not by yaw. yaw_deg is the MuJoCo local-frame rotation and its meaning differs between bricks (long side on local X) and blocks (long side on local Y).","every bar uses the wall_10/wall_11 ArUco mounting; wall_9 is excluded (tag rotated 90 deg, 19.0 cm not 19.5)"
easy_044,easy,hmax2,brick,wall_11,37.3,38.3,130.6,19.5,5.5,10.0,2,37.4,15.1,0.0,7.5,68.8,0.3481,135,needs_2_chain,0,47,26,8,26,"long_axis_bearing_deg = bearing of the item's LONG side in world, counter-clockwise from +X, in [0,180). Place by this, not by yaw. yaw_deg is the MuJoCo local-frame rotation and its meaning differs between bricks (long side on local X) and blocks (long side on local Y).","every bar uses the wall_10/wall_11 ArUco mounting; wall_9 is excluded (tag rotated 90 deg, 19.0 cm not 19.5)"
easy_044,easy,hmax2,block,obj_1,32.0,30.4,118.0,15.0,7.0,4.0,2,37.4,15.1,0.0,7.5,68.8,0.3481,135,needs_2_chain,0,47,26,8,26,"long_axis_bearing_deg = bearing of the item's LONG side in world, counter-clockwise from +X, in [0,180). Place by this, not by yaw. yaw_deg is the MuJoCo local-frame rotation and its meaning differs between bricks (long side on local X) and blocks (long side on local Y).","every bar uses the wall_10/wall_11 ArUco mounting; wall_9 is excluded (tag rotated 90 deg, 19.0 cm not 19.5)"
easy_045,easy,hmax2,brick,wall_10,39.2,45.1,178.4,19.5,5.5,10.0,2,37.7,12.2,0.0,35.1,67.9,0.34,100,needs_2_chain,0,34,20,7,33,"long_axis_bearing_deg = bearing of the item's LONG side in world, counter-clockwise from +X, in [0,180). Place by this, not by yaw. yaw_deg is the MuJoCo local-frame rotation and its meaning differs between bricks (long side on local X) and blocks (long side on local Y).","every bar uses the wall_10/wall_11 ArUco mounting; wall_9 is excluded (tag rotated 90 deg, 19.0 cm not 19.5)"
easy_045,easy,hmax2,brick,wall_11,13.8,52.0,71.3,19.5,5.5,10.0,2,37.7,12.2,0.0,35.1,67.9,0.34,100,needs_2_chain,0,34,20,7,33,"long_axis_bearing_deg = bearing of the item's LONG side in world, counter-clockwise from +X, in [0,180). Place by this, not by yaw. yaw_deg is the MuJoCo local-frame rotation and its meaning differs between bricks (long side on local X) and blocks (long side on local Y).","every bar uses the wall_10/wall_11 ArUco mounting; wall_9 is excluded (tag rotated 90 deg, 19.0 cm not 19.5)"
easy_045,easy,hmax2,block,obj_4,23.5,42.4,105.1,12.0,7.5,5.0,2,37.7,12.2,0.0,35.1,67.9,0.34,100,needs_2_chain,0,34,20,7,33,"long_axis_bearing_deg = bearing of the item's LONG side in world, counter-clockwise from +X, in [0,180). Place by this, not by yaw. yaw_deg is the MuJoCo local-frame rotation and its meaning differs between bricks (long side on local X) and blocks (long side on local Y).","every bar uses the wall_10/wall_11 ArUco mounting; wall_9 is excluded (tag rotated 90 deg, 19.0 cm not 19.5)"
easy_046,easy,hmax2,brick,wall_10,10.1,36.1,9.3,19.5,5.5,10.0,3,7.1,20.6,0.0,15.8,57.9,0.4571,70,one_push,8,24,14,15,31,"long_axis_bearing_deg = bearing of the item's LONG side in world, counter-clockwise from +X, in [0,180). Place by this, not by yaw. yaw_deg is the MuJoCo local-frame rotation and its meaning differs between bricks (long side on local X) and blocks (long side on local Y).","every bar uses the wall_10/wall_11 ArUco mounting; wall_9 is excluded (tag rotated 90 deg, 19.0 cm not 19.5)"
easy_046,easy,hmax2,brick,wall_11,35.9,49.0,95.7,19.5,5.5,10.0,3,7.1,20.6,0.0,15.8,57.9,0.4571,70,one_push,8,24,14,15,31,"long_axis_bearing_deg = bearing of the item's LONG side in world, counter-clockwise from +X, in [0,180). Place by this, not by yaw. yaw_deg is the MuJoCo local-frame rotation and its meaning differs between bricks (long side on local X) and blocks (long side on local Y).","every bar uses the wall_10/wall_11 ArUco mounting; wall_9 is excluded (tag rotated 90 deg, 19.0 cm not 19.5)"
easy_046,easy,hmax2,brick,wall_12,35.9,28.2,77.1,19.5,5.5,10.0,3,7.1,20.6,0.0,15.8,57.9,0.4571,70,one_push,8,24,14,15,31,"long_axis_bearing_deg = bearing of the item's LONG side in world, counter-clockwise from +X, in [0,180). Place by this, not by yaw. yaw_deg is the MuJoCo local-frame rotation and its meaning differs between bricks (long side on local X) and blocks (long side on local Y).","every bar uses the wall_10/wall_11 ArUco mounting; wall_9 is excluded (tag rotated 90 deg, 19.0 cm not 19.5)"
easy_046,easy,hmax2,block,obj_1,24.4,37.4,98.5,15.0,7.0,4.0,3,7.1,20.6,0.0,15.8,57.9,0.4571,70,one_push,8,24,14,15,31,"long_axis_bearing_deg = bearing of the item's LONG side in world, counter-clockwise from +X, in [0,180). Place by this, not by yaw. yaw_deg is the MuJoCo local-frame rotation and its meaning differs between bricks (long side on local X) and blocks (long side on local Y).","every bar uses the wall_10/wall_11 ArUco mounting; wall_9 is excluded (tag rotated 90 deg, 19.0 cm not 19.5)"
easy_047,easy,hmax2,brick,wall_10,39.2,31.8,0.2,19.5,5.5,10.0,3,29.5,17.3,0.0,33.0,70.8,0.475,40,one_push,2,17,8,8,44,"long_axis_bearing_deg = bearing of the item's LONG side in world, counter-clockwise from +X, in [0,180). Place by this, not by yaw. yaw_deg is the MuJoCo local-frame rotation and its meaning differs between bricks (long side on local X) and blocks (long side on local Y).","every bar uses the wall_10/wall_11 ArUco mounting; wall_9 is excluded (tag rotated 90 deg, 19.0 cm not 19.5)"
easy_047,easy,hmax2,brick,wall_11,14.4,41.4,71.3,19.5,5.5,10.0,3,29.5,17.3,0.0,33.0,70.8,0.475,40,one_push,2,17,8,8,44,"long_axis_bearing_deg = bearing of the item's LONG side in world, counter-clockwise from +X, in [0,180). Place by this, not by yaw. yaw_deg is the MuJoCo local-frame rotation and its meaning differs between bricks (long side on local X) and blocks (long side on local Y).","every bar uses the wall_10/wall_11 ArUco mounting; wall_9 is excluded (tag rotated 90 deg, 19.0 cm not 19.5)"
easy_047,easy,hmax2,brick,wall_12,14.4,19.6,109.0,19.5,5.5,10.0,3,29.5,17.3,0.0,33.0,70.8,0.475,40,one_push,2,17,8,8,44,"long_axis_bearing_deg = bearing of the item's LONG side in world, counter-clockwise from +X, in [0,180). Place by this, not by yaw. yaw_deg is the MuJoCo local-frame rotation and its meaning differs between bricks (long side on local X) and blocks (long side on local Y).","every bar uses the wall_10/wall_11 ArUco mounting; wall_9 is excluded (tag rotated 90 deg, 19.0 cm not 19.5)"
easy_047,easy,hmax2,block,obj_4,21.2,30.2,86.9,12.0,7.5,5.0,3,29.5,17.3,0.0,33.0,70.8,0.475,40,one_push,2,17,8,8,44,"long_axis_bearing_deg = bearing of the item's LONG side in world, counter-clockwise from +X, in [0,180). Place by this, not by yaw. yaw_deg is the MuJoCo local-frame rotation and its meaning differs between bricks (long side on local X) and blocks (long side on local Y).","every bar uses the wall_10/wall_11 ArUco mounting; wall_9 is excluded (tag rotated 90 deg, 19.0 cm not 19.5)"
easy_048,easy,hmax2,brick,wall_10,39.0,47.2,7.7,19.5,5.5,10.0,1,18.2,22.5,0.0,37.5,67.0,0.7778,135,one_push,84,21,28,21,11,"long_axis_bearing_deg = bearing of the item's LONG side in world, counter-clockwise from +X, in [0,180). Place by this, not by yaw. yaw_deg is the MuJoCo local-frame rotation and its meaning differs between bricks (long side on local X) and blocks (long side on local Y).","every bar uses the wall_10/wall_11 ArUco mounting; wall_9 is excluded (tag rotated 90 deg, 19.0 cm not 19.5)"
easy_048,easy,hmax2,block,obj_1,15.9,45.5,30.3,15.0,7.0,4.0,1,18.2,22.5,0.0,37.5,67.0,0.7778,135,one_push,84,21,28,21,11,"long_axis_bearing_deg = bearing of the item's LONG side in world, counter-clockwise from +X, in [0,180). Place by this, not by yaw. yaw_deg is the MuJoCo local-frame rotation and its meaning differs between bricks (long side on local X) and blocks (long side on local Y).","every bar uses the wall_10/wall_11 ArUco mounting; wall_9 is excluded (tag rotated 90 deg, 19.0 cm not 19.5)"
easy_049,easy,hmax2,brick,wall_10,39.0,32.7,171.9,19.5,5.5,10.0,1,17.5,12.3,0.0,22.6,68.8,0.8,140,one_push,108,4,28,29,3,"long_axis_bearing_deg = bearing of the item's LONG side in world, counter-clockwise from +X, in [0,180). Place by this, not by yaw. yaw_deg is the MuJoCo local-frame rotation and its meaning differs between bricks (long side on local X) and blocks (long side on local Y).","every bar uses the wall_10/wall_11 ArUco mounting; wall_9 is excluded (tag rotated 90 deg, 19.0 cm not 19.5)"
easy_049,easy,hmax2,block,obj_4,14.9,37.5,22.5,12.0,7.5,5.0,1,17.5,12.3,0.0,22.6,68.8,0.8,140,one_push,108,4,28,29,3,"long_axis_bearing_deg = bearing of the item's LONG side in world, counter-clockwise from +X, in [0,180). Place by this, not by yaw. yaw_deg is the MuJoCo local-frame rotation and its meaning differs between bricks (long side on local X) and blocks (long side on local Y).","every bar uses the wall_10/wall_11 ArUco mounting; wall_9 is excluded (tag rotated 90 deg, 19.0 cm not 19.5)"
easy_050,easy,hmax2,brick,wall_10,39.1,30.9,176.2,19.5,5.5,10.0,2,7.7,8.5,0.0,38.4,60.4,0.35,140,needs_2_chain,0,49,30,0,30,"long_axis_bearing_deg = bearing of the item's LONG side in world, counter-clockwise from +X, in [0,180). Place by this, not by yaw. yaw_deg is the MuJoCo local-frame rotation and its meaning differs between bricks (long side on local X) and blocks (long side on local Y).","every bar uses the wall_10/wall_11 ArUco mounting; wall_9 is excluded (tag rotated 90 deg, 19.0 cm not 19.5)"
easy_050,easy,hmax2,brick,wall_11,14.9,41.6,70.3,19.5,5.5,10.0,2,7.7,8.5,0.0,38.4,60.4,0.35,140,needs_2_chain,0,49,30,0,30,"long_axis_bearing_deg = bearing of the item's LONG side in world, counter-clockwise from +X, in [0,180). Place by this, not by yaw. yaw_deg is the MuJoCo local-frame rotation and its meaning differs between bricks (long side on local X) and blocks (long side on local Y).","every bar uses the wall_10/wall_11 ArUco mounting; wall_9 is excluded (tag rotated 90 deg, 19.0 cm not 19.5)"
easy_050,easy,hmax2,block,obj_1,21.0,26.7,47.9,15.0,7.0,4.0,2,7.7,8.5,0.0,38.4,60.4,0.35,140,needs_2_chain,0,49,30,0,30,"long_axis_bearing_deg = bearing of the item's LONG side in world, counter-clockwise from +X, in [0,180). Place by this, not by yaw. yaw_deg is the MuJoCo local-frame rotation and its meaning differs between bricks (long side on local X) and blocks (long side on local Y).","every bar uses the wall_10/wall_11 ArUco mounting; wall_9 is excluded (tag rotated 90 deg, 19.0 cm not 19.5)"
easy_051,easy,hmax2,brick,wall_10,39.0,36.5,172.1,19.5,5.5,10.0,2,23.0,11.3,0.0,40.2,62.8,0.3429,140,one_push,4,44,28,8,24,"long_axis_bearing_deg = bearing of the item's LONG side in world, counter-clockwise from +X, in [0,180). Place by this, not by yaw. yaw_deg is the MuJoCo local-frame rotation and its meaning differs between bricks (long side on local X) and blocks (long side on local Y).","every bar uses the wall_10/wall_11 ArUco mounting; wall_9 is excluded (tag rotated 90 deg, 19.0 cm not 19.5)"
easy_051,easy,hmax2,brick,wall_11,13.2,44.4,78.1,19.5,5.5,10.0,2,23.0,11.3,0.0,40.2,62.8,0.3429,140,one_push,4,44,28,8,24,"long_axis_bearing_deg = bearing of the item's LONG side in world, counter-clockwise from +X, in [0,180). Place by this, not by yaw. yaw_deg is the MuJoCo local-frame rotation and its meaning differs between bricks (long side on local X) and blocks (long side on local Y).","every bar uses the wall_10/wall_11 ArUco mounting; wall_9 is excluded (tag rotated 90 deg, 19.0 cm not 19.5)"
easy_051,easy,hmax2,block,obj_4,20.3,31.6,162.0,12.0,7.5,5.0,2,23.0,11.3,0.0,40.2,62.8,0.3429,140,one_push,4,44,28,8,24,"long_axis_bearing_deg = bearing of the item's LONG side in world, counter-clockwise from +X, in [0,180). Place by this, not by yaw. yaw_deg is the MuJoCo local-frame rotation and its meaning differs between bricks (long side on local X) and blocks (long side on local Y).","every bar uses the wall_10/wall_11 ArUco mounting; wall_9 is excluded (tag rotated 90 deg, 19.0 cm not 19.5)"
easy_052,easy,hmax2,brick,wall_10,10.0,32.9,8.2,19.5,5.5,10.0,3,12.1,18.2,0.0,11.3,56.2,0.4667,90,needs_2_chain,0,42,18,12,30,"long_axis_bearing_deg = bearing of the item's LONG side in world, counter-clockwise from +X, in [0,180). Place by this, not by yaw. yaw_deg is the MuJoCo local-frame rotation and its meaning differs between bricks (long side on local X) and blocks (long side on local Y).","every bar uses the wall_10/wall_11 ArUco mounting; wall_9 is excluded (tag rotated 90 deg, 19.0 cm not 19.5)"
easy_052,easy,hmax2,brick,wall_11,35.7,45.2,108.4,19.5,5.5,10.0,3,12.1,18.2,0.0,11.3,56.2,0.4667,90,needs_2_chain,0,42,18,12,30,"long_axis_bearing_deg = bearing of the item's LONG side in world, counter-clockwise from +X, in [0,180). Place by this, not by yaw. yaw_deg is the MuJoCo local-frame rotation and its meaning differs between bricks (long side on local X) and blocks (long side on local Y).","every bar uses the wall_10/wall_11 ArUco mounting; wall_9 is excluded (tag rotated 90 deg, 19.0 cm not 19.5)"
easy_052,easy,hmax2,brick,wall_12,35.7,24.0,94.8,19.5,5.5,10.0,3,12.1,18.2,0.0,11.3,56.2,0.4667,90,needs_2_chain,0,42,18,12,30,"long_axis_bearing_deg = bearing of the item's LONG side in world, counter-clockwise from +X, in [0,180). Place by this, not by yaw. yaw_deg is the MuJoCo local-frame rotation and its meaning differs between bricks (long side on local X) and blocks (long side on local Y).","every bar uses the wall_10/wall_11 ArUco mounting; wall_9 is excluded (tag rotated 90 deg, 19.0 cm not 19.5)"
easy_052,easy,hmax2,block,obj_1,27.8,28.2,89.5,15.0,7.0,4.0,3,12.1,18.2,0.0,11.3,56.2,0.4667,90,needs_2_chain,0,42,18,12,30,"long_axis_bearing_deg = bearing of the item's LONG side in world, counter-clockwise from +X, in [0,180). Place by this, not by yaw. yaw_deg is the MuJoCo local-frame rotation and its meaning differs between bricks (long side on local X) and blocks (long side on local Y).","every bar uses the wall_10/wall_11 ArUco mounting; wall_9 is excluded (tag rotated 90 deg, 19.0 cm not 19.5)"
easy_053,easy,hmax2,brick,wall_10,9.9,39.2,4.3,19.5,5.5,10.0,3,12.3,15.1,0.0,9.1,56.6,0.48,75,one_push,14,22,15,17,28,"long_axis_bearing_deg = bearing of the item's LONG side in world, counter-clockwise from +X, in [0,180). Place by this, not by yaw. yaw_deg is the MuJoCo local-frame rotation and its meaning differs between bricks (long side on local X) and blocks (long side on local Y).","every bar uses the wall_10/wall_11 ArUco mounting; wall_9 is excluded (tag rotated 90 deg, 19.0 cm not 19.5)"
easy_053,easy,hmax2,brick,wall_11,34.9,51.5,107.0,19.5,5.5,10.0,3,12.3,15.1,0.0,9.1,56.6,0.48,75,one_push,14,22,15,17,28,"long_axis_bearing_deg = bearing of the item's LONG side in world, counter-clockwise from +X, in [0,180). Place by this, not by yaw. yaw_deg is the MuJoCo local-frame rotation and its meaning differs between bricks (long side on local X) and blocks (long side on local Y).","every bar uses the wall_10/wall_11 ArUco mounting; wall_9 is excluded (tag rotated 90 deg, 19.0 cm not 19.5)"
easy_053,easy,hmax2,brick,wall_12,34.9,30.8,77.2,19.5,5.5,10.0,3,12.3,15.1,0.0,9.1,56.6,0.48,75,one_push,14,22,15,17,28,"long_axis_bearing_deg = bearing of the item's LONG side in world, counter-clockwise from +X, in [0,180). Place by this, not by yaw. yaw_deg is the MuJoCo local-frame rotation and its meaning differs between bricks (long side on local X) and blocks (long side on local Y).","every bar uses the wall_10/wall_11 ArUco mounting; wall_9 is excluded (tag rotated 90 deg, 19.0 cm not 19.5)"
easy_053,easy,hmax2,block,obj_4,23.8,42.3,93.3,12.0,7.5,5.0,3,12.3,15.1,0.0,9.1,56.6,0.48,75,one_push,14,22,15,17,28,"long_axis_bearing_deg = bearing of the item's LONG side in world, counter-clockwise from +X, in [0,180). Place by this, not by yaw. yaw_deg is the MuJoCo local-frame rotation and its meaning differs between bricks (long side on local X) and blocks (long side on local Y).","every bar uses the wall_10/wall_11 ArUco mounting; wall_9 is excluded (tag rotated 90 deg, 19.0 cm not 19.5)"
easy_054,easy,hmax2,brick,wall_10,39.2,33.4,1.3,19.5,5.5,10.0,1,11.3,6.4,0.0,32.4,52.4,0.7778,135,one_push,90,15,27,30,3,"long_axis_bearing_deg = bearing of the item's LONG side in world, counter-clockwise from +X, in [0,180). Place by this, not by yaw. yaw_deg is the MuJoCo local-frame rotation and its meaning differs between bricks (long side on local X) and blocks (long side on local Y).","every bar uses the wall_10/wall_11 ArUco mounting; wall_9 is excluded (tag rotated 90 deg, 19.0 cm not 19.5)"
easy_054,easy,hmax2,block,obj_1,15.4,36.3,36.6,15.0,7.0,4.0,1,11.3,6.4,0.0,32.4,52.4,0.7778,135,one_push,90,15,27,30,3,"long_axis_bearing_deg = bearing of the item's LONG side in world, counter-clockwise from +X, in [0,180). Place by this, not by yaw. yaw_deg is the MuJoCo local-frame rotation and its meaning differs between bricks (long side on local X) and blocks (long side on local Y).","every bar uses the wall_10/wall_11 ArUco mounting; wall_9 is excluded (tag rotated 90 deg, 19.0 cm not 19.5)"
easy_055,easy,hmax2,brick,wall_10,38.9,31.7,170.2,19.5,5.5,10.0,1,41.9,16.7,0.0,18.2,56.2,0.8143,140,one_push,99,15,28,25,7,"long_axis_bearing_deg = bearing of the item's LONG side in world, counter-clockwise from +X, in [0,180). Place by this, not by yaw. yaw_deg is the MuJoCo local-frame rotation and its meaning differs between bricks (long side on local X) and blocks (long side on local Y).","every bar uses the wall_10/wall_11 ArUco mounting; wall_9 is excluded (tag rotated 90 deg, 19.0 cm not 19.5)"
easy_055,easy,hmax2,block,obj_4,14.9,30.8,22.0,12.0,7.5,5.0,1,41.9,16.7,0.0,18.2,56.2,0.8143,140,one_push,99,15,28,25,7,"long_axis_bearing_deg = bearing of the item's LONG side in world, counter-clockwise from +X, in [0,180). Place by this, not by yaw. yaw_deg is the MuJoCo local-frame rotation and its meaning differs between bricks (long side on local X) and blocks (long side on local Y).","every bar uses the wall_10/wall_11 ArUco mounting; wall_9 is excluded (tag rotated 90 deg, 19.0 cm not 19.5)"
easy_056,easy,hmax2,brick,wall_10,38.9,46.7,168.7,19.5,5.5,10.0,2,40.4,10.7,0.0,41.9,68.9,0.3563,160,one_push,9,48,32,2,26,"long_axis_bearing_deg = bearing of the item's LONG side in world, counter-clockwise from +X, in [0,180). Place by this, not by yaw. yaw_deg is the MuJoCo local-frame rotation and its meaning differs between bricks (long side on local X) and blocks (long side on local Y).","every bar uses the wall_10/wall_11 ArUco mounting; wall_9 is excluded (tag rotated 90 deg, 19.0 cm not 19.5)"
easy_056,easy,hmax2,brick,wall_11,15.1,59.0,75.1,19.5,5.5,10.0,2,40.4,10.7,0.0,41.9,68.9,0.3563,160,one_push,9,48,32,2,26,"long_axis_bearing_deg = bearing of the item's LONG side in world, counter-clockwise from +X, in [0,180). Place by this, not by yaw. yaw_deg is the MuJoCo local-frame rotation and its meaning differs between bricks (long side on local X) and blocks (long side on local Y).","every bar uses the wall_10/wall_11 ArUco mounting; wall_9 is excluded (tag rotated 90 deg, 19.0 cm not 19.5)"
easy_056,easy,hmax2,block,obj_1,19.4,43.0,45.1,15.0,7.0,4.0,2,40.4,10.7,0.0,41.9,68.9,0.3563,160,one_push,9,48,32,2,26,"long_axis_bearing_deg = bearing of the item's LONG side in world, counter-clockwise from +X, in [0,180). Place by this, not by yaw. yaw_deg is the MuJoCo local-frame rotation and its meaning differs between bricks (long side on local X) and blocks (long side on local Y).","every bar uses the wall_10/wall_11 ArUco mounting; wall_9 is excluded (tag rotated 90 deg, 19.0 cm not 19.5)"
easy_057,easy,hmax2,brick,wall_10,38.9,32.0,169.8,19.5,5.5,10.0,2,33.7,17.3,0.0,10.7,60.1,0.3448,145,one_push,4,46,31,7,22,"long_axis_bearing_deg = bearing of the item's LONG side in world, counter-clockwise from +X, in [0,180). Place by this, not by yaw. yaw_deg is the MuJoCo local-frame rotation and its meaning differs between bricks (long side on local X) and blocks (long side on local Y).","every bar uses the wall_10/wall_11 ArUco mounting; wall_9 is excluded (tag rotated 90 deg, 19.0 cm not 19.5)"
easy_057,easy,hmax2,brick,wall_11,14.3,41.9,73.0,19.5,5.5,10.0,2,33.7,17.3,0.0,10.7,60.1,0.3448,145,one_push,4,46,31,7,22,"long_axis_bearing_deg = bearing of the item's LONG side in world, counter-clockwise from +X, in [0,180). Place by this, not by yaw. yaw_deg is the MuJoCo local-frame rotation and its meaning differs between bricks (long side on local X) and blocks (long side on local Y).","every bar uses the wall_10/wall_11 ArUco mounting; wall_9 is excluded (tag rotated 90 deg, 19.0 cm not 19.5)"
easy_057,easy,hmax2,block,obj_4,20.5,27.7,156.5,12.0,7.5,5.0,2,33.7,17.3,0.0,10.7,60.1,0.3448,145,one_push,4,46,31,7,22,"long_axis_bearing_deg = bearing of the item's LONG side in world, counter-clockwise from +X, in [0,180). Place by this, not by yaw. yaw_deg is the MuJoCo local-frame rotation and its meaning differs between bricks (long side on local X) and blocks (long side on local Y).","every bar uses the wall_10/wall_11 ArUco mounting; wall_9 is excluded (tag rotated 90 deg, 19.0 cm not 19.5)"
easy_058,easy,hmax2,brick,wall_10,38.9,30.5,170.1,19.5,5.5,10.0,3,39.2,13.6,0.0,23.9,61.2,0.4714,70,needs_2_chain,0,33,15,8,37,"long_axis_bearing_deg = bearing of the item's LONG side in world, counter-clockwise from +X, in [0,180). Place by this, not by yaw. yaw_deg is the MuJoCo local-frame rotation and its meaning differs between bricks (long side on local X) and blocks (long side on local Y).","every bar uses the wall_10/wall_11 ArUco mounting; wall_9 is excluded (tag rotated 90 deg, 19.0 cm not 19.5)"
easy_058,easy,hmax2,brick,wall_11,14.3,42.3,74.9,19.5,5.5,10.0,3,39.2,13.6,0.0,23.9,61.2,0.4714,70,needs_2_chain,0,33,15,8,37,"long_axis_bearing_deg = bearing of the item's LONG side in world, counter-clockwise from +X, in [0,180). Place by this, not by yaw. yaw_deg is the MuJoCo local-frame rotation and its meaning differs between bricks (long side on local X) and blocks (long side on local Y).","every bar uses the wall_10/wall_11 ArUco mounting; wall_9 is excluded (tag rotated 90 deg, 19.0 cm not 19.5)"
easy_058,easy,hmax2,brick,wall_12,14.3,17.5,101.2,19.5,5.5,10.0,3,39.2,13.6,0.0,23.9,61.2,0.4714,70,needs_2_chain,0,33,15,8,37,"long_axis_bearing_deg = bearing of the item's LONG side in world, counter-clockwise from +X, in [0,180). Place by this, not by yaw. yaw_deg is the MuJoCo local-frame rotation and its meaning differs between bricks (long side on local X) and blocks (long side on local Y).","every bar uses the wall_10/wall_11 ArUco mounting; wall_9 is excluded (tag rotated 90 deg, 19.0 cm not 19.5)"
easy_058,easy,hmax2,block,obj_1,21.6,27.3,95.0,15.0,7.0,4.0,3,39.2,13.6,0.0,23.9,61.2,0.4714,70,needs_2_chain,0,33,15,8,37,"long_axis_bearing_deg = bearing of the item's LONG side in world, counter-clockwise from +X, in [0,180). Place by this, not by yaw. yaw_deg is the MuJoCo local-frame rotation and its meaning differs between bricks (long side on local X) and blocks (long side on local Y).","every bar uses the wall_10/wall_11 ArUco mounting; wall_9 is excluded (tag rotated 90 deg, 19.0 cm not 19.5)"
easy_059,easy,hmax2,brick,wall_10,9.9,30.9,176.1,19.5,5.5,10.0,3,17.0,14.9,0.0,21.2,68.9,0.5,30,one_push,7,8,5,11,44,"long_axis_bearing_deg = bearing of the item's LONG side in world, counter-clockwise from +X, in [0,180). Place by this, not by yaw. yaw_deg is the MuJoCo local-frame rotation and its meaning differs between bricks (long side on local X) and blocks (long side on local Y).","every bar uses the wall_10/wall_11 ArUco mounting; wall_9 is excluded (tag rotated 90 deg, 19.0 cm not 19.5)"
easy_059,easy,hmax2,brick,wall_11,35.3,40.0,102.8,19.5,5.5,10.0,3,17.0,14.9,0.0,21.2,68.9,0.5,30,one_push,7,8,5,11,44,"long_axis_bearing_deg = bearing of the item's LONG side in world, counter-clockwise from +X, in [0,180). Place by this, not by yaw. yaw_deg is the MuJoCo local-frame rotation and its meaning differs between bricks (long side on local X) and blocks (long side on local Y).","every bar uses the wall_10/wall_11 ArUco mounting; wall_9 is excluded (tag rotated 90 deg, 19.0 cm not 19.5)"
easy_059,easy,hmax2,brick,wall_12,35.3,18.7,94.9,19.5,5.5,10.0,3,17.0,14.9,0.0,21.2,68.9,0.5,30,one_push,7,8,5,11,44,"long_axis_bearing_deg = bearing of the item's LONG side in world, counter-clockwise from +X, in [0,180). Place by this, not by yaw. yaw_deg is the MuJoCo local-frame rotation and its meaning differs between bricks (long side on local X) and blocks (long side on local Y).","every bar uses the wall_10/wall_11 ArUco mounting; wall_9 is excluded (tag rotated 90 deg, 19.0 cm not 19.5)"
easy_059,easy,hmax2,block,obj_4,27.0,34.3,15.0,12.0,7.5,5.0,3,17.0,14.9,0.0,21.2,68.9,0.5,30,one_push,7,8,5,11,44,"long_axis_bearing_deg = bearing of the item's LONG side in world, counter-clockwise from +X, in [0,180). Place by this, not by yaw. yaw_deg is the MuJoCo local-frame rotation and its meaning differs between bricks (long side on local X) and blocks (long side on local Y).","every bar uses the wall_10/wall_11 ArUco mounting; wall_9 is excluded (tag rotated 90 deg, 19.0 cm not 19.5)"
easy_060,easy,hmax2,brick,wall_10,39.0,36.1,7.3,19.5,5.5,10.0,1,7.7,14.8,0.0,32.2,62.6,0.7826,115,one_push,69,21,24,27,9,"long_axis_bearing_deg = bearing of the item's LONG side in world, counter-clockwise from +X, in [0,180). Place by this, not by yaw. yaw_deg is the MuJoCo local-frame rotation and its meaning differs between bricks (long side on local X) and blocks (long side on local Y).","every bar uses the wall_10/wall_11 ArUco mounting; wall_9 is excluded (tag rotated 90 deg, 19.0 cm not 19.5)"
easy_060,easy,hmax2,block,obj_1,14.8,37.2,30.7,15.0,7.0,4.0,1,7.7,14.8,0.0,32.2,62.6,0.7826,115,one_push,69,21,24,27,9,"long_axis_bearing_deg = bearing of the item's LONG side in world, counter-clockwise from +X, in [0,180). Place by this, not by yaw. yaw_deg is the MuJoCo local-frame rotation and its meaning differs between bricks (long side on local X) and blocks (long side on local Y).","every bar uses the wall_10/wall_11 ArUco mounting; wall_9 is excluded (tag rotated 90 deg, 19.0 cm not 19.5)"
easy_061,easy,hmax2,brick,wall_10,38.9,43.8,10.4,19.5,5.5,10.0,1,34.5,32.2,0.0,39.7,60.7,0.8148,135,one_push,95,15,28,26,6,"long_axis_bearing_deg = bearing of the item's LONG side in world, counter-clockwise from +X, in [0,180). Place by this, not by yaw. yaw_deg is the MuJoCo local-frame rotation and its meaning differs between bricks (long side on local X) and blocks (long side on local Y).","every bar uses the wall_10/wall_11 ArUco mounting; wall_9 is excluded (tag rotated 90 deg, 19.0 cm not 19.5)"
easy_061,easy,hmax2,block,obj_4,14.7,45.3,23.6,12.0,7.5,5.0,1,34.5,32.2,0.0,39.7,60.7,0.8148,135,one_push,95,15,28,26,6,"long_axis_bearing_deg = bearing of the item's LONG side in world, counter-clockwise from +X, in [0,180). Place by this, not by yaw. yaw_deg is the MuJoCo local-frame rotation and its meaning differs between bricks (long side on local X) and blocks (long side on local Y).","every bar uses the wall_10/wall_11 ArUco mounting; wall_9 is excluded (tag rotated 90 deg, 19.0 cm not 19.5)"
easy_062,easy,hmax2,brick,wall_10,9.8,40.6,178.5,19.5,5.5,10.0,2,8.3,13.5,0.0,11.3,66.7,0.36,125,needs_2_chain,0,45,25,4,31,"long_axis_bearing_deg = bearing of the item's LONG side in world, counter-clockwise from +X, in [0,180). Place by this, not by yaw. yaw_deg is the MuJoCo local-frame rotation and its meaning differs between bricks (long side on local X) and blocks (long side on local Y).","every bar uses the wall_10/wall_11 ArUco mounting; wall_9 is excluded (tag rotated 90 deg, 19.0 cm not 19.5)"
easy_062,easy,hmax2,brick,wall_11,35.3,47.3,105.7,19.5,5.5,10.0,2,8.3,13.5,0.0,11.3,66.7,0.36,125,needs_2_chain,0,45,25,4,31,"long_axis_bearing_deg = bearing of the item's LONG side in world, counter-clockwise from +X, in [0,180). Place by this, not by yaw. yaw_deg is the MuJoCo local-frame rotation and its meaning differs between bricks (long side on local X) and blocks (long side on local Y).","every bar uses the wall_10/wall_11 ArUco mounting; wall_9 is excluded (tag rotated 90 deg, 19.0 cm not 19.5)"
easy_062,easy,hmax2,block,obj_1,27.9,36.7,129.8,15.0,7.0,4.0,2,8.3,13.5,0.0,11.3,66.7,0.36,125,needs_2_chain,0,45,25,4,31,"long_axis_bearing_deg = bearing of the item's LONG side in world, counter-clockwise from +X, in [0,180). Place by this, not by yaw. yaw_deg is the MuJoCo local-frame rotation and its meaning differs between bricks (long side on local X) and blocks (long side on local Y).","every bar uses the wall_10/wall_11 ArUco mounting; wall_9 is excluded (tag rotated 90 deg, 19.0 cm not 19.5)"
easy_063,easy,hmax2,brick,wall_10,39.2,42.6,0.8,19.5,5.5,10.0,2,12.9,13.0,0.0,21.1,68.9,0.3538,130,needs_2_chain,0,46,24,7,29,"long_axis_bearing_deg = bearing of the item's LONG side in world, counter-clockwise from +X, in [0,180). Place by this, not by yaw. yaw_deg is the MuJoCo local-frame rotation and its meaning differs between bricks (long side on local X) and blocks (long side on local Y).","every bar uses the wall_10/wall_11 ArUco mounting; wall_9 is excluded (tag rotated 90 deg, 19.0 cm not 19.5)"
easy_063,easy,hmax2,brick,wall_11,13.7,52.3,75.0,19.5,5.5,10.0,2,12.9,13.0,0.0,21.1,68.9,0.3538,130,needs_2_chain,0,46,24,7,29,"long_axis_bearing_deg = bearing of the item's LONG side in world, counter-clockwise from +X, in [0,180). Place by this, not by yaw. yaw_deg is the MuJoCo local-frame rotation and its meaning differs between bricks (long side on local X) and blocks (long side on local Y).","every bar uses the wall_10/wall_11 ArUco mounting; wall_9 is excluded (tag rotated 90 deg, 19.0 cm not 19.5)"
easy_063,easy,hmax2,block,obj_4,21.5,38.7,156.7,12.0,7.5,5.0,2,12.9,13.0,0.0,21.1,68.9,0.3538,130,needs_2_chain,0,46,24,7,29,"long_axis_bearing_deg = bearing of the item's LONG side in world, counter-clockwise from +X, in [0,180). Place by this, not by yaw. yaw_deg is the MuJoCo local-frame rotation and its meaning differs between bricks (long side on local X) and blocks (long side on local Y).","every bar uses the wall_10/wall_11 ArUco mounting; wall_9 is excluded (tag rotated 90 deg, 19.0 cm not 19.5)"
easy_064,easy,hmax2,brick,wall_10,9.9,38.4,176.2,19.5,5.5,10.0,3,24.9,11.6,0.0,6.8,62.3,0.4769,65,needs_2_chain,0,31,13,5,42,"long_axis_bearing_deg = bearing of the item's LONG side in world, counter-clockwise from +X, in [0,180). Place by this, not by yaw. yaw_deg is the MuJoCo local-frame rotation and its meaning differs between bricks (long side on local X) and blocks (long side on local Y).","every bar uses the wall_10/wall_11 ArUco mounting; wall_9 is excluded (tag rotated 90 deg, 19.0 cm not 19.5)"
easy_064,easy,hmax2,brick,wall_11,34.8,49.5,105.5,19.5,5.5,10.0,3,24.9,11.6,0.0,6.8,62.3,0.4769,65,needs_2_chain,0,31,13,5,42,"long_axis_bearing_deg = bearing of the item's LONG side in world, counter-clockwise from +X, in [0,180). Place by this, not by yaw. yaw_deg is the MuJoCo local-frame rotation and its meaning differs between bricks (long side on local X) and blocks (long side on local Y).","every bar uses the wall_10/wall_11 ArUco mounting; wall_9 is excluded (tag rotated 90 deg, 19.0 cm not 19.5)"
easy_064,easy,hmax2,brick,wall_12,34.8,28.0,81.9,19.5,5.5,10.0,3,24.9,11.6,0.0,6.8,62.3,0.4769,65,needs_2_chain,0,31,13,5,42,"long_axis_bearing_deg = bearing of the item's LONG side in world, counter-clockwise from +X, in [0,180). Place by this, not by yaw. yaw_deg is the MuJoCo local-frame rotation and its meaning differs between bricks (long side on local X) and blocks (long side on local Y).","every bar uses the wall_10/wall_11 ArUco mounting; wall_9 is excluded (tag rotated 90 deg, 19.0 cm not 19.5)"
easy_064,easy,hmax2,block,obj_1,27.7,34.2,81.0,15.0,7.0,4.0,3,24.9,11.6,0.0,6.8,62.3,0.4769,65,needs_2_chain,0,31,13,5,42,"long_axis_bearing_deg = bearing of the item's LONG side in world, counter-clockwise from +X, in [0,180). Place by this, not by yaw. yaw_deg is the MuJoCo local-frame rotation and its meaning differs between bricks (long side on local X) and blocks (long side on local Y).","every bar uses the wall_10/wall_11 ArUco mounting; wall_9 is excluded (tag rotated 90 deg, 19.0 cm not 19.5)"
easy_065,easy,hmax2,brick,wall_10,10.0,34.3,6.5,19.5,5.5,10.0,3,34.8,6.4,0.0,31.6,66.6,0.5286,70,one_push,6,31,15,15,30,"long_axis_bearing_deg = bearing of the item's LONG side in world, counter-clockwise from +X, in [0,180). Place by this, not by yaw. yaw_deg is the MuJoCo local-frame rotation and its meaning differs between bricks (long side on local X) and blocks (long side on local Y).","every bar uses the wall_10/wall_11 ArUco mounting; wall_9 is excluded (tag rotated 90 deg, 19.0 cm not 19.5)"
easy_065,easy,hmax2,brick,wall_11,35.6,45.2,92.7,19.5,5.5,10.0,3,34.8,6.4,0.0,31.6,66.6,0.5286,70,one_push,6,31,15,15,30,"long_axis_bearing_deg = bearing of the item's LONG side in world, counter-clockwise from +X, in [0,180). Place by this, not by yaw. yaw_deg is the MuJoCo local-frame rotation and its meaning differs between bricks (long side on local X) and blocks (long side on local Y).","every bar uses the wall_10/wall_11 ArUco mounting; wall_9 is excluded (tag rotated 90 deg, 19.0 cm not 19.5)"
easy_065,easy,hmax2,brick,wall_12,35.6,24.2,71.7,19.5,5.5,10.0,3,34.8,6.4,0.0,31.6,66.6,0.5286,70,one_push,6,31,15,15,30,"long_axis_bearing_deg = bearing of the item's LONG side in world, counter-clockwise from +X, in [0,180). Place by this, not by yaw. yaw_deg is the MuJoCo local-frame rotation and its meaning differs between bricks (long side on local X) and blocks (long side on local Y).","every bar uses the wall_10/wall_11 ArUco mounting; wall_9 is excluded (tag rotated 90 deg, 19.0 cm not 19.5)"
easy_065,easy,hmax2,block,obj_4,25.5,32.7,91.9,12.0,7.5,5.0,3,34.8,6.4,0.0,31.6,66.6,0.5286,70,one_push,6,31,15,15,30,"long_axis_bearing_deg = bearing of the item's LONG side in world, counter-clockwise from +X, in [0,180). Place by this, not by yaw. yaw_deg is the MuJoCo local-frame rotation and its meaning differs between bricks (long side on local X) and blocks (long side on local Y).","every bar uses the wall_10/wall_11 ArUco mounting; wall_9 is excluded (tag rotated 90 deg, 19.0 cm not 19.5)"
easy_066,easy,hmax2,brick,wall_10,39.0,31.7,172.5,19.5,5.5,10.0,1,40.4,16.3,0.0,33.2,65.1,0.7833,120,one_push,85,9,24,28,8,"long_axis_bearing_deg = bearing of the item's LONG side in world, counter-clockwise from +X, in [0,180). Place by this, not by yaw. yaw_deg is the MuJoCo local-frame rotation and its meaning differs between bricks (long side on local X) and blocks (long side on local Y).","every bar uses the wall_10/wall_11 ArUco mounting; wall_9 is excluded (tag rotated 90 deg, 19.0 cm not 19.5)"
easy_066,easy,hmax2,block,obj_1,13.8,33.5,39.5,15.0,7.0,4.0,1,40.4,16.3,0.0,33.2,65.1,0.7833,120,one_push,85,9,24,28,8,"long_axis_bearing_deg = bearing of the item's LONG side in world, counter-clockwise from +X, in [0,180). Place by this, not by yaw. yaw_deg is the MuJoCo local-frame rotation and its meaning differs between bricks (long side on local X) and blocks (long side on local Y).","every bar uses the wall_10/wall_11 ArUco mounting; wall_9 is excluded (tag rotated 90 deg, 19.0 cm not 19.5)"
easy_067,easy,hmax2,brick,wall_10,38.9,37.0,168.0,19.5,5.5,10.0,1,26.8,8.4,0.0,11.5,67.5,0.8148,135,one_push,93,17,24,24,12,"long_axis_bearing_deg = bearing of the item's LONG side in world, counter-clockwise from +X, in [0,180). Place by this, not by yaw. yaw_deg is the MuJoCo local-frame rotation and its meaning differs between bricks (long side on local X) and blocks (long side on local Y).","every bar uses the wall_10/wall_11 ArUco mounting; wall_9 is excluded (tag rotated 90 deg, 19.0 cm not 19.5)"
easy_067,easy,hmax2,block,obj_4,14.5,35.5,11.5,12.0,7.5,5.0,1,26.8,8.4,0.0,11.5,67.5,0.8148,135,one_push,93,17,24,24,12,"long_axis_bearing_deg = bearing of the item's LONG side in world, counter-clockwise from +X, in [0,180). Place by this, not by yaw. yaw_deg is the MuJoCo local-frame rotation and its meaning differs between bricks (long side on local X) and blocks (long side on local Y).","every bar uses the wall_10/wall_11 ArUco mounting; wall_9 is excluded (tag rotated 90 deg, 19.0 cm not 19.5)"
easy_068,easy,hmax2,brick,wall_10,24.1,39.3,141.7,19.5,5.5,10.0,2,21.0,14.7,0.0,22.5,63.7,0.36,125,needs_2_chain,0,45,25,12,23,"long_axis_bearing_deg = bearing of the item's LONG side in world, counter-clockwise from +X, in [0,180). Place by this, not by yaw. yaw_deg is the MuJoCo local-frame rotation and its meaning differs between bricks (long side on local X) and blocks (long side on local Y).","every bar uses the wall_10/wall_11 ArUco mounting; wall_9 is excluded (tag rotated 90 deg, 19.0 cm not 19.5)"
easy_068,easy,hmax2,brick,wall_11,32.2,46.9,162.6,19.5,5.5,10.0,2,21.0,14.7,0.0,22.5,63.7,0.36,125,needs_2_chain,0,45,25,12,23,"long_axis_bearing_deg = bearing of the item's LONG side in world, counter-clockwise from +X, in [0,180). Place by this, not by yaw. yaw_deg is the MuJoCo local-frame rotation and its meaning differs between bricks (long side on local X) and blocks (long side on local Y).","every bar uses the wall_10/wall_11 ArUco mounting; wall_9 is excluded (tag rotated 90 deg, 19.0 cm not 19.5)"
easy_068,easy,hmax2,block,obj_1,12.0,37.8,120.7,15.0,7.0,4.0,2,21.0,14.7,0.0,22.5,63.7,0.36,125,needs_2_chain,0,45,25,12,23,"long_axis_bearing_deg = bearing of the item's LONG side in world, counter-clockwise from +X, in [0,180). Place by this, not by yaw. yaw_deg is the MuJoCo local-frame rotation and its meaning differs between bricks (long side on local X) and blocks (long side on local Y).","every bar uses the wall_10/wall_11 ArUco mounting; wall_9 is excluded (tag rotated 90 deg, 19.0 cm not 19.5)"
easy_069,easy,hmax2,brick,wall_10,39.2,43.7,1.5,19.5,5.5,10.0,2,22.5,10.4,0.0,26.7,58.4,0.3615,130,needs_2_chain,0,47,24,7,29,"long_axis_bearing_deg = bearing of the item's LONG side in world, counter-clockwise from +X, in [0,180). Place by this, not by yaw. yaw_deg is the MuJoCo local-frame rotation and its meaning differs between bricks (long side on local X) and blocks (long side on local Y).","every bar uses the wall_10/wall_11 ArUco mounting; wall_9 is excluded (tag rotated 90 deg, 19.0 cm not 19.5)"
easy_069,easy,hmax2,brick,wall_11,14.8,55.9,70.0,19.5,5.5,10.0,2,22.5,10.4,0.0,26.7,58.4,0.3615,130,needs_2_chain,0,47,24,7,29,"long_axis_bearing_deg = bearing of the item's LONG side in world, counter-clockwise from +X, in [0,180). Place by this, not by yaw. yaw_deg is the MuJoCo local-frame rotation and its meaning differs between bricks (long side on local X) and blocks (long side on local Y).","every bar uses the wall_10/wall_11 ArUco mounting; wall_9 is excluded (tag rotated 90 deg, 19.0 cm not 19.5)"
easy_069,easy,hmax2,block,obj_4,21.5,40.9,154.5,12.0,7.5,5.0,2,22.5,10.4,0.0,26.7,58.4,0.3615,130,needs_2_chain,0,47,24,7,29,"long_axis_bearing_deg = bearing of the item's LONG side in world, counter-clockwise from +X, in [0,180). Place by this, not by yaw. yaw_deg is the MuJoCo local-frame rotation and its meaning differs between bricks (long side on local X) and blocks (long side on local Y).","every bar uses the wall_10/wall_11 ArUco mounting; wall_9 is excluded (tag rotated 90 deg, 19.0 cm not 19.5)"
easy_070,easy,hmax2,brick,wall_10,10.0,40.2,172.6,19.5,5.5,10.0,3,41.9,7.8,0.0,16.2,69.7,0.5,10,one_push,2,3,2,17,41,"long_axis_bearing_deg = bearing of the item's LONG side in world, counter-clockwise from +X, in [0,180). Place by this, not by yaw. yaw_deg is the MuJoCo local-frame rotation and its meaning differs between bricks (long side on local X) and blocks (long side on local Y).","every bar uses the wall_10/wall_11 ArUco mounting; wall_9 is excluded (tag rotated 90 deg, 19.0 cm not 19.5)"
easy_070,easy,hmax2,brick,wall_11,36.0,51.7,102.2,19.5,5.5,10.0,3,41.9,7.8,0.0,16.2,69.7,0.5,10,one_push,2,3,2,17,41,"long_axis_bearing_deg = bearing of the item's LONG side in world, counter-clockwise from +X, in [0,180). Place by this, not by yaw. yaw_deg is the MuJoCo local-frame rotation and its meaning differs between bricks (long side on local X) and blocks (long side on local Y).","every bar uses the wall_10/wall_11 ArUco mounting; wall_9 is excluded (tag rotated 90 deg, 19.0 cm not 19.5)"
easy_070,easy,hmax2,brick,wall_12,36.0,31.0,74.3,19.5,5.5,10.0,3,41.9,7.8,0.0,16.2,69.7,0.5,10,one_push,2,3,2,17,41,"long_axis_bearing_deg = bearing of the item's LONG side in world, counter-clockwise from +X, in [0,180). Place by this, not by yaw. yaw_deg is the MuJoCo local-frame rotation and its meaning differs between bricks (long side on local X) and blocks (long side on local Y).","every bar uses the wall_10/wall_11 ArUco mounting; wall_9 is excluded (tag rotated 90 deg, 19.0 cm not 19.5)"
easy_070,easy,hmax2,block,obj_1,28.5,43.0,105.6,15.0,7.0,4.0,3,41.9,7.8,0.0,16.2,69.7,0.5,10,one_push,2,3,2,17,41,"long_axis_bearing_deg = bearing of the item's LONG side in world, counter-clockwise from +X, in [0,180). Place by this, not by yaw. yaw_deg is the MuJoCo local-frame rotation and its meaning differs between bricks (long side on local X) and blocks (long side on local Y).","every bar uses the wall_10/wall_11 ArUco mounting; wall_9 is excluded (tag rotated 90 deg, 19.0 cm not 19.5)"
easy_071,easy,hmax2,brick,wall_10,38.9,46.1,12.0,19.5,5.5,10.0,3,23.1,13.5,0.0,41.9,67.5,0.55,40,one_push,8,14,8,16,36,"long_axis_bearing_deg = bearing of the item's LONG side in world, counter-clockwise from +X, in [0,180). Place by this, not by yaw. yaw_deg is the MuJoCo local-frame rotation and its meaning differs between bricks (long side on local X) and blocks (long side on local Y).","every bar uses the wall_10/wall_11 ArUco mounting; wall_9 is excluded (tag rotated 90 deg, 19.0 cm not 19.5)"
easy_071,easy,hmax2,brick,wall_11,13.2,56.4,70.8,19.5,5.5,10.0,3,23.1,13.5,0.0,41.9,67.5,0.55,40,one_push,8,14,8,16,36,"long_axis_bearing_deg = bearing of the item's LONG side in world, counter-clockwise from +X, in [0,180). Place by this, not by yaw. yaw_deg is the MuJoCo local-frame rotation and its meaning differs between bricks (long side on local X) and blocks (long side on local Y).","every bar uses the wall_10/wall_11 ArUco mounting; wall_9 is excluded (tag rotated 90 deg, 19.0 cm not 19.5)"
easy_071,easy,hmax2,brick,wall_12,13.2,35.7,104.8,19.5,5.5,10.0,3,23.1,13.5,0.0,41.9,67.5,0.55,40,one_push,8,14,8,16,36,"long_axis_bearing_deg = bearing of the item's LONG side in world, counter-clockwise from +X, in [0,180). Place by this, not by yaw. yaw_deg is the MuJoCo local-frame rotation and its meaning differs between bricks (long side on local X) and blocks (long side on local Y).","every bar uses the wall_10/wall_11 ArUco mounting; wall_9 is excluded (tag rotated 90 deg, 19.0 cm not 19.5)"
easy_071,easy,hmax2,block,obj_4,22.3,49.5,73.7,12.0,7.5,5.0,3,23.1,13.5,0.0,41.9,67.5,0.55,40,one_push,8,14,8,16,36,"long_axis_bearing_deg = bearing of the item's LONG side in world, counter-clockwise from +X, in [0,180). Place by this, not by yaw. yaw_deg is the MuJoCo local-frame rotation and its meaning differs between bricks (long side on local X) and blocks (long side on local Y).","every bar uses the wall_10/wall_11 ArUco mounting; wall_9 is excluded (tag rotated 90 deg, 19.0 cm not 19.5)"
easy_072,easy,hmax2,brick,wall_10,39.1,43.9,2.6,19.5,5.5,10.0,1,37.9,8.7,0.0,6.5,58.5,0.784,125,one_push,64,34,25,15,20,"long_axis_bearing_deg = bearing of the item's LONG side in world, counter-clockwise from +X, in [0,180). Place by this, not by yaw. yaw_deg is the MuJoCo local-frame rotation and its meaning differs between bricks (long side on local X) and blocks (long side on local Y).","every bar uses the wall_10/wall_11 ArUco mounting; wall_9 is excluded (tag rotated 90 deg, 19.0 cm not 19.5)"
easy_072,easy,hmax2,block,obj_1,15.5,40.2,23.3,15.0,7.0,4.0,1,37.9,8.7,0.0,6.5,58.5,0.784,125,one_push,64,34,25,15,20,"long_axis_bearing_deg = bearing of the item's LONG side in world, counter-clockwise from +X, in [0,180). Place by this, not by yaw. yaw_deg is the MuJoCo local-frame rotation and its meaning differs between bricks (long side on local X) and blocks (long side on local Y).","every bar uses the wall_10/wall_11 ArUco mounting; wall_9 is excluded (tag rotated 90 deg, 19.0 cm not 19.5)"
easy_073,easy,hmax2,brick,wall_10,10.1,39.8,171.0,19.5,5.5,10.0,1,13.2,14.7,0.0,11.4,55.7,0.8214,140,one_push,100,15,28,28,4,"long_axis_bearing_deg = bearing of the item's LONG side in world, counter-clockwise from +X, in [0,180). Place by this, not by yaw. yaw_deg is the MuJoCo local-frame rotation and its meaning differs between bricks (long side on local X) and blocks (long side on local Y).","every bar uses the wall_10/wall_11 ArUco mounting; wall_9 is excluded (tag rotated 90 deg, 19.0 cm not 19.5)"
easy_073,easy,hmax2,block,obj_4,34.6,37.6,148.5,12.0,7.5,5.0,1,13.2,14.7,0.0,11.4,55.7,0.8214,140,one_push,100,15,28,28,4,"long_axis_bearing_deg = bearing of the item's LONG side in world, counter-clockwise from +X, in [0,180). Place by this, not by yaw. yaw_deg is the MuJoCo local-frame rotation and its meaning differs between bricks (long side on local X) and blocks (long side on local Y).","every bar uses the wall_10/wall_11 ArUco mounting; wall_9 is excluded (tag rotated 90 deg, 19.0 cm not 19.5)"
easy_074,easy,hmax2,brick,wall_10,10.2,44.7,151.1,19.5,5.5,10.0,2,33.3,15.8,0.0,33.9,70.3,0.3667,120,needs_2_chain,0,44,24,12,24,"long_axis_bearing_deg = bearing of the item's LONG side in world, counter-clockwise from +X, in [0,180). Place by this, not by yaw. yaw_deg is the MuJoCo local-frame rotation and its meaning differs between bricks (long side on local X) and blocks (long side on local Y).","every bar uses the wall_10/wall_11 ArUco mounting; wall_9 is excluded (tag rotated 90 deg, 19.0 cm not 19.5)"
easy_074,easy,hmax2,brick,wall_11,25.3,50.3,129.8,19.5,5.5,10.0,2,33.3,15.8,0.0,33.9,70.3,0.3667,120,needs_2_chain,0,44,24,12,24,"long_axis_bearing_deg = bearing of the item's LONG side in world, counter-clockwise from +X, in [0,180). Place by this, not by yaw. yaw_deg is the MuJoCo local-frame rotation and its meaning differs between bricks (long side on local X) and blocks (long side on local Y).","every bar uses the wall_10/wall_11 ArUco mounting; wall_9 is excluded (tag rotated 90 deg, 19.0 cm not 19.5)"
easy_074,easy,hmax2,block,obj_1,37.6,42.8,55.7,15.0,7.0,4.0,2,33.3,15.8,0.0,33.9,70.3,0.3667,120,needs_2_chain,0,44,24,12,24,"long_axis_bearing_deg = bearing of the item's LONG side in world, counter-clockwise from +X, in [0,180). Place by this, not by yaw. yaw_deg is the MuJoCo local-frame rotation and its meaning differs between bricks (long side on local X) and blocks (long side on local Y).","every bar uses the wall_10/wall_11 ArUco mounting; wall_9 is excluded (tag rotated 90 deg, 19.0 cm not 19.5)"
easy_075,easy,hmax2,brick,wall_10,39.0,32.9,5.7,19.5,5.5,10.0,2,34.7,12.3,0.0,27.9,66.3,0.3619,105,needs_2_chain,0,38,20,6,34,"long_axis_bearing_deg = bearing of the item's LONG side in world, counter-clockwise from +X, in [0,180). Place by this, not by yaw. yaw_deg is the MuJoCo local-frame rotation and its meaning differs between bricks (long side on local X) and blocks (long side on local Y).","every bar uses the wall_10/wall_11 ArUco mounting; wall_9 is excluded (tag rotated 90 deg, 19.0 cm not 19.5)"
easy_075,easy,hmax2,brick,wall_11,13.2,40.6,71.0,19.5,5.5,10.0,2,34.7,12.3,0.0,27.9,66.3,0.3619,105,needs_2_chain,0,38,20,6,34,"long_axis_bearing_deg = bearing of the item's LONG side in world, counter-clockwise from +X, in [0,180). Place by this, not by yaw. yaw_deg is the MuJoCo local-frame rotation and its meaning differs between bricks (long side on local X) and blocks (long side on local Y).","every bar uses the wall_10/wall_11 ArUco mounting; wall_9 is excluded (tag rotated 90 deg, 19.0 cm not 19.5)"
easy_075,easy,hmax2,block,obj_4,21.8,30.8,153.7,12.0,7.5,5.0,2,34.7,12.3,0.0,27.9,66.3,0.3619,105,needs_2_chain,0,38,20,6,34,"long_axis_bearing_deg = bearing of the item's LONG side in world, counter-clockwise from +X, in [0,180). Place by this, not by yaw. yaw_deg is the MuJoCo local-frame rotation and its meaning differs between bricks (long side on local X) and blocks (long side on local Y).","every bar uses the wall_10/wall_11 ArUco mounting; wall_9 is excluded (tag rotated 90 deg, 19.0 cm not 19.5)"
easy_076,easy,hmax2,brick,wall_10,39.0,34.7,175.1,19.5,5.5,10.0,3,19.3,7.9,0.0,25.4,48.9,0.5,40,one_push,4,16,8,10,42,"long_axis_bearing_deg = bearing of the item's LONG side in world, counter-clockwise from +X, in [0,180). Place by this, not by yaw. yaw_deg is the MuJoCo local-frame rotation and its meaning differs between bricks (long side on local X) and blocks (long side on local Y).","every bar uses the wall_10/wall_11 ArUco mounting; wall_9 is excluded (tag rotated 90 deg, 19.0 cm not 19.5)"
easy_076,easy,hmax2,brick,wall_11,14.7,45.9,88.1,19.5,5.5,10.0,3,19.3,7.9,0.0,25.4,48.9,0.5,40,one_push,4,16,8,10,42,"long_axis_bearing_deg = bearing of the item's LONG side in world, counter-clockwise from +X, in [0,180). Place by this, not by yaw. yaw_deg is the MuJoCo local-frame rotation and its meaning differs between bricks (long side on local X) and blocks (long side on local Y).","every bar uses the wall_10/wall_11 ArUco mounting; wall_9 is excluded (tag rotated 90 deg, 19.0 cm not 19.5)"
easy_076,easy,hmax2,brick,wall_12,14.7,24.8,109.9,19.5,5.5,10.0,3,19.3,7.9,0.0,25.4,48.9,0.5,40,one_push,4,16,8,10,42,"long_axis_bearing_deg = bearing of the item's LONG side in world, counter-clockwise from +X, in [0,180). Place by this, not by yaw. yaw_deg is the MuJoCo local-frame rotation and its meaning differs between bricks (long side on local X) and blocks (long side on local Y).","every bar uses the wall_10/wall_11 ArUco mounting; wall_9 is excluded (tag rotated 90 deg, 19.0 cm not 19.5)"
easy_076,easy,hmax2,block,obj_1,22.1,34.8,89.0,15.0,7.0,4.0,3,19.3,7.9,0.0,25.4,48.9,0.5,40,one_push,4,16,8,10,42,"long_axis_bearing_deg = bearing of the item's LONG side in world, counter-clockwise from +X, in [0,180). Place by this, not by yaw. yaw_deg is the MuJoCo local-frame rotation and its meaning differs between bricks (long side on local X) and blocks (long side on local Y).","every bar uses the wall_10/wall_11 ArUco mounting; wall_9 is excluded (tag rotated 90 deg, 19.0 cm not 19.5)"
easy_077,easy,hmax2,brick,wall_10,10.5,25.5,141.7,19.5,5.5,10.0,3,14.2,10.0,0.0,11.2,49.8,0.57,100,one_push,19,38,19,14,27,"long_axis_bearing_deg = bearing of the item's LONG side in world, counter-clockwise from +X, in [0,180). Place by this, not by yaw. yaw_deg is the MuJoCo local-frame rotation and its meaning differs between bricks (long side on local X) and blocks (long side on local Y).","every bar uses the wall_10/wall_11 ArUco mounting; wall_9 is excluded (tag rotated 90 deg, 19.0 cm not 19.5)"
easy_077,easy,hmax2,brick,wall_11,15.5,30.2,142.3,19.5,5.5,10.0,3,14.2,10.0,0.0,11.2,49.8,0.57,100,one_push,19,38,19,14,27,"long_axis_bearing_deg = bearing of the item's LONG side in world, counter-clockwise from +X, in [0,180). Place by this, not by yaw. yaw_deg is the MuJoCo local-frame rotation and its meaning differs between bricks (long side on local X) and blocks (long side on local Y).","every bar uses the wall_10/wall_11 ArUco mounting; wall_9 is excluded (tag rotated 90 deg, 19.0 cm not 19.5)"
easy_077,easy,hmax2,brick,wall_12,25.1,34.9,126.4,19.5,5.5,10.0,3,14.2,10.0,0.0,11.2,49.8,0.57,100,one_push,19,38,19,14,27,"long_axis_bearing_deg = bearing of the item's LONG side in world, counter-clockwise from +X, in [0,180). Place by this, not by yaw. yaw_deg is the MuJoCo local-frame rotation and its meaning differs between bricks (long side on local X) and blocks (long side on local Y).","every bar uses the wall_10/wall_11 ArUco mounting; wall_9 is excluded (tag rotated 90 deg, 19.0 cm not 19.5)"
easy_077,easy,hmax2,block,obj_4,38.4,27.9,67.8,12.0,7.5,5.0,3,14.2,10.0,0.0,11.2,49.8,0.57,100,one_push,19,38,19,14,27,"long_axis_bearing_deg = bearing of the item's LONG side in world, counter-clockwise from +X, in [0,180). Place by this, not by yaw. yaw_deg is the MuJoCo local-frame rotation and its meaning differs between bricks (long side on local X) and blocks (long side on local Y).","every bar uses the wall_10/wall_11 ArUco mounting; wall_9 is excluded (tag rotated 90 deg, 19.0 cm not 19.5)"
easy_078,easy,hmax2,brick,wall_10,38.9,43.9,169.9,19.5,5.5,10.0,1,20.7,31.4,0.0,29.5,63.3,0.7846,130,one_push,84,18,26,21,13,"long_axis_bearing_deg = bearing of the item's LONG side in world, counter-clockwise from +X, in [0,180). Place by this, not by yaw. yaw_deg is the MuJoCo local-frame rotation and its meaning differs between bricks (long side on local X) and blocks (long side on local Y).","every bar uses the wall_10/wall_11 ArUco mounting; wall_9 is excluded (tag rotated 90 deg, 19.0 cm not 19.5)"
easy_078,easy,hmax2,block,obj_1,16.2,46.3,27.8,15.0,7.0,4.0,1,20.7,31.4,0.0,29.5,63.3,0.7846,130,one_push,84,18,26,21,13,"long_axis_bearing_deg = bearing of the item's LONG side in world, counter-clockwise from +X, in [0,180). Place by this, not by yaw. yaw_deg is the MuJoCo local-frame rotation and its meaning differs between bricks (long side on local X) and blocks (long side on local Y).","every bar uses the wall_10/wall_11 ArUco mounting; wall_9 is excluded (tag rotated 90 deg, 19.0 cm not 19.5)"
easy_079,easy,hmax2,brick,wall_10,38.9,42.9,170.3,19.5,5.5,10.0,1,26.8,16.3,0.0,25.9,66.8,0.8267,150,one_push,122,2,29,30,1,"long_axis_bearing_deg = bearing of the item's LONG side in world, counter-clockwise from +X, in [0,180). Place by this, not by yaw. yaw_deg is the MuJoCo local-frame rotation and its meaning differs between bricks (long side on local X) and blocks (long side on local Y).","every bar uses the wall_10/wall_11 ArUco mounting; wall_9 is excluded (tag rotated 90 deg, 19.0 cm not 19.5)"
easy_079,easy,hmax2,block,obj_4,14.7,43.8,40.2,12.0,7.5,5.0,1,26.8,16.3,0.0,25.9,66.8,0.8267,150,one_push,122,2,29,30,1,"long_axis_bearing_deg = bearing of the item's LONG side in world, counter-clockwise from +X, in [0,180). Place by this, not by yaw. yaw_deg is the MuJoCo local-frame rotation and its meaning differs between bricks (long side on local X) and blocks (long side on local Y).","every bar uses the wall_10/wall_11 ArUco mounting; wall_9 is excluded (tag rotated 90 deg, 19.0 cm not 19.5)"
easy_080,easy,hmax2,brick,wall_10,10.8,38.7,53.0,19.5,5.5,10.0,2,38.1,26.0,0.0,18.2,69.4,0.3667,120,needs_2_chain,0,44,24,10,26,"long_axis_bearing_deg = bearing of the item's LONG side in world, counter-clockwise from +X, in [0,180). Place by this, not by yaw. yaw_deg is the MuJoCo local-frame rotation and its meaning differs between bricks (long side on local X) and blocks (long side on local Y).","every bar uses the wall_10/wall_11 ArUco mounting; wall_9 is excluded (tag rotated 90 deg, 19.0 cm not 19.5)"
easy_080,easy,hmax2,brick,wall_11,25.9,45.1,49.3,19.5,5.5,10.0,2,38.1,26.0,0.0,18.2,69.4,0.3667,120,needs_2_chain,0,44,24,10,26,"long_axis_bearing_deg = bearing of the item's LONG side in world, counter-clockwise from +X, in [0,180). Place by this, not by yaw. yaw_deg is the MuJoCo local-frame rotation and its meaning differs between bricks (long side on local X) and blocks (long side on local Y).","every bar uses the wall_10/wall_11 ArUco mounting; wall_9 is excluded (tag rotated 90 deg, 19.0 cm not 19.5)"
easy_080,easy,hmax2,block,obj_1,39.2,39.9,67.9,15.0,7.0,4.0,2,38.1,26.0,0.0,18.2,69.4,0.3667,120,needs_2_chain,0,44,24,10,26,"long_axis_bearing_deg = bearing of the item's LONG side in world, counter-clockwise from +X, in [0,180). Place by this, not by yaw. yaw_deg is the MuJoCo local-frame rotation and its meaning differs between bricks (long side on local X) and blocks (long side on local Y).","every bar uses the wall_10/wall_11 ArUco mounting; wall_9 is excluded (tag rotated 90 deg, 19.0 cm not 19.5)"
easy_081,easy,hmax2,brick,wall_10,38.9,34.5,168.9,19.5,5.5,10.0,2,13.5,9.9,0.0,31.4,67.9,0.363,135,needs_2_chain,0,49,27,5,28,"long_axis_bearing_deg = bearing of the item's LONG side in world, counter-clockwise from +X, in [0,180). Place by this, not by yaw. yaw_deg is the MuJoCo local-frame rotation and its meaning differs between bricks (long side on local X) and blocks (long side on local Y).","every bar uses the wall_10/wall_11 ArUco mounting; wall_9 is excluded (tag rotated 90 deg, 19.0 cm not 19.5)"
easy_081,easy,hmax2,brick,wall_11,12.9,45.3,79.2,19.5,5.5,10.0,2,13.5,9.9,0.0,31.4,67.9,0.363,135,needs_2_chain,0,49,27,5,28,"long_axis_bearing_deg = bearing of the item's LONG side in world, counter-clockwise from +X, in [0,180). Place by this, not by yaw. yaw_deg is the MuJoCo local-frame rotation and its meaning differs between bricks (long side on local X) and blocks (long side on local Y).","every bar uses the wall_10/wall_11 ArUco mounting; wall_9 is excluded (tag rotated 90 deg, 19.0 cm not 19.5)"
easy_081,easy,hmax2,block,obj_4,19.5,33.7,41.0,12.0,7.5,5.0,2,13.5,9.9,0.0,31.4,67.9,0.363,135,needs_2_chain,0,49,27,5,28,"long_axis_bearing_deg = bearing of the item's LONG side in world, counter-clockwise from +X, in [0,180). Place by this, not by yaw. yaw_deg is the MuJoCo local-frame rotation and its meaning differs between bricks (long side on local X) and blocks (long side on local Y).","every bar uses the wall_10/wall_11 ArUco mounting; wall_9 is excluded (tag rotated 90 deg, 19.0 cm not 19.5)"
easy_082,easy,hmax2,brick,wall_10,39.0,42.7,6.2,19.5,5.5,10.0,3,21.7,15.4,0.0,36.1,70.0,0.5053,95,one_push,6,42,19,15,26,"long_axis_bearing_deg = bearing of the item's LONG side in world, counter-clockwise from +X, in [0,180). Place by this, not by yaw. yaw_deg is the MuJoCo local-frame rotation and its meaning differs between bricks (long side on local X) and blocks (long side on local Y).","every bar uses the wall_10/wall_11 ArUco mounting; wall_9 is excluded (tag rotated 90 deg, 19.0 cm not 19.5)"
easy_082,easy,hmax2,brick,wall_11,14.1,52.3,80.5,19.5,5.5,10.0,3,21.7,15.4,0.0,36.1,70.0,0.5053,95,one_push,6,42,19,15,26,"long_axis_bearing_deg = bearing of the item's LONG side in world, counter-clockwise from +X, in [0,180). Place by this, not by yaw. yaw_deg is the MuJoCo local-frame rotation and its meaning differs between bricks (long side on local X) and blocks (long side on local Y).","every bar uses the wall_10/wall_11 ArUco mounting; wall_9 is excluded (tag rotated 90 deg, 19.0 cm not 19.5)"
easy_082,easy,hmax2,brick,wall_12,14.1,30.3,107.3,19.5,5.5,10.0,3,21.7,15.4,0.0,36.1,70.0,0.5053,95,one_push,6,42,19,15,26,"long_axis_bearing_deg = bearing of the item's LONG side in world, counter-clockwise from +X, in [0,180). Place by this, not by yaw. yaw_deg is the MuJoCo local-frame rotation and its meaning differs between bricks (long side on local X) and blocks (long side on local Y).","every bar uses the wall_10/wall_11 ArUco mounting; wall_9 is excluded (tag rotated 90 deg, 19.0 cm not 19.5)"
easy_082,easy,hmax2,block,obj_1,25.5,38.4,94.6,15.0,7.0,4.0,3,21.7,15.4,0.0,36.1,70.0,0.5053,95,one_push,6,42,19,15,26,"long_axis_bearing_deg = bearing of the item's LONG side in world, counter-clockwise from +X, in [0,180). Place by this, not by yaw. yaw_deg is the MuJoCo local-frame rotation and its meaning differs between bricks (long side on local X) and blocks (long side on local Y).","every bar uses the wall_10/wall_11 ArUco mounting; wall_9 is excluded (tag rotated 90 deg, 19.0 cm not 19.5)"
easy_083,easy,hmax2,brick,wall_10,38.9,33.6,168.2,19.5,5.5,10.0,3,33.3,13.6,0.0,20.5,64.5,0.5714,70,one_push,14,26,15,15,30,"long_axis_bearing_deg = bearing of the item's LONG side in world, counter-clockwise from +X, in [0,180). Place by this, not by yaw. yaw_deg is the MuJoCo local-frame rotation and its meaning differs between bricks (long side on local X) and blocks (long side on local Y).","every bar uses the wall_10/wall_11 ArUco mounting; wall_9 is excluded (tag rotated 90 deg, 19.0 cm not 19.5)"
easy_083,easy,hmax2,brick,wall_11,13.2,46.4,74.7,19.5,5.5,10.0,3,33.3,13.6,0.0,20.5,64.5,0.5714,70,one_push,14,26,15,15,30,"long_axis_bearing_deg = bearing of the item's LONG side in world, counter-clockwise from +X, in [0,180). Place by this, not by yaw. yaw_deg is the MuJoCo local-frame rotation and its meaning differs between bricks (long side on local X) and blocks (long side on local Y).","every bar uses the wall_10/wall_11 ArUco mounting; wall_9 is excluded (tag rotated 90 deg, 19.0 cm not 19.5)"
easy_083,easy,hmax2,brick,wall_12,13.2,22.5,106.2,19.5,5.5,10.0,3,33.3,13.6,0.0,20.5,64.5,0.5714,70,one_push,14,26,15,15,30,"long_axis_bearing_deg = bearing of the item's LONG side in world, counter-clockwise from +X, in [0,180). Place by this, not by yaw. yaw_deg is the MuJoCo local-frame rotation and its meaning differs between bricks (long side on local X) and blocks (long side on local Y).","every bar uses the wall_10/wall_11 ArUco mounting; wall_9 is excluded (tag rotated 90 deg, 19.0 cm not 19.5)"
easy_083,easy,hmax2,block,obj_4,24.5,35.8,79.2,12.0,7.5,5.0,3,33.3,13.6,0.0,20.5,64.5,0.5714,70,one_push,14,26,15,15,30,"long_axis_bearing_deg = bearing of the item's LONG side in world, counter-clockwise from +X, in [0,180). Place by this, not by yaw. yaw_deg is the MuJoCo local-frame rotation and its meaning differs between bricks (long side on local X) and blocks (long side on local Y).","every bar uses the wall_10/wall_11 ArUco mounting; wall_9 is excluded (tag rotated 90 deg, 19.0 cm not 19.5)"
easy_084,easy,hmax2,brick,wall_10,39.0,40.1,174.8,19.5,5.5,10.0,1,31.3,22.4,0.0,10.1,66.7,0.7857,140,one_push,77,33,27,15,18,"long_axis_bearing_deg = bearing of the item's LONG side in world, counter-clockwise from +X, in [0,180). Place by this, not by yaw. yaw_deg is the MuJoCo local-frame rotation and its meaning differs between bricks (long side on local X) and blocks (long side on local Y).","every bar uses the wall_10/wall_11 ArUco mounting; wall_9 is excluded (tag rotated 90 deg, 19.0 cm not 19.5)"
easy_084,easy,hmax2,block,obj_1,16.4,40.2,19.4,15.0,7.0,4.0,1,31.3,22.4,0.0,10.1,66.7,0.7857,140,one_push,77,33,27,15,18,"long_axis_bearing_deg = bearing of the item's LONG side in world, counter-clockwise from +X, in [0,180). Place by this, not by yaw. yaw_deg is the MuJoCo local-frame rotation and its meaning differs between bricks (long side on local X) and blocks (long side on local Y).","every bar uses the wall_10/wall_11 ArUco mounting; wall_9 is excluded (tag rotated 90 deg, 19.0 cm not 19.5)"
easy_085,easy,hmax2,brick,wall_10,39.1,46.8,177.0,19.5,5.5,10.0,1,37.3,28.1,0.0,18.7,67.7,0.8286,140,one_push,108,8,27,29,4,"long_axis_bearing_deg = bearing of the item's LONG side in world, counter-clockwise from +X, in [0,180). Place by this, not by yaw. yaw_deg is the MuJoCo local-frame rotation and its meaning differs between bricks (long side on local X) and blocks (long side on local Y).","every bar uses the wall_10/wall_11 ArUco mounting; wall_9 is excluded (tag rotated 90 deg, 19.0 cm not 19.5)"
easy_085,easy,hmax2,block,obj_4,13.5,45.4,42.5,12.0,7.5,5.0,1,37.3,28.1,0.0,18.7,67.7,0.8286,140,one_push,108,8,27,29,4,"long_axis_bearing_deg = bearing of the item's LONG side in world, counter-clockwise from +X, in [0,180). Place by this, not by yaw. yaw_deg is the MuJoCo local-frame rotation and its meaning differs between bricks (long side on local X) and blocks (long side on local Y).","every bar uses the wall_10/wall_11 ArUco mounting; wall_9 is excluded (tag rotated 90 deg, 19.0 cm not 19.5)"
easy_086,easy,hmax2,brick,wall_10,10.3,41.1,176.5,19.5,5.5,10.0,2,27.6,28.8,0.0,12.4,63.0,0.3704,135,needs_2_chain,0,50,26,12,22,"long_axis_bearing_deg = bearing of the item's LONG side in world, counter-clockwise from +X, in [0,180). Place by this, not by yaw. yaw_deg is the MuJoCo local-frame rotation and its meaning differs between bricks (long side on local X) and blocks (long side on local Y).","every bar uses the wall_10/wall_11 ArUco mounting; wall_9 is excluded (tag rotated 90 deg, 19.0 cm not 19.5)"
easy_086,easy,hmax2,brick,wall_11,25.0,52.2,176.2,19.5,5.5,10.0,2,27.6,28.8,0.0,12.4,63.0,0.3704,135,needs_2_chain,0,50,26,12,22,"long_axis_bearing_deg = bearing of the item's LONG side in world, counter-clockwise from +X, in [0,180). Place by this, not by yaw. yaw_deg is the MuJoCo local-frame rotation and its meaning differs between bricks (long side on local X) and blocks (long side on local Y).","every bar uses the wall_10/wall_11 ArUco mounting; wall_9 is excluded (tag rotated 90 deg, 19.0 cm not 19.5)"
easy_086,easy,hmax2,block,obj_1,37.9,45.3,70.9,15.0,7.0,4.0,2,27.6,28.8,0.0,12.4,63.0,0.3704,135,needs_2_chain,0,50,26,12,22,"long_axis_bearing_deg = bearing of the item's LONG side in world, counter-clockwise from +X, in [0,180). Place by this, not by yaw. yaw_deg is the MuJoCo local-frame rotation and its meaning differs between bricks (long side on local X) and blocks (long side on local Y).","every bar uses the wall_10/wall_11 ArUco mounting; wall_9 is excluded (tag rotated 90 deg, 19.0 cm not 19.5)"
easy_087,easy,hmax2,brick,wall_10,38.9,34.5,10.7,19.5,5.5,10.0,2,40.1,14.4,0.0,14.6,66.5,0.3643,140,needs_2_chain,0,51,28,3,29,"long_axis_bearing_deg = bearing of the item's LONG side in world, counter-clockwise from +X, in [0,180). Place by this, not by yaw. yaw_deg is the MuJoCo local-frame rotation and its meaning differs between bricks (long side on local X) and blocks (long side on local Y).","every bar uses the wall_10/wall_11 ArUco mounting; wall_9 is excluded (tag rotated 90 deg, 19.0 cm not 19.5)"
easy_087,easy,hmax2,brick,wall_11,13.5,45.9,71.0,19.5,5.5,10.0,2,40.1,14.4,0.0,14.6,66.5,0.3643,140,needs_2_chain,0,51,28,3,29,"long_axis_bearing_deg = bearing of the item's LONG side in world, counter-clockwise from +X, in [0,180). Place by this, not by yaw. yaw_deg is the MuJoCo local-frame rotation and its meaning differs between bricks (long side on local X) and blocks (long side on local Y).","every bar uses the wall_10/wall_11 ArUco mounting; wall_9 is excluded (tag rotated 90 deg, 19.0 cm not 19.5)"
easy_087,easy,hmax2,block,obj_4,20.0,30.4,107.1,12.0,7.5,5.0,2,40.1,14.4,0.0,14.6,66.5,0.3643,140,needs_2_chain,0,51,28,3,29,"long_axis_bearing_deg = bearing of the item's LONG side in world, counter-clockwise from +X, in [0,180). Place by this, not by yaw. yaw_deg is the MuJoCo local-frame rotation and its meaning differs between bricks (long side on local X) and blocks (long side on local Y).","every bar uses the wall_10/wall_11 ArUco mounting; wall_9 is excluded (tag rotated 90 deg, 19.0 cm not 19.5)"
easy_088,easy,hmax2,brick,wall_10,10.0,30.1,174.3,19.5,5.5,10.0,3,12.8,17.8,0.0,29.9,66.4,0.5077,65,one_push,12,21,13,18,29,"long_axis_bearing_deg = bearing of the item's LONG side in world, counter-clockwise from +X, in [0,180). Place by this, not by yaw. yaw_deg is the MuJoCo local-frame rotation and its meaning differs between bricks (long side on local X) and blocks (long side on local Y).","every bar uses the wall_10/wall_11 ArUco mounting; wall_9 is excluded (tag rotated 90 deg, 19.0 cm not 19.5)"
easy_088,easy,hmax2,brick,wall_11,35.5,40.7,90.5,19.5,5.5,10.0,3,12.8,17.8,0.0,29.9,66.4,0.5077,65,one_push,12,21,13,18,29,"long_axis_bearing_deg = bearing of the item's LONG side in world, counter-clockwise from +X, in [0,180). Place by this, not by yaw. yaw_deg is the MuJoCo local-frame rotation and its meaning differs between bricks (long side on local X) and blocks (long side on local Y).","every bar uses the wall_10/wall_11 ArUco mounting; wall_9 is excluded (tag rotated 90 deg, 19.0 cm not 19.5)"
easy_088,easy,hmax2,brick,wall_12,35.5,18.5,75.0,19.5,5.5,10.0,3,12.8,17.8,0.0,29.9,66.4,0.5077,65,one_push,12,21,13,18,29,"long_axis_bearing_deg = bearing of the item's LONG side in world, counter-clockwise from +X, in [0,180). Place by this, not by yaw. yaw_deg is the MuJoCo local-frame rotation and its meaning differs between bricks (long side on local X) and blocks (long side on local Y).","every bar uses the wall_10/wall_11 ArUco mounting; wall_9 is excluded (tag rotated 90 deg, 19.0 cm not 19.5)"
easy_088,easy,hmax2,block,obj_1,24.5,32.7,99.7,15.0,7.0,4.0,3,12.8,17.8,0.0,29.9,66.4,0.5077,65,one_push,12,21,13,18,29,"long_axis_bearing_deg = bearing of the item's LONG side in world, counter-clockwise from +X, in [0,180). Place by this, not by yaw. yaw_deg is the MuJoCo local-frame rotation and its meaning differs between bricks (long side on local X) and blocks (long side on local Y).","every bar uses the wall_10/wall_11 ArUco mounting; wall_9 is excluded (tag rotated 90 deg, 19.0 cm not 19.5)"
easy_089,easy,hmax2,brick,wall_10,38.9,44.5,10.5,19.5,5.5,10.0,3,29.5,31.4,0.0,20.4,69.6,0.58,50,one_push,15,14,10,18,32,"long_axis_bearing_deg = bearing of the item's LONG side in world, counter-clockwise from +X, in [0,180). Place by this, not by yaw. yaw_deg is the MuJoCo local-frame rotation and its meaning differs between bricks (long side on local X) and blocks (long side on local Y).","every bar uses the wall_10/wall_11 ArUco mounting; wall_9 is excluded (tag rotated 90 deg, 19.0 cm not 19.5)"
easy_089,easy,hmax2,brick,wall_11,12.9,53.8,99.2,19.5,5.5,10.0,3,29.5,31.4,0.0,20.4,69.6,0.58,50,one_push,15,14,10,18,32,"long_axis_bearing_deg = bearing of the item's LONG side in world, counter-clockwise from +X, in [0,180). Place by this, not by yaw. yaw_deg is the MuJoCo local-frame rotation and its meaning differs between bricks (long side on local X) and blocks (long side on local Y).","every bar uses the wall_10/wall_11 ArUco mounting; wall_9 is excluded (tag rotated 90 deg, 19.0 cm not 19.5)"
easy_089,easy,hmax2,brick,wall_12,12.9,31.8,90.4,19.5,5.5,10.0,3,29.5,31.4,0.0,20.4,69.6,0.58,50,one_push,15,14,10,18,32,"long_axis_bearing_deg = bearing of the item's LONG side in world, counter-clockwise from +X, in [0,180). Place by this, not by yaw. yaw_deg is the MuJoCo local-frame rotation and its meaning differs between bricks (long side on local X) and blocks (long side on local Y).","every bar uses the wall_10/wall_11 ArUco mounting; wall_9 is excluded (tag rotated 90 deg, 19.0 cm not 19.5)"
easy_089,easy,hmax2,block,obj_4,22.5,48.8,102.5,12.0,7.5,5.0,3,29.5,31.4,0.0,20.4,69.6,0.58,50,one_push,15,14,10,18,32,"long_axis_bearing_deg = bearing of the item's LONG side in world, counter-clockwise from +X, in [0,180). Place by this, not by yaw. yaw_deg is the MuJoCo local-frame rotation and its meaning differs between bricks (long side on local X) and blocks (long side on local Y).","every bar uses the wall_10/wall_11 ArUco mounting; wall_9 is excluded (tag rotated 90 deg, 19.0 cm not 19.5)"
easy_090,easy,hmax2,brick,wall_10,39.1,46.0,175.2,19.5,5.5,10.0,1,23.6,12.1,0.0,10.4,67.4,0.7931,145,one_push,97,18,29,26,5,"long_axis_bearing_deg = bearing of the item's LONG side in world, counter-clockwise from +X, in [0,180). Place by this, not by yaw. yaw_deg is the MuJoCo local-frame rotation and its meaning differs between bricks (long side on local X) and blocks (long side on local Y).","every bar uses the wall_10/wall_11 ArUco mounting; wall_9 is excluded (tag rotated 90 deg, 19.0 cm not 19.5)"
easy_090,easy,hmax2,block,obj_1,15.3,41.4,39.8,15.0,7.0,4.0,1,23.6,12.1,0.0,10.4,67.4,0.7931,145,one_push,97,18,29,26,5,"long_axis_bearing_deg = bearing of the item's LONG side in world, counter-clockwise from +X, in [0,180). Place by this, not by yaw. yaw_deg is the MuJoCo local-frame rotation and its meaning differs between bricks (long side on local X) and blocks (long side on local Y).","every bar uses the wall_10/wall_11 ArUco mounting; wall_9 is excluded (tag rotated 90 deg, 19.0 cm not 19.5)"
easy_091,easy,hmax2,brick,wall_10,39.2,40.6,0.5,19.5,5.5,10.0,1,19.0,6.7,0.0,23.1,54.1,0.8333,150,one_push,106,19,30,23,7,"long_axis_bearing_deg = bearing of the item's LONG side in world, counter-clockwise from +X, in [0,180). Place by this, not by yaw. yaw_deg is the MuJoCo local-frame rotation and its meaning differs between bricks (long side on local X) and blocks (long side on local Y).","every bar uses the wall_10/wall_11 ArUco mounting; wall_9 is excluded (tag rotated 90 deg, 19.0 cm not 19.5)"
easy_091,easy,hmax2,block,obj_4,15.1,38.6,9.3,12.0,7.5,5.0,1,19.0,6.7,0.0,23.1,54.1,0.8333,150,one_push,106,19,30,23,7,"long_axis_bearing_deg = bearing of the item's LONG side in world, counter-clockwise from +X, in [0,180). Place by this, not by yaw. yaw_deg is the MuJoCo local-frame rotation and its meaning differs between bricks (long side on local X) and blocks (long side on local Y).","every bar uses the wall_10/wall_11 ArUco mounting; wall_9 is excluded (tag rotated 90 deg, 19.0 cm not 19.5)"
easy_092,easy,hmax2,brick,wall_10,10.1,32.3,168.8,19.5,5.5,10.0,2,35.0,15.8,0.0,15.1,64.6,0.3714,35,one_push,1,12,8,21,31,"long_axis_bearing_deg = bearing of the item's LONG side in world, counter-clockwise from +X, in [0,180). Place by this, not by yaw. yaw_deg is the MuJoCo local-frame rotation and its meaning differs between bricks (long side on local X) and blocks (long side on local Y).","every bar uses the wall_10/wall_11 ArUco mounting; wall_9 is excluded (tag rotated 90 deg, 19.0 cm not 19.5)"
easy_092,easy,hmax2,brick,wall_11,34.8,43.6,106.1,19.5,5.5,10.0,2,35.0,15.8,0.0,15.1,64.6,0.3714,35,one_push,1,12,8,21,31,"long_axis_bearing_deg = bearing of the item's LONG side in world, counter-clockwise from +X, in [0,180). Place by this, not by yaw. yaw_deg is the MuJoCo local-frame rotation and its meaning differs between bricks (long side on local X) and blocks (long side on local Y).","every bar uses the wall_10/wall_11 ArUco mounting; wall_9 is excluded (tag rotated 90 deg, 19.0 cm not 19.5)"
easy_092,easy,hmax2,block,obj_1,23.4,37.0,138.1,15.0,7.0,4.0,2,35.0,15.8,0.0,15.1,64.6,0.3714,35,one_push,1,12,8,21,31,"long_axis_bearing_deg = bearing of the item's LONG side in world, counter-clockwise from +X, in [0,180). Place by this, not by yaw. yaw_deg is the MuJoCo local-frame rotation and its meaning differs between bricks (long side on local X) and blocks (long side on local Y).","every bar uses the wall_10/wall_11 ArUco mounting; wall_9 is excluded (tag rotated 90 deg, 19.0 cm not 19.5)"
easy_093,easy,hmax2,brick,wall_10,38.9,34.1,10.6,19.5,5.5,10.0,2,33.5,14.5,0.0,22.8,60.6,0.3667,30,one_push,1,10,6,21,33,"long_axis_bearing_deg = bearing of the item's LONG side in world, counter-clockwise from +X, in [0,180). Place by this, not by yaw. yaw_deg is the MuJoCo local-frame rotation and its meaning differs between bricks (long side on local X) and blocks (long side on local Y).","every bar uses the wall_10/wall_11 ArUco mounting; wall_9 is excluded (tag rotated 90 deg, 19.0 cm not 19.5)"
easy_093,easy,hmax2,brick,wall_11,13.9,43.1,70.5,19.5,5.5,10.0,2,33.5,14.5,0.0,22.8,60.6,0.3667,30,one_push,1,10,6,21,33,"long_axis_bearing_deg = bearing of the item's LONG side in world, counter-clockwise from +X, in [0,180). Place by this, not by yaw. yaw_deg is the MuJoCo local-frame rotation and its meaning differs between bricks (long side on local X) and blocks (long side on local Y).","every bar uses the wall_10/wall_11 ArUco mounting; wall_9 is excluded (tag rotated 90 deg, 19.0 cm not 19.5)"
easy_093,easy,hmax2,block,obj_4,26.0,38.6,22.6,12.0,7.5,5.0,2,33.5,14.5,0.0,22.8,60.6,0.3667,30,one_push,1,10,6,21,33,"long_axis_bearing_deg = bearing of the item's LONG side in world, counter-clockwise from +X, in [0,180). Place by this, not by yaw. yaw_deg is the MuJoCo local-frame rotation and its meaning differs between bricks (long side on local X) and blocks (long side on local Y).","every bar uses the wall_10/wall_11 ArUco mounting; wall_9 is excluded (tag rotated 90 deg, 19.0 cm not 19.5)"
easy_094,easy,hmax2,brick,wall_10,38.9,44.7,11.8,19.5,5.5,10.0,3,23.9,8.4,0.0,24.2,70.9,0.5375,80,one_push,11,32,15,15,30,"long_axis_bearing_deg = bearing of the item's LONG side in world, counter-clockwise from +X, in [0,180). Place by this, not by yaw. yaw_deg is the MuJoCo local-frame rotation and its meaning differs between bricks (long side on local X) and blocks (long side on local Y).","every bar uses the wall_10/wall_11 ArUco mounting; wall_9 is excluded (tag rotated 90 deg, 19.0 cm not 19.5)"
easy_094,easy,hmax2,brick,wall_11,13.3,57.6,83.3,19.5,5.5,10.0,3,23.9,8.4,0.0,24.2,70.9,0.5375,80,one_push,11,32,15,15,30,"long_axis_bearing_deg = bearing of the item's LONG side in world, counter-clockwise from +X, in [0,180). Place by this, not by yaw. yaw_deg is the MuJoCo local-frame rotation and its meaning differs between bricks (long side on local X) and blocks (long side on local Y).","every bar uses the wall_10/wall_11 ArUco mounting; wall_9 is excluded (tag rotated 90 deg, 19.0 cm not 19.5)"
easy_094,easy,hmax2,brick,wall_12,13.3,33.9,103.3,19.5,5.5,10.0,3,23.9,8.4,0.0,24.2,70.9,0.5375,80,one_push,11,32,15,15,30,"long_axis_bearing_deg = bearing of the item's LONG side in world, counter-clockwise from +X, in [0,180). Place by this, not by yaw. yaw_deg is the MuJoCo local-frame rotation and its meaning differs between bricks (long side on local X) and blocks (long side on local Y).","every bar uses the wall_10/wall_11 ArUco mounting; wall_9 is excluded (tag rotated 90 deg, 19.0 cm not 19.5)"
easy_094,easy,hmax2,block,obj_1,24.3,42.7,88.5,15.0,7.0,4.0,3,23.9,8.4,0.0,24.2,70.9,0.5375,80,one_push,11,32,15,15,30,"long_axis_bearing_deg = bearing of the item's LONG side in world, counter-clockwise from +X, in [0,180). Place by this, not by yaw. yaw_deg is the MuJoCo local-frame rotation and its meaning differs between bricks (long side on local X) and blocks (long side on local Y).","every bar uses the wall_10/wall_11 ArUco mounting; wall_9 is excluded (tag rotated 90 deg, 19.0 cm not 19.5)"
easy_095,easy,hmax2,brick,wall_10,39.0,30.3,173.4,19.5,5.5,10.0,3,40.6,17.3,0.0,38.7,60.5,0.6,65,one_push,5,34,14,12,34,"long_axis_bearing_deg = bearing of the item's LONG side in world, counter-clockwise from +X, in [0,180). Place by this, not by yaw. yaw_deg is the MuJoCo local-frame rotation and its meaning differs between bricks (long side on local X) and blocks (long side on local Y).","every bar uses the wall_10/wall_11 ArUco mounting; wall_9 is excluded (tag rotated 90 deg, 19.0 cm not 19.5)"
easy_095,easy,hmax2,brick,wall_11,13.2,41.1,70.7,19.5,5.5,10.0,3,40.6,17.3,0.0,38.7,60.5,0.6,65,one_push,5,34,14,12,34,"long_axis_bearing_deg = bearing of the item's LONG side in world, counter-clockwise from +X, in [0,180). Place by this, not by yaw. yaw_deg is the MuJoCo local-frame rotation and its meaning differs between bricks (long side on local X) and blocks (long side on local Y).","every bar uses the wall_10/wall_11 ArUco mounting; wall_9 is excluded (tag rotated 90 deg, 19.0 cm not 19.5)"
easy_095,easy,hmax2,brick,wall_12,13.2,18.7,101.4,19.5,5.5,10.0,3,40.6,17.3,0.0,38.7,60.5,0.6,65,one_push,5,34,14,12,34,"long_axis_bearing_deg = bearing of the item's LONG side in world, counter-clockwise from +X, in [0,180). Place by this, not by yaw. yaw_deg is the MuJoCo local-frame rotation and its meaning differs between bricks (long side on local X) and blocks (long side on local Y).","every bar uses the wall_10/wall_11 ArUco mounting; wall_9 is excluded (tag rotated 90 deg, 19.0 cm not 19.5)"
easy_095,easy,hmax2,block,obj_4,22.3,27.4,83.4,12.0,7.5,5.0,3,40.6,17.3,0.0,38.7,60.5,0.6,65,one_push,5,34,14,12,34,"long_axis_bearing_deg = bearing of the item's LONG side in world, counter-clockwise from +X, in [0,180). Place by this, not by yaw. yaw_deg is the MuJoCo local-frame rotation and its meaning differs between bricks (long side on local X) and blocks (long side on local Y).","every bar uses the wall_10/wall_11 ArUco mounting; wall_9 is excluded (tag rotated 90 deg, 19.0 cm not 19.5)"
easy_096,easy,hmax2,brick,wall_10,38.9,43.3,8.8,19.5,5.5,10.0,1,37.3,31.1,0.0,24.9,69.2,0.8,150,one_push,81,39,28,16,16,"long_axis_bearing_deg = bearing of the item's LONG side in world, counter-clockwise from +X, in [0,180). Place by this, not by yaw. yaw_deg is the MuJoCo local-frame rotation and its meaning differs between bricks (long side on local X) and blocks (long side on local Y).","every bar uses the wall_10/wall_11 ArUco mounting; wall_9 is excluded (tag rotated 90 deg, 19.0 cm not 19.5)"
easy_096,easy,hmax2,block,obj_1,16.4,40.9,20.3,15.0,7.0,4.0,1,37.3,31.1,0.0,24.9,69.2,0.8,150,one_push,81,39,28,16,16,"long_axis_bearing_deg = bearing of the item's LONG side in world, counter-clockwise from +X, in [0,180). Place by this, not by yaw. yaw_deg is the MuJoCo local-frame rotation and its meaning differs between bricks (long side on local X) and blocks (long side on local Y).","every bar uses the wall_10/wall_11 ArUco mounting; wall_9 is excluded (tag rotated 90 deg, 19.0 cm not 19.5)"
easy_097,easy,hmax2,brick,wall_10,39.1,35.2,2.5,19.5,5.5,10.0,1,16.1,12.9,0.0,6.5,58.7,0.8333,150,one_push,110,15,30,25,5,"long_axis_bearing_deg = bearing of the item's LONG side in world, counter-clockwise from +X, in [0,180). Place by this, not by yaw. yaw_deg is the MuJoCo local-frame rotation and its meaning differs between bricks (long side on local X) and blocks (long side on local Y).","every bar uses the wall_10/wall_11 ArUco mounting; wall_9 is excluded (tag rotated 90 deg, 19.0 cm not 19.5)"
easy_097,easy,hmax2,block,obj_4,15.3,34.0,31.1,12.0,7.5,5.0,1,16.1,12.9,0.0,6.5,58.7,0.8333,150,one_push,110,15,30,25,5,"long_axis_bearing_deg = bearing of the item's LONG side in world, counter-clockwise from +X, in [0,180). Place by this, not by yaw. yaw_deg is the MuJoCo local-frame rotation and its meaning differs between bricks (long side on local X) and blocks (long side on local Y).","every bar uses the wall_10/wall_11 ArUco mounting; wall_9 is excluded (tag rotated 90 deg, 19.0 cm not 19.5)"
easy_098,easy,hmax2,brick,wall_10,13.7,40.6,24.8,19.5,5.5,10.0,2,26.0,30.1,0.0,8.2,71.5,0.376,125,one_push,3,44,25,15,20,"long_axis_bearing_deg = bearing of the item's LONG side in world, counter-clockwise from +X, in [0,180). Place by this, not by yaw. yaw_deg is the MuJoCo local-frame rotation and its meaning differs between bricks (long side on local X) and blocks (long side on local Y).","every bar uses the wall_10/wall_11 ArUco mounting; wall_9 is excluded (tag rotated 90 deg, 19.0 cm not 19.5)"
easy_098,easy,hmax2,brick,wall_11,25.7,52.7,126.7,19.5,5.5,10.0,2,26.0,30.1,0.0,8.2,71.5,0.376,125,one_push,3,44,25,15,20,"long_axis_bearing_deg = bearing of the item's LONG side in world, counter-clockwise from +X, in [0,180). Place by this, not by yaw. yaw_deg is the MuJoCo local-frame rotation and its meaning differs between bricks (long side on local X) and blocks (long side on local Y).","every bar uses the wall_10/wall_11 ArUco mounting; wall_9 is excluded (tag rotated 90 deg, 19.0 cm not 19.5)"
easy_098,easy,hmax2,block,obj_1,36.8,43.4,66.4,15.0,7.0,4.0,2,26.0,30.1,0.0,8.2,71.5,0.376,125,one_push,3,44,25,15,20,"long_axis_bearing_deg = bearing of the item's LONG side in world, counter-clockwise from +X, in [0,180). Place by this, not by yaw. yaw_deg is the MuJoCo local-frame rotation and its meaning differs between bricks (long side on local X) and blocks (long side on local Y).","every bar uses the wall_10/wall_11 ArUco mounting; wall_9 is excluded (tag rotated 90 deg, 19.0 cm not 19.5)"
easy_099,easy,hmax2,brick,wall_10,9.9,41.6,176.2,19.5,5.5,10.0,2,38.6,14.3,0.0,20.7,66.9,0.3714,105,one_push,2,37,21,9,30,"long_axis_bearing_deg = bearing of the item's LONG side in world, counter-clockwise from +X, in [0,180). Place by this, not by yaw. yaw_deg is the MuJoCo local-frame rotation and its meaning differs between bricks (long side on local X) and blocks (long side on local Y).","every bar uses the wall_10/wall_11 ArUco mounting; wall_9 is excluded (tag rotated 90 deg, 19.0 cm not 19.5)"
easy_099,easy,hmax2,brick,wall_11,35.5,49.9,107.4,19.5,5.5,10.0,2,38.6,14.3,0.0,20.7,66.9,0.3714,105,one_push,2,37,21,9,30,"long_axis_bearing_deg = bearing of the item's LONG side in world, counter-clockwise from +X, in [0,180). Place by this, not by yaw. yaw_deg is the MuJoCo local-frame rotation and its meaning differs between bricks (long side on local X) and blocks (long side on local Y).","every bar uses the wall_10/wall_11 ArUco mounting; wall_9 is excluded (tag rotated 90 deg, 19.0 cm not 19.5)"
easy_099,easy,hmax2,block,obj_4,28.2,40.7,135.2,12.0,7.5,5.0,2,38.6,14.3,0.0,20.7,66.9,0.3714,105,one_push,2,37,21,9,30,"long_axis_bearing_deg = bearing of the item's LONG side in world, counter-clockwise from +X, in [0,180). Place by this, not by yaw. yaw_deg is the MuJoCo local-frame rotation and its meaning differs between bricks (long side on local X) and blocks (long side on local Y).","every bar uses the wall_10/wall_11 ArUco mounting; wall_9 is excluded (tag rotated 90 deg, 19.0 cm not 19.5)"
