build_id,tier,axis,item,marker_hint,centre_x_cm,centre_y_cm,long_axis_bearing_deg,long_cm,short_cm,height_cm,n_bricks,robot_start_x_cm,robot_start_y_cm,robot_start_bearing_deg,goal_x_cm,goal_y_cm,solve_rate,tried,push_kind,valid_1push,valid_first_push,n_contacts_reachable,n_contacts_cutoff,n_contacts_collision,angle_convention,tag_convention
med_000,med,hmax2,brick,wall_10,11.3,35.3,136.7,19.5,5.5,10.0,2,25.6,16.6,0.0,42.0,65.6,0.05,120,needs_2_chain,0,6,24,2,34,"long_axis_bearing_deg = bearing of the item's LONG side in world, counter-clockwise from +X, in [0,180). Place by this, not by yaw. yaw_deg is the MuJoCo local-frame rotation and its meaning differs between bricks (long side on local X) and blocks (long side on local Y).","every bar uses the wall_10/wall_11 ArUco mounting; wall_9 is excluded (tag rotated 90 deg, 19.0 cm not 19.5)"
med_000,med,hmax2,brick,wall_11,24.8,44.1,27.6,19.5,5.5,10.0,2,25.6,16.6,0.0,42.0,65.6,0.05,120,needs_2_chain,0,6,24,2,34,"long_axis_bearing_deg = bearing of the item's LONG side in world, counter-clockwise from +X, in [0,180). Place by this, not by yaw. yaw_deg is the MuJoCo local-frame rotation and its meaning differs between bricks (long side on local X) and blocks (long side on local Y).","every bar uses the wall_10/wall_11 ArUco mounting; wall_9 is excluded (tag rotated 90 deg, 19.0 cm not 19.5)"
med_000,med,hmax2,block,obj_1,40.7,37.7,53.8,15.0,7.0,4.0,2,25.6,16.6,0.0,42.0,65.6,0.05,120,needs_2_chain,0,6,24,2,34,"long_axis_bearing_deg = bearing of the item's LONG side in world, counter-clockwise from +X, in [0,180). Place by this, not by yaw. yaw_deg is the MuJoCo local-frame rotation and its meaning differs between bricks (long side on local X) and blocks (long side on local Y).","every bar uses the wall_10/wall_11 ArUco mounting; wall_9 is excluded (tag rotated 90 deg, 19.0 cm not 19.5)"
med_001,med,hmax2,brick,wall_10,24.0,50.0,174.5,19.5,5.5,10.0,2,41.7,20.4,0.0,8.4,63.2,0.05,120,needs_2_chain,0,6,24,3,33,"long_axis_bearing_deg = bearing of the item's LONG side in world, counter-clockwise from +X, in [0,180). Place by this, not by yaw. yaw_deg is the MuJoCo local-frame rotation and its meaning differs between bricks (long side on local X) and blocks (long side on local Y).","every bar uses the wall_10/wall_11 ArUco mounting; wall_9 is excluded (tag rotated 90 deg, 19.0 cm not 19.5)"
med_001,med,hmax2,brick,wall_11,35.8,42.0,177.1,19.5,5.5,10.0,2,41.7,20.4,0.0,8.4,63.2,0.05,120,needs_2_chain,0,6,24,3,33,"long_axis_bearing_deg = bearing of the item's LONG side in world, counter-clockwise from +X, in [0,180). Place by this, not by yaw. yaw_deg is the MuJoCo local-frame rotation and its meaning differs between bricks (long side on local X) and blocks (long side on local Y).","every bar uses the wall_10/wall_11 ArUco mounting; wall_9 is excluded (tag rotated 90 deg, 19.0 cm not 19.5)"
med_001,med,hmax2,block,obj_4,9.4,41.6,149.2,12.0,7.5,5.0,2,41.7,20.4,0.0,8.4,63.2,0.05,120,needs_2_chain,0,6,24,3,33,"long_axis_bearing_deg = bearing of the item's LONG side in world, counter-clockwise from +X, in [0,180). Place by this, not by yaw. yaw_deg is the MuJoCo local-frame rotation and its meaning differs between bricks (long side on local X) and blocks (long side on local Y).","every bar uses the wall_10/wall_11 ArUco mounting; wall_9 is excluded (tag rotated 90 deg, 19.0 cm not 19.5)"
med_002,med,hmax2,brick,wall_10,39.0,41.4,6.7,19.5,5.5,10.0,3,31.7,6.8,0.0,38.4,66.0,0.0667,15,needs_2_chain,0,1,4,21,35,"long_axis_bearing_deg = bearing of the item's LONG side in world, counter-clockwise from +X, in [0,180). Place by this, not by yaw. yaw_deg is the MuJoCo local-frame rotation and its meaning differs between bricks (long side on local X) and blocks (long side on local Y).","every bar uses the wall_10/wall_11 ArUco mounting; wall_9 is excluded (tag rotated 90 deg, 19.0 cm not 19.5)"
med_002,med,hmax2,brick,wall_11,13.1,52.2,72.8,19.5,5.5,10.0,3,31.7,6.8,0.0,38.4,66.0,0.0667,15,needs_2_chain,0,1,4,21,35,"long_axis_bearing_deg = bearing of the item's LONG side in world, counter-clockwise from +X, in [0,180). Place by this, not by yaw. yaw_deg is the MuJoCo local-frame rotation and its meaning differs between bricks (long side on local X) and blocks (long side on local Y).","every bar uses the wall_10/wall_11 ArUco mounting; wall_9 is excluded (tag rotated 90 deg, 19.0 cm not 19.5)"
med_002,med,hmax2,brick,wall_12,13.1,30.5,97.4,19.5,5.5,10.0,3,31.7,6.8,0.0,38.4,66.0,0.0667,15,needs_2_chain,0,1,4,21,35,"long_axis_bearing_deg = bearing of the item's LONG side in world, counter-clockwise from +X, in [0,180). Place by this, not by yaw. yaw_deg is the MuJoCo local-frame rotation and its meaning differs between bricks (long side on local X) and blocks (long side on local Y).","every bar uses the wall_10/wall_11 ArUco mounting; wall_9 is excluded (tag rotated 90 deg, 19.0 cm not 19.5)"
med_002,med,hmax2,block,obj_1,25.4,45.3,51.9,15.0,7.0,4.0,3,31.7,6.8,0.0,38.4,66.0,0.0667,15,needs_2_chain,0,1,4,21,35,"long_axis_bearing_deg = bearing of the item's LONG side in world, counter-clockwise from +X, in [0,180). Place by this, not by yaw. yaw_deg is the MuJoCo local-frame rotation and its meaning differs between bricks (long side on local X) and blocks (long side on local Y).","every bar uses the wall_10/wall_11 ArUco mounting; wall_9 is excluded (tag rotated 90 deg, 19.0 cm not 19.5)"
med_003,med,hmax2,brick,wall_10,10.1,45.8,169.4,19.5,5.5,10.0,3,39.1,11.0,0.0,18.9,59.7,0.0571,70,needs_2_chain,0,4,14,8,38,"long_axis_bearing_deg = bearing of the item's LONG side in world, counter-clockwise from +X, in [0,180). Place by this, not by yaw. yaw_deg is the MuJoCo local-frame rotation and its meaning differs between bricks (long side on local X) and blocks (long side on local Y).","every bar uses the wall_10/wall_11 ArUco mounting; wall_9 is excluded (tag rotated 90 deg, 19.0 cm not 19.5)"
med_003,med,hmax2,brick,wall_11,36.1,54.6,88.1,19.5,5.5,10.0,3,39.1,11.0,0.0,18.9,59.7,0.0571,70,needs_2_chain,0,4,14,8,38,"long_axis_bearing_deg = bearing of the item's LONG side in world, counter-clockwise from +X, in [0,180). Place by this, not by yaw. yaw_deg is the MuJoCo local-frame rotation and its meaning differs between bricks (long side on local X) and blocks (long side on local Y).","every bar uses the wall_10/wall_11 ArUco mounting; wall_9 is excluded (tag rotated 90 deg, 19.0 cm not 19.5)"
med_003,med,hmax2,brick,wall_12,36.1,33.4,77.9,19.5,5.5,10.0,3,39.1,11.0,0.0,18.9,59.7,0.0571,70,needs_2_chain,0,4,14,8,38,"long_axis_bearing_deg = bearing of the item's LONG side in world, counter-clockwise from +X, in [0,180). Place by this, not by yaw. yaw_deg is the MuJoCo local-frame rotation and its meaning differs between bricks (long side on local X) and blocks (long side on local Y).","every bar uses the wall_10/wall_11 ArUco mounting; wall_9 is excluded (tag rotated 90 deg, 19.0 cm not 19.5)"
med_003,med,hmax2,block,obj_4,26.2,42.3,164.4,12.0,7.5,5.0,3,39.1,11.0,0.0,18.9,59.7,0.0571,70,needs_2_chain,0,4,14,8,38,"long_axis_bearing_deg = bearing of the item's LONG side in world, counter-clockwise from +X, in [0,180). Place by this, not by yaw. yaw_deg is the MuJoCo local-frame rotation and its meaning differs between bricks (long side on local X) and blocks (long side on local Y).","every bar uses the wall_10/wall_11 ArUco mounting; wall_9 is excluded (tag rotated 90 deg, 19.0 cm not 19.5)"
med_004,med,hmax2,brick,wall_10,39.2,39.2,1.6,19.5,5.5,10.0,2,25.4,10.8,0.0,29.5,63.9,0.0519,135,needs_2_chain,0,7,28,3,29,"long_axis_bearing_deg = bearing of the item's LONG side in world, counter-clockwise from +X, in [0,180). Place by this, not by yaw. yaw_deg is the MuJoCo local-frame rotation and its meaning differs between bricks (long side on local X) and blocks (long side on local Y).","every bar uses the wall_10/wall_11 ArUco mounting; wall_9 is excluded (tag rotated 90 deg, 19.0 cm not 19.5)"
med_004,med,hmax2,brick,wall_11,13.9,48.8,73.7,19.5,5.5,10.0,2,25.4,10.8,0.0,29.5,63.9,0.0519,135,needs_2_chain,0,7,28,3,29,"long_axis_bearing_deg = bearing of the item's LONG side in world, counter-clockwise from +X, in [0,180). Place by this, not by yaw. yaw_deg is the MuJoCo local-frame rotation and its meaning differs between bricks (long side on local X) and blocks (long side on local Y).","every bar uses the wall_10/wall_11 ArUco mounting; wall_9 is excluded (tag rotated 90 deg, 19.0 cm not 19.5)"
med_004,med,hmax2,block,obj_1,24.5,34.3,123.3,15.0,7.0,4.0,2,25.4,10.8,0.0,29.5,63.9,0.0519,135,needs_2_chain,0,7,28,3,29,"long_axis_bearing_deg = bearing of the item's LONG side in world, counter-clockwise from +X, in [0,180). Place by this, not by yaw. yaw_deg is the MuJoCo local-frame rotation and its meaning differs between bricks (long side on local X) and blocks (long side on local Y).","every bar uses the wall_10/wall_11 ArUco mounting; wall_9 is excluded (tag rotated 90 deg, 19.0 cm not 19.5)"
med_005,med,hmax2,brick,wall_10,38.9,31.0,9.9,19.5,5.5,10.0,2,19.2,6.9,0.0,33.4,47.2,0.0522,115,needs_2_chain,0,6,23,7,30,"long_axis_bearing_deg = bearing of the item's LONG side in world, counter-clockwise from +X, in [0,180). Place by this, not by yaw. yaw_deg is the MuJoCo local-frame rotation and its meaning differs between bricks (long side on local X) and blocks (long side on local Y).","every bar uses the wall_10/wall_11 ArUco mounting; wall_9 is excluded (tag rotated 90 deg, 19.0 cm not 19.5)"
med_005,med,hmax2,brick,wall_11,13.4,37.8,77.5,19.5,5.5,10.0,2,19.2,6.9,0.0,33.4,47.2,0.0522,115,needs_2_chain,0,6,23,7,30,"long_axis_bearing_deg = bearing of the item's LONG side in world, counter-clockwise from +X, in [0,180). Place by this, not by yaw. yaw_deg is the MuJoCo local-frame rotation and its meaning differs between bricks (long side on local X) and blocks (long side on local Y).","every bar uses the wall_10/wall_11 ArUco mounting; wall_9 is excluded (tag rotated 90 deg, 19.0 cm not 19.5)"
med_005,med,hmax2,block,obj_4,22.1,27.2,19.5,12.0,7.5,5.0,2,19.2,6.9,0.0,33.4,47.2,0.0522,115,needs_2_chain,0,6,23,7,30,"long_axis_bearing_deg = bearing of the item's LONG side in world, counter-clockwise from +X, in [0,180). Place by this, not by yaw. yaw_deg is the MuJoCo local-frame rotation and its meaning differs between bricks (long side on local X) and blocks (long side on local Y).","every bar uses the wall_10/wall_11 ArUco mounting; wall_9 is excluded (tag rotated 90 deg, 19.0 cm not 19.5)"
med_006,med,hmax2,brick,wall_10,10.1,34.2,171.1,19.5,5.5,10.0,3,16.4,6.4,0.0,10.7,66.1,0.1667,30,needs_2_chain,0,5,6,19,35,"long_axis_bearing_deg = bearing of the item's LONG side in world, counter-clockwise from +X, in [0,180). Place by this, not by yaw. yaw_deg is the MuJoCo local-frame rotation and its meaning differs between bricks (long side on local X) and blocks (long side on local Y).","every bar uses the wall_10/wall_11 ArUco mounting; wall_9 is excluded (tag rotated 90 deg, 19.0 cm not 19.5)"
med_006,med,hmax2,brick,wall_11,35.7,47.0,105.5,19.5,5.5,10.0,3,16.4,6.4,0.0,10.7,66.1,0.1667,30,needs_2_chain,0,5,6,19,35,"long_axis_bearing_deg = bearing of the item's LONG side in world, counter-clockwise from +X, in [0,180). Place by this, not by yaw. yaw_deg is the MuJoCo local-frame rotation and its meaning differs between bricks (long side on local X) and blocks (long side on local Y).","every bar uses the wall_10/wall_11 ArUco mounting; wall_9 is excluded (tag rotated 90 deg, 19.0 cm not 19.5)"
med_006,med,hmax2,brick,wall_12,35.7,24.4,80.7,19.5,5.5,10.0,3,16.4,6.4,0.0,10.7,66.1,0.1667,30,needs_2_chain,0,5,6,19,35,"long_axis_bearing_deg = bearing of the item's LONG side in world, counter-clockwise from +X, in [0,180). Place by this, not by yaw. yaw_deg is the MuJoCo local-frame rotation and its meaning differs between bricks (long side on local X) and blocks (long side on local Y).","every bar uses the wall_10/wall_11 ArUco mounting; wall_9 is excluded (tag rotated 90 deg, 19.0 cm not 19.5)"
med_006,med,hmax2,block,obj_1,24.0,36.6,117.8,15.0,7.0,4.0,3,16.4,6.4,0.0,10.7,66.1,0.1667,30,needs_2_chain,0,5,6,19,35,"long_axis_bearing_deg = bearing of the item's LONG side in world, counter-clockwise from +X, in [0,180). Place by this, not by yaw. yaw_deg is the MuJoCo local-frame rotation and its meaning differs between bricks (long side on local X) and blocks (long side on local Y).","every bar uses the wall_10/wall_11 ArUco mounting; wall_9 is excluded (tag rotated 90 deg, 19.0 cm not 19.5)"
med_007,med,hmax2,brick,wall_10,9.9,46.7,175.8,19.5,5.5,10.0,3,31.2,11.8,0.0,6.2,67.7,0.0571,35,needs_2_chain,0,2,7,16,37,"long_axis_bearing_deg = bearing of the item's LONG side in world, counter-clockwise from +X, in [0,180). Place by this, not by yaw. yaw_deg is the MuJoCo local-frame rotation and its meaning differs between bricks (long side on local X) and blocks (long side on local Y).","every bar uses the wall_10/wall_11 ArUco mounting; wall_9 is excluded (tag rotated 90 deg, 19.0 cm not 19.5)"
med_007,med,hmax2,brick,wall_11,35.2,59.4,108.6,19.5,5.5,10.0,3,31.2,11.8,0.0,6.2,67.7,0.0571,35,needs_2_chain,0,2,7,16,37,"long_axis_bearing_deg = bearing of the item's LONG side in world, counter-clockwise from +X, in [0,180). Place by this, not by yaw. yaw_deg is the MuJoCo local-frame rotation and its meaning differs between bricks (long side on local X) and blocks (long side on local Y).","every bar uses the wall_10/wall_11 ArUco mounting; wall_9 is excluded (tag rotated 90 deg, 19.0 cm not 19.5)"
med_007,med,hmax2,brick,wall_12,35.2,37.0,81.3,19.5,5.5,10.0,3,31.2,11.8,0.0,6.2,67.7,0.0571,35,needs_2_chain,0,2,7,16,37,"long_axis_bearing_deg = bearing of the item's LONG side in world, counter-clockwise from +X, in [0,180). Place by this, not by yaw. yaw_deg is the MuJoCo local-frame rotation and its meaning differs between bricks (long side on local X) and blocks (long side on local Y).","every bar uses the wall_10/wall_11 ArUco mounting; wall_9 is excluded (tag rotated 90 deg, 19.0 cm not 19.5)"
med_007,med,hmax2,block,obj_4,27.5,50.6,150.6,12.0,7.5,5.0,3,31.2,11.8,0.0,6.2,67.7,0.0571,35,needs_2_chain,0,2,7,16,37,"long_axis_bearing_deg = bearing of the item's LONG side in world, counter-clockwise from +X, in [0,180). Place by this, not by yaw. yaw_deg is the MuJoCo local-frame rotation and its meaning differs between bricks (long side on local X) and blocks (long side on local Y).","every bar uses the wall_10/wall_11 ArUco mounting; wall_9 is excluded (tag rotated 90 deg, 19.0 cm not 19.5)"
med_008,med,hmax2,brick,wall_10,10.3,47.8,152.9,19.5,5.5,10.0,2,21.8,12.7,0.0,18.0,66.2,0.0522,115,needs_2_chain,0,6,24,11,25,"long_axis_bearing_deg = bearing of the item's LONG side in world, counter-clockwise from +X, in [0,180). Place by this, not by yaw. yaw_deg is the MuJoCo local-frame rotation and its meaning differs between bricks (long side on local X) and blocks (long side on local Y).","every bar uses the wall_10/wall_11 ArUco mounting; wall_9 is excluded (tag rotated 90 deg, 19.0 cm not 19.5)"
med_008,med,hmax2,brick,wall_11,36.8,54.1,153.6,19.5,5.5,10.0,2,21.8,12.7,0.0,18.0,66.2,0.0522,115,needs_2_chain,0,6,24,11,25,"long_axis_bearing_deg = bearing of the item's LONG side in world, counter-clockwise from +X, in [0,180). Place by this, not by yaw. yaw_deg is the MuJoCo local-frame rotation and its meaning differs between bricks (long side on local X) and blocks (long side on local Y).","every bar uses the wall_10/wall_11 ArUco mounting; wall_9 is excluded (tag rotated 90 deg, 19.0 cm not 19.5)"
med_008,med,hmax2,block,obj_1,24.4,47.2,95.0,15.0,7.0,4.0,2,21.8,12.7,0.0,18.0,66.2,0.0522,115,needs_2_chain,0,6,24,11,25,"long_axis_bearing_deg = bearing of the item's LONG side in world, counter-clockwise from +X, in [0,180). Place by this, not by yaw. yaw_deg is the MuJoCo local-frame rotation and its meaning differs between bricks (long side on local X) and blocks (long side on local Y).","every bar uses the wall_10/wall_11 ArUco mounting; wall_9 is excluded (tag rotated 90 deg, 19.0 cm not 19.5)"
med_009,med,hmax2,brick,wall_10,39.1,42.6,176.1,19.5,5.5,10.0,2,28.1,20.7,0.0,34.9,65.1,0.0533,150,needs_2_chain,0,8,30,0,30,"long_axis_bearing_deg = bearing of the item's LONG side in world, counter-clockwise from +X, in [0,180). Place by this, not by yaw. yaw_deg is the MuJoCo local-frame rotation and its meaning differs between bricks (long side on local X) and blocks (long side on local Y).","every bar uses the wall_10/wall_11 ArUco mounting; wall_9 is excluded (tag rotated 90 deg, 19.0 cm not 19.5)"
med_009,med,hmax2,brick,wall_11,13.8,52.1,76.2,19.5,5.5,10.0,2,28.1,20.7,0.0,34.9,65.1,0.0533,150,needs_2_chain,0,8,30,0,30,"long_axis_bearing_deg = bearing of the item's LONG side in world, counter-clockwise from +X, in [0,180). Place by this, not by yaw. yaw_deg is the MuJoCo local-frame rotation and its meaning differs between bricks (long side on local X) and blocks (long side on local Y).","every bar uses the wall_10/wall_11 ArUco mounting; wall_9 is excluded (tag rotated 90 deg, 19.0 cm not 19.5)"
med_009,med,hmax2,block,obj_4,18.4,38.2,29.1,12.0,7.5,5.0,2,28.1,20.7,0.0,34.9,65.1,0.0533,150,needs_2_chain,0,8,30,0,30,"long_axis_bearing_deg = bearing of the item's LONG side in world, counter-clockwise from +X, in [0,180). Place by this, not by yaw. yaw_deg is the MuJoCo local-frame rotation and its meaning differs between bricks (long side on local X) and blocks (long side on local Y).","every bar uses the wall_10/wall_11 ArUco mounting; wall_9 is excluded (tag rotated 90 deg, 19.0 cm not 19.5)"
med_010,med,hmax2,brick,wall_10,39.1,44.5,175.2,19.5,5.5,10.0,3,37.2,17.1,0.0,28.1,69.1,0.1667,30,one_push,1,4,5,15,40,"long_axis_bearing_deg = bearing of the item's LONG side in world, counter-clockwise from +X, in [0,180). Place by this, not by yaw. yaw_deg is the MuJoCo local-frame rotation and its meaning differs between bricks (long side on local X) and blocks (long side on local Y).","every bar uses the wall_10/wall_11 ArUco mounting; wall_9 is excluded (tag rotated 90 deg, 19.0 cm not 19.5)"
med_010,med,hmax2,brick,wall_11,13.2,55.6,96.0,19.5,5.5,10.0,3,37.2,17.1,0.0,28.1,69.1,0.1667,30,one_push,1,4,5,15,40,"long_axis_bearing_deg = bearing of the item's LONG side in world, counter-clockwise from +X, in [0,180). Place by this, not by yaw. yaw_deg is the MuJoCo local-frame rotation and its meaning differs between bricks (long side on local X) and blocks (long side on local Y).","every bar uses the wall_10/wall_11 ArUco mounting; wall_9 is excluded (tag rotated 90 deg, 19.0 cm not 19.5)"
med_010,med,hmax2,brick,wall_12,13.2,35.1,108.0,19.5,5.5,10.0,3,37.2,17.1,0.0,28.1,69.1,0.1667,30,one_push,1,4,5,15,40,"long_axis_bearing_deg = bearing of the item's LONG side in world, counter-clockwise from +X, in [0,180). Place by this, not by yaw. yaw_deg is the MuJoCo local-frame rotation and its meaning differs between bricks (long side on local X) and blocks (long side on local Y).","every bar uses the wall_10/wall_11 ArUco mounting; wall_9 is excluded (tag rotated 90 deg, 19.0 cm not 19.5)"
med_010,med,hmax2,block,obj_1,21.4,45.5,78.1,15.0,7.0,4.0,3,37.2,17.1,0.0,28.1,69.1,0.1667,30,one_push,1,4,5,15,40,"long_axis_bearing_deg = bearing of the item's LONG side in world, counter-clockwise from +X, in [0,180). Place by this, not by yaw. yaw_deg is the MuJoCo local-frame rotation and its meaning differs between bricks (long side on local X) and blocks (long side on local Y).","every bar uses the wall_10/wall_11 ArUco mounting; wall_9 is excluded (tag rotated 90 deg, 19.0 cm not 19.5)"
med_011,med,hmax2,brick,wall_10,39.1,38.0,4.2,19.5,5.5,10.0,3,29.2,14.8,0.0,13.0,65.5,0.1,10,needs_2_chain,0,1,3,20,37,"long_axis_bearing_deg = bearing of the item's LONG side in world, counter-clockwise from +X, in [0,180). Place by this, not by yaw. yaw_deg is the MuJoCo local-frame rotation and its meaning differs between bricks (long side on local X) and blocks (long side on local Y).","every bar uses the wall_10/wall_11 ArUco mounting; wall_9 is excluded (tag rotated 90 deg, 19.0 cm not 19.5)"
med_011,med,hmax2,brick,wall_11,13.5,46.6,84.8,19.5,5.5,10.0,3,29.2,14.8,0.0,13.0,65.5,0.1,10,needs_2_chain,0,1,3,20,37,"long_axis_bearing_deg = bearing of the item's LONG side in world, counter-clockwise from +X, in [0,180). Place by this, not by yaw. yaw_deg is the MuJoCo local-frame rotation and its meaning differs between bricks (long side on local X) and blocks (long side on local Y).","every bar uses the wall_10/wall_11 ArUco mounting; wall_9 is excluded (tag rotated 90 deg, 19.0 cm not 19.5)"
med_011,med,hmax2,brick,wall_12,13.5,25.2,104.0,19.5,5.5,10.0,3,29.2,14.8,0.0,13.0,65.5,0.1,10,needs_2_chain,0,1,3,20,37,"long_axis_bearing_deg = bearing of the item's LONG side in world, counter-clockwise from +X, in [0,180). Place by this, not by yaw. yaw_deg is the MuJoCo local-frame rotation and its meaning differs between bricks (long side on local X) and blocks (long side on local Y).","every bar uses the wall_10/wall_11 ArUco mounting; wall_9 is excluded (tag rotated 90 deg, 19.0 cm not 19.5)"
med_011,med,hmax2,block,obj_4,24.7,42.7,45.2,12.0,7.5,5.0,3,29.2,14.8,0.0,13.0,65.5,0.1,10,needs_2_chain,0,1,3,20,37,"long_axis_bearing_deg = bearing of the item's LONG side in world, counter-clockwise from +X, in [0,180). Place by this, not by yaw. yaw_deg is the MuJoCo local-frame rotation and its meaning differs between bricks (long side on local X) and blocks (long side on local Y).","every bar uses the wall_10/wall_11 ArUco mounting; wall_9 is excluded (tag rotated 90 deg, 19.0 cm not 19.5)"
med_012,med,hmax2,brick,wall_10,9.9,40.2,2.5,19.5,5.5,10.0,2,9.0,17.4,0.0,18.1,63.0,0.0533,150,needs_2_chain,0,8,30,4,26,"long_axis_bearing_deg = bearing of the item's LONG side in world, counter-clockwise from +X, in [0,180). Place by this, not by yaw. yaw_deg is the MuJoCo local-frame rotation and its meaning differs between bricks (long side on local X) and blocks (long side on local Y).","every bar uses the wall_10/wall_11 ArUco mounting; wall_9 is excluded (tag rotated 90 deg, 19.0 cm not 19.5)"
med_012,med,hmax2,brick,wall_11,35.3,48.6,107.5,19.5,5.5,10.0,2,9.0,17.4,0.0,18.1,63.0,0.0533,150,needs_2_chain,0,8,30,4,26,"long_axis_bearing_deg = bearing of the item's LONG side in world, counter-clockwise from +X, in [0,180). Place by this, not by yaw. yaw_deg is the MuJoCo local-frame rotation and its meaning differs between bricks (long side on local X) and blocks (long side on local Y).","every bar uses the wall_10/wall_11 ArUco mounting; wall_9 is excluded (tag rotated 90 deg, 19.0 cm not 19.5)"
med_012,med,hmax2,block,obj_1,28.5,36.7,149.0,15.0,7.0,4.0,2,9.0,17.4,0.0,18.1,63.0,0.0533,150,needs_2_chain,0,8,30,4,26,"long_axis_bearing_deg = bearing of the item's LONG side in world, counter-clockwise from +X, in [0,180). Place by this, not by yaw. yaw_deg is the MuJoCo local-frame rotation and its meaning differs between bricks (long side on local X) and blocks (long side on local Y).","every bar uses the wall_10/wall_11 ArUco mounting; wall_9 is excluded (tag rotated 90 deg, 19.0 cm not 19.5)"
med_013,med,hmax2,brick,wall_10,38.9,33.4,168.3,19.5,5.5,10.0,2,29.5,16.2,0.0,40.9,71.4,0.0533,150,needs_2_chain,0,8,30,5,25,"long_axis_bearing_deg = bearing of the item's LONG side in world, counter-clockwise from +X, in [0,180). Place by this, not by yaw. yaw_deg is the MuJoCo local-frame rotation and its meaning differs between bricks (long side on local X) and blocks (long side on local Y).","every bar uses the wall_10/wall_11 ArUco mounting; wall_9 is excluded (tag rotated 90 deg, 19.0 cm not 19.5)"
med_013,med,hmax2,brick,wall_11,14.1,40.8,71.9,19.5,5.5,10.0,2,29.5,16.2,0.0,40.9,71.4,0.0533,150,needs_2_chain,0,8,30,5,25,"long_axis_bearing_deg = bearing of the item's LONG side in world, counter-clockwise from +X, in [0,180). Place by this, not by yaw. yaw_deg is the MuJoCo local-frame rotation and its meaning differs between bricks (long side on local X) and blocks (long side on local Y).","every bar uses the wall_10/wall_11 ArUco mounting; wall_9 is excluded (tag rotated 90 deg, 19.0 cm not 19.5)"
med_013,med,hmax2,block,obj_4,22.2,28.8,30.8,12.0,7.5,5.0,2,29.5,16.2,0.0,40.9,71.4,0.0533,150,needs_2_chain,0,8,30,5,25,"long_axis_bearing_deg = bearing of the item's LONG side in world, counter-clockwise from +X, in [0,180). Place by this, not by yaw. yaw_deg is the MuJoCo local-frame rotation and its meaning differs between bricks (long side on local X) and blocks (long side on local Y).","every bar uses the wall_10/wall_11 ArUco mounting; wall_9 is excluded (tag rotated 90 deg, 19.0 cm not 19.5)"
med_014,med,hmax2,brick,wall_10,9.8,41.0,0.3,19.5,5.5,10.0,3,21.4,17.7,0.0,40.9,71.1,0.1714,70,needs_2_chain,0,12,15,2,43,"long_axis_bearing_deg = bearing of the item's LONG side in world, counter-clockwise from +X, in [0,180). Place by this, not by yaw. yaw_deg is the MuJoCo local-frame rotation and its meaning differs between bricks (long side on local X) and blocks (long side on local Y).","every bar uses the wall_10/wall_11 ArUco mounting; wall_9 is excluded (tag rotated 90 deg, 19.0 cm not 19.5)"
med_014,med,hmax2,brick,wall_11,35.4,53.6,105.6,19.5,5.5,10.0,3,21.4,17.7,0.0,40.9,71.1,0.1714,70,needs_2_chain,0,12,15,2,43,"long_axis_bearing_deg = bearing of the item's LONG side in world, counter-clockwise from +X, in [0,180). Place by this, not by yaw. yaw_deg is the MuJoCo local-frame rotation and its meaning differs between bricks (long side on local X) and blocks (long side on local Y).","every bar uses the wall_10/wall_11 ArUco mounting; wall_9 is excluded (tag rotated 90 deg, 19.0 cm not 19.5)"
med_014,med,hmax2,brick,wall_12,35.4,29.7,77.4,19.5,5.5,10.0,3,21.4,17.7,0.0,40.9,71.1,0.1714,70,needs_2_chain,0,12,15,2,43,"long_axis_bearing_deg = bearing of the item's LONG side in world, counter-clockwise from +X, in [0,180). Place by this, not by yaw. yaw_deg is the MuJoCo local-frame rotation and its meaning differs between bricks (long side on local X) and blocks (long side on local Y).","every bar uses the wall_10/wall_11 ArUco mounting; wall_9 is excluded (tag rotated 90 deg, 19.0 cm not 19.5)"
med_014,med,hmax2,block,obj_1,29.2,36.9,71.7,15.0,7.0,4.0,3,21.4,17.7,0.0,40.9,71.1,0.1714,70,needs_2_chain,0,12,15,2,43,"long_axis_bearing_deg = bearing of the item's LONG side in world, counter-clockwise from +X, in [0,180). Place by this, not by yaw. yaw_deg is the MuJoCo local-frame rotation and its meaning differs between bricks (long side on local X) and blocks (long side on local Y).","every bar uses the wall_10/wall_11 ArUco mounting; wall_9 is excluded (tag rotated 90 deg, 19.0 cm not 19.5)"
med_015,med,hmax2,brick,wall_10,10.0,32.0,173.6,19.5,5.5,10.0,3,13.3,11.3,0.0,12.9,59.7,0.12,25,needs_2_chain,0,3,5,13,42,"long_axis_bearing_deg = bearing of the item's LONG side in world, counter-clockwise from +X, in [0,180). Place by this, not by yaw. yaw_deg is the MuJoCo local-frame rotation and its meaning differs between bricks (long side on local X) and blocks (long side on local Y).","every bar uses the wall_10/wall_11 ArUco mounting; wall_9 is excluded (tag rotated 90 deg, 19.0 cm not 19.5)"
med_015,med,hmax2,brick,wall_11,35.6,44.8,106.3,19.5,5.5,10.0,3,13.3,11.3,0.0,12.9,59.7,0.12,25,needs_2_chain,0,3,5,13,42,"long_axis_bearing_deg = bearing of the item's LONG side in world, counter-clockwise from +X, in [0,180). Place by this, not by yaw. yaw_deg is the MuJoCo local-frame rotation and its meaning differs between bricks (long side on local X) and blocks (long side on local Y).","every bar uses the wall_10/wall_11 ArUco mounting; wall_9 is excluded (tag rotated 90 deg, 19.0 cm not 19.5)"
med_015,med,hmax2,brick,wall_12,35.6,19.3,80.9,19.5,5.5,10.0,3,13.3,11.3,0.0,12.9,59.7,0.12,25,needs_2_chain,0,3,5,13,42,"long_axis_bearing_deg = bearing of the item's LONG side in world, counter-clockwise from +X, in [0,180). Place by this, not by yaw. yaw_deg is the MuJoCo local-frame rotation and its meaning differs between bricks (long side on local X) and blocks (long side on local Y).","every bar uses the wall_10/wall_11 ArUco mounting; wall_9 is excluded (tag rotated 90 deg, 19.0 cm not 19.5)"
med_015,med,hmax2,block,obj_4,28.3,34.2,26.6,12.0,7.5,5.0,3,13.3,11.3,0.0,12.9,59.7,0.12,25,needs_2_chain,0,3,5,13,42,"long_axis_bearing_deg = bearing of the item's LONG side in world, counter-clockwise from +X, in [0,180). Place by this, not by yaw. yaw_deg is the MuJoCo local-frame rotation and its meaning differs between bricks (long side on local X) and blocks (long side on local Y).","every bar uses the wall_10/wall_11 ArUco mounting; wall_9 is excluded (tag rotated 90 deg, 19.0 cm not 19.5)"
med_016,med,hmax2,brick,wall_10,10.1,35.4,10.4,19.5,5.5,10.0,2,11.0,20.1,0.0,37.3,68.5,0.0533,150,needs_2_chain,0,8,30,3,27,"long_axis_bearing_deg = bearing of the item's LONG side in world, counter-clockwise from +X, in [0,180). Place by this, not by yaw. yaw_deg is the MuJoCo local-frame rotation and its meaning differs between bricks (long side on local X) and blocks (long side on local Y).","every bar uses the wall_10/wall_11 ArUco mounting; wall_9 is excluded (tag rotated 90 deg, 19.0 cm not 19.5)"
med_016,med,hmax2,brick,wall_11,35.6,47.0,109.1,19.5,5.5,10.0,2,11.0,20.1,0.0,37.3,68.5,0.0533,150,needs_2_chain,0,8,30,3,27,"long_axis_bearing_deg = bearing of the item's LONG side in world, counter-clockwise from +X, in [0,180). Place by this, not by yaw. yaw_deg is the MuJoCo local-frame rotation and its meaning differs between bricks (long side on local X) and blocks (long side on local Y).","every bar uses the wall_10/wall_11 ArUco mounting; wall_9 is excluded (tag rotated 90 deg, 19.0 cm not 19.5)"
med_016,med,hmax2,block,obj_1,24.5,31.0,42.5,15.0,7.0,4.0,2,11.0,20.1,0.0,37.3,68.5,0.0533,150,needs_2_chain,0,8,30,3,27,"long_axis_bearing_deg = bearing of the item's LONG side in world, counter-clockwise from +X, in [0,180). Place by this, not by yaw. yaw_deg is the MuJoCo local-frame rotation and its meaning differs between bricks (long side on local X) and blocks (long side on local Y).","every bar uses the wall_10/wall_11 ArUco mounting; wall_9 is excluded (tag rotated 90 deg, 19.0 cm not 19.5)"
med_017,med,hmax2,brick,wall_10,39.0,40.1,174.4,19.5,5.5,10.0,2,40.8,17.0,0.0,23.4,70.6,0.0552,145,needs_2_chain,0,8,30,7,23,"long_axis_bearing_deg = bearing of the item's LONG side in world, counter-clockwise from +X, in [0,180). Place by this, not by yaw. yaw_deg is the MuJoCo local-frame rotation and its meaning differs between bricks (long side on local X) and blocks (long side on local Y).","every bar uses the wall_10/wall_11 ArUco mounting; wall_9 is excluded (tag rotated 90 deg, 19.0 cm not 19.5)"
med_017,med,hmax2,brick,wall_11,13.7,51.5,72.3,19.5,5.5,10.0,2,40.8,17.0,0.0,23.4,70.6,0.0552,145,needs_2_chain,0,8,30,7,23,"long_axis_bearing_deg = bearing of the item's LONG side in world, counter-clockwise from +X, in [0,180). Place by this, not by yaw. yaw_deg is the MuJoCo local-frame rotation and its meaning differs between bricks (long side on local X) and blocks (long side on local Y).","every bar uses the wall_10/wall_11 ArUco mounting; wall_9 is excluded (tag rotated 90 deg, 19.0 cm not 19.5)"
med_017,med,hmax2,block,obj_4,21.0,37.6,16.8,12.0,7.5,5.0,2,40.8,17.0,0.0,23.4,70.6,0.0552,145,needs_2_chain,0,8,30,7,23,"long_axis_bearing_deg = bearing of the item's LONG side in world, counter-clockwise from +X, in [0,180). Place by this, not by yaw. yaw_deg is the MuJoCo local-frame rotation and its meaning differs between bricks (long side on local X) and blocks (long side on local Y).","every bar uses the wall_10/wall_11 ArUco mounting; wall_9 is excluded (tag rotated 90 deg, 19.0 cm not 19.5)"
med_018,med,hmax2,brick,wall_10,10.1,32.9,9.4,19.5,5.5,10.0,3,7.8,11.8,0.0,6.2,62.7,0.1882,85,needs_2_chain,0,16,18,0,42,"long_axis_bearing_deg = bearing of the item's LONG side in world, counter-clockwise from +X, in [0,180). Place by this, not by yaw. yaw_deg is the MuJoCo local-frame rotation and its meaning differs between bricks (long side on local X) and blocks (long side on local Y).","every bar uses the wall_10/wall_11 ArUco mounting; wall_9 is excluded (tag rotated 90 deg, 19.0 cm not 19.5)"
med_018,med,hmax2,brick,wall_11,35.1,42.0,103.0,19.5,5.5,10.0,3,7.8,11.8,0.0,6.2,62.7,0.1882,85,needs_2_chain,0,16,18,0,42,"long_axis_bearing_deg = bearing of the item's LONG side in world, counter-clockwise from +X, in [0,180). Place by this, not by yaw. yaw_deg is the MuJoCo local-frame rotation and its meaning differs between bricks (long side on local X) and blocks (long side on local Y).","every bar uses the wall_10/wall_11 ArUco mounting; wall_9 is excluded (tag rotated 90 deg, 19.0 cm not 19.5)"
med_018,med,hmax2,brick,wall_12,35.1,21.4,78.3,19.5,5.5,10.0,3,7.8,11.8,0.0,6.2,62.7,0.1882,85,needs_2_chain,0,16,18,0,42,"long_axis_bearing_deg = bearing of the item's LONG side in world, counter-clockwise from +X, in [0,180). Place by this, not by yaw. yaw_deg is the MuJoCo local-frame rotation and its meaning differs between bricks (long side on local X) and blocks (long side on local Y).","every bar uses the wall_10/wall_11 ArUco mounting; wall_9 is excluded (tag rotated 90 deg, 19.0 cm not 19.5)"
med_018,med,hmax2,block,obj_1,27.0,29.1,66.6,15.0,7.0,4.0,3,7.8,11.8,0.0,6.2,62.7,0.1882,85,needs_2_chain,0,16,18,0,42,"long_axis_bearing_deg = bearing of the item's LONG side in world, counter-clockwise from +X, in [0,180). Place by this, not by yaw. yaw_deg is the MuJoCo local-frame rotation and its meaning differs between bricks (long side on local X) and blocks (long side on local Y).","every bar uses the wall_10/wall_11 ArUco mounting; wall_9 is excluded (tag rotated 90 deg, 19.0 cm not 19.5)"
med_019,med,hmax2,brick,wall_10,10.1,33.7,11.3,19.5,5.5,10.0,3,12.0,21.7,0.0,34.5,66.3,0.125,40,one_push,1,4,7,10,43,"long_axis_bearing_deg = bearing of the item's LONG side in world, counter-clockwise from +X, in [0,180). Place by this, not by yaw. yaw_deg is the MuJoCo local-frame rotation and its meaning differs between bricks (long side on local X) and blocks (long side on local Y).","every bar uses the wall_10/wall_11 ArUco mounting; wall_9 is excluded (tag rotated 90 deg, 19.0 cm not 19.5)"
med_019,med,hmax2,brick,wall_11,35.2,42.2,97.1,19.5,5.5,10.0,3,12.0,21.7,0.0,34.5,66.3,0.125,40,one_push,1,4,7,10,43,"long_axis_bearing_deg = bearing of the item's LONG side in world, counter-clockwise from +X, in [0,180). Place by this, not by yaw. yaw_deg is the MuJoCo local-frame rotation and its meaning differs between bricks (long side on local X) and blocks (long side on local Y).","every bar uses the wall_10/wall_11 ArUco mounting; wall_9 is excluded (tag rotated 90 deg, 19.0 cm not 19.5)"
med_019,med,hmax2,brick,wall_12,35.2,21.2,70.7,19.5,5.5,10.0,3,12.0,21.7,0.0,34.5,66.3,0.125,40,one_push,1,4,7,10,43,"long_axis_bearing_deg = bearing of the item's LONG side in world, counter-clockwise from +X, in [0,180). Place by this, not by yaw. yaw_deg is the MuJoCo local-frame rotation and its meaning differs between bricks (long side on local X) and blocks (long side on local Y).","every bar uses the wall_10/wall_11 ArUco mounting; wall_9 is excluded (tag rotated 90 deg, 19.0 cm not 19.5)"
med_019,med,hmax2,block,obj_4,29.1,32.4,101.1,12.0,7.5,5.0,3,12.0,21.7,0.0,34.5,66.3,0.125,40,one_push,1,4,7,10,43,"long_axis_bearing_deg = bearing of the item's LONG side in world, counter-clockwise from +X, in [0,180). Place by this, not by yaw. yaw_deg is the MuJoCo local-frame rotation and its meaning differs between bricks (long side on local X) and blocks (long side on local Y).","every bar uses the wall_10/wall_11 ArUco mounting; wall_9 is excluded (tag rotated 90 deg, 19.0 cm not 19.5)"
med_020,med,hmax2,brick,wall_10,11.8,40.4,152.0,19.5,5.5,10.0,2,43.0,14.6,0.0,29.2,68.8,0.0538,130,needs_2_chain,0,7,26,5,29,"long_axis_bearing_deg = bearing of the item's LONG side in world, counter-clockwise from +X, in [0,180). Place by this, not by yaw. yaw_deg is the MuJoCo local-frame rotation and its meaning differs between bricks (long side on local X) and blocks (long side on local Y).","every bar uses the wall_10/wall_11 ArUco mounting; wall_9 is excluded (tag rotated 90 deg, 19.0 cm not 19.5)"
med_020,med,hmax2,brick,wall_11,24.3,51.0,13.0,19.5,5.5,10.0,2,43.0,14.6,0.0,29.2,68.8,0.0538,130,needs_2_chain,0,7,26,5,29,"long_axis_bearing_deg = bearing of the item's LONG side in world, counter-clockwise from +X, in [0,180). Place by this, not by yaw. yaw_deg is the MuJoCo local-frame rotation and its meaning differs between bricks (long side on local X) and blocks (long side on local Y).","every bar uses the wall_10/wall_11 ArUco mounting; wall_9 is excluded (tag rotated 90 deg, 19.0 cm not 19.5)"
med_020,med,hmax2,block,obj_1,39.5,42.6,56.9,15.0,7.0,4.0,2,43.0,14.6,0.0,29.2,68.8,0.0538,130,needs_2_chain,0,7,26,5,29,"long_axis_bearing_deg = bearing of the item's LONG side in world, counter-clockwise from +X, in [0,180). Place by this, not by yaw. yaw_deg is the MuJoCo local-frame rotation and its meaning differs between bricks (long side on local X) and blocks (long side on local Y).","every bar uses the wall_10/wall_11 ArUco mounting; wall_9 is excluded (tag rotated 90 deg, 19.0 cm not 19.5)"
med_021,med,hmax2,brick,wall_10,24.6,50.1,15.8,19.5,5.5,10.0,2,8.1,16.2,0.0,7.7,65.4,0.0571,140,needs_2_chain,0,8,28,3,29,"long_axis_bearing_deg = bearing of the item's LONG side in world, counter-clockwise from +X, in [0,180). Place by this, not by yaw. yaw_deg is the MuJoCo local-frame rotation and its meaning differs between bricks (long side on local X) and blocks (long side on local Y).","every bar uses the wall_10/wall_11 ArUco mounting; wall_9 is excluded (tag rotated 90 deg, 19.0 cm not 19.5)"
med_021,med,hmax2,brick,wall_11,35.9,44.9,6.8,19.5,5.5,10.0,2,8.1,16.2,0.0,7.7,65.4,0.0571,140,needs_2_chain,0,8,28,3,29,"long_axis_bearing_deg = bearing of the item's LONG side in world, counter-clockwise from +X, in [0,180). Place by this, not by yaw. yaw_deg is the MuJoCo local-frame rotation and its meaning differs between bricks (long side on local X) and blocks (long side on local Y).","every bar uses the wall_10/wall_11 ArUco mounting; wall_9 is excluded (tag rotated 90 deg, 19.0 cm not 19.5)"
med_021,med,hmax2,block,obj_4,11.3,41.1,160.4,12.0,7.5,5.0,2,8.1,16.2,0.0,7.7,65.4,0.0571,140,needs_2_chain,0,8,28,3,29,"long_axis_bearing_deg = bearing of the item's LONG side in world, counter-clockwise from +X, in [0,180). Place by this, not by yaw. yaw_deg is the MuJoCo local-frame rotation and its meaning differs between bricks (long side on local X) and blocks (long side on local Y).","every bar uses the wall_10/wall_11 ArUco mounting; wall_9 is excluded (tag rotated 90 deg, 19.0 cm not 19.5)"
med_022,med,hmax2,brick,wall_10,9.8,38.0,0.0,19.5,5.5,10.0,3,11.9,10.1,0.0,10.3,52.9,0.1882,85,needs_2_chain,0,16,17,0,43,"long_axis_bearing_deg = bearing of the item's LONG side in world, counter-clockwise from +X, in [0,180). Place by this, not by yaw. yaw_deg is the MuJoCo local-frame rotation and its meaning differs between bricks (long side on local X) and blocks (long side on local Y).","every bar uses the wall_10/wall_11 ArUco mounting; wall_9 is excluded (tag rotated 90 deg, 19.0 cm not 19.5)"
med_022,med,hmax2,brick,wall_11,35.0,46.4,104.5,19.5,5.5,10.0,3,11.9,10.1,0.0,10.3,52.9,0.1882,85,needs_2_chain,0,16,17,0,43,"long_axis_bearing_deg = bearing of the item's LONG side in world, counter-clockwise from +X, in [0,180). Place by this, not by yaw. yaw_deg is the MuJoCo local-frame rotation and its meaning differs between bricks (long side on local X) and blocks (long side on local Y).","every bar uses the wall_10/wall_11 ArUco mounting; wall_9 is excluded (tag rotated 90 deg, 19.0 cm not 19.5)"
med_022,med,hmax2,brick,wall_12,35.0,25.5,77.2,19.5,5.5,10.0,3,11.9,10.1,0.0,10.3,52.9,0.1882,85,needs_2_chain,0,16,17,0,43,"long_axis_bearing_deg = bearing of the item's LONG side in world, counter-clockwise from +X, in [0,180). Place by this, not by yaw. yaw_deg is the MuJoCo local-frame rotation and its meaning differs between bricks (long side on local X) and blocks (long side on local Y).","every bar uses the wall_10/wall_11 ArUco mounting; wall_9 is excluded (tag rotated 90 deg, 19.0 cm not 19.5)"
med_022,med,hmax2,block,obj_1,26.3,33.5,65.6,15.0,7.0,4.0,3,11.9,10.1,0.0,10.3,52.9,0.1882,85,needs_2_chain,0,16,17,0,43,"long_axis_bearing_deg = bearing of the item's LONG side in world, counter-clockwise from +X, in [0,180). Place by this, not by yaw. yaw_deg is the MuJoCo local-frame rotation and its meaning differs between bricks (long side on local X) and blocks (long side on local Y).","every bar uses the wall_10/wall_11 ArUco mounting; wall_9 is excluded (tag rotated 90 deg, 19.0 cm not 19.5)"
med_023,med,hmax2,brick,wall_10,38.9,35.2,171.3,19.5,5.5,10.0,3,13.5,8.7,0.0,27.5,62.2,0.1333,15,needs_2_chain,0,2,3,20,37,"long_axis_bearing_deg = bearing of the item's LONG side in world, counter-clockwise from +X, in [0,180). Place by this, not by yaw. yaw_deg is the MuJoCo local-frame rotation and its meaning differs between bricks (long side on local X) and blocks (long side on local Y).","every bar uses the wall_10/wall_11 ArUco mounting; wall_9 is excluded (tag rotated 90 deg, 19.0 cm not 19.5)"
med_023,med,hmax2,brick,wall_11,13.3,47.2,88.6,19.5,5.5,10.0,3,13.5,8.7,0.0,27.5,62.2,0.1333,15,needs_2_chain,0,2,3,20,37,"long_axis_bearing_deg = bearing of the item's LONG side in world, counter-clockwise from +X, in [0,180). Place by this, not by yaw. yaw_deg is the MuJoCo local-frame rotation and its meaning differs between bricks (long side on local X) and blocks (long side on local Y).","every bar uses the wall_10/wall_11 ArUco mounting; wall_9 is excluded (tag rotated 90 deg, 19.0 cm not 19.5)"
med_023,med,hmax2,brick,wall_12,13.3,26.5,107.7,19.5,5.5,10.0,3,13.5,8.7,0.0,27.5,62.2,0.1333,15,needs_2_chain,0,2,3,20,37,"long_axis_bearing_deg = bearing of the item's LONG side in world, counter-clockwise from +X, in [0,180). Place by this, not by yaw. yaw_deg is the MuJoCo local-frame rotation and its meaning differs between bricks (long side on local X) and blocks (long side on local Y).","every bar uses the wall_10/wall_11 ArUco mounting; wall_9 is excluded (tag rotated 90 deg, 19.0 cm not 19.5)"
med_023,med,hmax2,block,obj_4,24.4,40.1,45.1,12.0,7.5,5.0,3,13.5,8.7,0.0,27.5,62.2,0.1333,15,needs_2_chain,0,2,3,20,37,"long_axis_bearing_deg = bearing of the item's LONG side in world, counter-clockwise from +X, in [0,180). Place by this, not by yaw. yaw_deg is the MuJoCo local-frame rotation and its meaning differs between bricks (long side on local X) and blocks (long side on local Y).","every bar uses the wall_10/wall_11 ArUco mounting; wall_9 is excluded (tag rotated 90 deg, 19.0 cm not 19.5)"
med_024,med,hmax2,brick,wall_10,11.8,32.3,50.8,19.5,5.5,10.0,2,28.0,9.8,0.0,23.6,51.8,0.0538,130,needs_2_chain,0,7,26,7,27,"long_axis_bearing_deg = bearing of the item's LONG side in world, counter-clockwise from +X, in [0,180). Place by this, not by yaw. yaw_deg is the MuJoCo local-frame rotation and its meaning differs between bricks (long side on local X) and blocks (long side on local Y).","every bar uses the wall_10/wall_11 ArUco mounting; wall_9 is excluded (tag rotated 90 deg, 19.0 cm not 19.5)"
med_024,med,hmax2,brick,wall_11,23.5,41.9,157.0,19.5,5.5,10.0,2,28.0,9.8,0.0,23.6,51.8,0.0538,130,needs_2_chain,0,7,26,7,27,"long_axis_bearing_deg = bearing of the item's LONG side in world, counter-clockwise from +X, in [0,180). Place by this, not by yaw. yaw_deg is the MuJoCo local-frame rotation and its meaning differs between bricks (long side on local X) and blocks (long side on local Y).","every bar uses the wall_10/wall_11 ArUco mounting; wall_9 is excluded (tag rotated 90 deg, 19.0 cm not 19.5)"
med_024,med,hmax2,block,obj_1,39.5,31.9,12.6,15.0,7.0,4.0,2,28.0,9.8,0.0,23.6,51.8,0.0538,130,needs_2_chain,0,7,26,7,27,"long_axis_bearing_deg = bearing of the item's LONG side in world, counter-clockwise from +X, in [0,180). Place by this, not by yaw. yaw_deg is the MuJoCo local-frame rotation and its meaning differs between bricks (long side on local X) and blocks (long side on local Y).","every bar uses the wall_10/wall_11 ArUco mounting; wall_9 is excluded (tag rotated 90 deg, 19.0 cm not 19.5)"
med_025,med,hmax2,brick,wall_10,10.6,35.1,154.2,19.5,5.5,10.0,2,27.5,11.1,0.0,10.0,53.1,0.0583,120,needs_2_chain,0,7,24,5,31,"long_axis_bearing_deg = bearing of the item's LONG side in world, counter-clockwise from +X, in [0,180). Place by this, not by yaw. yaw_deg is the MuJoCo local-frame rotation and its meaning differs between bricks (long side on local X) and blocks (long side on local Y).","every bar uses the wall_10/wall_11 ArUco mounting; wall_9 is excluded (tag rotated 90 deg, 19.0 cm not 19.5)"
med_025,med,hmax2,brick,wall_11,35.0,45.1,155.7,19.5,5.5,10.0,2,27.5,11.1,0.0,10.0,53.1,0.0583,120,needs_2_chain,0,7,24,5,31,"long_axis_bearing_deg = bearing of the item's LONG side in world, counter-clockwise from +X, in [0,180). Place by this, not by yaw. yaw_deg is the MuJoCo local-frame rotation and its meaning differs between bricks (long side on local X) and blocks (long side on local Y).","every bar uses the wall_10/wall_11 ArUco mounting; wall_9 is excluded (tag rotated 90 deg, 19.0 cm not 19.5)"
med_025,med,hmax2,block,obj_4,25.1,37.1,92.5,12.0,7.5,5.0,2,27.5,11.1,0.0,10.0,53.1,0.0583,120,needs_2_chain,0,7,24,5,31,"long_axis_bearing_deg = bearing of the item's LONG side in world, counter-clockwise from +X, in [0,180). Place by this, not by yaw. yaw_deg is the MuJoCo local-frame rotation and its meaning differs between bricks (long side on local X) and blocks (long side on local Y).","every bar uses the wall_10/wall_11 ArUco mounting; wall_9 is excluded (tag rotated 90 deg, 19.0 cm not 19.5)"
med_026,med,hmax2,brick,wall_10,39.0,43.5,5.3,19.5,5.5,10.0,3,40.3,21.5,0.0,29.7,64.5,0.2235,85,needs_2_chain,0,19,17,6,37,"long_axis_bearing_deg = bearing of the item's LONG side in world, counter-clockwise from +X, in [0,180). Place by this, not by yaw. yaw_deg is the MuJoCo local-frame rotation and its meaning differs between bricks (long side on local X) and blocks (long side on local Y).","every bar uses the wall_10/wall_11 ArUco mounting; wall_9 is excluded (tag rotated 90 deg, 19.0 cm not 19.5)"
med_026,med,hmax2,brick,wall_11,13.9,54.6,72.1,19.5,5.5,10.0,3,40.3,21.5,0.0,29.7,64.5,0.2235,85,needs_2_chain,0,19,17,6,37,"long_axis_bearing_deg = bearing of the item's LONG side in world, counter-clockwise from +X, in [0,180). Place by this, not by yaw. yaw_deg is the MuJoCo local-frame rotation and its meaning differs between bricks (long side on local X) and blocks (long side on local Y).","every bar uses the wall_10/wall_11 ArUco mounting; wall_9 is excluded (tag rotated 90 deg, 19.0 cm not 19.5)"
med_026,med,hmax2,brick,wall_12,13.9,32.5,91.1,19.5,5.5,10.0,3,40.3,21.5,0.0,29.7,64.5,0.2235,85,needs_2_chain,0,19,17,6,37,"long_axis_bearing_deg = bearing of the item's LONG side in world, counter-clockwise from +X, in [0,180). Place by this, not by yaw. yaw_deg is the MuJoCo local-frame rotation and its meaning differs between bricks (long side on local X) and blocks (long side on local Y).","every bar uses the wall_10/wall_11 ArUco mounting; wall_9 is excluded (tag rotated 90 deg, 19.0 cm not 19.5)"
med_026,med,hmax2,block,obj_1,22.8,39.2,110.0,15.0,7.0,4.0,3,40.3,21.5,0.0,29.7,64.5,0.2235,85,needs_2_chain,0,19,17,6,37,"long_axis_bearing_deg = bearing of the item's LONG side in world, counter-clockwise from +X, in [0,180). Place by this, not by yaw. yaw_deg is the MuJoCo local-frame rotation and its meaning differs between bricks (long side on local X) and blocks (long side on local Y).","every bar uses the wall_10/wall_11 ArUco mounting; wall_9 is excluded (tag rotated 90 deg, 19.0 cm not 19.5)"
med_027,med,hmax2,brick,wall_10,38.9,40.2,169.6,19.5,5.5,10.0,3,33.4,22.9,0.0,25.8,61.7,0.15,80,needs_2_chain,0,12,17,4,39,"long_axis_bearing_deg = bearing of the item's LONG side in world, counter-clockwise from +X, in [0,180). Place by this, not by yaw. yaw_deg is the MuJoCo local-frame rotation and its meaning differs between bricks (long side on local X) and blocks (long side on local Y).","every bar uses the wall_10/wall_11 ArUco mounting; wall_9 is excluded (tag rotated 90 deg, 19.0 cm not 19.5)"
med_027,med,hmax2,brick,wall_11,13.2,53.1,86.2,19.5,5.5,10.0,3,33.4,22.9,0.0,25.8,61.7,0.15,80,needs_2_chain,0,12,17,4,39,"long_axis_bearing_deg = bearing of the item's LONG side in world, counter-clockwise from +X, in [0,180). Place by this, not by yaw. yaw_deg is the MuJoCo local-frame rotation and its meaning differs between bricks (long side on local X) and blocks (long side on local Y).","every bar uses the wall_10/wall_11 ArUco mounting; wall_9 is excluded (tag rotated 90 deg, 19.0 cm not 19.5)"
med_027,med,hmax2,brick,wall_12,13.2,29.6,102.5,19.5,5.5,10.0,3,33.4,22.9,0.0,25.8,61.7,0.15,80,needs_2_chain,0,12,17,4,39,"long_axis_bearing_deg = bearing of the item's LONG side in world, counter-clockwise from +X, in [0,180). Place by this, not by yaw. yaw_deg is the MuJoCo local-frame rotation and its meaning differs between bricks (long side on local X) and blocks (long side on local Y).","every bar uses the wall_10/wall_11 ArUco mounting; wall_9 is excluded (tag rotated 90 deg, 19.0 cm not 19.5)"
med_027,med,hmax2,block,obj_4,24.0,38.5,125.5,12.0,7.5,5.0,3,33.4,22.9,0.0,25.8,61.7,0.15,80,needs_2_chain,0,12,17,4,39,"long_axis_bearing_deg = bearing of the item's LONG side in world, counter-clockwise from +X, in [0,180). Place by this, not by yaw. yaw_deg is the MuJoCo local-frame rotation and its meaning differs between bricks (long side on local X) and blocks (long side on local Y).","every bar uses the wall_10/wall_11 ArUco mounting; wall_9 is excluded (tag rotated 90 deg, 19.0 cm not 19.5)"
med_028,med,hmax2,brick,wall_10,39.0,43.6,7.2,19.5,5.5,10.0,2,31.7,28.1,0.0,37.7,68.2,0.0552,145,needs_2_chain,0,8,29,3,28,"long_axis_bearing_deg = bearing of the item's LONG side in world, counter-clockwise from +X, in [0,180). Place by this, not by yaw. yaw_deg is the MuJoCo local-frame rotation and its meaning differs between bricks (long side on local X) and blocks (long side on local Y).","every bar uses the wall_10/wall_11 ArUco mounting; wall_9 is excluded (tag rotated 90 deg, 19.0 cm not 19.5)"
med_028,med,hmax2,brick,wall_11,13.6,52.5,70.4,19.5,5.5,10.0,2,31.7,28.1,0.0,37.7,68.2,0.0552,145,needs_2_chain,0,8,29,3,28,"long_axis_bearing_deg = bearing of the item's LONG side in world, counter-clockwise from +X, in [0,180). Place by this, not by yaw. yaw_deg is the MuJoCo local-frame rotation and its meaning differs between bricks (long side on local X) and blocks (long side on local Y).","every bar uses the wall_10/wall_11 ArUco mounting; wall_9 is excluded (tag rotated 90 deg, 19.0 cm not 19.5)"
med_028,med,hmax2,block,obj_1,22.2,39.0,133.5,15.0,7.0,4.0,2,31.7,28.1,0.0,37.7,68.2,0.0552,145,needs_2_chain,0,8,29,3,28,"long_axis_bearing_deg = bearing of the item's LONG side in world, counter-clockwise from +X, in [0,180). Place by this, not by yaw. yaw_deg is the MuJoCo local-frame rotation and its meaning differs between bricks (long side on local X) and blocks (long side on local Y).","every bar uses the wall_10/wall_11 ArUco mounting; wall_9 is excluded (tag rotated 90 deg, 19.0 cm not 19.5)"
med_029,med,hmax2,brick,wall_10,13.2,41.3,20.9,19.5,5.5,10.0,2,38.0,19.8,0.0,11.6,64.4,0.0593,135,needs_2_chain,0,8,27,4,29,"long_axis_bearing_deg = bearing of the item's LONG side in world, counter-clockwise from +X, in [0,180). Place by this, not by yaw. yaw_deg is the MuJoCo local-frame rotation and its meaning differs between bricks (long side on local X) and blocks (long side on local Y).","every bar uses the wall_10/wall_11 ArUco mounting; wall_9 is excluded (tag rotated 90 deg, 19.0 cm not 19.5)"
med_029,med,hmax2,brick,wall_11,25.6,48.2,139.6,19.5,5.5,10.0,2,38.0,19.8,0.0,11.6,64.4,0.0593,135,needs_2_chain,0,8,27,4,29,"long_axis_bearing_deg = bearing of the item's LONG side in world, counter-clockwise from +X, in [0,180). Place by this, not by yaw. yaw_deg is the MuJoCo local-frame rotation and its meaning differs between bricks (long side on local X) and blocks (long side on local Y).","every bar uses the wall_10/wall_11 ArUco mounting; wall_9 is excluded (tag rotated 90 deg, 19.0 cm not 19.5)"
med_029,med,hmax2,block,obj_4,38.8,37.1,19.5,12.0,7.5,5.0,2,38.0,19.8,0.0,11.6,64.4,0.0593,135,needs_2_chain,0,8,27,4,29,"long_axis_bearing_deg = bearing of the item's LONG side in world, counter-clockwise from +X, in [0,180). Place by this, not by yaw. yaw_deg is the MuJoCo local-frame rotation and its meaning differs between bricks (long side on local X) and blocks (long side on local Y).","every bar uses the wall_10/wall_11 ArUco mounting; wall_9 is excluded (tag rotated 90 deg, 19.0 cm not 19.5)"
med_030,med,hmax2,brick,wall_10,38.9,41.6,169.6,19.5,5.5,10.0,3,35.5,14.4,0.0,25.3,55.4,0.2286,105,needs_2_chain,0,24,21,6,33,"long_axis_bearing_deg = bearing of the item's LONG side in world, counter-clockwise from +X, in [0,180). Place by this, not by yaw. yaw_deg is the MuJoCo local-frame rotation and its meaning differs between bricks (long side on local X) and blocks (long side on local Y).","every bar uses the wall_10/wall_11 ArUco mounting; wall_9 is excluded (tag rotated 90 deg, 19.0 cm not 19.5)"
med_030,med,hmax2,brick,wall_11,12.9,51.1,76.1,19.5,5.5,10.0,3,35.5,14.4,0.0,25.3,55.4,0.2286,105,needs_2_chain,0,24,21,6,33,"long_axis_bearing_deg = bearing of the item's LONG side in world, counter-clockwise from +X, in [0,180). Place by this, not by yaw. yaw_deg is the MuJoCo local-frame rotation and its meaning differs between bricks (long side on local X) and blocks (long side on local Y).","every bar uses the wall_10/wall_11 ArUco mounting; wall_9 is excluded (tag rotated 90 deg, 19.0 cm not 19.5)"
med_030,med,hmax2,brick,wall_12,12.9,28.8,89.7,19.5,5.5,10.0,3,35.5,14.4,0.0,25.3,55.4,0.2286,105,needs_2_chain,0,24,21,6,33,"long_axis_bearing_deg = bearing of the item's LONG side in world, counter-clockwise from +X, in [0,180). Place by this, not by yaw. yaw_deg is the MuJoCo local-frame rotation and its meaning differs between bricks (long side on local X) and blocks (long side on local Y).","every bar uses the wall_10/wall_11 ArUco mounting; wall_9 is excluded (tag rotated 90 deg, 19.0 cm not 19.5)"
med_030,med,hmax2,block,obj_1,21.2,36.7,102.4,15.0,7.0,4.0,3,35.5,14.4,0.0,25.3,55.4,0.2286,105,needs_2_chain,0,24,21,6,33,"long_axis_bearing_deg = bearing of the item's LONG side in world, counter-clockwise from +X, in [0,180). Place by this, not by yaw. yaw_deg is the MuJoCo local-frame rotation and its meaning differs between bricks (long side on local X) and blocks (long side on local Y).","every bar uses the wall_10/wall_11 ArUco mounting; wall_9 is excluded (tag rotated 90 deg, 19.0 cm not 19.5)"
med_031,med,hmax2,brick,wall_10,39.2,32.9,0.6,19.5,5.5,10.0,3,29.8,11.6,0.0,41.4,48.9,0.25,20,one_push,2,3,4,15,41,"long_axis_bearing_deg = bearing of the item's LONG side in world, counter-clockwise from +X, in [0,180). Place by this, not by yaw. yaw_deg is the MuJoCo local-frame rotation and its meaning differs between bricks (long side on local X) and blocks (long side on local Y).","every bar uses the wall_10/wall_11 ArUco mounting; wall_9 is excluded (tag rotated 90 deg, 19.0 cm not 19.5)"
med_031,med,hmax2,brick,wall_11,14.0,44.8,79.7,19.5,5.5,10.0,3,29.8,11.6,0.0,41.4,48.9,0.25,20,one_push,2,3,4,15,41,"long_axis_bearing_deg = bearing of the item's LONG side in world, counter-clockwise from +X, in [0,180). Place by this, not by yaw. yaw_deg is the MuJoCo local-frame rotation and its meaning differs between bricks (long side on local X) and blocks (long side on local Y).","every bar uses the wall_10/wall_11 ArUco mounting; wall_9 is excluded (tag rotated 90 deg, 19.0 cm not 19.5)"
med_031,med,hmax2,brick,wall_12,14.0,21.7,106.5,19.5,5.5,10.0,3,29.8,11.6,0.0,41.4,48.9,0.25,20,one_push,2,3,4,15,41,"long_axis_bearing_deg = bearing of the item's LONG side in world, counter-clockwise from +X, in [0,180). Place by this, not by yaw. yaw_deg is the MuJoCo local-frame rotation and its meaning differs between bricks (long side on local X) and blocks (long side on local Y).","every bar uses the wall_10/wall_11 ArUco mounting; wall_9 is excluded (tag rotated 90 deg, 19.0 cm not 19.5)"
med_031,med,hmax2,block,obj_4,21.8,36.2,70.6,12.0,7.5,5.0,3,29.8,11.6,0.0,41.4,48.9,0.25,20,one_push,2,3,4,15,41,"long_axis_bearing_deg = bearing of the item's LONG side in world, counter-clockwise from +X, in [0,180). Place by this, not by yaw. yaw_deg is the MuJoCo local-frame rotation and its meaning differs between bricks (long side on local X) and blocks (long side on local Y).","every bar uses the wall_10/wall_11 ArUco mounting; wall_9 is excluded (tag rotated 90 deg, 19.0 cm not 19.5)"
med_032,med,hmax2,brick,wall_10,39.2,44.4,2.2,19.5,5.5,10.0,2,24.3,6.9,0.0,33.2,69.1,0.0552,145,needs_2_chain,0,8,29,5,26,"long_axis_bearing_deg = bearing of the item's LONG side in world, counter-clockwise from +X, in [0,180). Place by this, not by yaw. yaw_deg is the MuJoCo local-frame rotation and its meaning differs between bricks (long side on local X) and blocks (long side on local Y).","every bar uses the wall_10/wall_11 ArUco mounting; wall_9 is excluded (tag rotated 90 deg, 19.0 cm not 19.5)"
med_032,med,hmax2,brick,wall_11,13.9,53.2,75.5,19.5,5.5,10.0,2,24.3,6.9,0.0,33.2,69.1,0.0552,145,needs_2_chain,0,8,29,5,26,"long_axis_bearing_deg = bearing of the item's LONG side in world, counter-clockwise from +X, in [0,180). Place by this, not by yaw. yaw_deg is the MuJoCo local-frame rotation and its meaning differs between bricks (long side on local X) and blocks (long side on local Y).","every bar uses the wall_10/wall_11 ArUco mounting; wall_9 is excluded (tag rotated 90 deg, 19.0 cm not 19.5)"
med_032,med,hmax2,block,obj_1,21.0,39.6,10.9,15.0,7.0,4.0,2,24.3,6.9,0.0,33.2,69.1,0.0552,145,needs_2_chain,0,8,29,5,26,"long_axis_bearing_deg = bearing of the item's LONG side in world, counter-clockwise from +X, in [0,180). Place by this, not by yaw. yaw_deg is the MuJoCo local-frame rotation and its meaning differs between bricks (long side on local X) and blocks (long side on local Y).","every bar uses the wall_10/wall_11 ArUco mounting; wall_9 is excluded (tag rotated 90 deg, 19.0 cm not 19.5)"
med_033,med,hmax2,brick,wall_10,38.9,37.3,169.0,19.5,5.5,10.0,2,42.2,10.1,0.0,43.0,59.1,0.06,150,needs_2_chain,0,9,30,4,26,"long_axis_bearing_deg = bearing of the item's LONG side in world, counter-clockwise from +X, in [0,180). Place by this, not by yaw. yaw_deg is the MuJoCo local-frame rotation and its meaning differs between bricks (long side on local X) and blocks (long side on local Y).","every bar uses the wall_10/wall_11 ArUco mounting; wall_9 is excluded (tag rotated 90 deg, 19.0 cm not 19.5)"
med_033,med,hmax2,brick,wall_11,13.8,45.7,75.0,19.5,5.5,10.0,2,42.2,10.1,0.0,43.0,59.1,0.06,150,needs_2_chain,0,9,30,4,26,"long_axis_bearing_deg = bearing of the item's LONG side in world, counter-clockwise from +X, in [0,180). Place by this, not by yaw. yaw_deg is the MuJoCo local-frame rotation and its meaning differs between bricks (long side on local X) and blocks (long side on local Y).","every bar uses the wall_10/wall_11 ArUco mounting; wall_9 is excluded (tag rotated 90 deg, 19.0 cm not 19.5)"
med_033,med,hmax2,block,obj_4,22.3,33.1,140.8,12.0,7.5,5.0,2,42.2,10.1,0.0,43.0,59.1,0.06,150,needs_2_chain,0,9,30,4,26,"long_axis_bearing_deg = bearing of the item's LONG side in world, counter-clockwise from +X, in [0,180). Place by this, not by yaw. yaw_deg is the MuJoCo local-frame rotation and its meaning differs between bricks (long side on local X) and blocks (long side on local Y).","every bar uses the wall_10/wall_11 ArUco mounting; wall_9 is excluded (tag rotated 90 deg, 19.0 cm not 19.5)"
med_034,med,hmax2,brick,wall_10,39.1,34.9,175.6,19.5,5.5,10.0,3,40.7,16.3,0.0,32.2,67.3,0.2429,70,needs_2_chain,0,17,14,5,41,"long_axis_bearing_deg = bearing of the item's LONG side in world, counter-clockwise from +X, in [0,180). Place by this, not by yaw. yaw_deg is the MuJoCo local-frame rotation and its meaning differs between bricks (long side on local X) and blocks (long side on local Y).","every bar uses the wall_10/wall_11 ArUco mounting; wall_9 is excluded (tag rotated 90 deg, 19.0 cm not 19.5)"
med_034,med,hmax2,brick,wall_11,14.8,45.3,71.3,19.5,5.5,10.0,3,40.7,16.3,0.0,32.2,67.3,0.2429,70,needs_2_chain,0,17,14,5,41,"long_axis_bearing_deg = bearing of the item's LONG side in world, counter-clockwise from +X, in [0,180). Place by this, not by yaw. yaw_deg is the MuJoCo local-frame rotation and its meaning differs between bricks (long side on local X) and blocks (long side on local Y).","every bar uses the wall_10/wall_11 ArUco mounting; wall_9 is excluded (tag rotated 90 deg, 19.0 cm not 19.5)"
med_034,med,hmax2,brick,wall_12,14.8,22.6,104.8,19.5,5.5,10.0,3,40.7,16.3,0.0,32.2,67.3,0.2429,70,needs_2_chain,0,17,14,5,41,"long_axis_bearing_deg = bearing of the item's LONG side in world, counter-clockwise from +X, in [0,180). Place by this, not by yaw. yaw_deg is the MuJoCo local-frame rotation and its meaning differs between bricks (long side on local X) and blocks (long side on local Y).","every bar uses the wall_10/wall_11 ArUco mounting; wall_9 is excluded (tag rotated 90 deg, 19.0 cm not 19.5)"
med_034,med,hmax2,block,obj_1,21.9,30.7,99.4,15.0,7.0,4.0,3,40.7,16.3,0.0,32.2,67.3,0.2429,70,needs_2_chain,0,17,14,5,41,"long_axis_bearing_deg = bearing of the item's LONG side in world, counter-clockwise from +X, in [0,180). Place by this, not by yaw. yaw_deg is the MuJoCo local-frame rotation and its meaning differs between bricks (long side on local X) and blocks (long side on local Y).","every bar uses the wall_10/wall_11 ArUco mounting; wall_9 is excluded (tag rotated 90 deg, 19.0 cm not 19.5)"
med_035,med,hmax2,brick,wall_10,14.4,37.0,160.1,19.5,5.5,10.0,2,32.7,18.5,0.0,23.7,61.7,0.0583,120,needs_2_chain,0,7,24,5,31,"long_axis_bearing_deg = bearing of the item's LONG side in world, counter-clockwise from +X, in [0,180). Place by this, not by yaw. yaw_deg is the MuJoCo local-frame rotation and its meaning differs between bricks (long side on local X) and blocks (long side on local Y).","every bar uses the wall_10/wall_11 ArUco mounting; wall_9 is excluded (tag rotated 90 deg, 19.0 cm not 19.5)"
med_035,med,hmax2,brick,wall_11,37.7,46.7,159.4,19.5,5.5,10.0,2,32.7,18.5,0.0,23.7,61.7,0.0583,120,needs_2_chain,0,7,24,5,31,"long_axis_bearing_deg = bearing of the item's LONG side in world, counter-clockwise from +X, in [0,180). Place by this, not by yaw. yaw_deg is the MuJoCo local-frame rotation and its meaning differs between bricks (long side on local X) and blocks (long side on local Y).","every bar uses the wall_10/wall_11 ArUco mounting; wall_9 is excluded (tag rotated 90 deg, 19.0 cm not 19.5)"
med_035,med,hmax2,block,obj_1,29.1,35.9,114.3,15.0,7.0,4.0,2,32.7,18.5,0.0,23.7,61.7,0.0583,120,needs_2_chain,0,7,24,5,31,"long_axis_bearing_deg = bearing of the item's LONG side in world, counter-clockwise from +X, in [0,180). Place by this, not by yaw. yaw_deg is the MuJoCo local-frame rotation and its meaning differs between bricks (long side on local X) and blocks (long side on local Y).","every bar uses the wall_10/wall_11 ArUco mounting; wall_9 is excluded (tag rotated 90 deg, 19.0 cm not 19.5)"
med_036,med,hmax2,brick,wall_10,39.0,45.1,5.7,19.5,5.5,10.0,2,14.6,23.1,0.0,33.2,68.8,0.06,150,needs_2_chain,0,9,30,3,27,"long_axis_bearing_deg = bearing of the item's LONG side in world, counter-clockwise from +X, in [0,180). Place by this, not by yaw. yaw_deg is the MuJoCo local-frame rotation and its meaning differs between bricks (long side on local X) and blocks (long side on local Y).","every bar uses the wall_10/wall_11 ArUco mounting; wall_9 is excluded (tag rotated 90 deg, 19.0 cm not 19.5)"
med_036,med,hmax2,brick,wall_11,13.5,53.6,72.5,19.5,5.5,10.0,2,14.6,23.1,0.0,33.2,68.8,0.06,150,needs_2_chain,0,9,30,3,27,"long_axis_bearing_deg = bearing of the item's LONG side in world, counter-clockwise from +X, in [0,180). Place by this, not by yaw. yaw_deg is the MuJoCo local-frame rotation and its meaning differs between bricks (long side on local X) and blocks (long side on local Y).","every bar uses the wall_10/wall_11 ArUco mounting; wall_9 is excluded (tag rotated 90 deg, 19.0 cm not 19.5)"
med_036,med,hmax2,block,obj_4,22.0,41.3,138.2,12.0,7.5,5.0,2,14.6,23.1,0.0,33.2,68.8,0.06,150,needs_2_chain,0,9,30,3,27,"long_axis_bearing_deg = bearing of the item's LONG side in world, counter-clockwise from +X, in [0,180). Place by this, not by yaw. yaw_deg is the MuJoCo local-frame rotation and its meaning differs between bricks (long side on local X) and blocks (long side on local Y).","every bar uses the wall_10/wall_11 ArUco mounting; wall_9 is excluded (tag rotated 90 deg, 19.0 cm not 19.5)"
med_037,med,hmax2,brick,wall_10,38.9,30.8,9.9,19.5,5.5,10.0,3,37.8,18.5,0.0,34.4,67.0,0.2667,15,needs_2_chain,0,4,3,21,36,"long_axis_bearing_deg = bearing of the item's LONG side in world, counter-clockwise from +X, in [0,180). Place by this, not by yaw. yaw_deg is the MuJoCo local-frame rotation and its meaning differs between bricks (long side on local X) and blocks (long side on local Y).","every bar uses the wall_10/wall_11 ArUco mounting; wall_9 is excluded (tag rotated 90 deg, 19.0 cm not 19.5)"
med_037,med,hmax2,brick,wall_11,13.7,43.3,73.7,19.5,5.5,10.0,3,37.8,18.5,0.0,34.4,67.0,0.2667,15,needs_2_chain,0,4,3,21,36,"long_axis_bearing_deg = bearing of the item's LONG side in world, counter-clockwise from +X, in [0,180). Place by this, not by yaw. yaw_deg is the MuJoCo local-frame rotation and its meaning differs between bricks (long side on local X) and blocks (long side on local Y).","every bar uses the wall_10/wall_11 ArUco mounting; wall_9 is excluded (tag rotated 90 deg, 19.0 cm not 19.5)"
med_037,med,hmax2,brick,wall_12,13.7,18.5,106.1,19.5,5.5,10.0,3,37.8,18.5,0.0,34.4,67.0,0.2667,15,needs_2_chain,0,4,3,21,36,"long_axis_bearing_deg = bearing of the item's LONG side in world, counter-clockwise from +X, in [0,180). Place by this, not by yaw. yaw_deg is the MuJoCo local-frame rotation and its meaning differs between bricks (long side on local X) and blocks (long side on local Y).","every bar uses the wall_10/wall_11 ArUco mounting; wall_9 is excluded (tag rotated 90 deg, 19.0 cm not 19.5)"
med_037,med,hmax2,block,obj_1,24.2,34.0,40.9,15.0,7.0,4.0,3,37.8,18.5,0.0,34.4,67.0,0.2667,15,needs_2_chain,0,4,3,21,36,"long_axis_bearing_deg = bearing of the item's LONG side in world, counter-clockwise from +X, in [0,180). Place by this, not by yaw. yaw_deg is the MuJoCo local-frame rotation and its meaning differs between bricks (long side on local X) and blocks (long side on local Y).","every bar uses the wall_10/wall_11 ArUco mounting; wall_9 is excluded (tag rotated 90 deg, 19.0 cm not 19.5)"
med_038,med,hmax2,brick,wall_10,16.9,25.5,46.9,19.5,5.5,10.0,2,23.2,14.0,0.0,12.3,55.3,0.0583,120,needs_2_chain,0,7,24,2,34,"long_axis_bearing_deg = bearing of the item's LONG side in world, counter-clockwise from +X, in [0,180). Place by this, not by yaw. yaw_deg is the MuJoCo local-frame rotation and its meaning differs between bricks (long side on local X) and blocks (long side on local Y).","every bar uses the wall_10/wall_11 ArUco mounting; wall_9 is excluded (tag rotated 90 deg, 19.0 cm not 19.5)"
med_038,med,hmax2,brick,wall_11,26.0,38.1,151.9,19.5,5.5,10.0,2,23.2,14.0,0.0,12.3,55.3,0.0583,120,needs_2_chain,0,7,24,2,34,"long_axis_bearing_deg = bearing of the item's LONG side in world, counter-clockwise from +X, in [0,180). Place by this, not by yaw. yaw_deg is the MuJoCo local-frame rotation and its meaning differs between bricks (long side on local X) and blocks (long side on local Y).","every bar uses the wall_10/wall_11 ArUco mounting; wall_9 is excluded (tag rotated 90 deg, 19.0 cm not 19.5)"
med_038,med,hmax2,block,obj_1,39.5,27.5,50.1,15.0,7.0,4.0,2,23.2,14.0,0.0,12.3,55.3,0.0583,120,needs_2_chain,0,7,24,2,34,"long_axis_bearing_deg = bearing of the item's LONG side in world, counter-clockwise from +X, in [0,180). Place by this, not by yaw. yaw_deg is the MuJoCo local-frame rotation and its meaning differs between bricks (long side on local X) and blocks (long side on local Y).","every bar uses the wall_10/wall_11 ArUco mounting; wall_9 is excluded (tag rotated 90 deg, 19.0 cm not 19.5)"
med_039,med,hmax2,brick,wall_10,39.0,47.6,174.4,19.5,5.5,10.0,2,9.8,19.8,0.0,34.3,62.3,0.06,150,needs_2_chain,0,9,30,7,23,"long_axis_bearing_deg = bearing of the item's LONG side in world, counter-clockwise from +X, in [0,180). Place by this, not by yaw. yaw_deg is the MuJoCo local-frame rotation and its meaning differs between bricks (long side on local X) and blocks (long side on local Y).","every bar uses the wall_10/wall_11 ArUco mounting; wall_9 is excluded (tag rotated 90 deg, 19.0 cm not 19.5)"
med_039,med,hmax2,brick,wall_11,15.2,60.2,70.2,19.5,5.5,10.0,2,9.8,19.8,0.0,34.3,62.3,0.06,150,needs_2_chain,0,9,30,7,23,"long_axis_bearing_deg = bearing of the item's LONG side in world, counter-clockwise from +X, in [0,180). Place by this, not by yaw. yaw_deg is the MuJoCo local-frame rotation and its meaning differs between bricks (long side on local X) and blocks (long side on local Y).","every bar uses the wall_10/wall_11 ArUco mounting; wall_9 is excluded (tag rotated 90 deg, 19.0 cm not 19.5)"
med_039,med,hmax2,block,obj_4,22.6,43.8,8.5,12.0,7.5,5.0,2,9.8,19.8,0.0,34.3,62.3,0.06,150,needs_2_chain,0,9,30,7,23,"long_axis_bearing_deg = bearing of the item's LONG side in world, counter-clockwise from +X, in [0,180). Place by this, not by yaw. yaw_deg is the MuJoCo local-frame rotation and its meaning differs between bricks (long side on local X) and blocks (long side on local Y).","every bar uses the wall_10/wall_11 ArUco mounting; wall_9 is excluded (tag rotated 90 deg, 19.0 cm not 19.5)"
med_040,med,hmax2,brick,wall_10,10.0,30.2,5.3,19.5,5.5,10.0,3,16.7,13.8,0.0,13.6,50.3,0.2714,70,needs_2_chain,0,19,14,8,38,"long_axis_bearing_deg = bearing of the item's LONG side in world, counter-clockwise from +X, in [0,180). Place by this, not by yaw. yaw_deg is the MuJoCo local-frame rotation and its meaning differs between bricks (long side on local X) and blocks (long side on local Y).","every bar uses the wall_10/wall_11 ArUco mounting; wall_9 is excluded (tag rotated 90 deg, 19.0 cm not 19.5)"
med_040,med,hmax2,brick,wall_11,34.0,38.5,109.4,19.5,5.5,10.0,3,16.7,13.8,0.0,13.6,50.3,0.2714,70,needs_2_chain,0,19,14,8,38,"long_axis_bearing_deg = bearing of the item's LONG side in world, counter-clockwise from +X, in [0,180). Place by this, not by yaw. yaw_deg is the MuJoCo local-frame rotation and its meaning differs between bricks (long side on local X) and blocks (long side on local Y).","every bar uses the wall_10/wall_11 ArUco mounting; wall_9 is excluded (tag rotated 90 deg, 19.0 cm not 19.5)"
med_040,med,hmax2,brick,wall_12,34.0,17.8,82.4,19.5,5.5,10.0,3,16.7,13.8,0.0,13.6,50.3,0.2714,70,needs_2_chain,0,19,14,8,38,"long_axis_bearing_deg = bearing of the item's LONG side in world, counter-clockwise from +X, in [0,180). Place by this, not by yaw. yaw_deg is the MuJoCo local-frame rotation and its meaning differs between bricks (long side on local X) and blocks (long side on local Y).","every bar uses the wall_10/wall_11 ArUco mounting; wall_9 is excluded (tag rotated 90 deg, 19.0 cm not 19.5)"
med_040,med,hmax2,block,obj_1,25.2,25.6,97.5,15.0,7.0,4.0,3,16.7,13.8,0.0,13.6,50.3,0.2714,70,needs_2_chain,0,19,14,8,38,"long_axis_bearing_deg = bearing of the item's LONG side in world, counter-clockwise from +X, in [0,180). Place by this, not by yaw. yaw_deg is the MuJoCo local-frame rotation and its meaning differs between bricks (long side on local X) and blocks (long side on local Y).","every bar uses the wall_10/wall_11 ArUco mounting; wall_9 is excluded (tag rotated 90 deg, 19.0 cm not 19.5)"
med_041,med,hmax2,brick,wall_10,38.9,46.8,169.1,19.5,5.5,10.0,2,16.2,24.6,0.0,33.6,64.1,0.06,150,needs_2_chain,0,9,30,5,25,"long_axis_bearing_deg = bearing of the item's LONG side in world, counter-clockwise from +X, in [0,180). Place by this, not by yaw. yaw_deg is the MuJoCo local-frame rotation and its meaning differs between bricks (long side on local X) and blocks (long side on local Y).","every bar uses the wall_10/wall_11 ArUco mounting; wall_9 is excluded (tag rotated 90 deg, 19.0 cm not 19.5)"
med_041,med,hmax2,brick,wall_11,13.3,58.8,70.4,19.5,5.5,10.0,2,16.2,24.6,0.0,33.6,64.1,0.06,150,needs_2_chain,0,9,30,5,25,"long_axis_bearing_deg = bearing of the item's LONG side in world, counter-clockwise from +X, in [0,180). Place by this, not by yaw. yaw_deg is the MuJoCo local-frame rotation and its meaning differs between bricks (long side on local X) and blocks (long side on local Y).","every bar uses the wall_10/wall_11 ArUco mounting; wall_9 is excluded (tag rotated 90 deg, 19.0 cm not 19.5)"
med_041,med,hmax2,block,obj_1,18.8,43.3,25.7,15.0,7.0,4.0,2,16.2,24.6,0.0,33.6,64.1,0.06,150,needs_2_chain,0,9,30,5,25,"long_axis_bearing_deg = bearing of the item's LONG side in world, counter-clockwise from +X, in [0,180). Place by this, not by yaw. yaw_deg is the MuJoCo local-frame rotation and its meaning differs between bricks (long side on local X) and blocks (long side on local Y).","every bar uses the wall_10/wall_11 ArUco mounting; wall_9 is excluded (tag rotated 90 deg, 19.0 cm not 19.5)"
med_042,med,hmax2,brick,wall_10,38.9,33.5,169.5,19.5,5.5,10.0,2,10.6,20.2,0.0,13.6,70.7,0.0643,140,needs_2_chain,0,9,27,7,26,"long_axis_bearing_deg = bearing of the item's LONG side in world, counter-clockwise from +X, in [0,180). Place by this, not by yaw. yaw_deg is the MuJoCo local-frame rotation and its meaning differs between bricks (long side on local X) and blocks (long side on local Y).","every bar uses the wall_10/wall_11 ArUco mounting; wall_9 is excluded (tag rotated 90 deg, 19.0 cm not 19.5)"
med_042,med,hmax2,brick,wall_11,13.8,45.0,70.2,19.5,5.5,10.0,2,10.6,20.2,0.0,13.6,70.7,0.0643,140,needs_2_chain,0,9,27,7,26,"long_axis_bearing_deg = bearing of the item's LONG side in world, counter-clockwise from +X, in [0,180). Place by this, not by yaw. yaw_deg is the MuJoCo local-frame rotation and its meaning differs between bricks (long side on local X) and blocks (long side on local Y).","every bar uses the wall_10/wall_11 ArUco mounting; wall_9 is excluded (tag rotated 90 deg, 19.0 cm not 19.5)"
med_042,med,hmax2,block,obj_4,20.2,31.1,9.3,12.0,7.5,5.0,2,10.6,20.2,0.0,13.6,70.7,0.0643,140,needs_2_chain,0,9,27,7,26,"long_axis_bearing_deg = bearing of the item's LONG side in world, counter-clockwise from +X, in [0,180). Place by this, not by yaw. yaw_deg is the MuJoCo local-frame rotation and its meaning differs between bricks (long side on local X) and blocks (long side on local Y).","every bar uses the wall_10/wall_11 ArUco mounting; wall_9 is excluded (tag rotated 90 deg, 19.0 cm not 19.5)"
med_043,med,hmax2,brick,wall_10,38.9,40.9,170.7,19.5,5.5,10.0,3,22.0,8.1,0.0,26.9,58.4,0.2857,35,one_push,2,8,7,11,42,"long_axis_bearing_deg = bearing of the item's LONG side in world, counter-clockwise from +X, in [0,180). Place by this, not by yaw. yaw_deg is the MuJoCo local-frame rotation and its meaning differs between bricks (long side on local X) and blocks (long side on local Y).","every bar uses the wall_10/wall_11 ArUco mounting; wall_9 is excluded (tag rotated 90 deg, 19.0 cm not 19.5)"
med_043,med,hmax2,brick,wall_11,14.0,52.6,87.8,19.5,5.5,10.0,3,22.0,8.1,0.0,26.9,58.4,0.2857,35,one_push,2,8,7,11,42,"long_axis_bearing_deg = bearing of the item's LONG side in world, counter-clockwise from +X, in [0,180). Place by this, not by yaw. yaw_deg is the MuJoCo local-frame rotation and its meaning differs between bricks (long side on local X) and blocks (long side on local Y).","every bar uses the wall_10/wall_11 ArUco mounting; wall_9 is excluded (tag rotated 90 deg, 19.0 cm not 19.5)"
med_043,med,hmax2,brick,wall_12,14.0,29.0,108.1,19.5,5.5,10.0,3,22.0,8.1,0.0,26.9,58.4,0.2857,35,one_push,2,8,7,11,42,"long_axis_bearing_deg = bearing of the item's LONG side in world, counter-clockwise from +X, in [0,180). Place by this, not by yaw. yaw_deg is the MuJoCo local-frame rotation and its meaning differs between bricks (long side on local X) and blocks (long side on local Y).","every bar uses the wall_10/wall_11 ArUco mounting; wall_9 is excluded (tag rotated 90 deg, 19.0 cm not 19.5)"
med_043,med,hmax2,block,obj_1,21.0,42.0,81.7,15.0,7.0,4.0,3,22.0,8.1,0.0,26.9,58.4,0.2857,35,one_push,2,8,7,11,42,"long_axis_bearing_deg = bearing of the item's LONG side in world, counter-clockwise from +X, in [0,180). Place by this, not by yaw. yaw_deg is the MuJoCo local-frame rotation and its meaning differs between bricks (long side on local X) and blocks (long side on local Y).","every bar uses the wall_10/wall_11 ArUco mounting; wall_9 is excluded (tag rotated 90 deg, 19.0 cm not 19.5)"
med_044,med,hmax2,brick,wall_10,39.0,33.6,172.1,19.5,5.5,10.0,2,10.5,9.0,0.0,28.2,63.5,0.06,150,needs_2_chain,0,9,30,6,24,"long_axis_bearing_deg = bearing of the item's LONG side in world, counter-clockwise from +X, in [0,180). Place by this, not by yaw. yaw_deg is the MuJoCo local-frame rotation and its meaning differs between bricks (long side on local X) and blocks (long side on local Y).","every bar uses the wall_10/wall_11 ArUco mounting; wall_9 is excluded (tag rotated 90 deg, 19.0 cm not 19.5)"
med_044,med,hmax2,brick,wall_11,12.9,42.4,70.0,19.5,5.5,10.0,2,10.5,9.0,0.0,28.2,63.5,0.06,150,needs_2_chain,0,9,30,6,24,"long_axis_bearing_deg = bearing of the item's LONG side in world, counter-clockwise from +X, in [0,180). Place by this, not by yaw. yaw_deg is the MuJoCo local-frame rotation and its meaning differs between bricks (long side on local X) and blocks (long side on local Y).","every bar uses the wall_10/wall_11 ArUco mounting; wall_9 is excluded (tag rotated 90 deg, 19.0 cm not 19.5)"
med_044,med,hmax2,block,obj_1,19.9,29.6,24.7,15.0,7.0,4.0,2,10.5,9.0,0.0,28.2,63.5,0.06,150,needs_2_chain,0,9,30,6,24,"long_axis_bearing_deg = bearing of the item's LONG side in world, counter-clockwise from +X, in [0,180). Place by this, not by yaw. yaw_deg is the MuJoCo local-frame rotation and its meaning differs between bricks (long side on local X) and blocks (long side on local Y).","every bar uses the wall_10/wall_11 ArUco mounting; wall_9 is excluded (tag rotated 90 deg, 19.0 cm not 19.5)"
med_045,med,hmax2,brick,wall_10,39.0,33.2,6.8,19.5,5.5,10.0,2,15.3,7.7,0.0,27.1,48.0,0.0667,105,needs_2_chain,0,7,21,7,32,"long_axis_bearing_deg = bearing of the item's LONG side in world, counter-clockwise from +X, in [0,180). Place by this, not by yaw. yaw_deg is the MuJoCo local-frame rotation and its meaning differs between bricks (long side on local X) and blocks (long side on local Y).","every bar uses the wall_10/wall_11 ArUco mounting; wall_9 is excluded (tag rotated 90 deg, 19.0 cm not 19.5)"
med_045,med,hmax2,brick,wall_11,14.7,44.6,71.1,19.5,5.5,10.0,2,15.3,7.7,0.0,27.1,48.0,0.0667,105,needs_2_chain,0,7,21,7,32,"long_axis_bearing_deg = bearing of the item's LONG side in world, counter-clockwise from +X, in [0,180). Place by this, not by yaw. yaw_deg is the MuJoCo local-frame rotation and its meaning differs between bricks (long side on local X) and blocks (long side on local Y).","every bar uses the wall_10/wall_11 ArUco mounting; wall_9 is excluded (tag rotated 90 deg, 19.0 cm not 19.5)"
med_045,med,hmax2,block,obj_4,22.1,32.3,13.1,12.0,7.5,5.0,2,15.3,7.7,0.0,27.1,48.0,0.0667,105,needs_2_chain,0,7,21,7,32,"long_axis_bearing_deg = bearing of the item's LONG side in world, counter-clockwise from +X, in [0,180). Place by this, not by yaw. yaw_deg is the MuJoCo local-frame rotation and its meaning differs between bricks (long side on local X) and blocks (long side on local Y).","every bar uses the wall_10/wall_11 ArUco mounting; wall_9 is excluded (tag rotated 90 deg, 19.0 cm not 19.5)"
med_046,med,hmax2,brick,wall_10,11.0,46.0,49.5,19.5,5.5,10.0,2,34.0,25.4,0.0,10.1,64.1,0.0621,145,needs_2_chain,0,9,29,6,25,"long_axis_bearing_deg = bearing of the item's LONG side in world, counter-clockwise from +X, in [0,180). Place by this, not by yaw. yaw_deg is the MuJoCo local-frame rotation and its meaning differs between bricks (long side on local X) and blocks (long side on local Y).","every bar uses the wall_10/wall_11 ArUco mounting; wall_9 is excluded (tag rotated 90 deg, 19.0 cm not 19.5)"
med_046,med,hmax2,brick,wall_11,38.1,44.0,39.5,19.5,5.5,10.0,2,34.0,25.4,0.0,10.1,64.1,0.0621,145,needs_2_chain,0,9,29,6,25,"long_axis_bearing_deg = bearing of the item's LONG side in world, counter-clockwise from +X, in [0,180). Place by this, not by yaw. yaw_deg is the MuJoCo local-frame rotation and its meaning differs between bricks (long side on local X) and blocks (long side on local Y).","every bar uses the wall_10/wall_11 ArUco mounting; wall_9 is excluded (tag rotated 90 deg, 19.0 cm not 19.5)"
med_046,med,hmax2,block,obj_1,22.8,37.4,133.3,15.0,7.0,4.0,2,34.0,25.4,0.0,10.1,64.1,0.0621,145,needs_2_chain,0,9,29,6,25,"long_axis_bearing_deg = bearing of the item's LONG side in world, counter-clockwise from +X, in [0,180). Place by this, not by yaw. yaw_deg is the MuJoCo local-frame rotation and its meaning differs between bricks (long side on local X) and blocks (long side on local Y).","every bar uses the wall_10/wall_11 ArUco mounting; wall_9 is excluded (tag rotated 90 deg, 19.0 cm not 19.5)"
med_047,med,hmax2,brick,wall_10,38.9,33.2,11.2,19.5,5.5,10.0,2,13.9,17.1,0.0,35.5,57.6,0.0667,150,needs_2_chain,0,10,30,3,27,"long_axis_bearing_deg = bearing of the item's LONG side in world, counter-clockwise from +X, in [0,180). Place by this, not by yaw. yaw_deg is the MuJoCo local-frame rotation and its meaning differs between bricks (long side on local X) and blocks (long side on local Y).","every bar uses the wall_10/wall_11 ArUco mounting; wall_9 is excluded (tag rotated 90 deg, 19.0 cm not 19.5)"
med_047,med,hmax2,brick,wall_11,14.0,43.1,71.7,19.5,5.5,10.0,2,13.9,17.1,0.0,35.5,57.6,0.0667,150,needs_2_chain,0,10,30,3,27,"long_axis_bearing_deg = bearing of the item's LONG side in world, counter-clockwise from +X, in [0,180). Place by this, not by yaw. yaw_deg is the MuJoCo local-frame rotation and its meaning differs between bricks (long side on local X) and blocks (long side on local Y).","every bar uses the wall_10/wall_11 ArUco mounting; wall_9 is excluded (tag rotated 90 deg, 19.0 cm not 19.5)"
med_047,med,hmax2,block,obj_4,21.8,29.1,135.4,12.0,7.5,5.0,2,13.9,17.1,0.0,35.5,57.6,0.0667,150,needs_2_chain,0,10,30,3,27,"long_axis_bearing_deg = bearing of the item's LONG side in world, counter-clockwise from +X, in [0,180). Place by this, not by yaw. yaw_deg is the MuJoCo local-frame rotation and its meaning differs between bricks (long side on local X) and blocks (long side on local Y).","every bar uses the wall_10/wall_11 ArUco mounting; wall_9 is excluded (tag rotated 90 deg, 19.0 cm not 19.5)"
med_048,med,hmax2,brick,wall_10,10.1,39.3,170.1,19.5,5.5,10.0,2,39.9,22.4,0.0,29.9,67.0,0.0667,135,needs_2_chain,0,9,27,3,30,"long_axis_bearing_deg = bearing of the item's LONG side in world, counter-clockwise from +X, in [0,180). Place by this, not by yaw. yaw_deg is the MuJoCo local-frame rotation and its meaning differs between bricks (long side on local X) and blocks (long side on local Y).","every bar uses the wall_10/wall_11 ArUco mounting; wall_9 is excluded (tag rotated 90 deg, 19.0 cm not 19.5)"
med_048,med,hmax2,brick,wall_11,34.7,48.5,109.1,19.5,5.5,10.0,2,39.9,22.4,0.0,29.9,67.0,0.0667,135,needs_2_chain,0,9,27,3,30,"long_axis_bearing_deg = bearing of the item's LONG side in world, counter-clockwise from +X, in [0,180). Place by this, not by yaw. yaw_deg is the MuJoCo local-frame rotation and its meaning differs between bricks (long side on local X) and blocks (long side on local Y).","every bar uses the wall_10/wall_11 ArUco mounting; wall_9 is excluded (tag rotated 90 deg, 19.0 cm not 19.5)"
med_048,med,hmax2,block,obj_1,29.8,36.4,156.1,15.0,7.0,4.0,2,39.9,22.4,0.0,29.9,67.0,0.0667,135,needs_2_chain,0,9,27,3,30,"long_axis_bearing_deg = bearing of the item's LONG side in world, counter-clockwise from +X, in [0,180). Place by this, not by yaw. yaw_deg is the MuJoCo local-frame rotation and its meaning differs between bricks (long side on local X) and blocks (long side on local Y).","every bar uses the wall_10/wall_11 ArUco mounting; wall_9 is excluded (tag rotated 90 deg, 19.0 cm not 19.5)"
med_049,med,hmax2,brick,wall_10,10.1,35.1,10.0,19.5,5.5,10.0,2,33.5,7.1,0.0,18.5,52.1,0.0667,120,needs_2_chain,0,8,24,1,35,"long_axis_bearing_deg = bearing of the item's LONG side in world, counter-clockwise from +X, in [0,180). Place by this, not by yaw. yaw_deg is the MuJoCo local-frame rotation and its meaning differs between bricks (long side on local X) and blocks (long side on local Y).","every bar uses the wall_10/wall_11 ArUco mounting; wall_9 is excluded (tag rotated 90 deg, 19.0 cm not 19.5)"
med_049,med,hmax2,brick,wall_11,35.4,44.1,109.1,19.5,5.5,10.0,2,33.5,7.1,0.0,18.5,52.1,0.0667,120,needs_2_chain,0,8,24,1,35,"long_axis_bearing_deg = bearing of the item's LONG side in world, counter-clockwise from +X, in [0,180). Place by this, not by yaw. yaw_deg is the MuJoCo local-frame rotation and its meaning differs between bricks (long side on local X) and blocks (long side on local Y).","every bar uses the wall_10/wall_11 ArUco mounting; wall_9 is excluded (tag rotated 90 deg, 19.0 cm not 19.5)"
med_049,med,hmax2,block,obj_4,28.8,32.3,69.9,12.0,7.5,5.0,2,33.5,7.1,0.0,18.5,52.1,0.0667,120,needs_2_chain,0,8,24,1,35,"long_axis_bearing_deg = bearing of the item's LONG side in world, counter-clockwise from +X, in [0,180). Place by this, not by yaw. yaw_deg is the MuJoCo local-frame rotation and its meaning differs between bricks (long side on local X) and blocks (long side on local Y).","every bar uses the wall_10/wall_11 ArUco mounting; wall_9 is excluded (tag rotated 90 deg, 19.0 cm not 19.5)"
med_050,med,hmax2,brick,wall_10,23.7,35.2,150.3,19.5,5.5,10.0,2,38.9,23.2,0.0,6.8,54.0,0.0667,120,needs_2_chain,0,8,24,6,30,"long_axis_bearing_deg = bearing of the item's LONG side in world, counter-clockwise from +X, in [0,180). Place by this, not by yaw. yaw_deg is the MuJoCo local-frame rotation and its meaning differs between bricks (long side on local X) and blocks (long side on local Y).","every bar uses the wall_10/wall_11 ArUco mounting; wall_9 is excluded (tag rotated 90 deg, 19.0 cm not 19.5)"
med_050,med,hmax2,brick,wall_11,37.9,36.7,142.1,19.5,5.5,10.0,2,38.9,23.2,0.0,6.8,54.0,0.0667,120,needs_2_chain,0,8,24,6,30,"long_axis_bearing_deg = bearing of the item's LONG side in world, counter-clockwise from +X, in [0,180). Place by this, not by yaw. yaw_deg is the MuJoCo local-frame rotation and its meaning differs between bricks (long side on local X) and blocks (long side on local Y).","every bar uses the wall_10/wall_11 ArUco mounting; wall_9 is excluded (tag rotated 90 deg, 19.0 cm not 19.5)"
med_050,med,hmax2,block,obj_1,10.8,34.6,133.2,15.0,7.0,4.0,2,38.9,23.2,0.0,6.8,54.0,0.0667,120,needs_2_chain,0,8,24,6,30,"long_axis_bearing_deg = bearing of the item's LONG side in world, counter-clockwise from +X, in [0,180). Place by this, not by yaw. yaw_deg is the MuJoCo local-frame rotation and its meaning differs between bricks (long side on local X) and blocks (long side on local Y).","every bar uses the wall_10/wall_11 ArUco mounting; wall_9 is excluded (tag rotated 90 deg, 19.0 cm not 19.5)"
med_051,med,hmax2,brick,wall_10,38.9,36.5,168.5,19.5,5.5,10.0,2,25.1,16.1,0.0,40.6,60.7,0.0667,150,needs_2_chain,0,10,30,4,26,"long_axis_bearing_deg = bearing of the item's LONG side in world, counter-clockwise from +X, in [0,180). Place by this, not by yaw. yaw_deg is the MuJoCo local-frame rotation and its meaning differs between bricks (long side on local X) and blocks (long side on local Y).","every bar uses the wall_10/wall_11 ArUco mounting; wall_9 is excluded (tag rotated 90 deg, 19.0 cm not 19.5)"
med_051,med,hmax2,brick,wall_11,13.7,48.4,72.8,19.5,5.5,10.0,2,25.1,16.1,0.0,40.6,60.7,0.0667,150,needs_2_chain,0,10,30,4,26,"long_axis_bearing_deg = bearing of the item's LONG side in world, counter-clockwise from +X, in [0,180). Place by this, not by yaw. yaw_deg is the MuJoCo local-frame rotation and its meaning differs between bricks (long side on local X) and blocks (long side on local Y).","every bar uses the wall_10/wall_11 ArUco mounting; wall_9 is excluded (tag rotated 90 deg, 19.0 cm not 19.5)"
med_051,med,hmax2,block,obj_4,19.0,33.2,20.7,12.0,7.5,5.0,2,25.1,16.1,0.0,40.6,60.7,0.0667,150,needs_2_chain,0,10,30,4,26,"long_axis_bearing_deg = bearing of the item's LONG side in world, counter-clockwise from +X, in [0,180). Place by this, not by yaw. yaw_deg is the MuJoCo local-frame rotation and its meaning differs between bricks (long side on local X) and blocks (long side on local Y).","every bar uses the wall_10/wall_11 ArUco mounting; wall_9 is excluded (tag rotated 90 deg, 19.0 cm not 19.5)"
med_052,med,hmax2,brick,wall_10,38.9,36.0,170.0,19.5,5.5,10.0,2,32.0,14.3,0.0,34.5,68.8,0.0692,130,needs_2_chain,0,9,26,1,33,"long_axis_bearing_deg = bearing of the item's LONG side in world, counter-clockwise from +X, in [0,180). Place by this, not by yaw. yaw_deg is the MuJoCo local-frame rotation and its meaning differs between bricks (long side on local X) and blocks (long side on local Y).","every bar uses the wall_10/wall_11 ArUco mounting; wall_9 is excluded (tag rotated 90 deg, 19.0 cm not 19.5)"
med_052,med,hmax2,brick,wall_11,14.9,47.4,70.0,19.5,5.5,10.0,2,32.0,14.3,0.0,34.5,68.8,0.0692,130,needs_2_chain,0,9,26,1,33,"long_axis_bearing_deg = bearing of the item's LONG side in world, counter-clockwise from +X, in [0,180). Place by this, not by yaw. yaw_deg is the MuJoCo local-frame rotation and its meaning differs between bricks (long side on local X) and blocks (long side on local Y).","every bar uses the wall_10/wall_11 ArUco mounting; wall_9 is excluded (tag rotated 90 deg, 19.0 cm not 19.5)"
med_052,med,hmax2,block,obj_1,19.3,35.5,34.4,15.0,7.0,4.0,2,32.0,14.3,0.0,34.5,68.8,0.0692,130,needs_2_chain,0,9,26,1,33,"long_axis_bearing_deg = bearing of the item's LONG side in world, counter-clockwise from +X, in [0,180). Place by this, not by yaw. yaw_deg is the MuJoCo local-frame rotation and its meaning differs between bricks (long side on local X) and blocks (long side on local Y).","every bar uses the wall_10/wall_11 ArUco mounting; wall_9 is excluded (tag rotated 90 deg, 19.0 cm not 19.5)"
med_053,med,hmax2,brick,wall_10,39.0,33.8,172.2,19.5,5.5,10.0,2,42.5,14.5,0.0,18.5,60.1,0.0667,150,needs_2_chain,0,10,30,6,24,"long_axis_bearing_deg = bearing of the item's LONG side in world, counter-clockwise from +X, in [0,180). Place by this, not by yaw. yaw_deg is the MuJoCo local-frame rotation and its meaning differs between bricks (long side on local X) and blocks (long side on local Y).","every bar uses the wall_10/wall_11 ArUco mounting; wall_9 is excluded (tag rotated 90 deg, 19.0 cm not 19.5)"
med_053,med,hmax2,brick,wall_11,14.1,43.5,70.1,19.5,5.5,10.0,2,42.5,14.5,0.0,18.5,60.1,0.0667,150,needs_2_chain,0,10,30,6,24,"long_axis_bearing_deg = bearing of the item's LONG side in world, counter-clockwise from +X, in [0,180). Place by this, not by yaw. yaw_deg is the MuJoCo local-frame rotation and its meaning differs between bricks (long side on local X) and blocks (long side on local Y).","every bar uses the wall_10/wall_11 ArUco mounting; wall_9 is excluded (tag rotated 90 deg, 19.0 cm not 19.5)"
med_053,med,hmax2,block,obj_4,22.7,29.2,37.3,12.0,7.5,5.0,2,42.5,14.5,0.0,18.5,60.1,0.0667,150,needs_2_chain,0,10,30,6,24,"long_axis_bearing_deg = bearing of the item's LONG side in world, counter-clockwise from +X, in [0,180). Place by this, not by yaw. yaw_deg is the MuJoCo local-frame rotation and its meaning differs between bricks (long side on local X) and blocks (long side on local Y).","every bar uses the wall_10/wall_11 ArUco mounting; wall_9 is excluded (tag rotated 90 deg, 19.0 cm not 19.5)"
med_054,med,hmax2,brick,wall_10,38.9,45.8,170.3,19.5,5.5,10.0,2,18.9,6.3,0.0,31.8,69.6,0.072,125,needs_2_chain,0,9,25,2,33,"long_axis_bearing_deg = bearing of the item's LONG side in world, counter-clockwise from +X, in [0,180). Place by this, not by yaw. yaw_deg is the MuJoCo local-frame rotation and its meaning differs between bricks (long side on local X) and blocks (long side on local Y).","every bar uses the wall_10/wall_11 ArUco mounting; wall_9 is excluded (tag rotated 90 deg, 19.0 cm not 19.5)"
med_054,med,hmax2,brick,wall_11,12.9,56.7,70.6,19.5,5.5,10.0,2,18.9,6.3,0.0,31.8,69.6,0.072,125,needs_2_chain,0,9,25,2,33,"long_axis_bearing_deg = bearing of the item's LONG side in world, counter-clockwise from +X, in [0,180). Place by this, not by yaw. yaw_deg is the MuJoCo local-frame rotation and its meaning differs between bricks (long side on local X) and blocks (long side on local Y).","every bar uses the wall_10/wall_11 ArUco mounting; wall_9 is excluded (tag rotated 90 deg, 19.0 cm not 19.5)"
med_054,med,hmax2,block,obj_1,21.9,43.4,115.7,15.0,7.0,4.0,2,18.9,6.3,0.0,31.8,69.6,0.072,125,needs_2_chain,0,9,25,2,33,"long_axis_bearing_deg = bearing of the item's LONG side in world, counter-clockwise from +X, in [0,180). Place by this, not by yaw. yaw_deg is the MuJoCo local-frame rotation and its meaning differs between bricks (long side on local X) and blocks (long side on local Y).","every bar uses the wall_10/wall_11 ArUco mounting; wall_9 is excluded (tag rotated 90 deg, 19.0 cm not 19.5)"
med_055,med,hmax2,brick,wall_10,39.2,38.3,0.5,19.5,5.5,10.0,2,26.1,11.9,0.0,24.8,62.6,0.0667,105,needs_2_chain,0,7,20,6,34,"long_axis_bearing_deg = bearing of the item's LONG side in world, counter-clockwise from +X, in [0,180). Place by this, not by yaw. yaw_deg is the MuJoCo local-frame rotation and its meaning differs between bricks (long side on local X) and blocks (long side on local Y).","every bar uses the wall_10/wall_11 ArUco mounting; wall_9 is excluded (tag rotated 90 deg, 19.0 cm not 19.5)"
med_055,med,hmax2,brick,wall_11,13.9,44.4,70.2,19.5,5.5,10.0,2,26.1,11.9,0.0,24.8,62.6,0.0667,105,needs_2_chain,0,7,20,6,34,"long_axis_bearing_deg = bearing of the item's LONG side in world, counter-clockwise from +X, in [0,180). Place by this, not by yaw. yaw_deg is the MuJoCo local-frame rotation and its meaning differs between bricks (long side on local X) and blocks (long side on local Y).","every bar uses the wall_10/wall_11 ArUco mounting; wall_9 is excluded (tag rotated 90 deg, 19.0 cm not 19.5)"
med_055,med,hmax2,block,obj_4,22.6,33.7,12.9,12.0,7.5,5.0,2,26.1,11.9,0.0,24.8,62.6,0.0667,105,needs_2_chain,0,7,20,6,34,"long_axis_bearing_deg = bearing of the item's LONG side in world, counter-clockwise from +X, in [0,180). Place by this, not by yaw. yaw_deg is the MuJoCo local-frame rotation and its meaning differs between bricks (long side on local X) and blocks (long side on local Y).","every bar uses the wall_10/wall_11 ArUco mounting; wall_9 is excluded (tag rotated 90 deg, 19.0 cm not 19.5)"
med_056,med,hmax2,brick,wall_10,39.0,45.9,174.0,19.5,5.5,10.0,2,14.2,17.1,0.0,28.2,60.2,0.072,125,needs_2_chain,0,9,25,2,33,"long_axis_bearing_deg = bearing of the item's LONG side in world, counter-clockwise from +X, in [0,180). Place by this, not by yaw. yaw_deg is the MuJoCo local-frame rotation and its meaning differs between bricks (long side on local X) and blocks (long side on local Y).","every bar uses the wall_10/wall_11 ArUco mounting; wall_9 is excluded (tag rotated 90 deg, 19.0 cm not 19.5)"
med_056,med,hmax2,brick,wall_11,14.0,57.2,70.3,19.5,5.5,10.0,2,14.2,17.1,0.0,28.2,60.2,0.072,125,needs_2_chain,0,9,25,2,33,"long_axis_bearing_deg = bearing of the item's LONG side in world, counter-clockwise from +X, in [0,180). Place by this, not by yaw. yaw_deg is the MuJoCo local-frame rotation and its meaning differs between bricks (long side on local X) and blocks (long side on local Y).","every bar uses the wall_10/wall_11 ArUco mounting; wall_9 is excluded (tag rotated 90 deg, 19.0 cm not 19.5)"
med_056,med,hmax2,block,obj_1,22.3,44.4,120.6,15.0,7.0,4.0,2,14.2,17.1,0.0,28.2,60.2,0.072,125,needs_2_chain,0,9,25,2,33,"long_axis_bearing_deg = bearing of the item's LONG side in world, counter-clockwise from +X, in [0,180). Place by this, not by yaw. yaw_deg is the MuJoCo local-frame rotation and its meaning differs between bricks (long side on local X) and blocks (long side on local Y).","every bar uses the wall_10/wall_11 ArUco mounting; wall_9 is excluded (tag rotated 90 deg, 19.0 cm not 19.5)"
med_057,med,hmax2,brick,wall_10,38.9,47.1,169.9,19.5,5.5,10.0,2,41.2,8.1,0.0,33.8,63.8,0.0667,150,needs_2_chain,0,10,30,5,25,"long_axis_bearing_deg = bearing of the item's LONG side in world, counter-clockwise from +X, in [0,180). Place by this, not by yaw. yaw_deg is the MuJoCo local-frame rotation and its meaning differs between bricks (long side on local X) and blocks (long side on local Y).","every bar uses the wall_10/wall_11 ArUco mounting; wall_9 is excluded (tag rotated 90 deg, 19.0 cm not 19.5)"
med_057,med,hmax2,brick,wall_11,14.6,58.7,75.5,19.5,5.5,10.0,2,41.2,8.1,0.0,33.8,63.8,0.0667,150,needs_2_chain,0,10,30,5,25,"long_axis_bearing_deg = bearing of the item's LONG side in world, counter-clockwise from +X, in [0,180). Place by this, not by yaw. yaw_deg is the MuJoCo local-frame rotation and its meaning differs between bricks (long side on local X) and blocks (long side on local Y).","every bar uses the wall_10/wall_11 ArUco mounting; wall_9 is excluded (tag rotated 90 deg, 19.0 cm not 19.5)"
med_057,med,hmax2,block,obj_4,20.0,42.1,19.8,12.0,7.5,5.0,2,41.2,8.1,0.0,33.8,63.8,0.0667,150,needs_2_chain,0,10,30,5,25,"long_axis_bearing_deg = bearing of the item's LONG side in world, counter-clockwise from +X, in [0,180). Place by this, not by yaw. yaw_deg is the MuJoCo local-frame rotation and its meaning differs between bricks (long side on local X) and blocks (long side on local Y).","every bar uses the wall_10/wall_11 ArUco mounting; wall_9 is excluded (tag rotated 90 deg, 19.0 cm not 19.5)"
med_058,med,hmax2,brick,wall_10,27.4,46.0,168.9,19.5,5.5,10.0,2,35.2,17.9,0.0,7.9,63.8,0.072,125,needs_2_chain,0,9,25,6,29,"long_axis_bearing_deg = bearing of the item's LONG side in world, counter-clockwise from +X, in [0,180). Place by this, not by yaw. yaw_deg is the MuJoCo local-frame rotation and its meaning differs between bricks (long side on local X) and blocks (long side on local Y).","every bar uses the wall_10/wall_11 ArUco mounting; wall_9 is excluded (tag rotated 90 deg, 19.0 cm not 19.5)"
med_058,med,hmax2,brick,wall_11,30.2,53.8,167.8,19.5,5.5,10.0,2,35.2,17.9,0.0,7.9,63.8,0.072,125,needs_2_chain,0,9,25,6,29,"long_axis_bearing_deg = bearing of the item's LONG side in world, counter-clockwise from +X, in [0,180). Place by this, not by yaw. yaw_deg is the MuJoCo local-frame rotation and its meaning differs between bricks (long side on local X) and blocks (long side on local Y).","every bar uses the wall_10/wall_11 ArUco mounting; wall_9 is excluded (tag rotated 90 deg, 19.0 cm not 19.5)"
med_058,med,hmax2,block,obj_1,10.8,43.2,146.8,15.0,7.0,4.0,2,35.2,17.9,0.0,7.9,63.8,0.072,125,needs_2_chain,0,9,25,6,29,"long_axis_bearing_deg = bearing of the item's LONG side in world, counter-clockwise from +X, in [0,180). Place by this, not by yaw. yaw_deg is the MuJoCo local-frame rotation and its meaning differs between bricks (long side on local X) and blocks (long side on local Y).","every bar uses the wall_10/wall_11 ArUco mounting; wall_9 is excluded (tag rotated 90 deg, 19.0 cm not 19.5)"
med_059,med,hmax2,brick,wall_10,39.1,46.1,4.3,19.5,5.5,10.0,2,13.7,29.5,0.0,34.1,60.3,0.0733,150,needs_2_chain,0,11,30,6,24,"long_axis_bearing_deg = bearing of the item's LONG side in world, counter-clockwise from +X, in [0,180). Place by this, not by yaw. yaw_deg is the MuJoCo local-frame rotation and its meaning differs between bricks (long side on local X) and blocks (long side on local Y).","every bar uses the wall_10/wall_11 ArUco mounting; wall_9 is excluded (tag rotated 90 deg, 19.0 cm not 19.5)"
med_059,med,hmax2,brick,wall_11,15.1,58.7,78.3,19.5,5.5,10.0,2,13.7,29.5,0.0,34.1,60.3,0.0733,150,needs_2_chain,0,11,30,6,24,"long_axis_bearing_deg = bearing of the item's LONG side in world, counter-clockwise from +X, in [0,180). Place by this, not by yaw. yaw_deg is the MuJoCo local-frame rotation and its meaning differs between bricks (long side on local X) and blocks (long side on local Y).","every bar uses the wall_10/wall_11 ArUco mounting; wall_9 is excluded (tag rotated 90 deg, 19.0 cm not 19.5)"
med_059,med,hmax2,block,obj_4,19.2,41.8,126.1,12.0,7.5,5.0,2,13.7,29.5,0.0,34.1,60.3,0.0733,150,needs_2_chain,0,11,30,6,24,"long_axis_bearing_deg = bearing of the item's LONG side in world, counter-clockwise from +X, in [0,180). Place by this, not by yaw. yaw_deg is the MuJoCo local-frame rotation and its meaning differs between bricks (long side on local X) and blocks (long side on local Y).","every bar uses the wall_10/wall_11 ArUco mounting; wall_9 is excluded (tag rotated 90 deg, 19.0 cm not 19.5)"
med_060,med,hmax2,brick,wall_10,11.5,43.2,166.6,19.5,5.5,10.0,2,29.3,29.5,0.0,34.0,54.7,0.0769,130,needs_2_chain,0,10,26,6,28,"long_axis_bearing_deg = bearing of the item's LONG side in world, counter-clockwise from +X, in [0,180). Place by this, not by yaw. yaw_deg is the MuJoCo local-frame rotation and its meaning differs between bricks (long side on local X) and blocks (long side on local Y).","every bar uses the wall_10/wall_11 ArUco mounting; wall_9 is excluded (tag rotated 90 deg, 19.0 cm not 19.5)"
med_060,med,hmax2,brick,wall_11,23.2,47.6,142.0,19.5,5.5,10.0,2,29.3,29.5,0.0,34.0,54.7,0.0769,130,needs_2_chain,0,10,26,6,28,"long_axis_bearing_deg = bearing of the item's LONG side in world, counter-clockwise from +X, in [0,180). Place by this, not by yaw. yaw_deg is the MuJoCo local-frame rotation and its meaning differs between bricks (long side on local X) and blocks (long side on local Y).","every bar uses the wall_10/wall_11 ArUco mounting; wall_9 is excluded (tag rotated 90 deg, 19.0 cm not 19.5)"
med_060,med,hmax2,block,obj_1,37.4,39.5,37.2,15.0,7.0,4.0,2,29.3,29.5,0.0,34.0,54.7,0.0769,130,needs_2_chain,0,10,26,6,28,"long_axis_bearing_deg = bearing of the item's LONG side in world, counter-clockwise from +X, in [0,180). Place by this, not by yaw. yaw_deg is the MuJoCo local-frame rotation and its meaning differs between bricks (long side on local X) and blocks (long side on local Y).","every bar uses the wall_10/wall_11 ArUco mounting; wall_9 is excluded (tag rotated 90 deg, 19.0 cm not 19.5)"
med_061,med,hmax2,brick,wall_10,24.9,47.4,28.9,19.5,5.5,10.0,2,15.0,17.8,0.0,28.2,61.3,0.075,120,needs_2_chain,0,9,25,4,31,"long_axis_bearing_deg = bearing of the item's LONG side in world, counter-clockwise from +X, in [0,180). Place by this, not by yaw. yaw_deg is the MuJoCo local-frame rotation and its meaning differs between bricks (long side on local X) and blocks (long side on local Y).","every bar uses the wall_10/wall_11 ArUco mounting; wall_9 is excluded (tag rotated 90 deg, 19.0 cm not 19.5)"
med_061,med,hmax2,brick,wall_11,38.3,41.3,167.3,19.5,5.5,10.0,2,15.0,17.8,0.0,28.2,61.3,0.075,120,needs_2_chain,0,9,25,4,31,"long_axis_bearing_deg = bearing of the item's LONG side in world, counter-clockwise from +X, in [0,180). Place by this, not by yaw. yaw_deg is the MuJoCo local-frame rotation and its meaning differs between bricks (long side on local X) and blocks (long side on local Y).","every bar uses the wall_10/wall_11 ArUco mounting; wall_9 is excluded (tag rotated 90 deg, 19.0 cm not 19.5)"
med_061,med,hmax2,block,obj_4,10.2,40.2,146.3,12.0,7.5,5.0,2,15.0,17.8,0.0,28.2,61.3,0.075,120,needs_2_chain,0,9,25,4,31,"long_axis_bearing_deg = bearing of the item's LONG side in world, counter-clockwise from +X, in [0,180). Place by this, not by yaw. yaw_deg is the MuJoCo local-frame rotation and its meaning differs between bricks (long side on local X) and blocks (long side on local Y).","every bar uses the wall_10/wall_11 ArUco mounting; wall_9 is excluded (tag rotated 90 deg, 19.0 cm not 19.5)"
med_062,med,hmax2,brick,wall_10,38.9,43.5,169.4,19.5,5.5,10.0,2,19.8,22.5,0.0,25.8,66.5,0.0786,140,needs_2_chain,0,11,28,6,26,"long_axis_bearing_deg = bearing of the item's LONG side in world, counter-clockwise from +X, in [0,180). Place by this, not by yaw. yaw_deg is the MuJoCo local-frame rotation and its meaning differs between bricks (long side on local X) and blocks (long side on local Y).","every bar uses the wall_10/wall_11 ArUco mounting; wall_9 is excluded (tag rotated 90 deg, 19.0 cm not 19.5)"
med_062,med,hmax2,brick,wall_11,13.5,53.4,72.2,19.5,5.5,10.0,2,19.8,22.5,0.0,25.8,66.5,0.0786,140,needs_2_chain,0,11,28,6,26,"long_axis_bearing_deg = bearing of the item's LONG side in world, counter-clockwise from +X, in [0,180). Place by this, not by yaw. yaw_deg is the MuJoCo local-frame rotation and its meaning differs between bricks (long side on local X) and blocks (long side on local Y).","every bar uses the wall_10/wall_11 ArUco mounting; wall_9 is excluded (tag rotated 90 deg, 19.0 cm not 19.5)"
med_062,med,hmax2,block,obj_1,23.9,39.1,158.0,15.0,7.0,4.0,2,19.8,22.5,0.0,25.8,66.5,0.0786,140,needs_2_chain,0,11,28,6,26,"long_axis_bearing_deg = bearing of the item's LONG side in world, counter-clockwise from +X, in [0,180). Place by this, not by yaw. yaw_deg is the MuJoCo local-frame rotation and its meaning differs between bricks (long side on local X) and blocks (long side on local Y).","every bar uses the wall_10/wall_11 ArUco mounting; wall_9 is excluded (tag rotated 90 deg, 19.0 cm not 19.5)"
med_063,med,hmax2,brick,wall_10,38.9,41.7,170.9,19.5,5.5,10.0,2,42.5,15.1,0.0,33.3,61.4,0.0762,105,needs_2_chain,0,8,20,5,35,"long_axis_bearing_deg = bearing of the item's LONG side in world, counter-clockwise from +X, in [0,180). Place by this, not by yaw. yaw_deg is the MuJoCo local-frame rotation and its meaning differs between bricks (long side on local X) and blocks (long side on local Y).","every bar uses the wall_10/wall_11 ArUco mounting; wall_9 is excluded (tag rotated 90 deg, 19.0 cm not 19.5)"
med_063,med,hmax2,brick,wall_11,14.4,47.8,72.2,19.5,5.5,10.0,2,42.5,15.1,0.0,33.3,61.4,0.0762,105,needs_2_chain,0,8,20,5,35,"long_axis_bearing_deg = bearing of the item's LONG side in world, counter-clockwise from +X, in [0,180). Place by this, not by yaw. yaw_deg is the MuJoCo local-frame rotation and its meaning differs between bricks (long side on local X) and blocks (long side on local Y).","every bar uses the wall_10/wall_11 ArUco mounting; wall_9 is excluded (tag rotated 90 deg, 19.0 cm not 19.5)"
med_063,med,hmax2,block,obj_4,24.0,38.3,108.3,12.0,7.5,5.0,2,42.5,15.1,0.0,33.3,61.4,0.0762,105,needs_2_chain,0,8,20,5,35,"long_axis_bearing_deg = bearing of the item's LONG side in world, counter-clockwise from +X, in [0,180). Place by this, not by yaw. yaw_deg is the MuJoCo local-frame rotation and its meaning differs between bricks (long side on local X) and blocks (long side on local Y).","every bar uses the wall_10/wall_11 ArUco mounting; wall_9 is excluded (tag rotated 90 deg, 19.0 cm not 19.5)"
med_064,med,hmax2,brick,wall_10,39.0,32.2,172.7,19.5,5.5,10.0,2,40.7,15.5,0.0,25.0,53.3,0.08,125,needs_2_chain,0,10,25,2,33,"long_axis_bearing_deg = bearing of the item's LONG side in world, counter-clockwise from +X, in [0,180). Place by this, not by yaw. yaw_deg is the MuJoCo local-frame rotation and its meaning differs between bricks (long side on local X) and blocks (long side on local Y).","every bar uses the wall_10/wall_11 ArUco mounting; wall_9 is excluded (tag rotated 90 deg, 19.0 cm not 19.5)"
med_064,med,hmax2,brick,wall_11,14.0,39.1,72.5,19.5,5.5,10.0,2,40.7,15.5,0.0,25.0,53.3,0.08,125,needs_2_chain,0,10,25,2,33,"long_axis_bearing_deg = bearing of the item's LONG side in world, counter-clockwise from +X, in [0,180). Place by this, not by yaw. yaw_deg is the MuJoCo local-frame rotation and its meaning differs between bricks (long side on local X) and blocks (long side on local Y).","every bar uses the wall_10/wall_11 ArUco mounting; wall_9 is excluded (tag rotated 90 deg, 19.0 cm not 19.5)"
med_064,med,hmax2,block,obj_1,24.0,28.5,114.2,15.0,7.0,4.0,2,40.7,15.5,0.0,25.0,53.3,0.08,125,needs_2_chain,0,10,25,2,33,"long_axis_bearing_deg = bearing of the item's LONG side in world, counter-clockwise from +X, in [0,180). Place by this, not by yaw. yaw_deg is the MuJoCo local-frame rotation and its meaning differs between bricks (long side on local X) and blocks (long side on local Y).","every bar uses the wall_10/wall_11 ArUco mounting; wall_9 is excluded (tag rotated 90 deg, 19.0 cm not 19.5)"
med_065,med,hmax2,brick,wall_10,15.6,40.8,140.0,19.5,5.5,10.0,2,21.4,8.5,0.0,9.3,58.9,0.0786,140,needs_2_chain,0,11,27,3,30,"long_axis_bearing_deg = bearing of the item's LONG side in world, counter-clockwise from +X, in [0,180). Place by this, not by yaw. yaw_deg is the MuJoCo local-frame rotation and its meaning differs between bricks (long side on local X) and blocks (long side on local Y).","every bar uses the wall_10/wall_11 ArUco mounting; wall_9 is excluded (tag rotated 90 deg, 19.0 cm not 19.5)"
med_065,med,hmax2,brick,wall_11,38.8,45.3,142.8,19.5,5.5,10.0,2,21.4,8.5,0.0,9.3,58.9,0.0786,140,needs_2_chain,0,11,27,3,30,"long_axis_bearing_deg = bearing of the item's LONG side in world, counter-clockwise from +X, in [0,180). Place by this, not by yaw. yaw_deg is the MuJoCo local-frame rotation and its meaning differs between bricks (long side on local X) and blocks (long side on local Y).","every bar uses the wall_10/wall_11 ArUco mounting; wall_9 is excluded (tag rotated 90 deg, 19.0 cm not 19.5)"
med_065,med,hmax2,block,obj_4,31.0,35.0,65.7,12.0,7.5,5.0,2,21.4,8.5,0.0,9.3,58.9,0.0786,140,needs_2_chain,0,11,27,3,30,"long_axis_bearing_deg = bearing of the item's LONG side in world, counter-clockwise from +X, in [0,180). Place by this, not by yaw. yaw_deg is the MuJoCo local-frame rotation and its meaning differs between bricks (long side on local X) and blocks (long side on local Y).","every bar uses the wall_10/wall_11 ArUco mounting; wall_9 is excluded (tag rotated 90 deg, 19.0 cm not 19.5)"
med_066,med,hmax2,brick,wall_10,38.9,42.7,9.2,19.5,5.5,10.0,2,15.0,17.3,0.0,33.0,59.9,0.0867,150,needs_2_chain,0,13,30,7,23,"long_axis_bearing_deg = bearing of the item's LONG side in world, counter-clockwise from +X, in [0,180). Place by this, not by yaw. yaw_deg is the MuJoCo local-frame rotation and its meaning differs between bricks (long side on local X) and blocks (long side on local Y).","every bar uses the wall_10/wall_11 ArUco mounting; wall_9 is excluded (tag rotated 90 deg, 19.0 cm not 19.5)"
med_066,med,hmax2,brick,wall_11,13.4,55.0,73.8,19.5,5.5,10.0,2,15.0,17.3,0.0,33.0,59.9,0.0867,150,needs_2_chain,0,13,30,7,23,"long_axis_bearing_deg = bearing of the item's LONG side in world, counter-clockwise from +X, in [0,180). Place by this, not by yaw. yaw_deg is the MuJoCo local-frame rotation and its meaning differs between bricks (long side on local X) and blocks (long side on local Y).","every bar uses the wall_10/wall_11 ArUco mounting; wall_9 is excluded (tag rotated 90 deg, 19.0 cm not 19.5)"
med_066,med,hmax2,block,obj_1,19.8,38.8,140.0,15.0,7.0,4.0,2,15.0,17.3,0.0,33.0,59.9,0.0867,150,needs_2_chain,0,13,30,7,23,"long_axis_bearing_deg = bearing of the item's LONG side in world, counter-clockwise from +X, in [0,180). Place by this, not by yaw. yaw_deg is the MuJoCo local-frame rotation and its meaning differs between bricks (long side on local X) and blocks (long side on local Y).","every bar uses the wall_10/wall_11 ArUco mounting; wall_9 is excluded (tag rotated 90 deg, 19.0 cm not 19.5)"
med_067,med,hmax2,brick,wall_10,38.9,38.6,168.7,19.5,5.5,10.0,2,24.3,19.0,0.0,37.5,61.6,0.08,100,needs_2_chain,0,8,21,2,37,"long_axis_bearing_deg = bearing of the item's LONG side in world, counter-clockwise from +X, in [0,180). Place by this, not by yaw. yaw_deg is the MuJoCo local-frame rotation and its meaning differs between bricks (long side on local X) and blocks (long side on local Y).","every bar uses the wall_10/wall_11 ArUco mounting; wall_9 is excluded (tag rotated 90 deg, 19.0 cm not 19.5)"
med_067,med,hmax2,brick,wall_11,12.9,47.5,74.3,19.5,5.5,10.0,2,24.3,19.0,0.0,37.5,61.6,0.08,100,needs_2_chain,0,8,21,2,37,"long_axis_bearing_deg = bearing of the item's LONG side in world, counter-clockwise from +X, in [0,180). Place by this, not by yaw. yaw_deg is the MuJoCo local-frame rotation and its meaning differs between bricks (long side on local X) and blocks (long side on local Y).","every bar uses the wall_10/wall_11 ArUco mounting; wall_9 is excluded (tag rotated 90 deg, 19.0 cm not 19.5)"
med_067,med,hmax2,block,obj_4,22.2,39.5,122.8,12.0,7.5,5.0,2,24.3,19.0,0.0,37.5,61.6,0.08,100,needs_2_chain,0,8,21,2,37,"long_axis_bearing_deg = bearing of the item's LONG side in world, counter-clockwise from +X, in [0,180). Place by this, not by yaw. yaw_deg is the MuJoCo local-frame rotation and its meaning differs between bricks (long side on local X) and blocks (long side on local Y).","every bar uses the wall_10/wall_11 ArUco mounting; wall_9 is excluded (tag rotated 90 deg, 19.0 cm not 19.5)"
med_068,med,hmax2,brick,wall_10,23.4,33.9,159.9,19.5,5.5,10.0,2,11.5,7.6,0.0,9.9,57.3,0.0917,120,needs_2_chain,0,11,24,8,28,"long_axis_bearing_deg = bearing of the item's LONG side in world, counter-clockwise from +X, in [0,180). Place by this, not by yaw. yaw_deg is the MuJoCo local-frame rotation and its meaning differs between bricks (long side on local X) and blocks (long side on local Y).","every bar uses the wall_10/wall_11 ArUco mounting; wall_9 is excluded (tag rotated 90 deg, 19.0 cm not 19.5)"
med_068,med,hmax2,brick,wall_11,38.7,32.3,131.5,19.5,5.5,10.0,2,11.5,7.6,0.0,9.9,57.3,0.0917,120,needs_2_chain,0,11,24,8,28,"long_axis_bearing_deg = bearing of the item's LONG side in world, counter-clockwise from +X, in [0,180). Place by this, not by yaw. yaw_deg is the MuJoCo local-frame rotation and its meaning differs between bricks (long side on local X) and blocks (long side on local Y).","every bar uses the wall_10/wall_11 ArUco mounting; wall_9 is excluded (tag rotated 90 deg, 19.0 cm not 19.5)"
med_068,med,hmax2,block,obj_1,11.3,30.3,127.2,15.0,7.0,4.0,2,11.5,7.6,0.0,9.9,57.3,0.0917,120,needs_2_chain,0,11,24,8,28,"long_axis_bearing_deg = bearing of the item's LONG side in world, counter-clockwise from +X, in [0,180). Place by this, not by yaw. yaw_deg is the MuJoCo local-frame rotation and its meaning differs between bricks (long side on local X) and blocks (long side on local Y).","every bar uses the wall_10/wall_11 ArUco mounting; wall_9 is excluded (tag rotated 90 deg, 19.0 cm not 19.5)"
med_069,med,hmax2,brick,wall_10,9.9,35.8,3.5,19.5,5.5,10.0,2,15.9,6.6,0.0,34.5,65.5,0.08,150,needs_2_chain,0,12,30,5,25,"long_axis_bearing_deg = bearing of the item's LONG side in world, counter-clockwise from +X, in [0,180). Place by this, not by yaw. yaw_deg is the MuJoCo local-frame rotation and its meaning differs between bricks (long side on local X) and blocks (long side on local Y).","every bar uses the wall_10/wall_11 ArUco mounting; wall_9 is excluded (tag rotated 90 deg, 19.0 cm not 19.5)"
med_069,med,hmax2,brick,wall_11,34.7,46.1,106.6,19.5,5.5,10.0,2,15.9,6.6,0.0,34.5,65.5,0.08,150,needs_2_chain,0,12,30,5,25,"long_axis_bearing_deg = bearing of the item's LONG side in world, counter-clockwise from +X, in [0,180). Place by this, not by yaw. yaw_deg is the MuJoCo local-frame rotation and its meaning differs between bricks (long side on local X) and blocks (long side on local Y).","every bar uses the wall_10/wall_11 ArUco mounting; wall_9 is excluded (tag rotated 90 deg, 19.0 cm not 19.5)"
med_069,med,hmax2,block,obj_4,28.1,32.2,155.6,12.0,7.5,5.0,2,15.9,6.6,0.0,34.5,65.5,0.08,150,needs_2_chain,0,12,30,5,25,"long_axis_bearing_deg = bearing of the item's LONG side in world, counter-clockwise from +X, in [0,180). Place by this, not by yaw. yaw_deg is the MuJoCo local-frame rotation and its meaning differs between bricks (long side on local X) and blocks (long side on local Y).","every bar uses the wall_10/wall_11 ArUco mounting; wall_9 is excluded (tag rotated 90 deg, 19.0 cm not 19.5)"
med_070,med,hmax2,brick,wall_10,22.7,41.4,11.6,19.5,5.5,10.0,2,41.3,20.4,0.0,19.8,56.8,0.0966,145,needs_2_chain,0,14,29,8,23,"long_axis_bearing_deg = bearing of the item's LONG side in world, counter-clockwise from +X, in [0,180). Place by this, not by yaw. yaw_deg is the MuJoCo local-frame rotation and its meaning differs between bricks (long side on local X) and blocks (long side on local Y).","every bar uses the wall_10/wall_11 ArUco mounting; wall_9 is excluded (tag rotated 90 deg, 19.0 cm not 19.5)"
med_070,med,hmax2,brick,wall_11,36.0,37.7,14.2,19.5,5.5,10.0,2,41.3,20.4,0.0,19.8,56.8,0.0966,145,needs_2_chain,0,14,29,8,23,"long_axis_bearing_deg = bearing of the item's LONG side in world, counter-clockwise from +X, in [0,180). Place by this, not by yaw. yaw_deg is the MuJoCo local-frame rotation and its meaning differs between bricks (long side on local X) and blocks (long side on local Y).","every bar uses the wall_10/wall_11 ArUco mounting; wall_9 is excluded (tag rotated 90 deg, 19.0 cm not 19.5)"
med_070,med,hmax2,block,obj_1,11.2,31.5,125.2,15.0,7.0,4.0,2,41.3,20.4,0.0,19.8,56.8,0.0966,145,needs_2_chain,0,14,29,8,23,"long_axis_bearing_deg = bearing of the item's LONG side in world, counter-clockwise from +X, in [0,180). Place by this, not by yaw. yaw_deg is the MuJoCo local-frame rotation and its meaning differs between bricks (long side on local X) and blocks (long side on local Y).","every bar uses the wall_10/wall_11 ArUco mounting; wall_9 is excluded (tag rotated 90 deg, 19.0 cm not 19.5)"
med_071,med,hmax2,brick,wall_10,39.2,34.1,1.0,19.5,5.5,10.0,2,8.1,8.3,0.0,25.8,52.7,0.08,150,needs_2_chain,0,12,30,1,29,"long_axis_bearing_deg = bearing of the item's LONG side in world, counter-clockwise from +X, in [0,180). Place by this, not by yaw. yaw_deg is the MuJoCo local-frame rotation and its meaning differs between bricks (long side on local X) and blocks (long side on local Y).","every bar uses the wall_10/wall_11 ArUco mounting; wall_9 is excluded (tag rotated 90 deg, 19.0 cm not 19.5)"
med_071,med,hmax2,brick,wall_11,13.5,40.8,75.8,19.5,5.5,10.0,2,8.1,8.3,0.0,25.8,52.7,0.08,150,needs_2_chain,0,12,30,1,29,"long_axis_bearing_deg = bearing of the item's LONG side in world, counter-clockwise from +X, in [0,180). Place by this, not by yaw. yaw_deg is the MuJoCo local-frame rotation and its meaning differs between bricks (long side on local X) and blocks (long side on local Y).","every bar uses the wall_10/wall_11 ArUco mounting; wall_9 is excluded (tag rotated 90 deg, 19.0 cm not 19.5)"
med_071,med,hmax2,block,obj_4,19.6,29.3,39.8,12.0,7.5,5.0,2,8.1,8.3,0.0,25.8,52.7,0.08,150,needs_2_chain,0,12,30,1,29,"long_axis_bearing_deg = bearing of the item's LONG side in world, counter-clockwise from +X, in [0,180). Place by this, not by yaw. yaw_deg is the MuJoCo local-frame rotation and its meaning differs between bricks (long side on local X) and blocks (long side on local Y).","every bar uses the wall_10/wall_11 ArUco mounting; wall_9 is excluded (tag rotated 90 deg, 19.0 cm not 19.5)"
med_072,med,hmax2,brick,wall_10,38.9,46.0,11.8,19.5,5.5,10.0,2,9.7,31.1,0.0,42.1,60.0,0.1,120,needs_2_chain,0,12,24,4,32,"long_axis_bearing_deg = bearing of the item's LONG side in world, counter-clockwise from +X, in [0,180). Place by this, not by yaw. yaw_deg is the MuJoCo local-frame rotation and its meaning differs between bricks (long side on local X) and blocks (long side on local Y).","every bar uses the wall_10/wall_11 ArUco mounting; wall_9 is excluded (tag rotated 90 deg, 19.0 cm not 19.5)"
med_072,med,hmax2,brick,wall_11,14.7,54.8,70.8,19.5,5.5,10.0,2,9.7,31.1,0.0,42.1,60.0,0.1,120,needs_2_chain,0,12,24,4,32,"long_axis_bearing_deg = bearing of the item's LONG side in world, counter-clockwise from +X, in [0,180). Place by this, not by yaw. yaw_deg is the MuJoCo local-frame rotation and its meaning differs between bricks (long side on local X) and blocks (long side on local Y).","every bar uses the wall_10/wall_11 ArUco mounting; wall_9 is excluded (tag rotated 90 deg, 19.0 cm not 19.5)"
med_072,med,hmax2,block,obj_1,20.7,41.7,38.0,15.0,7.0,4.0,2,9.7,31.1,0.0,42.1,60.0,0.1,120,needs_2_chain,0,12,24,4,32,"long_axis_bearing_deg = bearing of the item's LONG side in world, counter-clockwise from +X, in [0,180). Place by this, not by yaw. yaw_deg is the MuJoCo local-frame rotation and its meaning differs between bricks (long side on local X) and blocks (long side on local Y).","every bar uses the wall_10/wall_11 ArUco mounting; wall_9 is excluded (tag rotated 90 deg, 19.0 cm not 19.5)"
med_073,med,hmax2,brick,wall_10,39.0,45.9,173.3,19.5,5.5,10.0,2,31.7,15.2,0.0,26.5,62.3,0.08,150,needs_2_chain,0,12,30,1,29,"long_axis_bearing_deg = bearing of the item's LONG side in world, counter-clockwise from +X, in [0,180). Place by this, not by yaw. yaw_deg is the MuJoCo local-frame rotation and its meaning differs between bricks (long side on local X) and blocks (long side on local Y).","every bar uses the wall_10/wall_11 ArUco mounting; wall_9 is excluded (tag rotated 90 deg, 19.0 cm not 19.5)"
med_073,med,hmax2,brick,wall_11,13.6,57.3,76.1,19.5,5.5,10.0,2,31.7,15.2,0.0,26.5,62.3,0.08,150,needs_2_chain,0,12,30,1,29,"long_axis_bearing_deg = bearing of the item's LONG side in world, counter-clockwise from +X, in [0,180). Place by this, not by yaw. yaw_deg is the MuJoCo local-frame rotation and its meaning differs between bricks (long side on local X) and blocks (long side on local Y).","every bar uses the wall_10/wall_11 ArUco mounting; wall_9 is excluded (tag rotated 90 deg, 19.0 cm not 19.5)"
med_073,med,hmax2,block,obj_4,21.4,41.5,117.9,12.0,7.5,5.0,2,31.7,15.2,0.0,26.5,62.3,0.08,150,needs_2_chain,0,12,30,1,29,"long_axis_bearing_deg = bearing of the item's LONG side in world, counter-clockwise from +X, in [0,180). Place by this, not by yaw. yaw_deg is the MuJoCo local-frame rotation and its meaning differs between bricks (long side on local X) and blocks (long side on local Y).","every bar uses the wall_10/wall_11 ArUco mounting; wall_9 is excluded (tag rotated 90 deg, 19.0 cm not 19.5)"
med_074,med,hmax2,brick,wall_10,10.9,41.8,42.8,19.5,5.5,10.0,2,14.2,7.4,0.0,23.4,71.1,0.104,125,needs_2_chain,0,13,25,2,33,"long_axis_bearing_deg = bearing of the item's LONG side in world, counter-clockwise from +X, in [0,180). Place by this, not by yaw. yaw_deg is the MuJoCo local-frame rotation and its meaning differs between bricks (long side on local X) and blocks (long side on local Y).","every bar uses the wall_10/wall_11 ArUco mounting; wall_9 is excluded (tag rotated 90 deg, 19.0 cm not 19.5)"
med_074,med,hmax2,brick,wall_11,38.3,49.6,133.5,19.5,5.5,10.0,2,14.2,7.4,0.0,23.4,71.1,0.104,125,needs_2_chain,0,13,25,2,33,"long_axis_bearing_deg = bearing of the item's LONG side in world, counter-clockwise from +X, in [0,180). Place by this, not by yaw. yaw_deg is the MuJoCo local-frame rotation and its meaning differs between bricks (long side on local X) and blocks (long side on local Y).","every bar uses the wall_10/wall_11 ArUco mounting; wall_9 is excluded (tag rotated 90 deg, 19.0 cm not 19.5)"
med_074,med,hmax2,block,obj_1,28.0,43.9,81.0,15.0,7.0,4.0,2,14.2,7.4,0.0,23.4,71.1,0.104,125,needs_2_chain,0,13,25,2,33,"long_axis_bearing_deg = bearing of the item's LONG side in world, counter-clockwise from +X, in [0,180). Place by this, not by yaw. yaw_deg is the MuJoCo local-frame rotation and its meaning differs between bricks (long side on local X) and blocks (long side on local Y).","every bar uses the wall_10/wall_11 ArUco mounting; wall_9 is excluded (tag rotated 90 deg, 19.0 cm not 19.5)"
med_075,med,hmax2,brick,wall_10,10.1,37.5,11.4,19.5,5.5,10.0,2,38.2,18.6,0.0,8.0,67.3,0.0828,145,needs_2_chain,0,12,29,3,28,"long_axis_bearing_deg = bearing of the item's LONG side in world, counter-clockwise from +X, in [0,180). Place by this, not by yaw. yaw_deg is the MuJoCo local-frame rotation and its meaning differs between bricks (long side on local X) and blocks (long side on local Y).","every bar uses the wall_10/wall_11 ArUco mounting; wall_9 is excluded (tag rotated 90 deg, 19.0 cm not 19.5)"
med_075,med,hmax2,brick,wall_11,36.1,44.3,109.7,19.5,5.5,10.0,2,38.2,18.6,0.0,8.0,67.3,0.0828,145,needs_2_chain,0,12,29,3,28,"long_axis_bearing_deg = bearing of the item's LONG side in world, counter-clockwise from +X, in [0,180). Place by this, not by yaw. yaw_deg is the MuJoCo local-frame rotation and its meaning differs between bricks (long side on local X) and blocks (long side on local Y).","every bar uses the wall_10/wall_11 ArUco mounting; wall_9 is excluded (tag rotated 90 deg, 19.0 cm not 19.5)"
med_075,med,hmax2,block,obj_4,28.0,33.7,144.3,12.0,7.5,5.0,2,38.2,18.6,0.0,8.0,67.3,0.0828,145,needs_2_chain,0,12,29,3,28,"long_axis_bearing_deg = bearing of the item's LONG side in world, counter-clockwise from +X, in [0,180). Place by this, not by yaw. yaw_deg is the MuJoCo local-frame rotation and its meaning differs between bricks (long side on local X) and blocks (long side on local Y).","every bar uses the wall_10/wall_11 ArUco mounting; wall_9 is excluded (tag rotated 90 deg, 19.0 cm not 19.5)"
med_076,med,hmax2,brick,wall_10,10.0,37.5,172.3,19.5,5.5,10.0,2,39.4,18.6,0.0,19.5,59.9,0.1083,120,needs_2_chain,0,13,25,5,30,"long_axis_bearing_deg = bearing of the item's LONG side in world, counter-clockwise from +X, in [0,180). Place by this, not by yaw. yaw_deg is the MuJoCo local-frame rotation and its meaning differs between bricks (long side on local X) and blocks (long side on local Y).","every bar uses the wall_10/wall_11 ArUco mounting; wall_9 is excluded (tag rotated 90 deg, 19.0 cm not 19.5)"
med_076,med,hmax2,brick,wall_11,35.7,47.7,107.9,19.5,5.5,10.0,2,39.4,18.6,0.0,19.5,59.9,0.1083,120,needs_2_chain,0,13,25,5,30,"long_axis_bearing_deg = bearing of the item's LONG side in world, counter-clockwise from +X, in [0,180). Place by this, not by yaw. yaw_deg is the MuJoCo local-frame rotation and its meaning differs between bricks (long side on local X) and blocks (long side on local Y).","every bar uses the wall_10/wall_11 ArUco mounting; wall_9 is excluded (tag rotated 90 deg, 19.0 cm not 19.5)"
med_076,med,hmax2,block,obj_1,26.4,35.9,54.2,15.0,7.0,4.0,2,39.4,18.6,0.0,19.5,59.9,0.1083,120,needs_2_chain,0,13,25,5,30,"long_axis_bearing_deg = bearing of the item's LONG side in world, counter-clockwise from +X, in [0,180). Place by this, not by yaw. yaw_deg is the MuJoCo local-frame rotation and its meaning differs between bricks (long side on local X) and blocks (long side on local Y).","every bar uses the wall_10/wall_11 ArUco mounting; wall_9 is excluded (tag rotated 90 deg, 19.0 cm not 19.5)"
med_077,med,hmax2,brick,wall_10,23.7,40.0,159.0,19.5,5.5,10.0,2,15.5,8.4,0.0,29.8,64.0,0.0833,120,needs_2_chain,0,10,23,7,30,"long_axis_bearing_deg = bearing of the item's LONG side in world, counter-clockwise from +X, in [0,180). Place by this, not by yaw. yaw_deg is the MuJoCo local-frame rotation and its meaning differs between bricks (long side on local X) and blocks (long side on local Y).","every bar uses the wall_10/wall_11 ArUco mounting; wall_9 is excluded (tag rotated 90 deg, 19.0 cm not 19.5)"
med_077,med,hmax2,brick,wall_11,37.6,30.7,4.7,19.5,5.5,10.0,2,15.5,8.4,0.0,29.8,64.0,0.0833,120,needs_2_chain,0,10,23,7,30,"long_axis_bearing_deg = bearing of the item's LONG side in world, counter-clockwise from +X, in [0,180). Place by this, not by yaw. yaw_deg is the MuJoCo local-frame rotation and its meaning differs between bricks (long side on local X) and blocks (long side on local Y).","every bar uses the wall_10/wall_11 ArUco mounting; wall_9 is excluded (tag rotated 90 deg, 19.0 cm not 19.5)"
med_077,med,hmax2,block,obj_4,9.2,32.4,120.7,12.0,7.5,5.0,2,15.5,8.4,0.0,29.8,64.0,0.0833,120,needs_2_chain,0,10,23,7,30,"long_axis_bearing_deg = bearing of the item's LONG side in world, counter-clockwise from +X, in [0,180). Place by this, not by yaw. yaw_deg is the MuJoCo local-frame rotation and its meaning differs between bricks (long side on local X) and blocks (long side on local Y).","every bar uses the wall_10/wall_11 ArUco mounting; wall_9 is excluded (tag rotated 90 deg, 19.0 cm not 19.5)"
med_078,med,hmax2,brick,wall_10,11.6,35.1,153.9,19.5,5.5,10.0,2,13.1,9.4,0.0,6.9,61.1,0.1259,135,needs_2_chain,0,17,27,8,25,"long_axis_bearing_deg = bearing of the item's LONG side in world, counter-clockwise from +X, in [0,180). Place by this, not by yaw. yaw_deg is the MuJoCo local-frame rotation and its meaning differs between bricks (long side on local X) and blocks (long side on local Y).","every bar uses the wall_10/wall_11 ArUco mounting; wall_9 is excluded (tag rotated 90 deg, 19.0 cm not 19.5)"
med_078,med,hmax2,brick,wall_11,24.3,43.4,172.7,19.5,5.5,10.0,2,13.1,9.4,0.0,6.9,61.1,0.1259,135,needs_2_chain,0,17,27,8,25,"long_axis_bearing_deg = bearing of the item's LONG side in world, counter-clockwise from +X, in [0,180). Place by this, not by yaw. yaw_deg is the MuJoCo local-frame rotation and its meaning differs between bricks (long side on local X) and blocks (long side on local Y).","every bar uses the wall_10/wall_11 ArUco mounting; wall_9 is excluded (tag rotated 90 deg, 19.0 cm not 19.5)"
med_078,med,hmax2,block,obj_1,37.8,35.3,54.5,15.0,7.0,4.0,2,13.1,9.4,0.0,6.9,61.1,0.1259,135,needs_2_chain,0,17,27,8,25,"long_axis_bearing_deg = bearing of the item's LONG side in world, counter-clockwise from +X, in [0,180). Place by this, not by yaw. yaw_deg is the MuJoCo local-frame rotation and its meaning differs between bricks (long side on local X) and blocks (long side on local Y).","every bar uses the wall_10/wall_11 ArUco mounting; wall_9 is excluded (tag rotated 90 deg, 19.0 cm not 19.5)"
med_079,med,hmax2,brick,wall_10,39.1,38.1,177.0,19.5,5.5,10.0,2,19.5,12.9,0.0,7.5,62.6,0.0867,150,needs_2_chain,0,13,30,3,27,"long_axis_bearing_deg = bearing of the item's LONG side in world, counter-clockwise from +X, in [0,180). Place by this, not by yaw. yaw_deg is the MuJoCo local-frame rotation and its meaning differs between bricks (long side on local X) and blocks (long side on local Y).","every bar uses the wall_10/wall_11 ArUco mounting; wall_9 is excluded (tag rotated 90 deg, 19.0 cm not 19.5)"
med_079,med,hmax2,brick,wall_11,13.6,48.9,75.8,19.5,5.5,10.0,2,19.5,12.9,0.0,7.5,62.6,0.0867,150,needs_2_chain,0,13,30,3,27,"long_axis_bearing_deg = bearing of the item's LONG side in world, counter-clockwise from +X, in [0,180). Place by this, not by yaw. yaw_deg is the MuJoCo local-frame rotation and its meaning differs between bricks (long side on local X) and blocks (long side on local Y).","every bar uses the wall_10/wall_11 ArUco mounting; wall_9 is excluded (tag rotated 90 deg, 19.0 cm not 19.5)"
med_079,med,hmax2,block,obj_4,19.6,33.6,28.4,12.0,7.5,5.0,2,19.5,12.9,0.0,7.5,62.6,0.0867,150,needs_2_chain,0,13,30,3,27,"long_axis_bearing_deg = bearing of the item's LONG side in world, counter-clockwise from +X, in [0,180). Place by this, not by yaw. yaw_deg is the MuJoCo local-frame rotation and its meaning differs between bricks (long side on local X) and blocks (long side on local Y).","every bar uses the wall_10/wall_11 ArUco mounting; wall_9 is excluded (tag rotated 90 deg, 19.0 cm not 19.5)"
med_080,med,hmax2,brick,wall_10,13.0,44.6,18.8,19.5,5.5,10.0,2,27.9,22.7,0.0,29.6,58.3,0.128,125,needs_2_chain,0,16,25,9,26,"long_axis_bearing_deg = bearing of the item's LONG side in world, counter-clockwise from +X, in [0,180). Place by this, not by yaw. yaw_deg is the MuJoCo local-frame rotation and its meaning differs between bricks (long side on local X) and blocks (long side on local Y).","every bar uses the wall_10/wall_11 ArUco mounting; wall_9 is excluded (tag rotated 90 deg, 19.0 cm not 19.5)"
med_080,med,hmax2,brick,wall_11,39.0,35.7,48.8,19.5,5.5,10.0,2,27.9,22.7,0.0,29.6,58.3,0.128,125,needs_2_chain,0,16,25,9,26,"long_axis_bearing_deg = bearing of the item's LONG side in world, counter-clockwise from +X, in [0,180). Place by this, not by yaw. yaw_deg is the MuJoCo local-frame rotation and its meaning differs between bricks (long side on local X) and blocks (long side on local Y).","every bar uses the wall_10/wall_11 ArUco mounting; wall_9 is excluded (tag rotated 90 deg, 19.0 cm not 19.5)"
med_080,med,hmax2,block,obj_1,23.3,35.7,110.1,15.0,7.0,4.0,2,27.9,22.7,0.0,29.6,58.3,0.128,125,needs_2_chain,0,16,25,9,26,"long_axis_bearing_deg = bearing of the item's LONG side in world, counter-clockwise from +X, in [0,180). Place by this, not by yaw. yaw_deg is the MuJoCo local-frame rotation and its meaning differs between bricks (long side on local X) and blocks (long side on local Y).","every bar uses the wall_10/wall_11 ArUco mounting; wall_9 is excluded (tag rotated 90 deg, 19.0 cm not 19.5)"
med_081,med,hmax2,brick,wall_10,38.9,41.1,171.2,19.5,5.5,10.0,2,7.3,23.8,0.0,29.3,64.4,0.0867,150,needs_2_chain,0,13,30,4,26,"long_axis_bearing_deg = bearing of the item's LONG side in world, counter-clockwise from +X, in [0,180). Place by this, not by yaw. yaw_deg is the MuJoCo local-frame rotation and its meaning differs between bricks (long side on local X) and blocks (long side on local Y).","every bar uses the wall_10/wall_11 ArUco mounting; wall_9 is excluded (tag rotated 90 deg, 19.0 cm not 19.5)"
med_081,med,hmax2,brick,wall_11,13.1,50.6,79.8,19.5,5.5,10.0,2,7.3,23.8,0.0,29.3,64.4,0.0867,150,needs_2_chain,0,13,30,4,26,"long_axis_bearing_deg = bearing of the item's LONG side in world, counter-clockwise from +X, in [0,180). Place by this, not by yaw. yaw_deg is the MuJoCo local-frame rotation and its meaning differs between bricks (long side on local X) and blocks (long side on local Y).","every bar uses the wall_10/wall_11 ArUco mounting; wall_9 is excluded (tag rotated 90 deg, 19.0 cm not 19.5)"
med_081,med,hmax2,block,obj_4,20.9,36.9,33.3,12.0,7.5,5.0,2,7.3,23.8,0.0,29.3,64.4,0.0867,150,needs_2_chain,0,13,30,4,26,"long_axis_bearing_deg = bearing of the item's LONG side in world, counter-clockwise from +X, in [0,180). Place by this, not by yaw. yaw_deg is the MuJoCo local-frame rotation and its meaning differs between bricks (long side on local X) and blocks (long side on local Y).","every bar uses the wall_10/wall_11 ArUco mounting; wall_9 is excluded (tag rotated 90 deg, 19.0 cm not 19.5)"
med_082,med,hmax2,brick,wall_10,14.1,33.0,140.4,19.5,5.5,10.0,2,41.9,17.8,0.0,21.3,67.2,0.136,125,needs_2_chain,0,17,25,5,30,"long_axis_bearing_deg = bearing of the item's LONG side in world, counter-clockwise from +X, in [0,180). Place by this, not by yaw. yaw_deg is the MuJoCo local-frame rotation and its meaning differs between bricks (long side on local X) and blocks (long side on local Y).","every bar uses the wall_10/wall_11 ArUco mounting; wall_9 is excluded (tag rotated 90 deg, 19.0 cm not 19.5)"
med_082,med,hmax2,brick,wall_11,24.7,45.6,11.4,19.5,5.5,10.0,2,41.9,17.8,0.0,21.3,67.2,0.136,125,needs_2_chain,0,17,25,5,30,"long_axis_bearing_deg = bearing of the item's LONG side in world, counter-clockwise from +X, in [0,180). Place by this, not by yaw. yaw_deg is the MuJoCo local-frame rotation and its meaning differs between bricks (long side on local X) and blocks (long side on local Y).","every bar uses the wall_10/wall_11 ArUco mounting; wall_9 is excluded (tag rotated 90 deg, 19.0 cm not 19.5)"
med_082,med,hmax2,block,obj_1,38.4,37.4,111.6,15.0,7.0,4.0,2,41.9,17.8,0.0,21.3,67.2,0.136,125,needs_2_chain,0,17,25,5,30,"long_axis_bearing_deg = bearing of the item's LONG side in world, counter-clockwise from +X, in [0,180). Place by this, not by yaw. yaw_deg is the MuJoCo local-frame rotation and its meaning differs between bricks (long side on local X) and blocks (long side on local Y).","every bar uses the wall_10/wall_11 ArUco mounting; wall_9 is excluded (tag rotated 90 deg, 19.0 cm not 19.5)"
med_083,med,hmax2,brick,wall_10,39.0,39.3,173.7,19.5,5.5,10.0,2,35.1,6.6,0.0,41.3,70.6,0.087,115,needs_2_chain,0,10,23,0,37,"long_axis_bearing_deg = bearing of the item's LONG side in world, counter-clockwise from +X, in [0,180). Place by this, not by yaw. yaw_deg is the MuJoCo local-frame rotation and its meaning differs between bricks (long side on local X) and blocks (long side on local Y).","every bar uses the wall_10/wall_11 ArUco mounting; wall_9 is excluded (tag rotated 90 deg, 19.0 cm not 19.5)"
med_083,med,hmax2,brick,wall_11,15.1,48.0,70.5,19.5,5.5,10.0,2,35.1,6.6,0.0,41.3,70.6,0.087,115,needs_2_chain,0,10,23,0,37,"long_axis_bearing_deg = bearing of the item's LONG side in world, counter-clockwise from +X, in [0,180). Place by this, not by yaw. yaw_deg is the MuJoCo local-frame rotation and its meaning differs between bricks (long side on local X) and blocks (long side on local Y).","every bar uses the wall_10/wall_11 ArUco mounting; wall_9 is excluded (tag rotated 90 deg, 19.0 cm not 19.5)"
med_083,med,hmax2,block,obj_4,22.0,36.5,112.0,12.0,7.5,5.0,2,35.1,6.6,0.0,41.3,70.6,0.087,115,needs_2_chain,0,10,23,0,37,"long_axis_bearing_deg = bearing of the item's LONG side in world, counter-clockwise from +X, in [0,180). Place by this, not by yaw. yaw_deg is the MuJoCo local-frame rotation and its meaning differs between bricks (long side on local X) and blocks (long side on local Y).","every bar uses the wall_10/wall_11 ArUco mounting; wall_9 is excluded (tag rotated 90 deg, 19.0 cm not 19.5)"
med_084,med,hmax2,brick,wall_10,39.2,38.7,0.3,19.5,5.5,10.0,2,29.1,19.5,0.0,40.9,56.1,0.1375,160,one_push,4,18,32,3,25,"long_axis_bearing_deg = bearing of the item's LONG side in world, counter-clockwise from +X, in [0,180). Place by this, not by yaw. yaw_deg is the MuJoCo local-frame rotation and its meaning differs between bricks (long side on local X) and blocks (long side on local Y).","every bar uses the wall_10/wall_11 ArUco mounting; wall_9 is excluded (tag rotated 90 deg, 19.0 cm not 19.5)"
med_084,med,hmax2,brick,wall_11,13.6,50.9,74.5,19.5,5.5,10.0,2,29.1,19.5,0.0,40.9,56.1,0.1375,160,one_push,4,18,32,3,25,"long_axis_bearing_deg = bearing of the item's LONG side in world, counter-clockwise from +X, in [0,180). Place by this, not by yaw. yaw_deg is the MuJoCo local-frame rotation and its meaning differs between bricks (long side on local X) and blocks (long side on local Y).","every bar uses the wall_10/wall_11 ArUco mounting; wall_9 is excluded (tag rotated 90 deg, 19.0 cm not 19.5)"
med_084,med,hmax2,block,obj_1,20.3,34.1,116.0,15.0,7.0,4.0,2,29.1,19.5,0.0,40.9,56.1,0.1375,160,one_push,4,18,32,3,25,"long_axis_bearing_deg = bearing of the item's LONG side in world, counter-clockwise from +X, in [0,180). Place by this, not by yaw. yaw_deg is the MuJoCo local-frame rotation and its meaning differs between bricks (long side on local X) and blocks (long side on local Y).","every bar uses the wall_10/wall_11 ArUco mounting; wall_9 is excluded (tag rotated 90 deg, 19.0 cm not 19.5)"
med_085,med,hmax2,brick,wall_10,10.0,37.2,8.4,19.5,5.5,10.0,2,13.1,19.5,0.0,23.7,64.9,0.09,100,needs_2_chain,0,9,19,4,37,"long_axis_bearing_deg = bearing of the item's LONG side in world, counter-clockwise from +X, in [0,180). Place by this, not by yaw. yaw_deg is the MuJoCo local-frame rotation and its meaning differs between bricks (long side on local X) and blocks (long side on local Y).","every bar uses the wall_10/wall_11 ArUco mounting; wall_9 is excluded (tag rotated 90 deg, 19.0 cm not 19.5)"
med_085,med,hmax2,brick,wall_11,35.9,44.6,108.7,19.5,5.5,10.0,2,13.1,19.5,0.0,23.7,64.9,0.09,100,needs_2_chain,0,9,19,4,37,"long_axis_bearing_deg = bearing of the item's LONG side in world, counter-clockwise from +X, in [0,180). Place by this, not by yaw. yaw_deg is the MuJoCo local-frame rotation and its meaning differs between bricks (long side on local X) and blocks (long side on local Y).","every bar uses the wall_10/wall_11 ArUco mounting; wall_9 is excluded (tag rotated 90 deg, 19.0 cm not 19.5)"
med_085,med,hmax2,block,obj_4,27.3,37.7,50.8,12.0,7.5,5.0,2,13.1,19.5,0.0,23.7,64.9,0.09,100,needs_2_chain,0,9,19,4,37,"long_axis_bearing_deg = bearing of the item's LONG side in world, counter-clockwise from +X, in [0,180). Place by this, not by yaw. yaw_deg is the MuJoCo local-frame rotation and its meaning differs between bricks (long side on local X) and blocks (long side on local Y).","every bar uses the wall_10/wall_11 ArUco mounting; wall_9 is excluded (tag rotated 90 deg, 19.0 cm not 19.5)"
med_086,med,hmax2,brick,wall_10,38.9,34.2,168.3,19.5,5.5,10.0,2,36.6,8.4,0.0,34.8,61.9,0.1385,130,one_push,1,17,26,2,32,"long_axis_bearing_deg = bearing of the item's LONG side in world, counter-clockwise from +X, in [0,180). Place by this, not by yaw. yaw_deg is the MuJoCo local-frame rotation and its meaning differs between bricks (long side on local X) and blocks (long side on local Y).","every bar uses the wall_10/wall_11 ArUco mounting; wall_9 is excluded (tag rotated 90 deg, 19.0 cm not 19.5)"
med_086,med,hmax2,brick,wall_11,13.4,43.8,71.7,19.5,5.5,10.0,2,36.6,8.4,0.0,34.8,61.9,0.1385,130,one_push,1,17,26,2,32,"long_axis_bearing_deg = bearing of the item's LONG side in world, counter-clockwise from +X, in [0,180). Place by this, not by yaw. yaw_deg is the MuJoCo local-frame rotation and its meaning differs between bricks (long side on local X) and blocks (long side on local Y).","every bar uses the wall_10/wall_11 ArUco mounting; wall_9 is excluded (tag rotated 90 deg, 19.0 cm not 19.5)"
med_086,med,hmax2,block,obj_1,20.8,31.3,111.8,15.0,7.0,4.0,2,36.6,8.4,0.0,34.8,61.9,0.1385,130,one_push,1,17,26,2,32,"long_axis_bearing_deg = bearing of the item's LONG side in world, counter-clockwise from +X, in [0,180). Place by this, not by yaw. yaw_deg is the MuJoCo local-frame rotation and its meaning differs between bricks (long side on local X) and blocks (long side on local Y).","every bar uses the wall_10/wall_11 ArUco mounting; wall_9 is excluded (tag rotated 90 deg, 19.0 cm not 19.5)"
med_087,med,hmax2,brick,wall_10,10.2,47.4,22.7,19.5,5.5,10.0,2,29.4,8.7,0.0,41.7,66.1,0.0917,120,needs_2_chain,0,11,24,5,31,"long_axis_bearing_deg = bearing of the item's LONG side in world, counter-clockwise from +X, in [0,180). Place by this, not by yaw. yaw_deg is the MuJoCo local-frame rotation and its meaning differs between bricks (long side on local X) and blocks (long side on local Y).","every bar uses the wall_10/wall_11 ArUco mounting; wall_9 is excluded (tag rotated 90 deg, 19.0 cm not 19.5)"
med_087,med,hmax2,brick,wall_11,35.5,39.7,35.4,19.5,5.5,10.0,2,29.4,8.7,0.0,41.7,66.1,0.0917,120,needs_2_chain,0,11,24,5,31,"long_axis_bearing_deg = bearing of the item's LONG side in world, counter-clockwise from +X, in [0,180). Place by this, not by yaw. yaw_deg is the MuJoCo local-frame rotation and its meaning differs between bricks (long side on local X) and blocks (long side on local Y).","every bar uses the wall_10/wall_11 ArUco mounting; wall_9 is excluded (tag rotated 90 deg, 19.0 cm not 19.5)"
med_087,med,hmax2,block,obj_4,20.3,39.7,98.9,12.0,7.5,5.0,2,29.4,8.7,0.0,41.7,66.1,0.0917,120,needs_2_chain,0,11,24,5,31,"long_axis_bearing_deg = bearing of the item's LONG side in world, counter-clockwise from +X, in [0,180). Place by this, not by yaw. yaw_deg is the MuJoCo local-frame rotation and its meaning differs between bricks (long side on local X) and blocks (long side on local Y).","every bar uses the wall_10/wall_11 ArUco mounting; wall_9 is excluded (tag rotated 90 deg, 19.0 cm not 19.5)"
med_088,med,hmax2,brick,wall_10,12.4,44.4,157.8,19.5,5.5,10.0,2,23.0,14.9,0.0,17.2,70.3,0.1417,120,needs_2_chain,0,17,25,6,29,"long_axis_bearing_deg = bearing of the item's LONG side in world, counter-clockwise from +X, in [0,180). Place by this, not by yaw. yaw_deg is the MuJoCo local-frame rotation and its meaning differs between bricks (long side on local X) and blocks (long side on local Y).","every bar uses the wall_10/wall_11 ArUco mounting; wall_9 is excluded (tag rotated 90 deg, 19.0 cm not 19.5)"
med_088,med,hmax2,brick,wall_11,26.1,47.6,160.2,19.5,5.5,10.0,2,23.0,14.9,0.0,17.2,70.3,0.1417,120,needs_2_chain,0,17,25,6,29,"long_axis_bearing_deg = bearing of the item's LONG side in world, counter-clockwise from +X, in [0,180). Place by this, not by yaw. yaw_deg is the MuJoCo local-frame rotation and its meaning differs between bricks (long side on local X) and blocks (long side on local Y).","every bar uses the wall_10/wall_11 ArUco mounting; wall_9 is excluded (tag rotated 90 deg, 19.0 cm not 19.5)"
med_088,med,hmax2,block,obj_1,38.2,39.6,52.1,15.0,7.0,4.0,2,23.0,14.9,0.0,17.2,70.3,0.1417,120,needs_2_chain,0,17,25,6,29,"long_axis_bearing_deg = bearing of the item's LONG side in world, counter-clockwise from +X, in [0,180). Place by this, not by yaw. yaw_deg is the MuJoCo local-frame rotation and its meaning differs between bricks (long side on local X) and blocks (long side on local Y).","every bar uses the wall_10/wall_11 ArUco mounting; wall_9 is excluded (tag rotated 90 deg, 19.0 cm not 19.5)"
med_089,med,hmax2,brick,wall_10,9.8,42.2,1.3,19.5,5.5,10.0,2,15.7,28.1,0.0,19.0,62.9,0.0923,130,needs_2_chain,0,12,26,0,34,"long_axis_bearing_deg = bearing of the item's LONG side in world, counter-clockwise from +X, in [0,180). Place by this, not by yaw. yaw_deg is the MuJoCo local-frame rotation and its meaning differs between bricks (long side on local X) and blocks (long side on local Y).","every bar uses the wall_10/wall_11 ArUco mounting; wall_9 is excluded (tag rotated 90 deg, 19.0 cm not 19.5)"
med_089,med,hmax2,brick,wall_11,35.1,50.2,107.6,19.5,5.5,10.0,2,15.7,28.1,0.0,19.0,62.9,0.0923,130,needs_2_chain,0,12,26,0,34,"long_axis_bearing_deg = bearing of the item's LONG side in world, counter-clockwise from +X, in [0,180). Place by this, not by yaw. yaw_deg is the MuJoCo local-frame rotation and its meaning differs between bricks (long side on local X) and blocks (long side on local Y).","every bar uses the wall_10/wall_11 ArUco mounting; wall_9 is excluded (tag rotated 90 deg, 19.0 cm not 19.5)"
med_089,med,hmax2,block,obj_4,28.5,37.5,68.3,12.0,7.5,5.0,2,15.7,28.1,0.0,19.0,62.9,0.0923,130,needs_2_chain,0,12,26,0,34,"long_axis_bearing_deg = bearing of the item's LONG side in world, counter-clockwise from +X, in [0,180). Place by this, not by yaw. yaw_deg is the MuJoCo local-frame rotation and its meaning differs between bricks (long side on local X) and blocks (long side on local Y).","every bar uses the wall_10/wall_11 ArUco mounting; wall_9 is excluded (tag rotated 90 deg, 19.0 cm not 19.5)"
med_090,med,hmax2,brick,wall_10,14.2,49.2,32.9,19.5,5.5,10.0,2,22.9,16.6,0.0,13.8,64.1,0.1417,120,needs_2_chain,0,17,24,8,28,"long_axis_bearing_deg = bearing of the item's LONG side in world, counter-clockwise from +X, in [0,180). Place by this, not by yaw. yaw_deg is the MuJoCo local-frame rotation and its meaning differs between bricks (long side on local X) and blocks (long side on local Y).","every bar uses the wall_10/wall_11 ArUco mounting; wall_9 is excluded (tag rotated 90 deg, 19.0 cm not 19.5)"
med_090,med,hmax2,brick,wall_11,26.4,43.7,43.1,19.5,5.5,10.0,2,22.9,16.6,0.0,13.8,64.1,0.1417,120,needs_2_chain,0,17,24,8,28,"long_axis_bearing_deg = bearing of the item's LONG side in world, counter-clockwise from +X, in [0,180). Place by this, not by yaw. yaw_deg is the MuJoCo local-frame rotation and its meaning differs between bricks (long side on local X) and blocks (long side on local Y).","every bar uses the wall_10/wall_11 ArUco mounting; wall_9 is excluded (tag rotated 90 deg, 19.0 cm not 19.5)"
med_090,med,hmax2,block,obj_1,37.4,41.8,53.0,15.0,7.0,4.0,2,22.9,16.6,0.0,13.8,64.1,0.1417,120,needs_2_chain,0,17,24,8,28,"long_axis_bearing_deg = bearing of the item's LONG side in world, counter-clockwise from +X, in [0,180). Place by this, not by yaw. yaw_deg is the MuJoCo local-frame rotation and its meaning differs between bricks (long side on local X) and blocks (long side on local Y).","every bar uses the wall_10/wall_11 ArUco mounting; wall_9 is excluded (tag rotated 90 deg, 19.0 cm not 19.5)"
med_091,med,hmax2,brick,wall_10,39.2,42.8,1.9,19.5,5.5,10.0,2,14.0,15.0,0.0,32.6,64.0,0.0933,150,needs_2_chain,0,14,30,8,22,"long_axis_bearing_deg = bearing of the item's LONG side in world, counter-clockwise from +X, in [0,180). Place by this, not by yaw. yaw_deg is the MuJoCo local-frame rotation and its meaning differs between bricks (long side on local X) and blocks (long side on local Y).","every bar uses the wall_10/wall_11 ArUco mounting; wall_9 is excluded (tag rotated 90 deg, 19.0 cm not 19.5)"
med_091,med,hmax2,brick,wall_11,13.5,53.2,76.5,19.5,5.5,10.0,2,14.0,15.0,0.0,32.6,64.0,0.0933,150,needs_2_chain,0,14,30,8,22,"long_axis_bearing_deg = bearing of the item's LONG side in world, counter-clockwise from +X, in [0,180). Place by this, not by yaw. yaw_deg is the MuJoCo local-frame rotation and its meaning differs between bricks (long side on local X) and blocks (long side on local Y).","every bar uses the wall_10/wall_11 ArUco mounting; wall_9 is excluded (tag rotated 90 deg, 19.0 cm not 19.5)"
med_091,med,hmax2,block,obj_4,19.7,38.0,139.2,12.0,7.5,5.0,2,14.0,15.0,0.0,32.6,64.0,0.0933,150,needs_2_chain,0,14,30,8,22,"long_axis_bearing_deg = bearing of the item's LONG side in world, counter-clockwise from +X, in [0,180). Place by this, not by yaw. yaw_deg is the MuJoCo local-frame rotation and its meaning differs between bricks (long side on local X) and blocks (long side on local Y).","every bar uses the wall_10/wall_11 ArUco mounting; wall_9 is excluded (tag rotated 90 deg, 19.0 cm not 19.5)"
med_092,med,hmax2,brick,wall_10,38.9,47.3,169.0,19.5,5.5,10.0,2,32.1,25.6,0.0,41.2,62.3,0.1467,150,needs_2_chain,0,22,30,3,27,"long_axis_bearing_deg = bearing of the item's LONG side in world, counter-clockwise from +X, in [0,180). Place by this, not by yaw. yaw_deg is the MuJoCo local-frame rotation and its meaning differs between bricks (long side on local X) and blocks (long side on local Y).","every bar uses the wall_10/wall_11 ArUco mounting; wall_9 is excluded (tag rotated 90 deg, 19.0 cm not 19.5)"
med_092,med,hmax2,brick,wall_11,13.6,59.9,92.0,19.5,5.5,10.0,2,32.1,25.6,0.0,41.2,62.3,0.1467,150,needs_2_chain,0,22,30,3,27,"long_axis_bearing_deg = bearing of the item's LONG side in world, counter-clockwise from +X, in [0,180). Place by this, not by yaw. yaw_deg is the MuJoCo local-frame rotation and its meaning differs between bricks (long side on local X) and blocks (long side on local Y).","every bar uses the wall_10/wall_11 ArUco mounting; wall_9 is excluded (tag rotated 90 deg, 19.0 cm not 19.5)"
med_092,med,hmax2,block,obj_1,23.0,44.2,113.3,15.0,7.0,4.0,2,32.1,25.6,0.0,41.2,62.3,0.1467,150,needs_2_chain,0,22,30,3,27,"long_axis_bearing_deg = bearing of the item's LONG side in world, counter-clockwise from +X, in [0,180). Place by this, not by yaw. yaw_deg is the MuJoCo local-frame rotation and its meaning differs between bricks (long side on local X) and blocks (long side on local Y).","every bar uses the wall_10/wall_11 ArUco mounting; wall_9 is excluded (tag rotated 90 deg, 19.0 cm not 19.5)"
med_093,med,hmax2,brick,wall_10,9.8,33.4,179.1,19.5,5.5,10.0,2,7.0,11.0,0.0,32.6,71.4,0.1,150,needs_2_chain,0,15,30,2,28,"long_axis_bearing_deg = bearing of the item's LONG side in world, counter-clockwise from +X, in [0,180). Place by this, not by yaw. yaw_deg is the MuJoCo local-frame rotation and its meaning differs between bricks (long side on local X) and blocks (long side on local Y).","every bar uses the wall_10/wall_11 ArUco mounting; wall_9 is excluded (tag rotated 90 deg, 19.0 cm not 19.5)"
med_093,med,hmax2,brick,wall_11,35.1,44.4,107.5,19.5,5.5,10.0,2,7.0,11.0,0.0,32.6,71.4,0.1,150,needs_2_chain,0,15,30,2,28,"long_axis_bearing_deg = bearing of the item's LONG side in world, counter-clockwise from +X, in [0,180). Place by this, not by yaw. yaw_deg is the MuJoCo local-frame rotation and its meaning differs between bricks (long side on local X) and blocks (long side on local Y).","every bar uses the wall_10/wall_11 ArUco mounting; wall_9 is excluded (tag rotated 90 deg, 19.0 cm not 19.5)"
med_093,med,hmax2,block,obj_4,28.6,28.7,62.3,12.0,7.5,5.0,2,7.0,11.0,0.0,32.6,71.4,0.1,150,needs_2_chain,0,15,30,2,28,"long_axis_bearing_deg = bearing of the item's LONG side in world, counter-clockwise from +X, in [0,180). Place by this, not by yaw. yaw_deg is the MuJoCo local-frame rotation and its meaning differs between bricks (long side on local X) and blocks (long side on local Y).","every bar uses the wall_10/wall_11 ArUco mounting; wall_9 is excluded (tag rotated 90 deg, 19.0 cm not 19.5)"
med_094,med,hmax2,brick,wall_10,23.1,42.8,5.2,19.5,5.5,10.0,2,38.7,9.9,0.0,7.1,55.6,0.15,120,needs_2_chain,0,18,26,6,28,"long_axis_bearing_deg = bearing of the item's LONG side in world, counter-clockwise from +X, in [0,180). Place by this, not by yaw. yaw_deg is the MuJoCo local-frame rotation and its meaning differs between bricks (long side on local X) and blocks (long side on local Y).","every bar uses the wall_10/wall_11 ArUco mounting; wall_9 is excluded (tag rotated 90 deg, 19.0 cm not 19.5)"
med_094,med,hmax2,brick,wall_11,36.8,33.6,54.7,19.5,5.5,10.0,2,38.7,9.9,0.0,7.1,55.6,0.15,120,needs_2_chain,0,18,26,6,28,"long_axis_bearing_deg = bearing of the item's LONG side in world, counter-clockwise from +X, in [0,180). Place by this, not by yaw. yaw_deg is the MuJoCo local-frame rotation and its meaning differs between bricks (long side on local X) and blocks (long side on local Y).","every bar uses the wall_10/wall_11 ArUco mounting; wall_9 is excluded (tag rotated 90 deg, 19.0 cm not 19.5)"
med_094,med,hmax2,block,obj_1,9.0,32.5,119.1,15.0,7.0,4.0,2,38.7,9.9,0.0,7.1,55.6,0.15,120,needs_2_chain,0,18,26,6,28,"long_axis_bearing_deg = bearing of the item's LONG side in world, counter-clockwise from +X, in [0,180). Place by this, not by yaw. yaw_deg is the MuJoCo local-frame rotation and its meaning differs between bricks (long side on local X) and blocks (long side on local Y).","every bar uses the wall_10/wall_11 ArUco mounting; wall_9 is excluded (tag rotated 90 deg, 19.0 cm not 19.5)"
med_095,med,hmax2,brick,wall_10,39.1,31.2,176.5,19.5,5.5,10.0,2,19.7,8.0,0.0,29.9,65.4,0.1037,135,needs_2_chain,0,14,26,6,28,"long_axis_bearing_deg = bearing of the item's LONG side in world, counter-clockwise from +X, in [0,180). Place by this, not by yaw. yaw_deg is the MuJoCo local-frame rotation and its meaning differs between bricks (long side on local X) and blocks (long side on local Y).","every bar uses the wall_10/wall_11 ArUco mounting; wall_9 is excluded (tag rotated 90 deg, 19.0 cm not 19.5)"
med_095,med,hmax2,brick,wall_11,13.8,43.3,71.1,19.5,5.5,10.0,2,19.7,8.0,0.0,29.9,65.4,0.1037,135,needs_2_chain,0,14,26,6,28,"long_axis_bearing_deg = bearing of the item's LONG side in world, counter-clockwise from +X, in [0,180). Place by this, not by yaw. yaw_deg is the MuJoCo local-frame rotation and its meaning differs between bricks (long side on local X) and blocks (long side on local Y).","every bar uses the wall_10/wall_11 ArUco mounting; wall_9 is excluded (tag rotated 90 deg, 19.0 cm not 19.5)"
med_095,med,hmax2,block,obj_4,21.0,31.0,21.9,12.0,7.5,5.0,2,19.7,8.0,0.0,29.9,65.4,0.1037,135,needs_2_chain,0,14,26,6,28,"long_axis_bearing_deg = bearing of the item's LONG side in world, counter-clockwise from +X, in [0,180). Place by this, not by yaw. yaw_deg is the MuJoCo local-frame rotation and its meaning differs between bricks (long side on local X) and blocks (long side on local Y).","every bar uses the wall_10/wall_11 ArUco mounting; wall_9 is excluded (tag rotated 90 deg, 19.0 cm not 19.5)"
med_096,med,hmax2,brick,wall_10,18.4,49.5,8.1,19.5,5.5,10.0,2,21.7,26.9,0.0,33.9,66.8,0.152,125,needs_2_chain,0,19,25,10,25,"long_axis_bearing_deg = bearing of the item's LONG side in world, counter-clockwise from +X, in [0,180). Place by this, not by yaw. yaw_deg is the MuJoCo local-frame rotation and its meaning differs between bricks (long side on local X) and blocks (long side on local Y).","every bar uses the wall_10/wall_11 ArUco mounting; wall_9 is excluded (tag rotated 90 deg, 19.0 cm not 19.5)"
med_096,med,hmax2,brick,wall_11,25.2,41.2,36.9,19.5,5.5,10.0,2,21.7,26.9,0.0,33.9,66.8,0.152,125,needs_2_chain,0,19,25,10,25,"long_axis_bearing_deg = bearing of the item's LONG side in world, counter-clockwise from +X, in [0,180). Place by this, not by yaw. yaw_deg is the MuJoCo local-frame rotation and its meaning differs between bricks (long side on local X) and blocks (long side on local Y).","every bar uses the wall_10/wall_11 ArUco mounting; wall_9 is excluded (tag rotated 90 deg, 19.0 cm not 19.5)"
med_096,med,hmax2,block,obj_1,37.3,39.9,53.0,15.0,7.0,4.0,2,21.7,26.9,0.0,33.9,66.8,0.152,125,needs_2_chain,0,19,25,10,25,"long_axis_bearing_deg = bearing of the item's LONG side in world, counter-clockwise from +X, in [0,180). Place by this, not by yaw. yaw_deg is the MuJoCo local-frame rotation and its meaning differs between bricks (long side on local X) and blocks (long side on local Y).","every bar uses the wall_10/wall_11 ArUco mounting; wall_9 is excluded (tag rotated 90 deg, 19.0 cm not 19.5)"
med_097,med,hmax2,brick,wall_10,24.7,54.4,4.2,19.5,5.5,10.0,2,33.5,26.5,0.0,23.3,65.8,0.104,125,needs_2_chain,0,13,25,5,30,"long_axis_bearing_deg = bearing of the item's LONG side in world, counter-clockwise from +X, in [0,180). Place by this, not by yaw. yaw_deg is the MuJoCo local-frame rotation and its meaning differs between bricks (long side on local X) and blocks (long side on local Y).","every bar uses the wall_10/wall_11 ArUco mounting; wall_9 is excluded (tag rotated 90 deg, 19.0 cm not 19.5)"
med_097,med,hmax2,brick,wall_11,35.1,46.0,29.3,19.5,5.5,10.0,2,33.5,26.5,0.0,23.3,65.8,0.104,125,needs_2_chain,0,13,25,5,30,"long_axis_bearing_deg = bearing of the item's LONG side in world, counter-clockwise from +X, in [0,180). Place by this, not by yaw. yaw_deg is the MuJoCo local-frame rotation and its meaning differs between bricks (long side on local X) and blocks (long side on local Y).","every bar uses the wall_10/wall_11 ArUco mounting; wall_9 is excluded (tag rotated 90 deg, 19.0 cm not 19.5)"
med_097,med,hmax2,block,obj_4,10.2,44.6,158.7,12.0,7.5,5.0,2,33.5,26.5,0.0,23.3,65.8,0.104,125,needs_2_chain,0,13,25,5,30,"long_axis_bearing_deg = bearing of the item's LONG side in world, counter-clockwise from +X, in [0,180). Place by this, not by yaw. yaw_deg is the MuJoCo local-frame rotation and its meaning differs between bricks (long side on local X) and blocks (long side on local Y).","every bar uses the wall_10/wall_11 ArUco mounting; wall_9 is excluded (tag rotated 90 deg, 19.0 cm not 19.5)"
med_098,med,hmax2,brick,wall_10,26.9,40.9,5.5,19.5,5.5,10.0,2,7.8,25.5,0.0,14.4,53.2,0.1545,110,needs_2_chain,0,17,24,7,29,"long_axis_bearing_deg = bearing of the item's LONG side in world, counter-clockwise from +X, in [0,180). Place by this, not by yaw. yaw_deg is the MuJoCo local-frame rotation and its meaning differs between bricks (long side on local X) and blocks (long side on local Y).","every bar uses the wall_10/wall_11 ArUco mounting; wall_9 is excluded (tag rotated 90 deg, 19.0 cm not 19.5)"
med_098,med,hmax2,brick,wall_11,37.4,33.6,23.2,19.5,5.5,10.0,2,7.8,25.5,0.0,14.4,53.2,0.1545,110,needs_2_chain,0,17,24,7,29,"long_axis_bearing_deg = bearing of the item's LONG side in world, counter-clockwise from +X, in [0,180). Place by this, not by yaw. yaw_deg is the MuJoCo local-frame rotation and its meaning differs between bricks (long side on local X) and blocks (long side on local Y).","every bar uses the wall_10/wall_11 ArUco mounting; wall_9 is excluded (tag rotated 90 deg, 19.0 cm not 19.5)"
med_098,med,hmax2,block,obj_1,10.9,34.2,164.3,15.0,7.0,4.0,2,7.8,25.5,0.0,14.4,53.2,0.1545,110,needs_2_chain,0,17,24,7,29,"long_axis_bearing_deg = bearing of the item's LONG side in world, counter-clockwise from +X, in [0,180). Place by this, not by yaw. yaw_deg is the MuJoCo local-frame rotation and its meaning differs between bricks (long side on local X) and blocks (long side on local Y).","every bar uses the wall_10/wall_11 ArUco mounting; wall_9 is excluded (tag rotated 90 deg, 19.0 cm not 19.5)"
med_099,med,hmax2,brick,wall_10,38.9,44.5,170.3,19.5,5.5,10.0,2,36.9,26.2,0.0,40.8,60.2,0.1071,140,needs_2_chain,0,15,28,5,27,"long_axis_bearing_deg = bearing of the item's LONG side in world, counter-clockwise from +X, in [0,180). Place by this, not by yaw. yaw_deg is the MuJoCo local-frame rotation and its meaning differs between bricks (long side on local X) and blocks (long side on local Y).","every bar uses the wall_10/wall_11 ArUco mounting; wall_9 is excluded (tag rotated 90 deg, 19.0 cm not 19.5)"
med_099,med,hmax2,brick,wall_11,13.4,54.0,78.0,19.5,5.5,10.0,2,36.9,26.2,0.0,40.8,60.2,0.1071,140,needs_2_chain,0,15,28,5,27,"long_axis_bearing_deg = bearing of the item's LONG side in world, counter-clockwise from +X, in [0,180). Place by this, not by yaw. yaw_deg is the MuJoCo local-frame rotation and its meaning differs between bricks (long side on local X) and blocks (long side on local Y).","every bar uses the wall_10/wall_11 ArUco mounting; wall_9 is excluded (tag rotated 90 deg, 19.0 cm not 19.5)"
med_099,med,hmax2,block,obj_4,21.2,42.4,25.1,12.0,7.5,5.0,2,36.9,26.2,0.0,40.8,60.2,0.1071,140,needs_2_chain,0,15,28,5,27,"long_axis_bearing_deg = bearing of the item's LONG side in world, counter-clockwise from +X, in [0,180). Place by this, not by yaw. yaw_deg is the MuJoCo local-frame rotation and its meaning differs between bricks (long side on local X) and blocks (long side on local Y).","every bar uses the wall_10/wall_11 ArUco mounting; wall_9 is excluded (tag rotated 90 deg, 19.0 cm not 19.5)"
