axis,build_id,edge,depth,offset_cm,offset_frac,face,xml
1push,hard_037,0,0,3.5,1.0,long,/common/users/dm1487/scratch_namo/real_buildable/pool4/j_522/rb_00017/env.xml
1push,hard_037,0,1,3.5,1.0,long,/common/users/dm1487/scratch_namo/real_buildable/pool4/j_522/rb_00017/env.xml
1push,hard_037,0,2,3.5,1.0,long,/common/users/dm1487/scratch_namo/real_buildable/pool4/j_522/rb_00017/env.xml
1push,hard_037,0,3,3.5,1.0,long,/common/users/dm1487/scratch_namo/real_buildable/pool4/j_522/rb_00017/env.xml
1push,hard_037,0,4,3.5,1.0,long,/common/users/dm1487/scratch_namo/real_buildable/pool4/j_522/rb_00017/env.xml
1push,hard_037,2,0,3.0,0.8571,long,/common/users/dm1487/scratch_namo/real_buildable/pool4/j_522/rb_00017/env.xml
1push,hard_037,2,1,3.0,0.8571,long,/common/users/dm1487/scratch_namo/real_buildable/pool4/j_522/rb_00017/env.xml
1push,hard_037,2,2,3.0,0.8571,long,/common/users/dm1487/scratch_namo/real_buildable/pool4/j_522/rb_00017/env.xml
1push,hard_037,2,3,3.0,0.8571,long,/common/users/dm1487/scratch_namo/real_buildable/pool4/j_522/rb_00017/env.xml
1push,hard_037,2,4,3.0,0.8571,long,/common/users/dm1487/scratch_namo/real_buildable/pool4/j_522/rb_00017/env.xml
1push,hard_037,4,0,2.5,0.7143,long,/common/users/dm1487/scratch_namo/real_buildable/pool4/j_522/rb_00017/env.xml
1push,hard_037,4,1,2.5,0.7143,long,/common/users/dm1487/scratch_namo/real_buildable/pool4/j_522/rb_00017/env.xml
1push,hard_037,4,2,2.5,0.7143,long,/common/users/dm1487/scratch_namo/real_buildable/pool4/j_522/rb_00017/env.xml
1push,hard_037,4,3,2.5,0.7143,long,/common/users/dm1487/scratch_namo/real_buildable/pool4/j_522/rb_00017/env.xml
1push,hard_037,4,4,2.5,0.7143,long,/common/users/dm1487/scratch_namo/real_buildable/pool4/j_522/rb_00017/env.xml
1push,hard_037,6,0,2.0,0.5714,long,/common/users/dm1487/scratch_namo/real_buildable/pool4/j_522/rb_00017/env.xml
1push,hard_037,6,1,2.0,0.5714,long,/common/users/dm1487/scratch_namo/real_buildable/pool4/j_522/rb_00017/env.xml
1push,hard_037,6,2,2.0,0.5714,long,/common/users/dm1487/scratch_namo/real_buildable/pool4/j_522/rb_00017/env.xml
1push,hard_037,6,3,2.0,0.5714,long,/common/users/dm1487/scratch_namo/real_buildable/pool4/j_522/rb_00017/env.xml
1push,hard_037,6,4,2.0,0.5714,long,/common/users/dm1487/scratch_namo/real_buildable/pool4/j_522/rb_00017/env.xml
1push,hard_037,8,0,1.5,0.4286,long,/common/users/dm1487/scratch_namo/real_buildable/pool4/j_522/rb_00017/env.xml
1push,hard_037,8,1,1.5,0.4286,long,/common/users/dm1487/scratch_namo/real_buildable/pool4/j_522/rb_00017/env.xml
1push,hard_037,8,2,1.5,0.4286,long,/common/users/dm1487/scratch_namo/real_buildable/pool4/j_522/rb_00017/env.xml
1push,hard_037,8,3,1.5,0.4286,long,/common/users/dm1487/scratch_namo/real_buildable/pool4/j_522/rb_00017/env.xml
1push,hard_037,8,4,1.5,0.4286,long,/common/users/dm1487/scratch_namo/real_buildable/pool4/j_522/rb_00017/env.xml
1push,hard_037,10,0,1.0,0.2857,long,/common/users/dm1487/scratch_namo/real_buildable/pool4/j_522/rb_00017/env.xml
1push,hard_037,10,1,1.0,0.2857,long,/common/users/dm1487/scratch_namo/real_buildable/pool4/j_522/rb_00017/env.xml
1push,hard_037,10,2,1.0,0.2857,long,/common/users/dm1487/scratch_namo/real_buildable/pool4/j_522/rb_00017/env.xml
1push,hard_037,10,3,1.0,0.2857,long,/common/users/dm1487/scratch_namo/real_buildable/pool4/j_522/rb_00017/env.xml
1push,hard_037,10,4,1.0,0.2857,long,/common/users/dm1487/scratch_namo/real_buildable/pool4/j_522/rb_00017/env.xml
1push,hard_037,12,0,0.5,0.1429,long,/common/users/dm1487/scratch_namo/real_buildable/pool4/j_522/rb_00017/env.xml
1push,hard_037,12,1,0.5,0.1429,long,/common/users/dm1487/scratch_namo/real_buildable/pool4/j_522/rb_00017/env.xml
1push,hard_037,12,2,0.5,0.1429,long,/common/users/dm1487/scratch_namo/real_buildable/pool4/j_522/rb_00017/env.xml
1push,hard_037,12,3,0.5,0.1429,long,/common/users/dm1487/scratch_namo/real_buildable/pool4/j_522/rb_00017/env.xml
1push,hard_037,12,4,0.5,0.1429,long,/common/users/dm1487/scratch_namo/real_buildable/pool4/j_522/rb_00017/env.xml
1push,hard_037,14,0,0.0,0.0,long,/common/users/dm1487/scratch_namo/real_buildable/pool4/j_522/rb_00017/env.xml
1push,hard_037,14,1,0.0,0.0,long,/common/users/dm1487/scratch_namo/real_buildable/pool4/j_522/rb_00017/env.xml
1push,hard_037,14,2,0.0,0.0,long,/common/users/dm1487/scratch_namo/real_buildable/pool4/j_522/rb_00017/env.xml
1push,hard_037,14,3,0.0,0.0,long,/common/users/dm1487/scratch_namo/real_buildable/pool4/j_522/rb_00017/env.xml
1push,hard_037,14,4,0.0,0.0,long,/common/users/dm1487/scratch_namo/real_buildable/pool4/j_522/rb_00017/env.xml
1push,hard_037,16,0,0.5,0.1429,long,/common/users/dm1487/scratch_namo/real_buildable/pool4/j_522/rb_00017/env.xml
1push,hard_037,16,1,0.5,0.1429,long,/common/users/dm1487/scratch_namo/real_buildable/pool4/j_522/rb_00017/env.xml
1push,hard_037,16,2,0.5,0.1429,long,/common/users/dm1487/scratch_namo/real_buildable/pool4/j_522/rb_00017/env.xml
1push,hard_037,16,3,0.5,0.1429,long,/common/users/dm1487/scratch_namo/real_buildable/pool4/j_522/rb_00017/env.xml
1push,hard_037,16,4,0.5,0.1429,long,/common/users/dm1487/scratch_namo/real_buildable/pool4/j_522/rb_00017/env.xml
1push,hard_037,18,0,1.0,0.2857,long,/common/users/dm1487/scratch_namo/real_buildable/pool4/j_522/rb_00017/env.xml
1push,hard_037,18,1,1.0,0.2857,long,/common/users/dm1487/scratch_namo/real_buildable/pool4/j_522/rb_00017/env.xml
1push,hard_037,18,2,1.0,0.2857,long,/common/users/dm1487/scratch_namo/real_buildable/pool4/j_522/rb_00017/env.xml
1push,hard_037,18,3,1.0,0.2857,long,/common/users/dm1487/scratch_namo/real_buildable/pool4/j_522/rb_00017/env.xml
1push,hard_037,18,4,1.0,0.2857,long,/common/users/dm1487/scratch_namo/real_buildable/pool4/j_522/rb_00017/env.xml
1push,hard_037,20,0,1.5,0.4286,long,/common/users/dm1487/scratch_namo/real_buildable/pool4/j_522/rb_00017/env.xml
1push,hard_037,20,1,1.5,0.4286,long,/common/users/dm1487/scratch_namo/real_buildable/pool4/j_522/rb_00017/env.xml
1push,hard_037,20,2,1.5,0.4286,long,/common/users/dm1487/scratch_namo/real_buildable/pool4/j_522/rb_00017/env.xml
1push,hard_037,20,3,1.5,0.4286,long,/common/users/dm1487/scratch_namo/real_buildable/pool4/j_522/rb_00017/env.xml
1push,hard_037,20,4,1.5,0.4286,long,/common/users/dm1487/scratch_namo/real_buildable/pool4/j_522/rb_00017/env.xml
1push,hard_037,22,0,2.0,0.5714,long,/common/users/dm1487/scratch_namo/real_buildable/pool4/j_522/rb_00017/env.xml
1push,hard_037,22,1,2.0,0.5714,long,/common/users/dm1487/scratch_namo/real_buildable/pool4/j_522/rb_00017/env.xml
1push,hard_037,22,2,2.0,0.5714,long,/common/users/dm1487/scratch_namo/real_buildable/pool4/j_522/rb_00017/env.xml
1push,hard_037,22,3,2.0,0.5714,long,/common/users/dm1487/scratch_namo/real_buildable/pool4/j_522/rb_00017/env.xml
1push,hard_037,22,4,2.0,0.5714,long,/common/users/dm1487/scratch_namo/real_buildable/pool4/j_522/rb_00017/env.xml
1push,hard_037,39,0,3.214,0.4286,short,/common/users/dm1487/scratch_namo/real_buildable/pool4/j_522/rb_00017/env.xml
1push,hard_037,39,1,3.214,0.4286,short,/common/users/dm1487/scratch_namo/real_buildable/pool4/j_522/rb_00017/env.xml
1push,hard_037,39,2,3.214,0.4286,short,/common/users/dm1487/scratch_namo/real_buildable/pool4/j_522/rb_00017/env.xml
1push,hard_037,39,3,3.214,0.4286,short,/common/users/dm1487/scratch_namo/real_buildable/pool4/j_522/rb_00017/env.xml
1push,hard_037,39,4,3.214,0.4286,short,/common/users/dm1487/scratch_namo/real_buildable/pool4/j_522/rb_00017/env.xml
1push,hard_037,41,0,2.143,0.2857,short,/common/users/dm1487/scratch_namo/real_buildable/pool4/j_522/rb_00017/env.xml
1push,hard_037,41,1,2.143,0.2857,short,/common/users/dm1487/scratch_namo/real_buildable/pool4/j_522/rb_00017/env.xml
1push,hard_037,41,2,2.143,0.2857,short,/common/users/dm1487/scratch_namo/real_buildable/pool4/j_522/rb_00017/env.xml
1push,hard_037,41,3,2.143,0.2857,short,/common/users/dm1487/scratch_namo/real_buildable/pool4/j_522/rb_00017/env.xml
1push,hard_037,41,4,2.143,0.2857,short,/common/users/dm1487/scratch_namo/real_buildable/pool4/j_522/rb_00017/env.xml
1push,hard_037,43,0,1.071,0.1429,short,/common/users/dm1487/scratch_namo/real_buildable/pool4/j_522/rb_00017/env.xml
1push,hard_037,43,1,1.071,0.1429,short,/common/users/dm1487/scratch_namo/real_buildable/pool4/j_522/rb_00017/env.xml
1push,hard_037,43,2,1.071,0.1429,short,/common/users/dm1487/scratch_namo/real_buildable/pool4/j_522/rb_00017/env.xml
1push,hard_037,43,3,1.071,0.1429,short,/common/users/dm1487/scratch_namo/real_buildable/pool4/j_522/rb_00017/env.xml
1push,hard_037,43,4,1.071,0.1429,short,/common/users/dm1487/scratch_namo/real_buildable/pool4/j_522/rb_00017/env.xml
1push,hard_037,45,0,0.0,0.0,short,/common/users/dm1487/scratch_namo/real_buildable/pool4/j_522/rb_00017/env.xml
1push,hard_037,45,1,0.0,0.0,short,/common/users/dm1487/scratch_namo/real_buildable/pool4/j_522/rb_00017/env.xml
1push,hard_037,45,2,0.0,0.0,short,/common/users/dm1487/scratch_namo/real_buildable/pool4/j_522/rb_00017/env.xml
1push,hard_037,45,3,0.0,0.0,short,/common/users/dm1487/scratch_namo/real_buildable/pool4/j_522/rb_00017/env.xml
1push,hard_037,45,4,0.0,0.0,short,/common/users/dm1487/scratch_namo/real_buildable/pool4/j_522/rb_00017/env.xml
1push,hard_037,47,0,1.071,0.1429,short,/common/users/dm1487/scratch_namo/real_buildable/pool4/j_522/rb_00017/env.xml
1push,hard_037,47,1,1.071,0.1429,short,/common/users/dm1487/scratch_namo/real_buildable/pool4/j_522/rb_00017/env.xml
1push,hard_037,47,2,1.071,0.1429,short,/common/users/dm1487/scratch_namo/real_buildable/pool4/j_522/rb_00017/env.xml
1push,hard_037,47,3,1.071,0.1429,short,/common/users/dm1487/scratch_namo/real_buildable/pool4/j_522/rb_00017/env.xml
1push,hard_037,47,4,1.071,0.1429,short,/common/users/dm1487/scratch_namo/real_buildable/pool4/j_522/rb_00017/env.xml
1push,hard_037,49,0,2.143,0.2857,short,/common/users/dm1487/scratch_namo/real_buildable/pool4/j_522/rb_00017/env.xml
1push,hard_037,49,1,2.143,0.2857,short,/common/users/dm1487/scratch_namo/real_buildable/pool4/j_522/rb_00017/env.xml
1push,hard_037,49,2,2.143,0.2857,short,/common/users/dm1487/scratch_namo/real_buildable/pool4/j_522/rb_00017/env.xml
1push,hard_037,49,3,2.143,0.2857,short,/common/users/dm1487/scratch_namo/real_buildable/pool4/j_522/rb_00017/env.xml
1push,hard_037,49,4,2.143,0.2857,short,/common/users/dm1487/scratch_namo/real_buildable/pool4/j_522/rb_00017/env.xml
1push,hard_037,51,0,3.214,0.4286,short,/common/users/dm1487/scratch_namo/real_buildable/pool4/j_522/rb_00017/env.xml
1push,hard_037,51,1,3.214,0.4286,short,/common/users/dm1487/scratch_namo/real_buildable/pool4/j_522/rb_00017/env.xml
1push,hard_037,51,2,3.214,0.4286,short,/common/users/dm1487/scratch_namo/real_buildable/pool4/j_522/rb_00017/env.xml
1push,hard_037,51,3,3.214,0.4286,short,/common/users/dm1487/scratch_namo/real_buildable/pool4/j_522/rb_00017/env.xml
1push,hard_037,51,4,3.214,0.4286,short,/common/users/dm1487/scratch_namo/real_buildable/pool4/j_522/rb_00017/env.xml
1push,hard_037,53,0,4.286,0.5714,short,/common/users/dm1487/scratch_namo/real_buildable/pool4/j_522/rb_00017/env.xml
1push,hard_037,53,1,4.286,0.5714,short,/common/users/dm1487/scratch_namo/real_buildable/pool4/j_522/rb_00017/env.xml
1push,hard_037,53,2,4.286,0.5714,short,/common/users/dm1487/scratch_namo/real_buildable/pool4/j_522/rb_00017/env.xml
1push,hard_037,53,3,4.286,0.5714,short,/common/users/dm1487/scratch_namo/real_buildable/pool4/j_522/rb_00017/env.xml
1push,hard_037,53,4,4.286,0.5714,short,/common/users/dm1487/scratch_namo/real_buildable/pool4/j_522/rb_00017/env.xml
1push,hard_037,55,0,5.357,0.7143,short,/common/users/dm1487/scratch_namo/real_buildable/pool4/j_522/rb_00017/env.xml
1push,hard_037,55,1,5.357,0.7143,short,/common/users/dm1487/scratch_namo/real_buildable/pool4/j_522/rb_00017/env.xml
1push,hard_037,55,2,5.357,0.7143,short,/common/users/dm1487/scratch_namo/real_buildable/pool4/j_522/rb_00017/env.xml
1push,hard_037,55,3,5.357,0.7143,short,/common/users/dm1487/scratch_namo/real_buildable/pool4/j_522/rb_00017/env.xml
1push,hard_037,55,4,5.357,0.7143,short,/common/users/dm1487/scratch_namo/real_buildable/pool4/j_522/rb_00017/env.xml
1push,hard_037,57,0,6.429,0.8571,short,/common/users/dm1487/scratch_namo/real_buildable/pool4/j_522/rb_00017/env.xml
1push,hard_037,57,1,6.429,0.8571,short,/common/users/dm1487/scratch_namo/real_buildable/pool4/j_522/rb_00017/env.xml
1push,hard_037,57,2,6.429,0.8571,short,/common/users/dm1487/scratch_namo/real_buildable/pool4/j_522/rb_00017/env.xml
1push,hard_037,57,3,6.429,0.8571,short,/common/users/dm1487/scratch_namo/real_buildable/pool4/j_522/rb_00017/env.xml
1push,hard_037,57,4,6.429,0.8571,short,/common/users/dm1487/scratch_namo/real_buildable/pool4/j_522/rb_00017/env.xml
1push,hard_037,59,0,7.5,1.0,short,/common/users/dm1487/scratch_namo/real_buildable/pool4/j_522/rb_00017/env.xml
1push,hard_037,59,1,7.5,1.0,short,/common/users/dm1487/scratch_namo/real_buildable/pool4/j_522/rb_00017/env.xml
1push,hard_037,59,2,7.5,1.0,short,/common/users/dm1487/scratch_namo/real_buildable/pool4/j_522/rb_00017/env.xml
1push,hard_037,59,3,7.5,1.0,short,/common/users/dm1487/scratch_namo/real_buildable/pool4/j_522/rb_00017/env.xml
1push,hard_037,59,4,7.5,1.0,short,/common/users/dm1487/scratch_namo/real_buildable/pool4/j_522/rb_00017/env.xml
1push,hard_001,0,0,3.5,1.0,long,/common/users/dm1487/scratch_namo/real_buildable/pool1/hard/rb_00492/env.xml
1push,hard_001,0,1,3.5,1.0,long,/common/users/dm1487/scratch_namo/real_buildable/pool1/hard/rb_00492/env.xml
1push,hard_001,0,2,3.5,1.0,long,/common/users/dm1487/scratch_namo/real_buildable/pool1/hard/rb_00492/env.xml
1push,hard_001,0,3,3.5,1.0,long,/common/users/dm1487/scratch_namo/real_buildable/pool1/hard/rb_00492/env.xml
1push,hard_001,0,4,3.5,1.0,long,/common/users/dm1487/scratch_namo/real_buildable/pool1/hard/rb_00492/env.xml
1push,hard_001,2,0,3.0,0.8571,long,/common/users/dm1487/scratch_namo/real_buildable/pool1/hard/rb_00492/env.xml
1push,hard_001,2,1,3.0,0.8571,long,/common/users/dm1487/scratch_namo/real_buildable/pool1/hard/rb_00492/env.xml
1push,hard_001,2,2,3.0,0.8571,long,/common/users/dm1487/scratch_namo/real_buildable/pool1/hard/rb_00492/env.xml
1push,hard_001,2,3,3.0,0.8571,long,/common/users/dm1487/scratch_namo/real_buildable/pool1/hard/rb_00492/env.xml
1push,hard_001,2,4,3.0,0.8571,long,/common/users/dm1487/scratch_namo/real_buildable/pool1/hard/rb_00492/env.xml
1push,hard_001,4,0,2.5,0.7143,long,/common/users/dm1487/scratch_namo/real_buildable/pool1/hard/rb_00492/env.xml
1push,hard_001,4,1,2.5,0.7143,long,/common/users/dm1487/scratch_namo/real_buildable/pool1/hard/rb_00492/env.xml
1push,hard_001,4,2,2.5,0.7143,long,/common/users/dm1487/scratch_namo/real_buildable/pool1/hard/rb_00492/env.xml
1push,hard_001,4,3,2.5,0.7143,long,/common/users/dm1487/scratch_namo/real_buildable/pool1/hard/rb_00492/env.xml
1push,hard_001,4,4,2.5,0.7143,long,/common/users/dm1487/scratch_namo/real_buildable/pool1/hard/rb_00492/env.xml
1push,hard_001,6,0,2.0,0.5714,long,/common/users/dm1487/scratch_namo/real_buildable/pool1/hard/rb_00492/env.xml
1push,hard_001,6,1,2.0,0.5714,long,/common/users/dm1487/scratch_namo/real_buildable/pool1/hard/rb_00492/env.xml
1push,hard_001,6,2,2.0,0.5714,long,/common/users/dm1487/scratch_namo/real_buildable/pool1/hard/rb_00492/env.xml
1push,hard_001,6,3,2.0,0.5714,long,/common/users/dm1487/scratch_namo/real_buildable/pool1/hard/rb_00492/env.xml
1push,hard_001,6,4,2.0,0.5714,long,/common/users/dm1487/scratch_namo/real_buildable/pool1/hard/rb_00492/env.xml
1push,hard_001,8,0,1.5,0.4286,long,/common/users/dm1487/scratch_namo/real_buildable/pool1/hard/rb_00492/env.xml
1push,hard_001,8,1,1.5,0.4286,long,/common/users/dm1487/scratch_namo/real_buildable/pool1/hard/rb_00492/env.xml
1push,hard_001,8,2,1.5,0.4286,long,/common/users/dm1487/scratch_namo/real_buildable/pool1/hard/rb_00492/env.xml
1push,hard_001,8,3,1.5,0.4286,long,/common/users/dm1487/scratch_namo/real_buildable/pool1/hard/rb_00492/env.xml
1push,hard_001,8,4,1.5,0.4286,long,/common/users/dm1487/scratch_namo/real_buildable/pool1/hard/rb_00492/env.xml
1push,hard_001,10,0,1.0,0.2857,long,/common/users/dm1487/scratch_namo/real_buildable/pool1/hard/rb_00492/env.xml
1push,hard_001,10,1,1.0,0.2857,long,/common/users/dm1487/scratch_namo/real_buildable/pool1/hard/rb_00492/env.xml
1push,hard_001,10,2,1.0,0.2857,long,/common/users/dm1487/scratch_namo/real_buildable/pool1/hard/rb_00492/env.xml
1push,hard_001,10,3,1.0,0.2857,long,/common/users/dm1487/scratch_namo/real_buildable/pool1/hard/rb_00492/env.xml
1push,hard_001,10,4,1.0,0.2857,long,/common/users/dm1487/scratch_namo/real_buildable/pool1/hard/rb_00492/env.xml
1push,hard_001,12,0,0.5,0.1429,long,/common/users/dm1487/scratch_namo/real_buildable/pool1/hard/rb_00492/env.xml
1push,hard_001,12,1,0.5,0.1429,long,/common/users/dm1487/scratch_namo/real_buildable/pool1/hard/rb_00492/env.xml
1push,hard_001,12,2,0.5,0.1429,long,/common/users/dm1487/scratch_namo/real_buildable/pool1/hard/rb_00492/env.xml
1push,hard_001,12,3,0.5,0.1429,long,/common/users/dm1487/scratch_namo/real_buildable/pool1/hard/rb_00492/env.xml
1push,hard_001,12,4,0.5,0.1429,long,/common/users/dm1487/scratch_namo/real_buildable/pool1/hard/rb_00492/env.xml
1push,hard_001,14,0,0.0,0.0,long,/common/users/dm1487/scratch_namo/real_buildable/pool1/hard/rb_00492/env.xml
1push,hard_001,14,1,0.0,0.0,long,/common/users/dm1487/scratch_namo/real_buildable/pool1/hard/rb_00492/env.xml
1push,hard_001,14,2,0.0,0.0,long,/common/users/dm1487/scratch_namo/real_buildable/pool1/hard/rb_00492/env.xml
1push,hard_001,14,3,0.0,0.0,long,/common/users/dm1487/scratch_namo/real_buildable/pool1/hard/rb_00492/env.xml
1push,hard_001,14,4,0.0,0.0,long,/common/users/dm1487/scratch_namo/real_buildable/pool1/hard/rb_00492/env.xml
1push,hard_001,16,0,0.5,0.1429,long,/common/users/dm1487/scratch_namo/real_buildable/pool1/hard/rb_00492/env.xml
1push,hard_001,16,1,0.5,0.1429,long,/common/users/dm1487/scratch_namo/real_buildable/pool1/hard/rb_00492/env.xml
1push,hard_001,16,2,0.5,0.1429,long,/common/users/dm1487/scratch_namo/real_buildable/pool1/hard/rb_00492/env.xml
1push,hard_001,16,3,0.5,0.1429,long,/common/users/dm1487/scratch_namo/real_buildable/pool1/hard/rb_00492/env.xml
1push,hard_001,16,4,0.5,0.1429,long,/common/users/dm1487/scratch_namo/real_buildable/pool1/hard/rb_00492/env.xml
1push,hard_001,18,0,1.0,0.2857,long,/common/users/dm1487/scratch_namo/real_buildable/pool1/hard/rb_00492/env.xml
1push,hard_001,18,1,1.0,0.2857,long,/common/users/dm1487/scratch_namo/real_buildable/pool1/hard/rb_00492/env.xml
1push,hard_001,18,2,1.0,0.2857,long,/common/users/dm1487/scratch_namo/real_buildable/pool1/hard/rb_00492/env.xml
1push,hard_001,18,3,1.0,0.2857,long,/common/users/dm1487/scratch_namo/real_buildable/pool1/hard/rb_00492/env.xml
1push,hard_001,18,4,1.0,0.2857,long,/common/users/dm1487/scratch_namo/real_buildable/pool1/hard/rb_00492/env.xml
1push,hard_001,20,0,1.5,0.4286,long,/common/users/dm1487/scratch_namo/real_buildable/pool1/hard/rb_00492/env.xml
1push,hard_001,20,1,1.5,0.4286,long,/common/users/dm1487/scratch_namo/real_buildable/pool1/hard/rb_00492/env.xml
1push,hard_001,20,2,1.5,0.4286,long,/common/users/dm1487/scratch_namo/real_buildable/pool1/hard/rb_00492/env.xml
1push,hard_001,20,3,1.5,0.4286,long,/common/users/dm1487/scratch_namo/real_buildable/pool1/hard/rb_00492/env.xml
1push,hard_001,20,4,1.5,0.4286,long,/common/users/dm1487/scratch_namo/real_buildable/pool1/hard/rb_00492/env.xml
1push,hard_001,22,0,2.0,0.5714,long,/common/users/dm1487/scratch_namo/real_buildable/pool1/hard/rb_00492/env.xml
1push,hard_001,22,1,2.0,0.5714,long,/common/users/dm1487/scratch_namo/real_buildable/pool1/hard/rb_00492/env.xml
1push,hard_001,22,2,2.0,0.5714,long,/common/users/dm1487/scratch_namo/real_buildable/pool1/hard/rb_00492/env.xml
1push,hard_001,22,3,2.0,0.5714,long,/common/users/dm1487/scratch_namo/real_buildable/pool1/hard/rb_00492/env.xml
1push,hard_001,22,4,2.0,0.5714,long,/common/users/dm1487/scratch_namo/real_buildable/pool1/hard/rb_00492/env.xml
1push,hard_001,24,0,2.5,0.7143,long,/common/users/dm1487/scratch_namo/real_buildable/pool1/hard/rb_00492/env.xml
1push,hard_001,24,1,2.5,0.7143,long,/common/users/dm1487/scratch_namo/real_buildable/pool1/hard/rb_00492/env.xml
1push,hard_001,24,2,2.5,0.7143,long,/common/users/dm1487/scratch_namo/real_buildable/pool1/hard/rb_00492/env.xml
1push,hard_001,24,3,2.5,0.7143,long,/common/users/dm1487/scratch_namo/real_buildable/pool1/hard/rb_00492/env.xml
1push,hard_001,24,4,2.5,0.7143,long,/common/users/dm1487/scratch_namo/real_buildable/pool1/hard/rb_00492/env.xml
1push,hard_001,26,0,3.0,0.8571,long,/common/users/dm1487/scratch_namo/real_buildable/pool1/hard/rb_00492/env.xml
1push,hard_001,26,1,3.0,0.8571,long,/common/users/dm1487/scratch_namo/real_buildable/pool1/hard/rb_00492/env.xml
1push,hard_001,26,2,3.0,0.8571,long,/common/users/dm1487/scratch_namo/real_buildable/pool1/hard/rb_00492/env.xml
1push,hard_001,26,3,3.0,0.8571,long,/common/users/dm1487/scratch_namo/real_buildable/pool1/hard/rb_00492/env.xml
1push,hard_001,26,4,3.0,0.8571,long,/common/users/dm1487/scratch_namo/real_buildable/pool1/hard/rb_00492/env.xml
1push,hard_001,28,0,3.5,1.0,long,/common/users/dm1487/scratch_namo/real_buildable/pool1/hard/rb_00492/env.xml
1push,hard_001,28,1,3.5,1.0,long,/common/users/dm1487/scratch_namo/real_buildable/pool1/hard/rb_00492/env.xml
1push,hard_001,28,2,3.5,1.0,long,/common/users/dm1487/scratch_namo/real_buildable/pool1/hard/rb_00492/env.xml
1push,hard_001,28,3,3.5,1.0,long,/common/users/dm1487/scratch_namo/real_buildable/pool1/hard/rb_00492/env.xml
1push,hard_001,28,4,3.5,1.0,long,/common/users/dm1487/scratch_namo/real_buildable/pool1/hard/rb_00492/env.xml
1push,hard_001,41,0,2.143,0.2857,short,/common/users/dm1487/scratch_namo/real_buildable/pool1/hard/rb_00492/env.xml
1push,hard_001,41,1,2.143,0.2857,short,/common/users/dm1487/scratch_namo/real_buildable/pool1/hard/rb_00492/env.xml
1push,hard_001,41,2,2.143,0.2857,short,/common/users/dm1487/scratch_namo/real_buildable/pool1/hard/rb_00492/env.xml
1push,hard_001,41,3,2.143,0.2857,short,/common/users/dm1487/scratch_namo/real_buildable/pool1/hard/rb_00492/env.xml
1push,hard_001,41,4,2.143,0.2857,short,/common/users/dm1487/scratch_namo/real_buildable/pool1/hard/rb_00492/env.xml
1push,hard_001,43,0,1.071,0.1429,short,/common/users/dm1487/scratch_namo/real_buildable/pool1/hard/rb_00492/env.xml
1push,hard_001,43,1,1.071,0.1429,short,/common/users/dm1487/scratch_namo/real_buildable/pool1/hard/rb_00492/env.xml
1push,hard_001,43,2,1.071,0.1429,short,/common/users/dm1487/scratch_namo/real_buildable/pool1/hard/rb_00492/env.xml
1push,hard_001,43,3,1.071,0.1429,short,/common/users/dm1487/scratch_namo/real_buildable/pool1/hard/rb_00492/env.xml
1push,hard_001,43,4,1.071,0.1429,short,/common/users/dm1487/scratch_namo/real_buildable/pool1/hard/rb_00492/env.xml
1push,hard_001,45,0,0.0,0.0,short,/common/users/dm1487/scratch_namo/real_buildable/pool1/hard/rb_00492/env.xml
1push,hard_001,45,1,0.0,0.0,short,/common/users/dm1487/scratch_namo/real_buildable/pool1/hard/rb_00492/env.xml
1push,hard_001,45,2,0.0,0.0,short,/common/users/dm1487/scratch_namo/real_buildable/pool1/hard/rb_00492/env.xml
1push,hard_001,45,3,0.0,0.0,short,/common/users/dm1487/scratch_namo/real_buildable/pool1/hard/rb_00492/env.xml
1push,hard_001,45,4,0.0,0.0,short,/common/users/dm1487/scratch_namo/real_buildable/pool1/hard/rb_00492/env.xml
1push,hard_001,47,0,1.071,0.1429,short,/common/users/dm1487/scratch_namo/real_buildable/pool1/hard/rb_00492/env.xml
1push,hard_001,47,1,1.071,0.1429,short,/common/users/dm1487/scratch_namo/real_buildable/pool1/hard/rb_00492/env.xml
1push,hard_001,47,2,1.071,0.1429,short,/common/users/dm1487/scratch_namo/real_buildable/pool1/hard/rb_00492/env.xml
1push,hard_001,47,3,1.071,0.1429,short,/common/users/dm1487/scratch_namo/real_buildable/pool1/hard/rb_00492/env.xml
1push,hard_001,47,4,1.071,0.1429,short,/common/users/dm1487/scratch_namo/real_buildable/pool1/hard/rb_00492/env.xml
1push,hard_001,49,0,2.143,0.2857,short,/common/users/dm1487/scratch_namo/real_buildable/pool1/hard/rb_00492/env.xml
1push,hard_001,49,1,2.143,0.2857,short,/common/users/dm1487/scratch_namo/real_buildable/pool1/hard/rb_00492/env.xml
1push,hard_001,49,2,2.143,0.2857,short,/common/users/dm1487/scratch_namo/real_buildable/pool1/hard/rb_00492/env.xml
1push,hard_001,49,3,2.143,0.2857,short,/common/users/dm1487/scratch_namo/real_buildable/pool1/hard/rb_00492/env.xml
1push,hard_001,49,4,2.143,0.2857,short,/common/users/dm1487/scratch_namo/real_buildable/pool1/hard/rb_00492/env.xml
1push,hard_001,51,0,3.214,0.4286,short,/common/users/dm1487/scratch_namo/real_buildable/pool1/hard/rb_00492/env.xml
1push,hard_001,51,1,3.214,0.4286,short,/common/users/dm1487/scratch_namo/real_buildable/pool1/hard/rb_00492/env.xml
1push,hard_001,51,2,3.214,0.4286,short,/common/users/dm1487/scratch_namo/real_buildable/pool1/hard/rb_00492/env.xml
1push,hard_001,51,3,3.214,0.4286,short,/common/users/dm1487/scratch_namo/real_buildable/pool1/hard/rb_00492/env.xml
1push,hard_001,51,4,3.214,0.4286,short,/common/users/dm1487/scratch_namo/real_buildable/pool1/hard/rb_00492/env.xml
1push,hard_001,53,0,4.286,0.5714,short,/common/users/dm1487/scratch_namo/real_buildable/pool1/hard/rb_00492/env.xml
1push,hard_001,53,1,4.286,0.5714,short,/common/users/dm1487/scratch_namo/real_buildable/pool1/hard/rb_00492/env.xml
1push,hard_001,53,2,4.286,0.5714,short,/common/users/dm1487/scratch_namo/real_buildable/pool1/hard/rb_00492/env.xml
1push,hard_001,53,3,4.286,0.5714,short,/common/users/dm1487/scratch_namo/real_buildable/pool1/hard/rb_00492/env.xml
1push,hard_001,53,4,4.286,0.5714,short,/common/users/dm1487/scratch_namo/real_buildable/pool1/hard/rb_00492/env.xml
1push,hard_001,55,0,5.357,0.7143,short,/common/users/dm1487/scratch_namo/real_buildable/pool1/hard/rb_00492/env.xml
1push,hard_001,55,1,5.357,0.7143,short,/common/users/dm1487/scratch_namo/real_buildable/pool1/hard/rb_00492/env.xml
1push,hard_001,55,2,5.357,0.7143,short,/common/users/dm1487/scratch_namo/real_buildable/pool1/hard/rb_00492/env.xml
1push,hard_001,55,3,5.357,0.7143,short,/common/users/dm1487/scratch_namo/real_buildable/pool1/hard/rb_00492/env.xml
1push,hard_001,55,4,5.357,0.7143,short,/common/users/dm1487/scratch_namo/real_buildable/pool1/hard/rb_00492/env.xml
1push,hard_001,56,0,6.429,0.8571,short,/common/users/dm1487/scratch_namo/real_buildable/pool1/hard/rb_00492/env.xml
1push,hard_001,56,1,6.429,0.8571,short,/common/users/dm1487/scratch_namo/real_buildable/pool1/hard/rb_00492/env.xml
1push,hard_001,56,2,6.429,0.8571,short,/common/users/dm1487/scratch_namo/real_buildable/pool1/hard/rb_00492/env.xml
1push,hard_001,56,3,6.429,0.8571,short,/common/users/dm1487/scratch_namo/real_buildable/pool1/hard/rb_00492/env.xml
1push,hard_001,56,4,6.429,0.8571,short,/common/users/dm1487/scratch_namo/real_buildable/pool1/hard/rb_00492/env.xml
1push,hard_001,57,0,6.429,0.8571,short,/common/users/dm1487/scratch_namo/real_buildable/pool1/hard/rb_00492/env.xml
1push,hard_001,57,1,6.429,0.8571,short,/common/users/dm1487/scratch_namo/real_buildable/pool1/hard/rb_00492/env.xml
1push,hard_001,57,2,6.429,0.8571,short,/common/users/dm1487/scratch_namo/real_buildable/pool1/hard/rb_00492/env.xml
1push,hard_001,57,3,6.429,0.8571,short,/common/users/dm1487/scratch_namo/real_buildable/pool1/hard/rb_00492/env.xml
1push,hard_001,57,4,6.429,0.8571,short,/common/users/dm1487/scratch_namo/real_buildable/pool1/hard/rb_00492/env.xml
1push,hard_001,58,0,7.5,1.0,short,/common/users/dm1487/scratch_namo/real_buildable/pool1/hard/rb_00492/env.xml
1push,hard_001,58,1,7.5,1.0,short,/common/users/dm1487/scratch_namo/real_buildable/pool1/hard/rb_00492/env.xml
1push,hard_001,58,2,7.5,1.0,short,/common/users/dm1487/scratch_namo/real_buildable/pool1/hard/rb_00492/env.xml
1push,hard_001,58,3,7.5,1.0,short,/common/users/dm1487/scratch_namo/real_buildable/pool1/hard/rb_00492/env.xml
1push,hard_001,58,4,7.5,1.0,short,/common/users/dm1487/scratch_namo/real_buildable/pool1/hard/rb_00492/env.xml
1push,hard_001,59,0,7.5,1.0,short,/common/users/dm1487/scratch_namo/real_buildable/pool1/hard/rb_00492/env.xml
1push,hard_001,59,1,7.5,1.0,short,/common/users/dm1487/scratch_namo/real_buildable/pool1/hard/rb_00492/env.xml
1push,hard_001,59,2,7.5,1.0,short,/common/users/dm1487/scratch_namo/real_buildable/pool1/hard/rb_00492/env.xml
1push,hard_001,59,3,7.5,1.0,short,/common/users/dm1487/scratch_namo/real_buildable/pool1/hard/rb_00492/env.xml
1push,hard_001,59,4,7.5,1.0,short,/common/users/dm1487/scratch_namo/real_buildable/pool1/hard/rb_00492/env.xml
1push,hard_012,1,0,3.5,1.0,long,/common/users/dm1487/scratch_namo/real_buildable/pool1/med/rb_00233/env.xml
1push,hard_012,1,1,3.5,1.0,long,/common/users/dm1487/scratch_namo/real_buildable/pool1/med/rb_00233/env.xml
1push,hard_012,1,2,3.5,1.0,long,/common/users/dm1487/scratch_namo/real_buildable/pool1/med/rb_00233/env.xml
1push,hard_012,1,3,3.5,1.0,long,/common/users/dm1487/scratch_namo/real_buildable/pool1/med/rb_00233/env.xml
1push,hard_012,1,4,3.5,1.0,long,/common/users/dm1487/scratch_namo/real_buildable/pool1/med/rb_00233/env.xml
1push,hard_012,3,0,3.0,0.8571,long,/common/users/dm1487/scratch_namo/real_buildable/pool1/med/rb_00233/env.xml
1push,hard_012,3,1,3.0,0.8571,long,/common/users/dm1487/scratch_namo/real_buildable/pool1/med/rb_00233/env.xml
1push,hard_012,3,2,3.0,0.8571,long,/common/users/dm1487/scratch_namo/real_buildable/pool1/med/rb_00233/env.xml
1push,hard_012,3,3,3.0,0.8571,long,/common/users/dm1487/scratch_namo/real_buildable/pool1/med/rb_00233/env.xml
1push,hard_012,3,4,3.0,0.8571,long,/common/users/dm1487/scratch_namo/real_buildable/pool1/med/rb_00233/env.xml
1push,hard_012,5,0,2.5,0.7143,long,/common/users/dm1487/scratch_namo/real_buildable/pool1/med/rb_00233/env.xml
1push,hard_012,5,1,2.5,0.7143,long,/common/users/dm1487/scratch_namo/real_buildable/pool1/med/rb_00233/env.xml
1push,hard_012,5,2,2.5,0.7143,long,/common/users/dm1487/scratch_namo/real_buildable/pool1/med/rb_00233/env.xml
1push,hard_012,5,3,2.5,0.7143,long,/common/users/dm1487/scratch_namo/real_buildable/pool1/med/rb_00233/env.xml
1push,hard_012,5,4,2.5,0.7143,long,/common/users/dm1487/scratch_namo/real_buildable/pool1/med/rb_00233/env.xml
1push,hard_012,7,0,2.0,0.5714,long,/common/users/dm1487/scratch_namo/real_buildable/pool1/med/rb_00233/env.xml
1push,hard_012,7,1,2.0,0.5714,long,/common/users/dm1487/scratch_namo/real_buildable/pool1/med/rb_00233/env.xml
1push,hard_012,7,2,2.0,0.5714,long,/common/users/dm1487/scratch_namo/real_buildable/pool1/med/rb_00233/env.xml
1push,hard_012,7,3,2.0,0.5714,long,/common/users/dm1487/scratch_namo/real_buildable/pool1/med/rb_00233/env.xml
1push,hard_012,7,4,2.0,0.5714,long,/common/users/dm1487/scratch_namo/real_buildable/pool1/med/rb_00233/env.xml
1push,hard_012,9,0,1.5,0.4286,long,/common/users/dm1487/scratch_namo/real_buildable/pool1/med/rb_00233/env.xml
1push,hard_012,9,1,1.5,0.4286,long,/common/users/dm1487/scratch_namo/real_buildable/pool1/med/rb_00233/env.xml
1push,hard_012,9,2,1.5,0.4286,long,/common/users/dm1487/scratch_namo/real_buildable/pool1/med/rb_00233/env.xml
1push,hard_012,9,3,1.5,0.4286,long,/common/users/dm1487/scratch_namo/real_buildable/pool1/med/rb_00233/env.xml
1push,hard_012,9,4,1.5,0.4286,long,/common/users/dm1487/scratch_namo/real_buildable/pool1/med/rb_00233/env.xml
1push,hard_012,11,0,1.0,0.2857,long,/common/users/dm1487/scratch_namo/real_buildable/pool1/med/rb_00233/env.xml
1push,hard_012,11,1,1.0,0.2857,long,/common/users/dm1487/scratch_namo/real_buildable/pool1/med/rb_00233/env.xml
1push,hard_012,11,2,1.0,0.2857,long,/common/users/dm1487/scratch_namo/real_buildable/pool1/med/rb_00233/env.xml
1push,hard_012,11,3,1.0,0.2857,long,/common/users/dm1487/scratch_namo/real_buildable/pool1/med/rb_00233/env.xml
1push,hard_012,11,4,1.0,0.2857,long,/common/users/dm1487/scratch_namo/real_buildable/pool1/med/rb_00233/env.xml
1push,hard_012,13,0,0.5,0.1429,long,/common/users/dm1487/scratch_namo/real_buildable/pool1/med/rb_00233/env.xml
1push,hard_012,13,1,0.5,0.1429,long,/common/users/dm1487/scratch_namo/real_buildable/pool1/med/rb_00233/env.xml
1push,hard_012,13,2,0.5,0.1429,long,/common/users/dm1487/scratch_namo/real_buildable/pool1/med/rb_00233/env.xml
1push,hard_012,13,3,0.5,0.1429,long,/common/users/dm1487/scratch_namo/real_buildable/pool1/med/rb_00233/env.xml
1push,hard_012,13,4,0.5,0.1429,long,/common/users/dm1487/scratch_namo/real_buildable/pool1/med/rb_00233/env.xml
1push,hard_012,15,0,0.0,0.0,long,/common/users/dm1487/scratch_namo/real_buildable/pool1/med/rb_00233/env.xml
1push,hard_012,15,1,0.0,0.0,long,/common/users/dm1487/scratch_namo/real_buildable/pool1/med/rb_00233/env.xml
1push,hard_012,15,2,0.0,0.0,long,/common/users/dm1487/scratch_namo/real_buildable/pool1/med/rb_00233/env.xml
1push,hard_012,15,3,0.0,0.0,long,/common/users/dm1487/scratch_namo/real_buildable/pool1/med/rb_00233/env.xml
1push,hard_012,15,4,0.0,0.0,long,/common/users/dm1487/scratch_namo/real_buildable/pool1/med/rb_00233/env.xml
1push,hard_012,17,0,0.5,0.1429,long,/common/users/dm1487/scratch_namo/real_buildable/pool1/med/rb_00233/env.xml
1push,hard_012,17,1,0.5,0.1429,long,/common/users/dm1487/scratch_namo/real_buildable/pool1/med/rb_00233/env.xml
1push,hard_012,17,2,0.5,0.1429,long,/common/users/dm1487/scratch_namo/real_buildable/pool1/med/rb_00233/env.xml
1push,hard_012,17,3,0.5,0.1429,long,/common/users/dm1487/scratch_namo/real_buildable/pool1/med/rb_00233/env.xml
1push,hard_012,17,4,0.5,0.1429,long,/common/users/dm1487/scratch_namo/real_buildable/pool1/med/rb_00233/env.xml
1push,hard_012,19,0,1.0,0.2857,long,/common/users/dm1487/scratch_namo/real_buildable/pool1/med/rb_00233/env.xml
1push,hard_012,19,1,1.0,0.2857,long,/common/users/dm1487/scratch_namo/real_buildable/pool1/med/rb_00233/env.xml
1push,hard_012,19,2,1.0,0.2857,long,/common/users/dm1487/scratch_namo/real_buildable/pool1/med/rb_00233/env.xml
1push,hard_012,19,3,1.0,0.2857,long,/common/users/dm1487/scratch_namo/real_buildable/pool1/med/rb_00233/env.xml
1push,hard_012,19,4,1.0,0.2857,long,/common/users/dm1487/scratch_namo/real_buildable/pool1/med/rb_00233/env.xml
1push,hard_012,21,0,1.5,0.4286,long,/common/users/dm1487/scratch_namo/real_buildable/pool1/med/rb_00233/env.xml
1push,hard_012,21,1,1.5,0.4286,long,/common/users/dm1487/scratch_namo/real_buildable/pool1/med/rb_00233/env.xml
1push,hard_012,21,2,1.5,0.4286,long,/common/users/dm1487/scratch_namo/real_buildable/pool1/med/rb_00233/env.xml
1push,hard_012,21,3,1.5,0.4286,long,/common/users/dm1487/scratch_namo/real_buildable/pool1/med/rb_00233/env.xml
1push,hard_012,21,4,1.5,0.4286,long,/common/users/dm1487/scratch_namo/real_buildable/pool1/med/rb_00233/env.xml
1push,hard_012,23,0,2.0,0.5714,long,/common/users/dm1487/scratch_namo/real_buildable/pool1/med/rb_00233/env.xml
1push,hard_012,23,1,2.0,0.5714,long,/common/users/dm1487/scratch_namo/real_buildable/pool1/med/rb_00233/env.xml
1push,hard_012,23,2,2.0,0.5714,long,/common/users/dm1487/scratch_namo/real_buildable/pool1/med/rb_00233/env.xml
1push,hard_012,23,3,2.0,0.5714,long,/common/users/dm1487/scratch_namo/real_buildable/pool1/med/rb_00233/env.xml
1push,hard_012,23,4,2.0,0.5714,long,/common/users/dm1487/scratch_namo/real_buildable/pool1/med/rb_00233/env.xml
1push,hard_012,25,0,2.5,0.7143,long,/common/users/dm1487/scratch_namo/real_buildable/pool1/med/rb_00233/env.xml
1push,hard_012,25,1,2.5,0.7143,long,/common/users/dm1487/scratch_namo/real_buildable/pool1/med/rb_00233/env.xml
1push,hard_012,25,2,2.5,0.7143,long,/common/users/dm1487/scratch_namo/real_buildable/pool1/med/rb_00233/env.xml
1push,hard_012,25,3,2.5,0.7143,long,/common/users/dm1487/scratch_namo/real_buildable/pool1/med/rb_00233/env.xml
1push,hard_012,25,4,2.5,0.7143,long,/common/users/dm1487/scratch_namo/real_buildable/pool1/med/rb_00233/env.xml
1push,hard_012,27,0,3.0,0.8571,long,/common/users/dm1487/scratch_namo/real_buildable/pool1/med/rb_00233/env.xml
1push,hard_012,27,1,3.0,0.8571,long,/common/users/dm1487/scratch_namo/real_buildable/pool1/med/rb_00233/env.xml
1push,hard_012,27,2,3.0,0.8571,long,/common/users/dm1487/scratch_namo/real_buildable/pool1/med/rb_00233/env.xml
1push,hard_012,27,3,3.0,0.8571,long,/common/users/dm1487/scratch_namo/real_buildable/pool1/med/rb_00233/env.xml
1push,hard_012,27,4,3.0,0.8571,long,/common/users/dm1487/scratch_namo/real_buildable/pool1/med/rb_00233/env.xml
1push,hard_012,29,0,3.5,1.0,long,/common/users/dm1487/scratch_namo/real_buildable/pool1/med/rb_00233/env.xml
1push,hard_012,29,1,3.5,1.0,long,/common/users/dm1487/scratch_namo/real_buildable/pool1/med/rb_00233/env.xml
1push,hard_012,29,2,3.5,1.0,long,/common/users/dm1487/scratch_namo/real_buildable/pool1/med/rb_00233/env.xml
1push,hard_012,29,3,3.5,1.0,long,/common/users/dm1487/scratch_namo/real_buildable/pool1/med/rb_00233/env.xml
1push,hard_012,29,4,3.5,1.0,long,/common/users/dm1487/scratch_namo/real_buildable/pool1/med/rb_00233/env.xml
1push,hard_012,31,0,7.5,1.0,short,/common/users/dm1487/scratch_namo/real_buildable/pool1/med/rb_00233/env.xml
1push,hard_012,31,1,7.5,1.0,short,/common/users/dm1487/scratch_namo/real_buildable/pool1/med/rb_00233/env.xml
1push,hard_012,31,2,7.5,1.0,short,/common/users/dm1487/scratch_namo/real_buildable/pool1/med/rb_00233/env.xml
1push,hard_012,31,3,7.5,1.0,short,/common/users/dm1487/scratch_namo/real_buildable/pool1/med/rb_00233/env.xml
1push,hard_012,31,4,7.5,1.0,short,/common/users/dm1487/scratch_namo/real_buildable/pool1/med/rb_00233/env.xml
1push,hard_012,33,0,6.429,0.8571,short,/common/users/dm1487/scratch_namo/real_buildable/pool1/med/rb_00233/env.xml
1push,hard_012,33,1,6.429,0.8571,short,/common/users/dm1487/scratch_namo/real_buildable/pool1/med/rb_00233/env.xml
1push,hard_012,33,2,6.429,0.8571,short,/common/users/dm1487/scratch_namo/real_buildable/pool1/med/rb_00233/env.xml
1push,hard_012,33,3,6.429,0.8571,short,/common/users/dm1487/scratch_namo/real_buildable/pool1/med/rb_00233/env.xml
1push,hard_012,33,4,6.429,0.8571,short,/common/users/dm1487/scratch_namo/real_buildable/pool1/med/rb_00233/env.xml
1push,hard_012,35,0,5.357,0.7143,short,/common/users/dm1487/scratch_namo/real_buildable/pool1/med/rb_00233/env.xml
1push,hard_012,35,1,5.357,0.7143,short,/common/users/dm1487/scratch_namo/real_buildable/pool1/med/rb_00233/env.xml
1push,hard_012,35,2,5.357,0.7143,short,/common/users/dm1487/scratch_namo/real_buildable/pool1/med/rb_00233/env.xml
1push,hard_012,35,3,5.357,0.7143,short,/common/users/dm1487/scratch_namo/real_buildable/pool1/med/rb_00233/env.xml
1push,hard_012,35,4,5.357,0.7143,short,/common/users/dm1487/scratch_namo/real_buildable/pool1/med/rb_00233/env.xml
1push,hard_012,37,0,4.286,0.5714,short,/common/users/dm1487/scratch_namo/real_buildable/pool1/med/rb_00233/env.xml
1push,hard_012,37,1,4.286,0.5714,short,/common/users/dm1487/scratch_namo/real_buildable/pool1/med/rb_00233/env.xml
1push,hard_012,37,2,4.286,0.5714,short,/common/users/dm1487/scratch_namo/real_buildable/pool1/med/rb_00233/env.xml
1push,hard_012,37,3,4.286,0.5714,short,/common/users/dm1487/scratch_namo/real_buildable/pool1/med/rb_00233/env.xml
1push,hard_012,37,4,4.286,0.5714,short,/common/users/dm1487/scratch_namo/real_buildable/pool1/med/rb_00233/env.xml
1push,hard_012,39,0,3.214,0.4286,short,/common/users/dm1487/scratch_namo/real_buildable/pool1/med/rb_00233/env.xml
1push,hard_012,39,1,3.214,0.4286,short,/common/users/dm1487/scratch_namo/real_buildable/pool1/med/rb_00233/env.xml
1push,hard_012,39,2,3.214,0.4286,short,/common/users/dm1487/scratch_namo/real_buildable/pool1/med/rb_00233/env.xml
1push,hard_012,39,3,3.214,0.4286,short,/common/users/dm1487/scratch_namo/real_buildable/pool1/med/rb_00233/env.xml
1push,hard_012,39,4,3.214,0.4286,short,/common/users/dm1487/scratch_namo/real_buildable/pool1/med/rb_00233/env.xml
1push,hard_012,41,0,2.143,0.2857,short,/common/users/dm1487/scratch_namo/real_buildable/pool1/med/rb_00233/env.xml
1push,hard_012,41,1,2.143,0.2857,short,/common/users/dm1487/scratch_namo/real_buildable/pool1/med/rb_00233/env.xml
1push,hard_012,41,2,2.143,0.2857,short,/common/users/dm1487/scratch_namo/real_buildable/pool1/med/rb_00233/env.xml
1push,hard_012,41,3,2.143,0.2857,short,/common/users/dm1487/scratch_namo/real_buildable/pool1/med/rb_00233/env.xml
1push,hard_012,41,4,2.143,0.2857,short,/common/users/dm1487/scratch_namo/real_buildable/pool1/med/rb_00233/env.xml
1push,hard_012,43,0,1.071,0.1429,short,/common/users/dm1487/scratch_namo/real_buildable/pool1/med/rb_00233/env.xml
1push,hard_012,43,1,1.071,0.1429,short,/common/users/dm1487/scratch_namo/real_buildable/pool1/med/rb_00233/env.xml
1push,hard_012,43,2,1.071,0.1429,short,/common/users/dm1487/scratch_namo/real_buildable/pool1/med/rb_00233/env.xml
1push,hard_012,43,3,1.071,0.1429,short,/common/users/dm1487/scratch_namo/real_buildable/pool1/med/rb_00233/env.xml
1push,hard_012,43,4,1.071,0.1429,short,/common/users/dm1487/scratch_namo/real_buildable/pool1/med/rb_00233/env.xml
1push,hard_012,45,0,0.0,0.0,short,/common/users/dm1487/scratch_namo/real_buildable/pool1/med/rb_00233/env.xml
1push,hard_012,45,1,0.0,0.0,short,/common/users/dm1487/scratch_namo/real_buildable/pool1/med/rb_00233/env.xml
1push,hard_012,45,2,0.0,0.0,short,/common/users/dm1487/scratch_namo/real_buildable/pool1/med/rb_00233/env.xml
1push,hard_012,45,3,0.0,0.0,short,/common/users/dm1487/scratch_namo/real_buildable/pool1/med/rb_00233/env.xml
1push,hard_012,45,4,0.0,0.0,short,/common/users/dm1487/scratch_namo/real_buildable/pool1/med/rb_00233/env.xml
1push,hard_012,47,0,1.071,0.1429,short,/common/users/dm1487/scratch_namo/real_buildable/pool1/med/rb_00233/env.xml
1push,hard_012,47,1,1.071,0.1429,short,/common/users/dm1487/scratch_namo/real_buildable/pool1/med/rb_00233/env.xml
1push,hard_012,47,2,1.071,0.1429,short,/common/users/dm1487/scratch_namo/real_buildable/pool1/med/rb_00233/env.xml
1push,hard_012,47,3,1.071,0.1429,short,/common/users/dm1487/scratch_namo/real_buildable/pool1/med/rb_00233/env.xml
1push,hard_012,47,4,1.071,0.1429,short,/common/users/dm1487/scratch_namo/real_buildable/pool1/med/rb_00233/env.xml
1push,hard_012,49,0,2.143,0.2857,short,/common/users/dm1487/scratch_namo/real_buildable/pool1/med/rb_00233/env.xml
1push,hard_012,49,1,2.143,0.2857,short,/common/users/dm1487/scratch_namo/real_buildable/pool1/med/rb_00233/env.xml
1push,hard_012,49,2,2.143,0.2857,short,/common/users/dm1487/scratch_namo/real_buildable/pool1/med/rb_00233/env.xml
1push,hard_012,49,3,2.143,0.2857,short,/common/users/dm1487/scratch_namo/real_buildable/pool1/med/rb_00233/env.xml
1push,hard_012,49,4,2.143,0.2857,short,/common/users/dm1487/scratch_namo/real_buildable/pool1/med/rb_00233/env.xml
1push,hard_005,0,0,3.5,1.0,long,/common/users/dm1487/scratch_namo/real_buildable/pool1/med/rb_00054/env.xml
1push,hard_005,0,1,3.5,1.0,long,/common/users/dm1487/scratch_namo/real_buildable/pool1/med/rb_00054/env.xml
1push,hard_005,0,2,3.5,1.0,long,/common/users/dm1487/scratch_namo/real_buildable/pool1/med/rb_00054/env.xml
1push,hard_005,0,3,3.5,1.0,long,/common/users/dm1487/scratch_namo/real_buildable/pool1/med/rb_00054/env.xml
1push,hard_005,0,4,3.5,1.0,long,/common/users/dm1487/scratch_namo/real_buildable/pool1/med/rb_00054/env.xml
1push,hard_005,2,0,3.0,0.8571,long,/common/users/dm1487/scratch_namo/real_buildable/pool1/med/rb_00054/env.xml
1push,hard_005,2,1,3.0,0.8571,long,/common/users/dm1487/scratch_namo/real_buildable/pool1/med/rb_00054/env.xml
1push,hard_005,2,2,3.0,0.8571,long,/common/users/dm1487/scratch_namo/real_buildable/pool1/med/rb_00054/env.xml
1push,hard_005,2,3,3.0,0.8571,long,/common/users/dm1487/scratch_namo/real_buildable/pool1/med/rb_00054/env.xml
1push,hard_005,2,4,3.0,0.8571,long,/common/users/dm1487/scratch_namo/real_buildable/pool1/med/rb_00054/env.xml
1push,hard_005,4,0,2.5,0.7143,long,/common/users/dm1487/scratch_namo/real_buildable/pool1/med/rb_00054/env.xml
1push,hard_005,4,1,2.5,0.7143,long,/common/users/dm1487/scratch_namo/real_buildable/pool1/med/rb_00054/env.xml
1push,hard_005,4,2,2.5,0.7143,long,/common/users/dm1487/scratch_namo/real_buildable/pool1/med/rb_00054/env.xml
1push,hard_005,4,3,2.5,0.7143,long,/common/users/dm1487/scratch_namo/real_buildable/pool1/med/rb_00054/env.xml
1push,hard_005,4,4,2.5,0.7143,long,/common/users/dm1487/scratch_namo/real_buildable/pool1/med/rb_00054/env.xml
1push,hard_005,6,0,2.0,0.5714,long,/common/users/dm1487/scratch_namo/real_buildable/pool1/med/rb_00054/env.xml
1push,hard_005,6,1,2.0,0.5714,long,/common/users/dm1487/scratch_namo/real_buildable/pool1/med/rb_00054/env.xml
1push,hard_005,6,2,2.0,0.5714,long,/common/users/dm1487/scratch_namo/real_buildable/pool1/med/rb_00054/env.xml
1push,hard_005,6,3,2.0,0.5714,long,/common/users/dm1487/scratch_namo/real_buildable/pool1/med/rb_00054/env.xml
1push,hard_005,6,4,2.0,0.5714,long,/common/users/dm1487/scratch_namo/real_buildable/pool1/med/rb_00054/env.xml
1push,hard_005,8,0,1.5,0.4286,long,/common/users/dm1487/scratch_namo/real_buildable/pool1/med/rb_00054/env.xml
1push,hard_005,8,1,1.5,0.4286,long,/common/users/dm1487/scratch_namo/real_buildable/pool1/med/rb_00054/env.xml
1push,hard_005,8,2,1.5,0.4286,long,/common/users/dm1487/scratch_namo/real_buildable/pool1/med/rb_00054/env.xml
1push,hard_005,8,3,1.5,0.4286,long,/common/users/dm1487/scratch_namo/real_buildable/pool1/med/rb_00054/env.xml
1push,hard_005,8,4,1.5,0.4286,long,/common/users/dm1487/scratch_namo/real_buildable/pool1/med/rb_00054/env.xml
1push,hard_005,10,0,1.0,0.2857,long,/common/users/dm1487/scratch_namo/real_buildable/pool1/med/rb_00054/env.xml
1push,hard_005,10,1,1.0,0.2857,long,/common/users/dm1487/scratch_namo/real_buildable/pool1/med/rb_00054/env.xml
1push,hard_005,10,2,1.0,0.2857,long,/common/users/dm1487/scratch_namo/real_buildable/pool1/med/rb_00054/env.xml
1push,hard_005,10,3,1.0,0.2857,long,/common/users/dm1487/scratch_namo/real_buildable/pool1/med/rb_00054/env.xml
1push,hard_005,10,4,1.0,0.2857,long,/common/users/dm1487/scratch_namo/real_buildable/pool1/med/rb_00054/env.xml
1push,hard_005,12,0,0.5,0.1429,long,/common/users/dm1487/scratch_namo/real_buildable/pool1/med/rb_00054/env.xml
1push,hard_005,12,1,0.5,0.1429,long,/common/users/dm1487/scratch_namo/real_buildable/pool1/med/rb_00054/env.xml
1push,hard_005,12,2,0.5,0.1429,long,/common/users/dm1487/scratch_namo/real_buildable/pool1/med/rb_00054/env.xml
1push,hard_005,12,3,0.5,0.1429,long,/common/users/dm1487/scratch_namo/real_buildable/pool1/med/rb_00054/env.xml
1push,hard_005,12,4,0.5,0.1429,long,/common/users/dm1487/scratch_namo/real_buildable/pool1/med/rb_00054/env.xml
1push,hard_005,14,0,0.0,0.0,long,/common/users/dm1487/scratch_namo/real_buildable/pool1/med/rb_00054/env.xml
1push,hard_005,14,1,0.0,0.0,long,/common/users/dm1487/scratch_namo/real_buildable/pool1/med/rb_00054/env.xml
1push,hard_005,14,2,0.0,0.0,long,/common/users/dm1487/scratch_namo/real_buildable/pool1/med/rb_00054/env.xml
1push,hard_005,14,3,0.0,0.0,long,/common/users/dm1487/scratch_namo/real_buildable/pool1/med/rb_00054/env.xml
1push,hard_005,14,4,0.0,0.0,long,/common/users/dm1487/scratch_namo/real_buildable/pool1/med/rb_00054/env.xml
1push,hard_005,16,0,0.5,0.1429,long,/common/users/dm1487/scratch_namo/real_buildable/pool1/med/rb_00054/env.xml
1push,hard_005,16,1,0.5,0.1429,long,/common/users/dm1487/scratch_namo/real_buildable/pool1/med/rb_00054/env.xml
1push,hard_005,16,2,0.5,0.1429,long,/common/users/dm1487/scratch_namo/real_buildable/pool1/med/rb_00054/env.xml
1push,hard_005,16,3,0.5,0.1429,long,/common/users/dm1487/scratch_namo/real_buildable/pool1/med/rb_00054/env.xml
1push,hard_005,16,4,0.5,0.1429,long,/common/users/dm1487/scratch_namo/real_buildable/pool1/med/rb_00054/env.xml
1push,hard_005,18,0,1.0,0.2857,long,/common/users/dm1487/scratch_namo/real_buildable/pool1/med/rb_00054/env.xml
1push,hard_005,18,1,1.0,0.2857,long,/common/users/dm1487/scratch_namo/real_buildable/pool1/med/rb_00054/env.xml
1push,hard_005,18,2,1.0,0.2857,long,/common/users/dm1487/scratch_namo/real_buildable/pool1/med/rb_00054/env.xml
1push,hard_005,18,3,1.0,0.2857,long,/common/users/dm1487/scratch_namo/real_buildable/pool1/med/rb_00054/env.xml
1push,hard_005,18,4,1.0,0.2857,long,/common/users/dm1487/scratch_namo/real_buildable/pool1/med/rb_00054/env.xml
1push,hard_005,20,0,1.5,0.4286,long,/common/users/dm1487/scratch_namo/real_buildable/pool1/med/rb_00054/env.xml
1push,hard_005,20,1,1.5,0.4286,long,/common/users/dm1487/scratch_namo/real_buildable/pool1/med/rb_00054/env.xml
1push,hard_005,20,2,1.5,0.4286,long,/common/users/dm1487/scratch_namo/real_buildable/pool1/med/rb_00054/env.xml
1push,hard_005,20,3,1.5,0.4286,long,/common/users/dm1487/scratch_namo/real_buildable/pool1/med/rb_00054/env.xml
1push,hard_005,20,4,1.5,0.4286,long,/common/users/dm1487/scratch_namo/real_buildable/pool1/med/rb_00054/env.xml
1push,hard_005,22,0,2.0,0.5714,long,/common/users/dm1487/scratch_namo/real_buildable/pool1/med/rb_00054/env.xml
1push,hard_005,22,1,2.0,0.5714,long,/common/users/dm1487/scratch_namo/real_buildable/pool1/med/rb_00054/env.xml
1push,hard_005,22,2,2.0,0.5714,long,/common/users/dm1487/scratch_namo/real_buildable/pool1/med/rb_00054/env.xml
1push,hard_005,22,3,2.0,0.5714,long,/common/users/dm1487/scratch_namo/real_buildable/pool1/med/rb_00054/env.xml
1push,hard_005,22,4,2.0,0.5714,long,/common/users/dm1487/scratch_namo/real_buildable/pool1/med/rb_00054/env.xml
1push,hard_005,24,0,2.5,0.7143,long,/common/users/dm1487/scratch_namo/real_buildable/pool1/med/rb_00054/env.xml
1push,hard_005,24,1,2.5,0.7143,long,/common/users/dm1487/scratch_namo/real_buildable/pool1/med/rb_00054/env.xml
1push,hard_005,24,2,2.5,0.7143,long,/common/users/dm1487/scratch_namo/real_buildable/pool1/med/rb_00054/env.xml
1push,hard_005,24,3,2.5,0.7143,long,/common/users/dm1487/scratch_namo/real_buildable/pool1/med/rb_00054/env.xml
1push,hard_005,24,4,2.5,0.7143,long,/common/users/dm1487/scratch_namo/real_buildable/pool1/med/rb_00054/env.xml
1push,hard_005,26,0,3.0,0.8571,long,/common/users/dm1487/scratch_namo/real_buildable/pool1/med/rb_00054/env.xml
1push,hard_005,26,1,3.0,0.8571,long,/common/users/dm1487/scratch_namo/real_buildable/pool1/med/rb_00054/env.xml
1push,hard_005,26,2,3.0,0.8571,long,/common/users/dm1487/scratch_namo/real_buildable/pool1/med/rb_00054/env.xml
1push,hard_005,26,3,3.0,0.8571,long,/common/users/dm1487/scratch_namo/real_buildable/pool1/med/rb_00054/env.xml
1push,hard_005,26,4,3.0,0.8571,long,/common/users/dm1487/scratch_namo/real_buildable/pool1/med/rb_00054/env.xml
1push,hard_005,28,0,3.5,1.0,long,/common/users/dm1487/scratch_namo/real_buildable/pool1/med/rb_00054/env.xml
1push,hard_005,28,1,3.5,1.0,long,/common/users/dm1487/scratch_namo/real_buildable/pool1/med/rb_00054/env.xml
1push,hard_005,28,2,3.5,1.0,long,/common/users/dm1487/scratch_namo/real_buildable/pool1/med/rb_00054/env.xml
1push,hard_005,28,3,3.5,1.0,long,/common/users/dm1487/scratch_namo/real_buildable/pool1/med/rb_00054/env.xml
1push,hard_005,28,4,3.5,1.0,long,/common/users/dm1487/scratch_namo/real_buildable/pool1/med/rb_00054/env.xml
1push,hard_005,48,0,2.143,0.2857,short,/common/users/dm1487/scratch_namo/real_buildable/pool1/med/rb_00054/env.xml
1push,hard_005,48,1,2.143,0.2857,short,/common/users/dm1487/scratch_namo/real_buildable/pool1/med/rb_00054/env.xml
1push,hard_005,48,2,2.143,0.2857,short,/common/users/dm1487/scratch_namo/real_buildable/pool1/med/rb_00054/env.xml
1push,hard_005,48,3,2.143,0.2857,short,/common/users/dm1487/scratch_namo/real_buildable/pool1/med/rb_00054/env.xml
1push,hard_005,48,4,2.143,0.2857,short,/common/users/dm1487/scratch_namo/real_buildable/pool1/med/rb_00054/env.xml
1push,hard_005,49,0,2.143,0.2857,short,/common/users/dm1487/scratch_namo/real_buildable/pool1/med/rb_00054/env.xml
1push,hard_005,49,1,2.143,0.2857,short,/common/users/dm1487/scratch_namo/real_buildable/pool1/med/rb_00054/env.xml
1push,hard_005,49,2,2.143,0.2857,short,/common/users/dm1487/scratch_namo/real_buildable/pool1/med/rb_00054/env.xml
1push,hard_005,49,3,2.143,0.2857,short,/common/users/dm1487/scratch_namo/real_buildable/pool1/med/rb_00054/env.xml
1push,hard_005,49,4,2.143,0.2857,short,/common/users/dm1487/scratch_namo/real_buildable/pool1/med/rb_00054/env.xml
1push,hard_005,50,0,3.214,0.4286,short,/common/users/dm1487/scratch_namo/real_buildable/pool1/med/rb_00054/env.xml
1push,hard_005,50,1,3.214,0.4286,short,/common/users/dm1487/scratch_namo/real_buildable/pool1/med/rb_00054/env.xml
1push,hard_005,50,2,3.214,0.4286,short,/common/users/dm1487/scratch_namo/real_buildable/pool1/med/rb_00054/env.xml
1push,hard_005,50,3,3.214,0.4286,short,/common/users/dm1487/scratch_namo/real_buildable/pool1/med/rb_00054/env.xml
1push,hard_005,50,4,3.214,0.4286,short,/common/users/dm1487/scratch_namo/real_buildable/pool1/med/rb_00054/env.xml
1push,hard_005,51,0,3.214,0.4286,short,/common/users/dm1487/scratch_namo/real_buildable/pool1/med/rb_00054/env.xml
1push,hard_005,51,1,3.214,0.4286,short,/common/users/dm1487/scratch_namo/real_buildable/pool1/med/rb_00054/env.xml
1push,hard_005,51,2,3.214,0.4286,short,/common/users/dm1487/scratch_namo/real_buildable/pool1/med/rb_00054/env.xml
1push,hard_005,51,3,3.214,0.4286,short,/common/users/dm1487/scratch_namo/real_buildable/pool1/med/rb_00054/env.xml
1push,hard_005,51,4,3.214,0.4286,short,/common/users/dm1487/scratch_namo/real_buildable/pool1/med/rb_00054/env.xml
1push,hard_005,52,0,4.286,0.5714,short,/common/users/dm1487/scratch_namo/real_buildable/pool1/med/rb_00054/env.xml
1push,hard_005,52,1,4.286,0.5714,short,/common/users/dm1487/scratch_namo/real_buildable/pool1/med/rb_00054/env.xml
1push,hard_005,52,2,4.286,0.5714,short,/common/users/dm1487/scratch_namo/real_buildable/pool1/med/rb_00054/env.xml
1push,hard_005,52,3,4.286,0.5714,short,/common/users/dm1487/scratch_namo/real_buildable/pool1/med/rb_00054/env.xml
1push,hard_005,52,4,4.286,0.5714,short,/common/users/dm1487/scratch_namo/real_buildable/pool1/med/rb_00054/env.xml
1push,hard_005,53,0,4.286,0.5714,short,/common/users/dm1487/scratch_namo/real_buildable/pool1/med/rb_00054/env.xml
1push,hard_005,53,1,4.286,0.5714,short,/common/users/dm1487/scratch_namo/real_buildable/pool1/med/rb_00054/env.xml
1push,hard_005,53,2,4.286,0.5714,short,/common/users/dm1487/scratch_namo/real_buildable/pool1/med/rb_00054/env.xml
1push,hard_005,53,3,4.286,0.5714,short,/common/users/dm1487/scratch_namo/real_buildable/pool1/med/rb_00054/env.xml
1push,hard_005,53,4,4.286,0.5714,short,/common/users/dm1487/scratch_namo/real_buildable/pool1/med/rb_00054/env.xml
1push,hard_005,54,0,5.357,0.7143,short,/common/users/dm1487/scratch_namo/real_buildable/pool1/med/rb_00054/env.xml
1push,hard_005,54,1,5.357,0.7143,short,/common/users/dm1487/scratch_namo/real_buildable/pool1/med/rb_00054/env.xml
1push,hard_005,54,2,5.357,0.7143,short,/common/users/dm1487/scratch_namo/real_buildable/pool1/med/rb_00054/env.xml
1push,hard_005,54,3,5.357,0.7143,short,/common/users/dm1487/scratch_namo/real_buildable/pool1/med/rb_00054/env.xml
1push,hard_005,54,4,5.357,0.7143,short,/common/users/dm1487/scratch_namo/real_buildable/pool1/med/rb_00054/env.xml
1push,hard_005,55,0,5.357,0.7143,short,/common/users/dm1487/scratch_namo/real_buildable/pool1/med/rb_00054/env.xml
1push,hard_005,55,1,5.357,0.7143,short,/common/users/dm1487/scratch_namo/real_buildable/pool1/med/rb_00054/env.xml
1push,hard_005,55,2,5.357,0.7143,short,/common/users/dm1487/scratch_namo/real_buildable/pool1/med/rb_00054/env.xml
1push,hard_005,55,3,5.357,0.7143,short,/common/users/dm1487/scratch_namo/real_buildable/pool1/med/rb_00054/env.xml
1push,hard_005,55,4,5.357,0.7143,short,/common/users/dm1487/scratch_namo/real_buildable/pool1/med/rb_00054/env.xml
1push,hard_005,56,0,6.429,0.8571,short,/common/users/dm1487/scratch_namo/real_buildable/pool1/med/rb_00054/env.xml
1push,hard_005,56,1,6.429,0.8571,short,/common/users/dm1487/scratch_namo/real_buildable/pool1/med/rb_00054/env.xml
1push,hard_005,56,2,6.429,0.8571,short,/common/users/dm1487/scratch_namo/real_buildable/pool1/med/rb_00054/env.xml
1push,hard_005,56,3,6.429,0.8571,short,/common/users/dm1487/scratch_namo/real_buildable/pool1/med/rb_00054/env.xml
1push,hard_005,56,4,6.429,0.8571,short,/common/users/dm1487/scratch_namo/real_buildable/pool1/med/rb_00054/env.xml
1push,hard_005,57,0,6.429,0.8571,short,/common/users/dm1487/scratch_namo/real_buildable/pool1/med/rb_00054/env.xml
1push,hard_005,57,1,6.429,0.8571,short,/common/users/dm1487/scratch_namo/real_buildable/pool1/med/rb_00054/env.xml
1push,hard_005,57,2,6.429,0.8571,short,/common/users/dm1487/scratch_namo/real_buildable/pool1/med/rb_00054/env.xml
1push,hard_005,57,3,6.429,0.8571,short,/common/users/dm1487/scratch_namo/real_buildable/pool1/med/rb_00054/env.xml
1push,hard_005,57,4,6.429,0.8571,short,/common/users/dm1487/scratch_namo/real_buildable/pool1/med/rb_00054/env.xml
1push,hard_005,58,0,7.5,1.0,short,/common/users/dm1487/scratch_namo/real_buildable/pool1/med/rb_00054/env.xml
1push,hard_005,58,1,7.5,1.0,short,/common/users/dm1487/scratch_namo/real_buildable/pool1/med/rb_00054/env.xml
1push,hard_005,58,2,7.5,1.0,short,/common/users/dm1487/scratch_namo/real_buildable/pool1/med/rb_00054/env.xml
1push,hard_005,58,3,7.5,1.0,short,/common/users/dm1487/scratch_namo/real_buildable/pool1/med/rb_00054/env.xml
1push,hard_005,58,4,7.5,1.0,short,/common/users/dm1487/scratch_namo/real_buildable/pool1/med/rb_00054/env.xml
1push,hard_005,59,0,7.5,1.0,short,/common/users/dm1487/scratch_namo/real_buildable/pool1/med/rb_00054/env.xml
1push,hard_005,59,1,7.5,1.0,short,/common/users/dm1487/scratch_namo/real_buildable/pool1/med/rb_00054/env.xml
1push,hard_005,59,2,7.5,1.0,short,/common/users/dm1487/scratch_namo/real_buildable/pool1/med/rb_00054/env.xml
1push,hard_005,59,3,7.5,1.0,short,/common/users/dm1487/scratch_namo/real_buildable/pool1/med/rb_00054/env.xml
1push,hard_005,59,4,7.5,1.0,short,/common/users/dm1487/scratch_namo/real_buildable/pool1/med/rb_00054/env.xml
1push,hard_009,0,0,3.5,1.0,long,/common/users/dm1487/scratch_namo/real_buildable/pool1/hard/rb_00264/env.xml
1push,hard_009,0,1,3.5,1.0,long,/common/users/dm1487/scratch_namo/real_buildable/pool1/hard/rb_00264/env.xml
1push,hard_009,0,2,3.5,1.0,long,/common/users/dm1487/scratch_namo/real_buildable/pool1/hard/rb_00264/env.xml
1push,hard_009,0,3,3.5,1.0,long,/common/users/dm1487/scratch_namo/real_buildable/pool1/hard/rb_00264/env.xml
1push,hard_009,0,4,3.5,1.0,long,/common/users/dm1487/scratch_namo/real_buildable/pool1/hard/rb_00264/env.xml
1push,hard_009,2,0,3.0,0.8571,long,/common/users/dm1487/scratch_namo/real_buildable/pool1/hard/rb_00264/env.xml
1push,hard_009,2,1,3.0,0.8571,long,/common/users/dm1487/scratch_namo/real_buildable/pool1/hard/rb_00264/env.xml
1push,hard_009,2,2,3.0,0.8571,long,/common/users/dm1487/scratch_namo/real_buildable/pool1/hard/rb_00264/env.xml
1push,hard_009,2,3,3.0,0.8571,long,/common/users/dm1487/scratch_namo/real_buildable/pool1/hard/rb_00264/env.xml
1push,hard_009,2,4,3.0,0.8571,long,/common/users/dm1487/scratch_namo/real_buildable/pool1/hard/rb_00264/env.xml
1push,hard_009,4,0,2.5,0.7143,long,/common/users/dm1487/scratch_namo/real_buildable/pool1/hard/rb_00264/env.xml
1push,hard_009,4,1,2.5,0.7143,long,/common/users/dm1487/scratch_namo/real_buildable/pool1/hard/rb_00264/env.xml
1push,hard_009,4,2,2.5,0.7143,long,/common/users/dm1487/scratch_namo/real_buildable/pool1/hard/rb_00264/env.xml
1push,hard_009,4,3,2.5,0.7143,long,/common/users/dm1487/scratch_namo/real_buildable/pool1/hard/rb_00264/env.xml
1push,hard_009,4,4,2.5,0.7143,long,/common/users/dm1487/scratch_namo/real_buildable/pool1/hard/rb_00264/env.xml
1push,hard_009,6,0,2.0,0.5714,long,/common/users/dm1487/scratch_namo/real_buildable/pool1/hard/rb_00264/env.xml
1push,hard_009,6,1,2.0,0.5714,long,/common/users/dm1487/scratch_namo/real_buildable/pool1/hard/rb_00264/env.xml
1push,hard_009,6,2,2.0,0.5714,long,/common/users/dm1487/scratch_namo/real_buildable/pool1/hard/rb_00264/env.xml
1push,hard_009,6,3,2.0,0.5714,long,/common/users/dm1487/scratch_namo/real_buildable/pool1/hard/rb_00264/env.xml
1push,hard_009,6,4,2.0,0.5714,long,/common/users/dm1487/scratch_namo/real_buildable/pool1/hard/rb_00264/env.xml
1push,hard_009,8,0,1.5,0.4286,long,/common/users/dm1487/scratch_namo/real_buildable/pool1/hard/rb_00264/env.xml
1push,hard_009,8,1,1.5,0.4286,long,/common/users/dm1487/scratch_namo/real_buildable/pool1/hard/rb_00264/env.xml
1push,hard_009,8,2,1.5,0.4286,long,/common/users/dm1487/scratch_namo/real_buildable/pool1/hard/rb_00264/env.xml
1push,hard_009,8,3,1.5,0.4286,long,/common/users/dm1487/scratch_namo/real_buildable/pool1/hard/rb_00264/env.xml
1push,hard_009,8,4,1.5,0.4286,long,/common/users/dm1487/scratch_namo/real_buildable/pool1/hard/rb_00264/env.xml
1push,hard_009,10,0,1.0,0.2857,long,/common/users/dm1487/scratch_namo/real_buildable/pool1/hard/rb_00264/env.xml
1push,hard_009,10,1,1.0,0.2857,long,/common/users/dm1487/scratch_namo/real_buildable/pool1/hard/rb_00264/env.xml
1push,hard_009,10,2,1.0,0.2857,long,/common/users/dm1487/scratch_namo/real_buildable/pool1/hard/rb_00264/env.xml
1push,hard_009,10,3,1.0,0.2857,long,/common/users/dm1487/scratch_namo/real_buildable/pool1/hard/rb_00264/env.xml
1push,hard_009,10,4,1.0,0.2857,long,/common/users/dm1487/scratch_namo/real_buildable/pool1/hard/rb_00264/env.xml
1push,hard_009,12,0,0.5,0.1429,long,/common/users/dm1487/scratch_namo/real_buildable/pool1/hard/rb_00264/env.xml
1push,hard_009,12,1,0.5,0.1429,long,/common/users/dm1487/scratch_namo/real_buildable/pool1/hard/rb_00264/env.xml
1push,hard_009,12,2,0.5,0.1429,long,/common/users/dm1487/scratch_namo/real_buildable/pool1/hard/rb_00264/env.xml
1push,hard_009,12,3,0.5,0.1429,long,/common/users/dm1487/scratch_namo/real_buildable/pool1/hard/rb_00264/env.xml
1push,hard_009,12,4,0.5,0.1429,long,/common/users/dm1487/scratch_namo/real_buildable/pool1/hard/rb_00264/env.xml
1push,hard_009,14,0,0.0,0.0,long,/common/users/dm1487/scratch_namo/real_buildable/pool1/hard/rb_00264/env.xml
1push,hard_009,14,1,0.0,0.0,long,/common/users/dm1487/scratch_namo/real_buildable/pool1/hard/rb_00264/env.xml
1push,hard_009,14,2,0.0,0.0,long,/common/users/dm1487/scratch_namo/real_buildable/pool1/hard/rb_00264/env.xml
1push,hard_009,14,3,0.0,0.0,long,/common/users/dm1487/scratch_namo/real_buildable/pool1/hard/rb_00264/env.xml
1push,hard_009,14,4,0.0,0.0,long,/common/users/dm1487/scratch_namo/real_buildable/pool1/hard/rb_00264/env.xml
1push,hard_009,16,0,0.5,0.1429,long,/common/users/dm1487/scratch_namo/real_buildable/pool1/hard/rb_00264/env.xml
1push,hard_009,16,1,0.5,0.1429,long,/common/users/dm1487/scratch_namo/real_buildable/pool1/hard/rb_00264/env.xml
1push,hard_009,16,2,0.5,0.1429,long,/common/users/dm1487/scratch_namo/real_buildable/pool1/hard/rb_00264/env.xml
1push,hard_009,16,3,0.5,0.1429,long,/common/users/dm1487/scratch_namo/real_buildable/pool1/hard/rb_00264/env.xml
1push,hard_009,16,4,0.5,0.1429,long,/common/users/dm1487/scratch_namo/real_buildable/pool1/hard/rb_00264/env.xml
1push,hard_009,18,0,1.0,0.2857,long,/common/users/dm1487/scratch_namo/real_buildable/pool1/hard/rb_00264/env.xml
1push,hard_009,18,1,1.0,0.2857,long,/common/users/dm1487/scratch_namo/real_buildable/pool1/hard/rb_00264/env.xml
1push,hard_009,18,2,1.0,0.2857,long,/common/users/dm1487/scratch_namo/real_buildable/pool1/hard/rb_00264/env.xml
1push,hard_009,18,3,1.0,0.2857,long,/common/users/dm1487/scratch_namo/real_buildable/pool1/hard/rb_00264/env.xml
1push,hard_009,18,4,1.0,0.2857,long,/common/users/dm1487/scratch_namo/real_buildable/pool1/hard/rb_00264/env.xml
1push,hard_009,20,0,1.5,0.4286,long,/common/users/dm1487/scratch_namo/real_buildable/pool1/hard/rb_00264/env.xml
1push,hard_009,20,1,1.5,0.4286,long,/common/users/dm1487/scratch_namo/real_buildable/pool1/hard/rb_00264/env.xml
1push,hard_009,20,2,1.5,0.4286,long,/common/users/dm1487/scratch_namo/real_buildable/pool1/hard/rb_00264/env.xml
1push,hard_009,20,3,1.5,0.4286,long,/common/users/dm1487/scratch_namo/real_buildable/pool1/hard/rb_00264/env.xml
1push,hard_009,20,4,1.5,0.4286,long,/common/users/dm1487/scratch_namo/real_buildable/pool1/hard/rb_00264/env.xml
1push,hard_009,22,0,2.0,0.5714,long,/common/users/dm1487/scratch_namo/real_buildable/pool1/hard/rb_00264/env.xml
1push,hard_009,22,1,2.0,0.5714,long,/common/users/dm1487/scratch_namo/real_buildable/pool1/hard/rb_00264/env.xml
1push,hard_009,22,2,2.0,0.5714,long,/common/users/dm1487/scratch_namo/real_buildable/pool1/hard/rb_00264/env.xml
1push,hard_009,22,3,2.0,0.5714,long,/common/users/dm1487/scratch_namo/real_buildable/pool1/hard/rb_00264/env.xml
1push,hard_009,22,4,2.0,0.5714,long,/common/users/dm1487/scratch_namo/real_buildable/pool1/hard/rb_00264/env.xml
1push,hard_009,24,0,2.5,0.7143,long,/common/users/dm1487/scratch_namo/real_buildable/pool1/hard/rb_00264/env.xml
1push,hard_009,24,1,2.5,0.7143,long,/common/users/dm1487/scratch_namo/real_buildable/pool1/hard/rb_00264/env.xml
1push,hard_009,24,2,2.5,0.7143,long,/common/users/dm1487/scratch_namo/real_buildable/pool1/hard/rb_00264/env.xml
1push,hard_009,24,3,2.5,0.7143,long,/common/users/dm1487/scratch_namo/real_buildable/pool1/hard/rb_00264/env.xml
1push,hard_009,24,4,2.5,0.7143,long,/common/users/dm1487/scratch_namo/real_buildable/pool1/hard/rb_00264/env.xml
1push,hard_009,26,0,3.0,0.8571,long,/common/users/dm1487/scratch_namo/real_buildable/pool1/hard/rb_00264/env.xml
1push,hard_009,26,1,3.0,0.8571,long,/common/users/dm1487/scratch_namo/real_buildable/pool1/hard/rb_00264/env.xml
1push,hard_009,26,2,3.0,0.8571,long,/common/users/dm1487/scratch_namo/real_buildable/pool1/hard/rb_00264/env.xml
1push,hard_009,26,3,3.0,0.8571,long,/common/users/dm1487/scratch_namo/real_buildable/pool1/hard/rb_00264/env.xml
1push,hard_009,26,4,3.0,0.8571,long,/common/users/dm1487/scratch_namo/real_buildable/pool1/hard/rb_00264/env.xml
1push,hard_009,28,0,3.5,1.0,long,/common/users/dm1487/scratch_namo/real_buildable/pool1/hard/rb_00264/env.xml
1push,hard_009,28,1,3.5,1.0,long,/common/users/dm1487/scratch_namo/real_buildable/pool1/hard/rb_00264/env.xml
1push,hard_009,28,2,3.5,1.0,long,/common/users/dm1487/scratch_namo/real_buildable/pool1/hard/rb_00264/env.xml
1push,hard_009,28,3,3.5,1.0,long,/common/users/dm1487/scratch_namo/real_buildable/pool1/hard/rb_00264/env.xml
1push,hard_009,28,4,3.5,1.0,long,/common/users/dm1487/scratch_namo/real_buildable/pool1/hard/rb_00264/env.xml
1push,hard_009,43,0,1.071,0.1429,short,/common/users/dm1487/scratch_namo/real_buildable/pool1/hard/rb_00264/env.xml
1push,hard_009,43,1,1.071,0.1429,short,/common/users/dm1487/scratch_namo/real_buildable/pool1/hard/rb_00264/env.xml
1push,hard_009,43,2,1.071,0.1429,short,/common/users/dm1487/scratch_namo/real_buildable/pool1/hard/rb_00264/env.xml
1push,hard_009,43,3,1.071,0.1429,short,/common/users/dm1487/scratch_namo/real_buildable/pool1/hard/rb_00264/env.xml
1push,hard_009,43,4,1.071,0.1429,short,/common/users/dm1487/scratch_namo/real_buildable/pool1/hard/rb_00264/env.xml
1push,hard_009,45,0,0.0,0.0,short,/common/users/dm1487/scratch_namo/real_buildable/pool1/hard/rb_00264/env.xml
1push,hard_009,45,1,0.0,0.0,short,/common/users/dm1487/scratch_namo/real_buildable/pool1/hard/rb_00264/env.xml
1push,hard_009,45,2,0.0,0.0,short,/common/users/dm1487/scratch_namo/real_buildable/pool1/hard/rb_00264/env.xml
1push,hard_009,45,3,0.0,0.0,short,/common/users/dm1487/scratch_namo/real_buildable/pool1/hard/rb_00264/env.xml
1push,hard_009,45,4,0.0,0.0,short,/common/users/dm1487/scratch_namo/real_buildable/pool1/hard/rb_00264/env.xml
1push,hard_009,47,0,1.071,0.1429,short,/common/users/dm1487/scratch_namo/real_buildable/pool1/hard/rb_00264/env.xml
1push,hard_009,47,1,1.071,0.1429,short,/common/users/dm1487/scratch_namo/real_buildable/pool1/hard/rb_00264/env.xml
1push,hard_009,47,2,1.071,0.1429,short,/common/users/dm1487/scratch_namo/real_buildable/pool1/hard/rb_00264/env.xml
1push,hard_009,47,3,1.071,0.1429,short,/common/users/dm1487/scratch_namo/real_buildable/pool1/hard/rb_00264/env.xml
1push,hard_009,47,4,1.071,0.1429,short,/common/users/dm1487/scratch_namo/real_buildable/pool1/hard/rb_00264/env.xml
1push,hard_009,49,0,2.143,0.2857,short,/common/users/dm1487/scratch_namo/real_buildable/pool1/hard/rb_00264/env.xml
1push,hard_009,49,1,2.143,0.2857,short,/common/users/dm1487/scratch_namo/real_buildable/pool1/hard/rb_00264/env.xml
1push,hard_009,49,2,2.143,0.2857,short,/common/users/dm1487/scratch_namo/real_buildable/pool1/hard/rb_00264/env.xml
1push,hard_009,49,3,2.143,0.2857,short,/common/users/dm1487/scratch_namo/real_buildable/pool1/hard/rb_00264/env.xml
1push,hard_009,49,4,2.143,0.2857,short,/common/users/dm1487/scratch_namo/real_buildable/pool1/hard/rb_00264/env.xml
1push,hard_009,51,0,3.214,0.4286,short,/common/users/dm1487/scratch_namo/real_buildable/pool1/hard/rb_00264/env.xml
1push,hard_009,51,1,3.214,0.4286,short,/common/users/dm1487/scratch_namo/real_buildable/pool1/hard/rb_00264/env.xml
1push,hard_009,51,2,3.214,0.4286,short,/common/users/dm1487/scratch_namo/real_buildable/pool1/hard/rb_00264/env.xml
1push,hard_009,51,3,3.214,0.4286,short,/common/users/dm1487/scratch_namo/real_buildable/pool1/hard/rb_00264/env.xml
1push,hard_009,51,4,3.214,0.4286,short,/common/users/dm1487/scratch_namo/real_buildable/pool1/hard/rb_00264/env.xml
1push,hard_009,53,0,4.286,0.5714,short,/common/users/dm1487/scratch_namo/real_buildable/pool1/hard/rb_00264/env.xml
1push,hard_009,53,1,4.286,0.5714,short,/common/users/dm1487/scratch_namo/real_buildable/pool1/hard/rb_00264/env.xml
1push,hard_009,53,2,4.286,0.5714,short,/common/users/dm1487/scratch_namo/real_buildable/pool1/hard/rb_00264/env.xml
1push,hard_009,53,3,4.286,0.5714,short,/common/users/dm1487/scratch_namo/real_buildable/pool1/hard/rb_00264/env.xml
1push,hard_009,53,4,4.286,0.5714,short,/common/users/dm1487/scratch_namo/real_buildable/pool1/hard/rb_00264/env.xml
1push,hard_009,55,0,5.357,0.7143,short,/common/users/dm1487/scratch_namo/real_buildable/pool1/hard/rb_00264/env.xml
1push,hard_009,55,1,5.357,0.7143,short,/common/users/dm1487/scratch_namo/real_buildable/pool1/hard/rb_00264/env.xml
1push,hard_009,55,2,5.357,0.7143,short,/common/users/dm1487/scratch_namo/real_buildable/pool1/hard/rb_00264/env.xml
1push,hard_009,55,3,5.357,0.7143,short,/common/users/dm1487/scratch_namo/real_buildable/pool1/hard/rb_00264/env.xml
1push,hard_009,55,4,5.357,0.7143,short,/common/users/dm1487/scratch_namo/real_buildable/pool1/hard/rb_00264/env.xml
1push,hard_009,57,0,6.429,0.8571,short,/common/users/dm1487/scratch_namo/real_buildable/pool1/hard/rb_00264/env.xml
1push,hard_009,57,1,6.429,0.8571,short,/common/users/dm1487/scratch_namo/real_buildable/pool1/hard/rb_00264/env.xml
1push,hard_009,57,2,6.429,0.8571,short,/common/users/dm1487/scratch_namo/real_buildable/pool1/hard/rb_00264/env.xml
1push,hard_009,57,3,6.429,0.8571,short,/common/users/dm1487/scratch_namo/real_buildable/pool1/hard/rb_00264/env.xml
1push,hard_009,57,4,6.429,0.8571,short,/common/users/dm1487/scratch_namo/real_buildable/pool1/hard/rb_00264/env.xml
1push,hard_009,58,0,7.5,1.0,short,/common/users/dm1487/scratch_namo/real_buildable/pool1/hard/rb_00264/env.xml
1push,hard_009,58,1,7.5,1.0,short,/common/users/dm1487/scratch_namo/real_buildable/pool1/hard/rb_00264/env.xml
1push,hard_009,58,2,7.5,1.0,short,/common/users/dm1487/scratch_namo/real_buildable/pool1/hard/rb_00264/env.xml
1push,hard_009,58,3,7.5,1.0,short,/common/users/dm1487/scratch_namo/real_buildable/pool1/hard/rb_00264/env.xml
1push,hard_009,58,4,7.5,1.0,short,/common/users/dm1487/scratch_namo/real_buildable/pool1/hard/rb_00264/env.xml
1push,hard_009,59,0,7.5,1.0,short,/common/users/dm1487/scratch_namo/real_buildable/pool1/hard/rb_00264/env.xml
1push,hard_009,59,1,7.5,1.0,short,/common/users/dm1487/scratch_namo/real_buildable/pool1/hard/rb_00264/env.xml
1push,hard_009,59,2,7.5,1.0,short,/common/users/dm1487/scratch_namo/real_buildable/pool1/hard/rb_00264/env.xml
1push,hard_009,59,3,7.5,1.0,short,/common/users/dm1487/scratch_namo/real_buildable/pool1/hard/rb_00264/env.xml
1push,hard_009,59,4,7.5,1.0,short,/common/users/dm1487/scratch_namo/real_buildable/pool1/hard/rb_00264/env.xml
hmax2,hard_007,1,0,3.5,1.0,long,/common/users/dm1487/scratch_namo/real_buildable/pool2/med_304/rb_00012/env.xml
hmax2,hard_007,1,1,3.5,1.0,long,/common/users/dm1487/scratch_namo/real_buildable/pool2/med_304/rb_00012/env.xml
hmax2,hard_007,1,2,3.5,1.0,long,/common/users/dm1487/scratch_namo/real_buildable/pool2/med_304/rb_00012/env.xml
hmax2,hard_007,1,3,3.5,1.0,long,/common/users/dm1487/scratch_namo/real_buildable/pool2/med_304/rb_00012/env.xml
hmax2,hard_007,1,4,3.5,1.0,long,/common/users/dm1487/scratch_namo/real_buildable/pool2/med_304/rb_00012/env.xml
hmax2,hard_007,3,0,3.0,0.8571,long,/common/users/dm1487/scratch_namo/real_buildable/pool2/med_304/rb_00012/env.xml
hmax2,hard_007,3,1,3.0,0.8571,long,/common/users/dm1487/scratch_namo/real_buildable/pool2/med_304/rb_00012/env.xml
hmax2,hard_007,3,2,3.0,0.8571,long,/common/users/dm1487/scratch_namo/real_buildable/pool2/med_304/rb_00012/env.xml
hmax2,hard_007,3,3,3.0,0.8571,long,/common/users/dm1487/scratch_namo/real_buildable/pool2/med_304/rb_00012/env.xml
hmax2,hard_007,3,4,3.0,0.8571,long,/common/users/dm1487/scratch_namo/real_buildable/pool2/med_304/rb_00012/env.xml
hmax2,hard_007,5,0,2.5,0.7143,long,/common/users/dm1487/scratch_namo/real_buildable/pool2/med_304/rb_00012/env.xml
hmax2,hard_007,5,1,2.5,0.7143,long,/common/users/dm1487/scratch_namo/real_buildable/pool2/med_304/rb_00012/env.xml
hmax2,hard_007,5,2,2.5,0.7143,long,/common/users/dm1487/scratch_namo/real_buildable/pool2/med_304/rb_00012/env.xml
hmax2,hard_007,5,3,2.5,0.7143,long,/common/users/dm1487/scratch_namo/real_buildable/pool2/med_304/rb_00012/env.xml
hmax2,hard_007,5,4,2.5,0.7143,long,/common/users/dm1487/scratch_namo/real_buildable/pool2/med_304/rb_00012/env.xml
hmax2,hard_007,7,0,2.0,0.5714,long,/common/users/dm1487/scratch_namo/real_buildable/pool2/med_304/rb_00012/env.xml
hmax2,hard_007,7,1,2.0,0.5714,long,/common/users/dm1487/scratch_namo/real_buildable/pool2/med_304/rb_00012/env.xml
hmax2,hard_007,7,2,2.0,0.5714,long,/common/users/dm1487/scratch_namo/real_buildable/pool2/med_304/rb_00012/env.xml
hmax2,hard_007,7,3,2.0,0.5714,long,/common/users/dm1487/scratch_namo/real_buildable/pool2/med_304/rb_00012/env.xml
hmax2,hard_007,7,4,2.0,0.5714,long,/common/users/dm1487/scratch_namo/real_buildable/pool2/med_304/rb_00012/env.xml
hmax2,hard_007,9,0,1.5,0.4286,long,/common/users/dm1487/scratch_namo/real_buildable/pool2/med_304/rb_00012/env.xml
hmax2,hard_007,9,1,1.5,0.4286,long,/common/users/dm1487/scratch_namo/real_buildable/pool2/med_304/rb_00012/env.xml
hmax2,hard_007,9,2,1.5,0.4286,long,/common/users/dm1487/scratch_namo/real_buildable/pool2/med_304/rb_00012/env.xml
hmax2,hard_007,9,3,1.5,0.4286,long,/common/users/dm1487/scratch_namo/real_buildable/pool2/med_304/rb_00012/env.xml
hmax2,hard_007,9,4,1.5,0.4286,long,/common/users/dm1487/scratch_namo/real_buildable/pool2/med_304/rb_00012/env.xml
hmax2,hard_007,11,0,1.0,0.2857,long,/common/users/dm1487/scratch_namo/real_buildable/pool2/med_304/rb_00012/env.xml
hmax2,hard_007,11,1,1.0,0.2857,long,/common/users/dm1487/scratch_namo/real_buildable/pool2/med_304/rb_00012/env.xml
hmax2,hard_007,11,2,1.0,0.2857,long,/common/users/dm1487/scratch_namo/real_buildable/pool2/med_304/rb_00012/env.xml
hmax2,hard_007,11,3,1.0,0.2857,long,/common/users/dm1487/scratch_namo/real_buildable/pool2/med_304/rb_00012/env.xml
hmax2,hard_007,11,4,1.0,0.2857,long,/common/users/dm1487/scratch_namo/real_buildable/pool2/med_304/rb_00012/env.xml
hmax2,hard_007,13,0,0.5,0.1429,long,/common/users/dm1487/scratch_namo/real_buildable/pool2/med_304/rb_00012/env.xml
hmax2,hard_007,13,1,0.5,0.1429,long,/common/users/dm1487/scratch_namo/real_buildable/pool2/med_304/rb_00012/env.xml
hmax2,hard_007,13,2,0.5,0.1429,long,/common/users/dm1487/scratch_namo/real_buildable/pool2/med_304/rb_00012/env.xml
hmax2,hard_007,13,3,0.5,0.1429,long,/common/users/dm1487/scratch_namo/real_buildable/pool2/med_304/rb_00012/env.xml
hmax2,hard_007,13,4,0.5,0.1429,long,/common/users/dm1487/scratch_namo/real_buildable/pool2/med_304/rb_00012/env.xml
hmax2,hard_007,15,0,0.0,0.0,long,/common/users/dm1487/scratch_namo/real_buildable/pool2/med_304/rb_00012/env.xml
hmax2,hard_007,15,1,0.0,0.0,long,/common/users/dm1487/scratch_namo/real_buildable/pool2/med_304/rb_00012/env.xml
hmax2,hard_007,15,2,0.0,0.0,long,/common/users/dm1487/scratch_namo/real_buildable/pool2/med_304/rb_00012/env.xml
hmax2,hard_007,15,3,0.0,0.0,long,/common/users/dm1487/scratch_namo/real_buildable/pool2/med_304/rb_00012/env.xml
hmax2,hard_007,15,4,0.0,0.0,long,/common/users/dm1487/scratch_namo/real_buildable/pool2/med_304/rb_00012/env.xml
hmax2,hard_007,17,0,0.5,0.1429,long,/common/users/dm1487/scratch_namo/real_buildable/pool2/med_304/rb_00012/env.xml
hmax2,hard_007,17,1,0.5,0.1429,long,/common/users/dm1487/scratch_namo/real_buildable/pool2/med_304/rb_00012/env.xml
hmax2,hard_007,17,2,0.5,0.1429,long,/common/users/dm1487/scratch_namo/real_buildable/pool2/med_304/rb_00012/env.xml
hmax2,hard_007,17,3,0.5,0.1429,long,/common/users/dm1487/scratch_namo/real_buildable/pool2/med_304/rb_00012/env.xml
hmax2,hard_007,17,4,0.5,0.1429,long,/common/users/dm1487/scratch_namo/real_buildable/pool2/med_304/rb_00012/env.xml
hmax2,hard_007,19,0,1.0,0.2857,long,/common/users/dm1487/scratch_namo/real_buildable/pool2/med_304/rb_00012/env.xml
hmax2,hard_007,19,1,1.0,0.2857,long,/common/users/dm1487/scratch_namo/real_buildable/pool2/med_304/rb_00012/env.xml
hmax2,hard_007,19,2,1.0,0.2857,long,/common/users/dm1487/scratch_namo/real_buildable/pool2/med_304/rb_00012/env.xml
hmax2,hard_007,19,3,1.0,0.2857,long,/common/users/dm1487/scratch_namo/real_buildable/pool2/med_304/rb_00012/env.xml
hmax2,hard_007,19,4,1.0,0.2857,long,/common/users/dm1487/scratch_namo/real_buildable/pool2/med_304/rb_00012/env.xml
hmax2,hard_007,21,0,1.5,0.4286,long,/common/users/dm1487/scratch_namo/real_buildable/pool2/med_304/rb_00012/env.xml
hmax2,hard_007,21,1,1.5,0.4286,long,/common/users/dm1487/scratch_namo/real_buildable/pool2/med_304/rb_00012/env.xml
hmax2,hard_007,21,2,1.5,0.4286,long,/common/users/dm1487/scratch_namo/real_buildable/pool2/med_304/rb_00012/env.xml
hmax2,hard_007,21,3,1.5,0.4286,long,/common/users/dm1487/scratch_namo/real_buildable/pool2/med_304/rb_00012/env.xml
hmax2,hard_007,21,4,1.5,0.4286,long,/common/users/dm1487/scratch_namo/real_buildable/pool2/med_304/rb_00012/env.xml
hmax2,hard_007,23,0,2.0,0.5714,long,/common/users/dm1487/scratch_namo/real_buildable/pool2/med_304/rb_00012/env.xml
hmax2,hard_007,23,1,2.0,0.5714,long,/common/users/dm1487/scratch_namo/real_buildable/pool2/med_304/rb_00012/env.xml
hmax2,hard_007,23,2,2.0,0.5714,long,/common/users/dm1487/scratch_namo/real_buildable/pool2/med_304/rb_00012/env.xml
hmax2,hard_007,23,3,2.0,0.5714,long,/common/users/dm1487/scratch_namo/real_buildable/pool2/med_304/rb_00012/env.xml
hmax2,hard_007,23,4,2.0,0.5714,long,/common/users/dm1487/scratch_namo/real_buildable/pool2/med_304/rb_00012/env.xml
hmax2,hard_007,25,0,2.5,0.7143,long,/common/users/dm1487/scratch_namo/real_buildable/pool2/med_304/rb_00012/env.xml
hmax2,hard_007,25,1,2.5,0.7143,long,/common/users/dm1487/scratch_namo/real_buildable/pool2/med_304/rb_00012/env.xml
hmax2,hard_007,25,2,2.5,0.7143,long,/common/users/dm1487/scratch_namo/real_buildable/pool2/med_304/rb_00012/env.xml
hmax2,hard_007,25,3,2.5,0.7143,long,/common/users/dm1487/scratch_namo/real_buildable/pool2/med_304/rb_00012/env.xml
hmax2,hard_007,25,4,2.5,0.7143,long,/common/users/dm1487/scratch_namo/real_buildable/pool2/med_304/rb_00012/env.xml
hmax2,hard_007,27,0,3.0,0.8571,long,/common/users/dm1487/scratch_namo/real_buildable/pool2/med_304/rb_00012/env.xml
hmax2,hard_007,27,1,3.0,0.8571,long,/common/users/dm1487/scratch_namo/real_buildable/pool2/med_304/rb_00012/env.xml
hmax2,hard_007,27,2,3.0,0.8571,long,/common/users/dm1487/scratch_namo/real_buildable/pool2/med_304/rb_00012/env.xml
hmax2,hard_007,27,3,3.0,0.8571,long,/common/users/dm1487/scratch_namo/real_buildable/pool2/med_304/rb_00012/env.xml
hmax2,hard_007,27,4,3.0,0.8571,long,/common/users/dm1487/scratch_namo/real_buildable/pool2/med_304/rb_00012/env.xml
hmax2,hard_007,29,0,3.5,1.0,long,/common/users/dm1487/scratch_namo/real_buildable/pool2/med_304/rb_00012/env.xml
hmax2,hard_007,29,1,3.5,1.0,long,/common/users/dm1487/scratch_namo/real_buildable/pool2/med_304/rb_00012/env.xml
hmax2,hard_007,29,2,3.5,1.0,long,/common/users/dm1487/scratch_namo/real_buildable/pool2/med_304/rb_00012/env.xml
hmax2,hard_007,29,3,3.5,1.0,long,/common/users/dm1487/scratch_namo/real_buildable/pool2/med_304/rb_00012/env.xml
hmax2,hard_007,29,4,3.5,1.0,long,/common/users/dm1487/scratch_namo/real_buildable/pool2/med_304/rb_00012/env.xml
hmax2,hard_007,31,0,7.5,1.0,short,/common/users/dm1487/scratch_namo/real_buildable/pool2/med_304/rb_00012/env.xml
hmax2,hard_007,31,1,7.5,1.0,short,/common/users/dm1487/scratch_namo/real_buildable/pool2/med_304/rb_00012/env.xml
hmax2,hard_007,31,2,7.5,1.0,short,/common/users/dm1487/scratch_namo/real_buildable/pool2/med_304/rb_00012/env.xml
hmax2,hard_007,31,3,7.5,1.0,short,/common/users/dm1487/scratch_namo/real_buildable/pool2/med_304/rb_00012/env.xml
hmax2,hard_007,31,4,7.5,1.0,short,/common/users/dm1487/scratch_namo/real_buildable/pool2/med_304/rb_00012/env.xml
hmax2,hard_007,33,0,6.429,0.8571,short,/common/users/dm1487/scratch_namo/real_buildable/pool2/med_304/rb_00012/env.xml
hmax2,hard_007,33,1,6.429,0.8571,short,/common/users/dm1487/scratch_namo/real_buildable/pool2/med_304/rb_00012/env.xml
hmax2,hard_007,33,2,6.429,0.8571,short,/common/users/dm1487/scratch_namo/real_buildable/pool2/med_304/rb_00012/env.xml
hmax2,hard_007,33,3,6.429,0.8571,short,/common/users/dm1487/scratch_namo/real_buildable/pool2/med_304/rb_00012/env.xml
hmax2,hard_007,33,4,6.429,0.8571,short,/common/users/dm1487/scratch_namo/real_buildable/pool2/med_304/rb_00012/env.xml
hmax2,hard_007,35,0,5.357,0.7143,short,/common/users/dm1487/scratch_namo/real_buildable/pool2/med_304/rb_00012/env.xml
hmax2,hard_007,35,1,5.357,0.7143,short,/common/users/dm1487/scratch_namo/real_buildable/pool2/med_304/rb_00012/env.xml
hmax2,hard_007,35,2,5.357,0.7143,short,/common/users/dm1487/scratch_namo/real_buildable/pool2/med_304/rb_00012/env.xml
hmax2,hard_007,35,3,5.357,0.7143,short,/common/users/dm1487/scratch_namo/real_buildable/pool2/med_304/rb_00012/env.xml
hmax2,hard_007,35,4,5.357,0.7143,short,/common/users/dm1487/scratch_namo/real_buildable/pool2/med_304/rb_00012/env.xml
hmax2,hard_007,37,0,4.286,0.5714,short,/common/users/dm1487/scratch_namo/real_buildable/pool2/med_304/rb_00012/env.xml
hmax2,hard_007,37,1,4.286,0.5714,short,/common/users/dm1487/scratch_namo/real_buildable/pool2/med_304/rb_00012/env.xml
hmax2,hard_007,37,2,4.286,0.5714,short,/common/users/dm1487/scratch_namo/real_buildable/pool2/med_304/rb_00012/env.xml
hmax2,hard_007,37,3,4.286,0.5714,short,/common/users/dm1487/scratch_namo/real_buildable/pool2/med_304/rb_00012/env.xml
hmax2,hard_007,37,4,4.286,0.5714,short,/common/users/dm1487/scratch_namo/real_buildable/pool2/med_304/rb_00012/env.xml
hmax2,hard_007,39,0,3.214,0.4286,short,/common/users/dm1487/scratch_namo/real_buildable/pool2/med_304/rb_00012/env.xml
hmax2,hard_007,39,1,3.214,0.4286,short,/common/users/dm1487/scratch_namo/real_buildable/pool2/med_304/rb_00012/env.xml
hmax2,hard_007,39,2,3.214,0.4286,short,/common/users/dm1487/scratch_namo/real_buildable/pool2/med_304/rb_00012/env.xml
hmax2,hard_007,39,3,3.214,0.4286,short,/common/users/dm1487/scratch_namo/real_buildable/pool2/med_304/rb_00012/env.xml
hmax2,hard_007,39,4,3.214,0.4286,short,/common/users/dm1487/scratch_namo/real_buildable/pool2/med_304/rb_00012/env.xml
hmax2,hard_007,41,0,2.143,0.2857,short,/common/users/dm1487/scratch_namo/real_buildable/pool2/med_304/rb_00012/env.xml
hmax2,hard_007,41,1,2.143,0.2857,short,/common/users/dm1487/scratch_namo/real_buildable/pool2/med_304/rb_00012/env.xml
hmax2,hard_007,41,2,2.143,0.2857,short,/common/users/dm1487/scratch_namo/real_buildable/pool2/med_304/rb_00012/env.xml
hmax2,hard_007,41,3,2.143,0.2857,short,/common/users/dm1487/scratch_namo/real_buildable/pool2/med_304/rb_00012/env.xml
hmax2,hard_007,41,4,2.143,0.2857,short,/common/users/dm1487/scratch_namo/real_buildable/pool2/med_304/rb_00012/env.xml
hmax2,hard_007,43,0,1.071,0.1429,short,/common/users/dm1487/scratch_namo/real_buildable/pool2/med_304/rb_00012/env.xml
hmax2,hard_007,43,1,1.071,0.1429,short,/common/users/dm1487/scratch_namo/real_buildable/pool2/med_304/rb_00012/env.xml
hmax2,hard_007,43,2,1.071,0.1429,short,/common/users/dm1487/scratch_namo/real_buildable/pool2/med_304/rb_00012/env.xml
hmax2,hard_007,43,3,1.071,0.1429,short,/common/users/dm1487/scratch_namo/real_buildable/pool2/med_304/rb_00012/env.xml
hmax2,hard_007,43,4,1.071,0.1429,short,/common/users/dm1487/scratch_namo/real_buildable/pool2/med_304/rb_00012/env.xml
hmax2,hard_007,45,0,0.0,0.0,short,/common/users/dm1487/scratch_namo/real_buildable/pool2/med_304/rb_00012/env.xml
hmax2,hard_007,45,1,0.0,0.0,short,/common/users/dm1487/scratch_namo/real_buildable/pool2/med_304/rb_00012/env.xml
hmax2,hard_007,45,2,0.0,0.0,short,/common/users/dm1487/scratch_namo/real_buildable/pool2/med_304/rb_00012/env.xml
hmax2,hard_007,45,3,0.0,0.0,short,/common/users/dm1487/scratch_namo/real_buildable/pool2/med_304/rb_00012/env.xml
hmax2,hard_007,45,4,0.0,0.0,short,/common/users/dm1487/scratch_namo/real_buildable/pool2/med_304/rb_00012/env.xml
hmax2,hard_007,47,0,1.071,0.1429,short,/common/users/dm1487/scratch_namo/real_buildable/pool2/med_304/rb_00012/env.xml
hmax2,hard_007,47,1,1.071,0.1429,short,/common/users/dm1487/scratch_namo/real_buildable/pool2/med_304/rb_00012/env.xml
hmax2,hard_007,47,2,1.071,0.1429,short,/common/users/dm1487/scratch_namo/real_buildable/pool2/med_304/rb_00012/env.xml
hmax2,hard_007,47,3,1.071,0.1429,short,/common/users/dm1487/scratch_namo/real_buildable/pool2/med_304/rb_00012/env.xml
hmax2,hard_007,47,4,1.071,0.1429,short,/common/users/dm1487/scratch_namo/real_buildable/pool2/med_304/rb_00012/env.xml
hmax2,hard_007,49,0,2.143,0.2857,short,/common/users/dm1487/scratch_namo/real_buildable/pool2/med_304/rb_00012/env.xml
hmax2,hard_007,49,1,2.143,0.2857,short,/common/users/dm1487/scratch_namo/real_buildable/pool2/med_304/rb_00012/env.xml
hmax2,hard_007,49,2,2.143,0.2857,short,/common/users/dm1487/scratch_namo/real_buildable/pool2/med_304/rb_00012/env.xml
hmax2,hard_007,49,3,2.143,0.2857,short,/common/users/dm1487/scratch_namo/real_buildable/pool2/med_304/rb_00012/env.xml
hmax2,hard_007,49,4,2.143,0.2857,short,/common/users/dm1487/scratch_namo/real_buildable/pool2/med_304/rb_00012/env.xml
hmax2,hard_007,51,0,3.214,0.4286,short,/common/users/dm1487/scratch_namo/real_buildable/pool2/med_304/rb_00012/env.xml
hmax2,hard_007,51,1,3.214,0.4286,short,/common/users/dm1487/scratch_namo/real_buildable/pool2/med_304/rb_00012/env.xml
hmax2,hard_007,51,2,3.214,0.4286,short,/common/users/dm1487/scratch_namo/real_buildable/pool2/med_304/rb_00012/env.xml
hmax2,hard_007,51,3,3.214,0.4286,short,/common/users/dm1487/scratch_namo/real_buildable/pool2/med_304/rb_00012/env.xml
hmax2,hard_007,51,4,3.214,0.4286,short,/common/users/dm1487/scratch_namo/real_buildable/pool2/med_304/rb_00012/env.xml
hmax2,hard_007,53,0,4.286,0.5714,short,/common/users/dm1487/scratch_namo/real_buildable/pool2/med_304/rb_00012/env.xml
hmax2,hard_007,53,1,4.286,0.5714,short,/common/users/dm1487/scratch_namo/real_buildable/pool2/med_304/rb_00012/env.xml
hmax2,hard_007,53,2,4.286,0.5714,short,/common/users/dm1487/scratch_namo/real_buildable/pool2/med_304/rb_00012/env.xml
hmax2,hard_007,53,3,4.286,0.5714,short,/common/users/dm1487/scratch_namo/real_buildable/pool2/med_304/rb_00012/env.xml
hmax2,hard_007,53,4,4.286,0.5714,short,/common/users/dm1487/scratch_namo/real_buildable/pool2/med_304/rb_00012/env.xml
hmax2,hard_007,55,0,5.357,0.7143,short,/common/users/dm1487/scratch_namo/real_buildable/pool2/med_304/rb_00012/env.xml
hmax2,hard_007,55,1,5.357,0.7143,short,/common/users/dm1487/scratch_namo/real_buildable/pool2/med_304/rb_00012/env.xml
hmax2,hard_007,55,2,5.357,0.7143,short,/common/users/dm1487/scratch_namo/real_buildable/pool2/med_304/rb_00012/env.xml
hmax2,hard_007,55,3,5.357,0.7143,short,/common/users/dm1487/scratch_namo/real_buildable/pool2/med_304/rb_00012/env.xml
hmax2,hard_007,55,4,5.357,0.7143,short,/common/users/dm1487/scratch_namo/real_buildable/pool2/med_304/rb_00012/env.xml
hmax2,hard_007,57,0,6.429,0.8571,short,/common/users/dm1487/scratch_namo/real_buildable/pool2/med_304/rb_00012/env.xml
hmax2,hard_007,57,1,6.429,0.8571,short,/common/users/dm1487/scratch_namo/real_buildable/pool2/med_304/rb_00012/env.xml
hmax2,hard_007,57,2,6.429,0.8571,short,/common/users/dm1487/scratch_namo/real_buildable/pool2/med_304/rb_00012/env.xml
hmax2,hard_007,57,3,6.429,0.8571,short,/common/users/dm1487/scratch_namo/real_buildable/pool2/med_304/rb_00012/env.xml
hmax2,hard_007,57,4,6.429,0.8571,short,/common/users/dm1487/scratch_namo/real_buildable/pool2/med_304/rb_00012/env.xml
hmax2,hard_007,59,0,7.5,1.0,short,/common/users/dm1487/scratch_namo/real_buildable/pool2/med_304/rb_00012/env.xml
hmax2,hard_007,59,1,7.5,1.0,short,/common/users/dm1487/scratch_namo/real_buildable/pool2/med_304/rb_00012/env.xml
hmax2,hard_007,59,2,7.5,1.0,short,/common/users/dm1487/scratch_namo/real_buildable/pool2/med_304/rb_00012/env.xml
hmax2,hard_007,59,3,7.5,1.0,short,/common/users/dm1487/scratch_namo/real_buildable/pool2/med_304/rb_00012/env.xml
hmax2,hard_007,59,4,7.5,1.0,short,/common/users/dm1487/scratch_namo/real_buildable/pool2/med_304/rb_00012/env.xml
hmax2,hard_013,1,0,3.5,1.0,long,/common/users/dm1487/scratch_namo/real_buildable/pool4/j_517/rb_00018/env.xml
hmax2,hard_013,1,1,3.5,1.0,long,/common/users/dm1487/scratch_namo/real_buildable/pool4/j_517/rb_00018/env.xml
hmax2,hard_013,1,2,3.5,1.0,long,/common/users/dm1487/scratch_namo/real_buildable/pool4/j_517/rb_00018/env.xml
hmax2,hard_013,1,3,3.5,1.0,long,/common/users/dm1487/scratch_namo/real_buildable/pool4/j_517/rb_00018/env.xml
hmax2,hard_013,1,4,3.5,1.0,long,/common/users/dm1487/scratch_namo/real_buildable/pool4/j_517/rb_00018/env.xml
hmax2,hard_013,3,0,3.0,0.8571,long,/common/users/dm1487/scratch_namo/real_buildable/pool4/j_517/rb_00018/env.xml
hmax2,hard_013,3,1,3.0,0.8571,long,/common/users/dm1487/scratch_namo/real_buildable/pool4/j_517/rb_00018/env.xml
hmax2,hard_013,3,2,3.0,0.8571,long,/common/users/dm1487/scratch_namo/real_buildable/pool4/j_517/rb_00018/env.xml
hmax2,hard_013,3,3,3.0,0.8571,long,/common/users/dm1487/scratch_namo/real_buildable/pool4/j_517/rb_00018/env.xml
hmax2,hard_013,3,4,3.0,0.8571,long,/common/users/dm1487/scratch_namo/real_buildable/pool4/j_517/rb_00018/env.xml
hmax2,hard_013,5,0,2.5,0.7143,long,/common/users/dm1487/scratch_namo/real_buildable/pool4/j_517/rb_00018/env.xml
hmax2,hard_013,5,1,2.5,0.7143,long,/common/users/dm1487/scratch_namo/real_buildable/pool4/j_517/rb_00018/env.xml
hmax2,hard_013,5,2,2.5,0.7143,long,/common/users/dm1487/scratch_namo/real_buildable/pool4/j_517/rb_00018/env.xml
hmax2,hard_013,5,3,2.5,0.7143,long,/common/users/dm1487/scratch_namo/real_buildable/pool4/j_517/rb_00018/env.xml
hmax2,hard_013,5,4,2.5,0.7143,long,/common/users/dm1487/scratch_namo/real_buildable/pool4/j_517/rb_00018/env.xml
hmax2,hard_013,7,0,2.0,0.5714,long,/common/users/dm1487/scratch_namo/real_buildable/pool4/j_517/rb_00018/env.xml
hmax2,hard_013,7,1,2.0,0.5714,long,/common/users/dm1487/scratch_namo/real_buildable/pool4/j_517/rb_00018/env.xml
hmax2,hard_013,7,2,2.0,0.5714,long,/common/users/dm1487/scratch_namo/real_buildable/pool4/j_517/rb_00018/env.xml
hmax2,hard_013,7,3,2.0,0.5714,long,/common/users/dm1487/scratch_namo/real_buildable/pool4/j_517/rb_00018/env.xml
hmax2,hard_013,7,4,2.0,0.5714,long,/common/users/dm1487/scratch_namo/real_buildable/pool4/j_517/rb_00018/env.xml
hmax2,hard_013,9,0,1.5,0.4286,long,/common/users/dm1487/scratch_namo/real_buildable/pool4/j_517/rb_00018/env.xml
hmax2,hard_013,9,1,1.5,0.4286,long,/common/users/dm1487/scratch_namo/real_buildable/pool4/j_517/rb_00018/env.xml
hmax2,hard_013,9,2,1.5,0.4286,long,/common/users/dm1487/scratch_namo/real_buildable/pool4/j_517/rb_00018/env.xml
hmax2,hard_013,9,3,1.5,0.4286,long,/common/users/dm1487/scratch_namo/real_buildable/pool4/j_517/rb_00018/env.xml
hmax2,hard_013,9,4,1.5,0.4286,long,/common/users/dm1487/scratch_namo/real_buildable/pool4/j_517/rb_00018/env.xml
hmax2,hard_013,11,0,1.0,0.2857,long,/common/users/dm1487/scratch_namo/real_buildable/pool4/j_517/rb_00018/env.xml
hmax2,hard_013,11,1,1.0,0.2857,long,/common/users/dm1487/scratch_namo/real_buildable/pool4/j_517/rb_00018/env.xml
hmax2,hard_013,11,2,1.0,0.2857,long,/common/users/dm1487/scratch_namo/real_buildable/pool4/j_517/rb_00018/env.xml
hmax2,hard_013,11,3,1.0,0.2857,long,/common/users/dm1487/scratch_namo/real_buildable/pool4/j_517/rb_00018/env.xml
hmax2,hard_013,11,4,1.0,0.2857,long,/common/users/dm1487/scratch_namo/real_buildable/pool4/j_517/rb_00018/env.xml
hmax2,hard_013,13,0,0.5,0.1429,long,/common/users/dm1487/scratch_namo/real_buildable/pool4/j_517/rb_00018/env.xml
hmax2,hard_013,13,1,0.5,0.1429,long,/common/users/dm1487/scratch_namo/real_buildable/pool4/j_517/rb_00018/env.xml
hmax2,hard_013,13,2,0.5,0.1429,long,/common/users/dm1487/scratch_namo/real_buildable/pool4/j_517/rb_00018/env.xml
hmax2,hard_013,13,3,0.5,0.1429,long,/common/users/dm1487/scratch_namo/real_buildable/pool4/j_517/rb_00018/env.xml
hmax2,hard_013,13,4,0.5,0.1429,long,/common/users/dm1487/scratch_namo/real_buildable/pool4/j_517/rb_00018/env.xml
hmax2,hard_013,15,0,0.0,0.0,long,/common/users/dm1487/scratch_namo/real_buildable/pool4/j_517/rb_00018/env.xml
hmax2,hard_013,15,1,0.0,0.0,long,/common/users/dm1487/scratch_namo/real_buildable/pool4/j_517/rb_00018/env.xml
hmax2,hard_013,15,2,0.0,0.0,long,/common/users/dm1487/scratch_namo/real_buildable/pool4/j_517/rb_00018/env.xml
hmax2,hard_013,15,3,0.0,0.0,long,/common/users/dm1487/scratch_namo/real_buildable/pool4/j_517/rb_00018/env.xml
hmax2,hard_013,15,4,0.0,0.0,long,/common/users/dm1487/scratch_namo/real_buildable/pool4/j_517/rb_00018/env.xml
hmax2,hard_013,17,0,0.5,0.1429,long,/common/users/dm1487/scratch_namo/real_buildable/pool4/j_517/rb_00018/env.xml
hmax2,hard_013,17,1,0.5,0.1429,long,/common/users/dm1487/scratch_namo/real_buildable/pool4/j_517/rb_00018/env.xml
hmax2,hard_013,17,2,0.5,0.1429,long,/common/users/dm1487/scratch_namo/real_buildable/pool4/j_517/rb_00018/env.xml
hmax2,hard_013,17,3,0.5,0.1429,long,/common/users/dm1487/scratch_namo/real_buildable/pool4/j_517/rb_00018/env.xml
hmax2,hard_013,17,4,0.5,0.1429,long,/common/users/dm1487/scratch_namo/real_buildable/pool4/j_517/rb_00018/env.xml
hmax2,hard_013,19,0,1.0,0.2857,long,/common/users/dm1487/scratch_namo/real_buildable/pool4/j_517/rb_00018/env.xml
hmax2,hard_013,19,1,1.0,0.2857,long,/common/users/dm1487/scratch_namo/real_buildable/pool4/j_517/rb_00018/env.xml
hmax2,hard_013,19,2,1.0,0.2857,long,/common/users/dm1487/scratch_namo/real_buildable/pool4/j_517/rb_00018/env.xml
hmax2,hard_013,19,3,1.0,0.2857,long,/common/users/dm1487/scratch_namo/real_buildable/pool4/j_517/rb_00018/env.xml
hmax2,hard_013,19,4,1.0,0.2857,long,/common/users/dm1487/scratch_namo/real_buildable/pool4/j_517/rb_00018/env.xml
hmax2,hard_013,21,0,1.5,0.4286,long,/common/users/dm1487/scratch_namo/real_buildable/pool4/j_517/rb_00018/env.xml
hmax2,hard_013,21,1,1.5,0.4286,long,/common/users/dm1487/scratch_namo/real_buildable/pool4/j_517/rb_00018/env.xml
hmax2,hard_013,21,2,1.5,0.4286,long,/common/users/dm1487/scratch_namo/real_buildable/pool4/j_517/rb_00018/env.xml
hmax2,hard_013,21,3,1.5,0.4286,long,/common/users/dm1487/scratch_namo/real_buildable/pool4/j_517/rb_00018/env.xml
hmax2,hard_013,21,4,1.5,0.4286,long,/common/users/dm1487/scratch_namo/real_buildable/pool4/j_517/rb_00018/env.xml
hmax2,hard_013,23,0,2.0,0.5714,long,/common/users/dm1487/scratch_namo/real_buildable/pool4/j_517/rb_00018/env.xml
hmax2,hard_013,23,1,2.0,0.5714,long,/common/users/dm1487/scratch_namo/real_buildable/pool4/j_517/rb_00018/env.xml
hmax2,hard_013,23,2,2.0,0.5714,long,/common/users/dm1487/scratch_namo/real_buildable/pool4/j_517/rb_00018/env.xml
hmax2,hard_013,23,3,2.0,0.5714,long,/common/users/dm1487/scratch_namo/real_buildable/pool4/j_517/rb_00018/env.xml
hmax2,hard_013,23,4,2.0,0.5714,long,/common/users/dm1487/scratch_namo/real_buildable/pool4/j_517/rb_00018/env.xml
hmax2,hard_013,25,0,2.5,0.7143,long,/common/users/dm1487/scratch_namo/real_buildable/pool4/j_517/rb_00018/env.xml
hmax2,hard_013,25,1,2.5,0.7143,long,/common/users/dm1487/scratch_namo/real_buildable/pool4/j_517/rb_00018/env.xml
hmax2,hard_013,25,2,2.5,0.7143,long,/common/users/dm1487/scratch_namo/real_buildable/pool4/j_517/rb_00018/env.xml
hmax2,hard_013,25,3,2.5,0.7143,long,/common/users/dm1487/scratch_namo/real_buildable/pool4/j_517/rb_00018/env.xml
hmax2,hard_013,25,4,2.5,0.7143,long,/common/users/dm1487/scratch_namo/real_buildable/pool4/j_517/rb_00018/env.xml
hmax2,hard_013,27,0,3.0,0.8571,long,/common/users/dm1487/scratch_namo/real_buildable/pool4/j_517/rb_00018/env.xml
hmax2,hard_013,27,1,3.0,0.8571,long,/common/users/dm1487/scratch_namo/real_buildable/pool4/j_517/rb_00018/env.xml
hmax2,hard_013,27,2,3.0,0.8571,long,/common/users/dm1487/scratch_namo/real_buildable/pool4/j_517/rb_00018/env.xml
hmax2,hard_013,27,3,3.0,0.8571,long,/common/users/dm1487/scratch_namo/real_buildable/pool4/j_517/rb_00018/env.xml
hmax2,hard_013,27,4,3.0,0.8571,long,/common/users/dm1487/scratch_namo/real_buildable/pool4/j_517/rb_00018/env.xml
hmax2,hard_013,29,0,3.5,1.0,long,/common/users/dm1487/scratch_namo/real_buildable/pool4/j_517/rb_00018/env.xml
hmax2,hard_013,29,1,3.5,1.0,long,/common/users/dm1487/scratch_namo/real_buildable/pool4/j_517/rb_00018/env.xml
hmax2,hard_013,29,2,3.5,1.0,long,/common/users/dm1487/scratch_namo/real_buildable/pool4/j_517/rb_00018/env.xml
hmax2,hard_013,29,3,3.5,1.0,long,/common/users/dm1487/scratch_namo/real_buildable/pool4/j_517/rb_00018/env.xml
hmax2,hard_013,29,4,3.5,1.0,long,/common/users/dm1487/scratch_namo/real_buildable/pool4/j_517/rb_00018/env.xml
hmax2,hard_013,31,0,7.5,1.0,short,/common/users/dm1487/scratch_namo/real_buildable/pool4/j_517/rb_00018/env.xml
hmax2,hard_013,31,1,7.5,1.0,short,/common/users/dm1487/scratch_namo/real_buildable/pool4/j_517/rb_00018/env.xml
hmax2,hard_013,31,2,7.5,1.0,short,/common/users/dm1487/scratch_namo/real_buildable/pool4/j_517/rb_00018/env.xml
hmax2,hard_013,31,3,7.5,1.0,short,/common/users/dm1487/scratch_namo/real_buildable/pool4/j_517/rb_00018/env.xml
hmax2,hard_013,31,4,7.5,1.0,short,/common/users/dm1487/scratch_namo/real_buildable/pool4/j_517/rb_00018/env.xml
hmax2,hard_013,33,0,6.429,0.8571,short,/common/users/dm1487/scratch_namo/real_buildable/pool4/j_517/rb_00018/env.xml
hmax2,hard_013,33,1,6.429,0.8571,short,/common/users/dm1487/scratch_namo/real_buildable/pool4/j_517/rb_00018/env.xml
hmax2,hard_013,33,2,6.429,0.8571,short,/common/users/dm1487/scratch_namo/real_buildable/pool4/j_517/rb_00018/env.xml
hmax2,hard_013,33,3,6.429,0.8571,short,/common/users/dm1487/scratch_namo/real_buildable/pool4/j_517/rb_00018/env.xml
hmax2,hard_013,33,4,6.429,0.8571,short,/common/users/dm1487/scratch_namo/real_buildable/pool4/j_517/rb_00018/env.xml
hmax2,hard_013,35,0,5.357,0.7143,short,/common/users/dm1487/scratch_namo/real_buildable/pool4/j_517/rb_00018/env.xml
hmax2,hard_013,35,1,5.357,0.7143,short,/common/users/dm1487/scratch_namo/real_buildable/pool4/j_517/rb_00018/env.xml
hmax2,hard_013,35,2,5.357,0.7143,short,/common/users/dm1487/scratch_namo/real_buildable/pool4/j_517/rb_00018/env.xml
hmax2,hard_013,35,3,5.357,0.7143,short,/common/users/dm1487/scratch_namo/real_buildable/pool4/j_517/rb_00018/env.xml
hmax2,hard_013,35,4,5.357,0.7143,short,/common/users/dm1487/scratch_namo/real_buildable/pool4/j_517/rb_00018/env.xml
hmax2,hard_013,37,0,4.286,0.5714,short,/common/users/dm1487/scratch_namo/real_buildable/pool4/j_517/rb_00018/env.xml
hmax2,hard_013,37,1,4.286,0.5714,short,/common/users/dm1487/scratch_namo/real_buildable/pool4/j_517/rb_00018/env.xml
hmax2,hard_013,37,2,4.286,0.5714,short,/common/users/dm1487/scratch_namo/real_buildable/pool4/j_517/rb_00018/env.xml
hmax2,hard_013,37,3,4.286,0.5714,short,/common/users/dm1487/scratch_namo/real_buildable/pool4/j_517/rb_00018/env.xml
hmax2,hard_013,37,4,4.286,0.5714,short,/common/users/dm1487/scratch_namo/real_buildable/pool4/j_517/rb_00018/env.xml
hmax2,hard_013,39,0,3.214,0.4286,short,/common/users/dm1487/scratch_namo/real_buildable/pool4/j_517/rb_00018/env.xml
hmax2,hard_013,39,1,3.214,0.4286,short,/common/users/dm1487/scratch_namo/real_buildable/pool4/j_517/rb_00018/env.xml
hmax2,hard_013,39,2,3.214,0.4286,short,/common/users/dm1487/scratch_namo/real_buildable/pool4/j_517/rb_00018/env.xml
hmax2,hard_013,39,3,3.214,0.4286,short,/common/users/dm1487/scratch_namo/real_buildable/pool4/j_517/rb_00018/env.xml
hmax2,hard_013,39,4,3.214,0.4286,short,/common/users/dm1487/scratch_namo/real_buildable/pool4/j_517/rb_00018/env.xml
hmax2,hard_013,41,0,2.143,0.2857,short,/common/users/dm1487/scratch_namo/real_buildable/pool4/j_517/rb_00018/env.xml
hmax2,hard_013,41,1,2.143,0.2857,short,/common/users/dm1487/scratch_namo/real_buildable/pool4/j_517/rb_00018/env.xml
hmax2,hard_013,41,2,2.143,0.2857,short,/common/users/dm1487/scratch_namo/real_buildable/pool4/j_517/rb_00018/env.xml
hmax2,hard_013,41,3,2.143,0.2857,short,/common/users/dm1487/scratch_namo/real_buildable/pool4/j_517/rb_00018/env.xml
hmax2,hard_013,41,4,2.143,0.2857,short,/common/users/dm1487/scratch_namo/real_buildable/pool4/j_517/rb_00018/env.xml
hmax2,hard_013,43,0,1.071,0.1429,short,/common/users/dm1487/scratch_namo/real_buildable/pool4/j_517/rb_00018/env.xml
hmax2,hard_013,43,1,1.071,0.1429,short,/common/users/dm1487/scratch_namo/real_buildable/pool4/j_517/rb_00018/env.xml
hmax2,hard_013,43,2,1.071,0.1429,short,/common/users/dm1487/scratch_namo/real_buildable/pool4/j_517/rb_00018/env.xml
hmax2,hard_013,43,3,1.071,0.1429,short,/common/users/dm1487/scratch_namo/real_buildable/pool4/j_517/rb_00018/env.xml
hmax2,hard_013,43,4,1.071,0.1429,short,/common/users/dm1487/scratch_namo/real_buildable/pool4/j_517/rb_00018/env.xml
hmax2,hard_013,45,0,0.0,0.0,short,/common/users/dm1487/scratch_namo/real_buildable/pool4/j_517/rb_00018/env.xml
hmax2,hard_013,45,1,0.0,0.0,short,/common/users/dm1487/scratch_namo/real_buildable/pool4/j_517/rb_00018/env.xml
hmax2,hard_013,45,2,0.0,0.0,short,/common/users/dm1487/scratch_namo/real_buildable/pool4/j_517/rb_00018/env.xml
hmax2,hard_013,45,3,0.0,0.0,short,/common/users/dm1487/scratch_namo/real_buildable/pool4/j_517/rb_00018/env.xml
hmax2,hard_013,45,4,0.0,0.0,short,/common/users/dm1487/scratch_namo/real_buildable/pool4/j_517/rb_00018/env.xml
hmax2,hard_013,47,0,1.071,0.1429,short,/common/users/dm1487/scratch_namo/real_buildable/pool4/j_517/rb_00018/env.xml
hmax2,hard_013,47,1,1.071,0.1429,short,/common/users/dm1487/scratch_namo/real_buildable/pool4/j_517/rb_00018/env.xml
hmax2,hard_013,47,2,1.071,0.1429,short,/common/users/dm1487/scratch_namo/real_buildable/pool4/j_517/rb_00018/env.xml
hmax2,hard_013,47,3,1.071,0.1429,short,/common/users/dm1487/scratch_namo/real_buildable/pool4/j_517/rb_00018/env.xml
hmax2,hard_013,47,4,1.071,0.1429,short,/common/users/dm1487/scratch_namo/real_buildable/pool4/j_517/rb_00018/env.xml
hmax2,hard_013,49,0,2.143,0.2857,short,/common/users/dm1487/scratch_namo/real_buildable/pool4/j_517/rb_00018/env.xml
hmax2,hard_013,49,1,2.143,0.2857,short,/common/users/dm1487/scratch_namo/real_buildable/pool4/j_517/rb_00018/env.xml
hmax2,hard_013,49,2,2.143,0.2857,short,/common/users/dm1487/scratch_namo/real_buildable/pool4/j_517/rb_00018/env.xml
hmax2,hard_013,49,3,2.143,0.2857,short,/common/users/dm1487/scratch_namo/real_buildable/pool4/j_517/rb_00018/env.xml
hmax2,hard_013,49,4,2.143,0.2857,short,/common/users/dm1487/scratch_namo/real_buildable/pool4/j_517/rb_00018/env.xml
hmax2,hard_008,1,0,3.5,1.0,long,/common/users/dm1487/scratch_namo/real_buildable/pool2/hard_208/rb_00056/env.xml
hmax2,hard_008,1,1,3.5,1.0,long,/common/users/dm1487/scratch_namo/real_buildable/pool2/hard_208/rb_00056/env.xml
hmax2,hard_008,1,2,3.5,1.0,long,/common/users/dm1487/scratch_namo/real_buildable/pool2/hard_208/rb_00056/env.xml
hmax2,hard_008,1,3,3.5,1.0,long,/common/users/dm1487/scratch_namo/real_buildable/pool2/hard_208/rb_00056/env.xml
hmax2,hard_008,1,4,3.5,1.0,long,/common/users/dm1487/scratch_namo/real_buildable/pool2/hard_208/rb_00056/env.xml
hmax2,hard_008,3,0,3.0,0.8571,long,/common/users/dm1487/scratch_namo/real_buildable/pool2/hard_208/rb_00056/env.xml
hmax2,hard_008,3,1,3.0,0.8571,long,/common/users/dm1487/scratch_namo/real_buildable/pool2/hard_208/rb_00056/env.xml
hmax2,hard_008,3,2,3.0,0.8571,long,/common/users/dm1487/scratch_namo/real_buildable/pool2/hard_208/rb_00056/env.xml
hmax2,hard_008,3,3,3.0,0.8571,long,/common/users/dm1487/scratch_namo/real_buildable/pool2/hard_208/rb_00056/env.xml
hmax2,hard_008,3,4,3.0,0.8571,long,/common/users/dm1487/scratch_namo/real_buildable/pool2/hard_208/rb_00056/env.xml
hmax2,hard_008,5,0,2.5,0.7143,long,/common/users/dm1487/scratch_namo/real_buildable/pool2/hard_208/rb_00056/env.xml
hmax2,hard_008,5,1,2.5,0.7143,long,/common/users/dm1487/scratch_namo/real_buildable/pool2/hard_208/rb_00056/env.xml
hmax2,hard_008,5,2,2.5,0.7143,long,/common/users/dm1487/scratch_namo/real_buildable/pool2/hard_208/rb_00056/env.xml
hmax2,hard_008,5,3,2.5,0.7143,long,/common/users/dm1487/scratch_namo/real_buildable/pool2/hard_208/rb_00056/env.xml
hmax2,hard_008,5,4,2.5,0.7143,long,/common/users/dm1487/scratch_namo/real_buildable/pool2/hard_208/rb_00056/env.xml
hmax2,hard_008,7,0,2.0,0.5714,long,/common/users/dm1487/scratch_namo/real_buildable/pool2/hard_208/rb_00056/env.xml
hmax2,hard_008,7,1,2.0,0.5714,long,/common/users/dm1487/scratch_namo/real_buildable/pool2/hard_208/rb_00056/env.xml
hmax2,hard_008,7,2,2.0,0.5714,long,/common/users/dm1487/scratch_namo/real_buildable/pool2/hard_208/rb_00056/env.xml
hmax2,hard_008,7,3,2.0,0.5714,long,/common/users/dm1487/scratch_namo/real_buildable/pool2/hard_208/rb_00056/env.xml
hmax2,hard_008,7,4,2.0,0.5714,long,/common/users/dm1487/scratch_namo/real_buildable/pool2/hard_208/rb_00056/env.xml
hmax2,hard_008,9,0,1.5,0.4286,long,/common/users/dm1487/scratch_namo/real_buildable/pool2/hard_208/rb_00056/env.xml
hmax2,hard_008,9,1,1.5,0.4286,long,/common/users/dm1487/scratch_namo/real_buildable/pool2/hard_208/rb_00056/env.xml
hmax2,hard_008,9,2,1.5,0.4286,long,/common/users/dm1487/scratch_namo/real_buildable/pool2/hard_208/rb_00056/env.xml
hmax2,hard_008,9,3,1.5,0.4286,long,/common/users/dm1487/scratch_namo/real_buildable/pool2/hard_208/rb_00056/env.xml
hmax2,hard_008,9,4,1.5,0.4286,long,/common/users/dm1487/scratch_namo/real_buildable/pool2/hard_208/rb_00056/env.xml
hmax2,hard_008,11,0,1.0,0.2857,long,/common/users/dm1487/scratch_namo/real_buildable/pool2/hard_208/rb_00056/env.xml
hmax2,hard_008,11,1,1.0,0.2857,long,/common/users/dm1487/scratch_namo/real_buildable/pool2/hard_208/rb_00056/env.xml
hmax2,hard_008,11,2,1.0,0.2857,long,/common/users/dm1487/scratch_namo/real_buildable/pool2/hard_208/rb_00056/env.xml
hmax2,hard_008,11,3,1.0,0.2857,long,/common/users/dm1487/scratch_namo/real_buildable/pool2/hard_208/rb_00056/env.xml
hmax2,hard_008,11,4,1.0,0.2857,long,/common/users/dm1487/scratch_namo/real_buildable/pool2/hard_208/rb_00056/env.xml
hmax2,hard_008,13,0,0.5,0.1429,long,/common/users/dm1487/scratch_namo/real_buildable/pool2/hard_208/rb_00056/env.xml
hmax2,hard_008,13,1,0.5,0.1429,long,/common/users/dm1487/scratch_namo/real_buildable/pool2/hard_208/rb_00056/env.xml
hmax2,hard_008,13,2,0.5,0.1429,long,/common/users/dm1487/scratch_namo/real_buildable/pool2/hard_208/rb_00056/env.xml
hmax2,hard_008,13,3,0.5,0.1429,long,/common/users/dm1487/scratch_namo/real_buildable/pool2/hard_208/rb_00056/env.xml
hmax2,hard_008,13,4,0.5,0.1429,long,/common/users/dm1487/scratch_namo/real_buildable/pool2/hard_208/rb_00056/env.xml
hmax2,hard_008,15,0,0.0,0.0,long,/common/users/dm1487/scratch_namo/real_buildable/pool2/hard_208/rb_00056/env.xml
hmax2,hard_008,15,1,0.0,0.0,long,/common/users/dm1487/scratch_namo/real_buildable/pool2/hard_208/rb_00056/env.xml
hmax2,hard_008,15,2,0.0,0.0,long,/common/users/dm1487/scratch_namo/real_buildable/pool2/hard_208/rb_00056/env.xml
hmax2,hard_008,15,3,0.0,0.0,long,/common/users/dm1487/scratch_namo/real_buildable/pool2/hard_208/rb_00056/env.xml
hmax2,hard_008,15,4,0.0,0.0,long,/common/users/dm1487/scratch_namo/real_buildable/pool2/hard_208/rb_00056/env.xml
hmax2,hard_008,17,0,0.5,0.1429,long,/common/users/dm1487/scratch_namo/real_buildable/pool2/hard_208/rb_00056/env.xml
hmax2,hard_008,17,1,0.5,0.1429,long,/common/users/dm1487/scratch_namo/real_buildable/pool2/hard_208/rb_00056/env.xml
hmax2,hard_008,17,2,0.5,0.1429,long,/common/users/dm1487/scratch_namo/real_buildable/pool2/hard_208/rb_00056/env.xml
hmax2,hard_008,17,3,0.5,0.1429,long,/common/users/dm1487/scratch_namo/real_buildable/pool2/hard_208/rb_00056/env.xml
hmax2,hard_008,17,4,0.5,0.1429,long,/common/users/dm1487/scratch_namo/real_buildable/pool2/hard_208/rb_00056/env.xml
hmax2,hard_008,19,0,1.0,0.2857,long,/common/users/dm1487/scratch_namo/real_buildable/pool2/hard_208/rb_00056/env.xml
hmax2,hard_008,19,1,1.0,0.2857,long,/common/users/dm1487/scratch_namo/real_buildable/pool2/hard_208/rb_00056/env.xml
hmax2,hard_008,19,2,1.0,0.2857,long,/common/users/dm1487/scratch_namo/real_buildable/pool2/hard_208/rb_00056/env.xml
hmax2,hard_008,19,3,1.0,0.2857,long,/common/users/dm1487/scratch_namo/real_buildable/pool2/hard_208/rb_00056/env.xml
hmax2,hard_008,19,4,1.0,0.2857,long,/common/users/dm1487/scratch_namo/real_buildable/pool2/hard_208/rb_00056/env.xml
hmax2,hard_008,21,0,1.5,0.4286,long,/common/users/dm1487/scratch_namo/real_buildable/pool2/hard_208/rb_00056/env.xml
hmax2,hard_008,21,1,1.5,0.4286,long,/common/users/dm1487/scratch_namo/real_buildable/pool2/hard_208/rb_00056/env.xml
hmax2,hard_008,21,2,1.5,0.4286,long,/common/users/dm1487/scratch_namo/real_buildable/pool2/hard_208/rb_00056/env.xml
hmax2,hard_008,21,3,1.5,0.4286,long,/common/users/dm1487/scratch_namo/real_buildable/pool2/hard_208/rb_00056/env.xml
hmax2,hard_008,21,4,1.5,0.4286,long,/common/users/dm1487/scratch_namo/real_buildable/pool2/hard_208/rb_00056/env.xml
hmax2,hard_008,23,0,2.0,0.5714,long,/common/users/dm1487/scratch_namo/real_buildable/pool2/hard_208/rb_00056/env.xml
hmax2,hard_008,23,1,2.0,0.5714,long,/common/users/dm1487/scratch_namo/real_buildable/pool2/hard_208/rb_00056/env.xml
hmax2,hard_008,23,2,2.0,0.5714,long,/common/users/dm1487/scratch_namo/real_buildable/pool2/hard_208/rb_00056/env.xml
hmax2,hard_008,23,3,2.0,0.5714,long,/common/users/dm1487/scratch_namo/real_buildable/pool2/hard_208/rb_00056/env.xml
hmax2,hard_008,23,4,2.0,0.5714,long,/common/users/dm1487/scratch_namo/real_buildable/pool2/hard_208/rb_00056/env.xml
hmax2,hard_008,25,0,2.5,0.7143,long,/common/users/dm1487/scratch_namo/real_buildable/pool2/hard_208/rb_00056/env.xml
hmax2,hard_008,25,1,2.5,0.7143,long,/common/users/dm1487/scratch_namo/real_buildable/pool2/hard_208/rb_00056/env.xml
hmax2,hard_008,25,2,2.5,0.7143,long,/common/users/dm1487/scratch_namo/real_buildable/pool2/hard_208/rb_00056/env.xml
hmax2,hard_008,25,3,2.5,0.7143,long,/common/users/dm1487/scratch_namo/real_buildable/pool2/hard_208/rb_00056/env.xml
hmax2,hard_008,25,4,2.5,0.7143,long,/common/users/dm1487/scratch_namo/real_buildable/pool2/hard_208/rb_00056/env.xml
hmax2,hard_008,27,0,3.0,0.8571,long,/common/users/dm1487/scratch_namo/real_buildable/pool2/hard_208/rb_00056/env.xml
hmax2,hard_008,27,1,3.0,0.8571,long,/common/users/dm1487/scratch_namo/real_buildable/pool2/hard_208/rb_00056/env.xml
hmax2,hard_008,27,2,3.0,0.8571,long,/common/users/dm1487/scratch_namo/real_buildable/pool2/hard_208/rb_00056/env.xml
hmax2,hard_008,27,3,3.0,0.8571,long,/common/users/dm1487/scratch_namo/real_buildable/pool2/hard_208/rb_00056/env.xml
hmax2,hard_008,27,4,3.0,0.8571,long,/common/users/dm1487/scratch_namo/real_buildable/pool2/hard_208/rb_00056/env.xml
hmax2,hard_008,29,0,3.5,1.0,long,/common/users/dm1487/scratch_namo/real_buildable/pool2/hard_208/rb_00056/env.xml
hmax2,hard_008,29,1,3.5,1.0,long,/common/users/dm1487/scratch_namo/real_buildable/pool2/hard_208/rb_00056/env.xml
hmax2,hard_008,29,2,3.5,1.0,long,/common/users/dm1487/scratch_namo/real_buildable/pool2/hard_208/rb_00056/env.xml
hmax2,hard_008,29,3,3.5,1.0,long,/common/users/dm1487/scratch_namo/real_buildable/pool2/hard_208/rb_00056/env.xml
hmax2,hard_008,29,4,3.5,1.0,long,/common/users/dm1487/scratch_namo/real_buildable/pool2/hard_208/rb_00056/env.xml
hmax2,hard_008,31,0,7.5,1.0,short,/common/users/dm1487/scratch_namo/real_buildable/pool2/hard_208/rb_00056/env.xml
hmax2,hard_008,31,1,7.5,1.0,short,/common/users/dm1487/scratch_namo/real_buildable/pool2/hard_208/rb_00056/env.xml
hmax2,hard_008,31,2,7.5,1.0,short,/common/users/dm1487/scratch_namo/real_buildable/pool2/hard_208/rb_00056/env.xml
hmax2,hard_008,31,3,7.5,1.0,short,/common/users/dm1487/scratch_namo/real_buildable/pool2/hard_208/rb_00056/env.xml
hmax2,hard_008,31,4,7.5,1.0,short,/common/users/dm1487/scratch_namo/real_buildable/pool2/hard_208/rb_00056/env.xml
hmax2,hard_008,33,0,6.429,0.8571,short,/common/users/dm1487/scratch_namo/real_buildable/pool2/hard_208/rb_00056/env.xml
hmax2,hard_008,33,1,6.429,0.8571,short,/common/users/dm1487/scratch_namo/real_buildable/pool2/hard_208/rb_00056/env.xml
hmax2,hard_008,33,2,6.429,0.8571,short,/common/users/dm1487/scratch_namo/real_buildable/pool2/hard_208/rb_00056/env.xml
hmax2,hard_008,33,3,6.429,0.8571,short,/common/users/dm1487/scratch_namo/real_buildable/pool2/hard_208/rb_00056/env.xml
hmax2,hard_008,33,4,6.429,0.8571,short,/common/users/dm1487/scratch_namo/real_buildable/pool2/hard_208/rb_00056/env.xml
hmax2,hard_008,35,0,5.357,0.7143,short,/common/users/dm1487/scratch_namo/real_buildable/pool2/hard_208/rb_00056/env.xml
hmax2,hard_008,35,1,5.357,0.7143,short,/common/users/dm1487/scratch_namo/real_buildable/pool2/hard_208/rb_00056/env.xml
hmax2,hard_008,35,2,5.357,0.7143,short,/common/users/dm1487/scratch_namo/real_buildable/pool2/hard_208/rb_00056/env.xml
hmax2,hard_008,35,3,5.357,0.7143,short,/common/users/dm1487/scratch_namo/real_buildable/pool2/hard_208/rb_00056/env.xml
hmax2,hard_008,35,4,5.357,0.7143,short,/common/users/dm1487/scratch_namo/real_buildable/pool2/hard_208/rb_00056/env.xml
hmax2,hard_008,37,0,4.286,0.5714,short,/common/users/dm1487/scratch_namo/real_buildable/pool2/hard_208/rb_00056/env.xml
hmax2,hard_008,37,1,4.286,0.5714,short,/common/users/dm1487/scratch_namo/real_buildable/pool2/hard_208/rb_00056/env.xml
hmax2,hard_008,37,2,4.286,0.5714,short,/common/users/dm1487/scratch_namo/real_buildable/pool2/hard_208/rb_00056/env.xml
hmax2,hard_008,37,3,4.286,0.5714,short,/common/users/dm1487/scratch_namo/real_buildable/pool2/hard_208/rb_00056/env.xml
hmax2,hard_008,37,4,4.286,0.5714,short,/common/users/dm1487/scratch_namo/real_buildable/pool2/hard_208/rb_00056/env.xml
hmax2,hard_008,39,0,3.214,0.4286,short,/common/users/dm1487/scratch_namo/real_buildable/pool2/hard_208/rb_00056/env.xml
hmax2,hard_008,39,1,3.214,0.4286,short,/common/users/dm1487/scratch_namo/real_buildable/pool2/hard_208/rb_00056/env.xml
hmax2,hard_008,39,2,3.214,0.4286,short,/common/users/dm1487/scratch_namo/real_buildable/pool2/hard_208/rb_00056/env.xml
hmax2,hard_008,39,3,3.214,0.4286,short,/common/users/dm1487/scratch_namo/real_buildable/pool2/hard_208/rb_00056/env.xml
hmax2,hard_008,39,4,3.214,0.4286,short,/common/users/dm1487/scratch_namo/real_buildable/pool2/hard_208/rb_00056/env.xml
hmax2,hard_008,41,0,2.143,0.2857,short,/common/users/dm1487/scratch_namo/real_buildable/pool2/hard_208/rb_00056/env.xml
hmax2,hard_008,41,1,2.143,0.2857,short,/common/users/dm1487/scratch_namo/real_buildable/pool2/hard_208/rb_00056/env.xml
hmax2,hard_008,41,2,2.143,0.2857,short,/common/users/dm1487/scratch_namo/real_buildable/pool2/hard_208/rb_00056/env.xml
hmax2,hard_008,41,3,2.143,0.2857,short,/common/users/dm1487/scratch_namo/real_buildable/pool2/hard_208/rb_00056/env.xml
hmax2,hard_008,41,4,2.143,0.2857,short,/common/users/dm1487/scratch_namo/real_buildable/pool2/hard_208/rb_00056/env.xml
hmax2,hard_008,43,0,1.071,0.1429,short,/common/users/dm1487/scratch_namo/real_buildable/pool2/hard_208/rb_00056/env.xml
hmax2,hard_008,43,1,1.071,0.1429,short,/common/users/dm1487/scratch_namo/real_buildable/pool2/hard_208/rb_00056/env.xml
hmax2,hard_008,43,2,1.071,0.1429,short,/common/users/dm1487/scratch_namo/real_buildable/pool2/hard_208/rb_00056/env.xml
hmax2,hard_008,43,3,1.071,0.1429,short,/common/users/dm1487/scratch_namo/real_buildable/pool2/hard_208/rb_00056/env.xml
hmax2,hard_008,43,4,1.071,0.1429,short,/common/users/dm1487/scratch_namo/real_buildable/pool2/hard_208/rb_00056/env.xml
hmax2,hard_008,45,0,0.0,0.0,short,/common/users/dm1487/scratch_namo/real_buildable/pool2/hard_208/rb_00056/env.xml
hmax2,hard_008,45,1,0.0,0.0,short,/common/users/dm1487/scratch_namo/real_buildable/pool2/hard_208/rb_00056/env.xml
hmax2,hard_008,45,2,0.0,0.0,short,/common/users/dm1487/scratch_namo/real_buildable/pool2/hard_208/rb_00056/env.xml
hmax2,hard_008,45,3,0.0,0.0,short,/common/users/dm1487/scratch_namo/real_buildable/pool2/hard_208/rb_00056/env.xml
hmax2,hard_008,45,4,0.0,0.0,short,/common/users/dm1487/scratch_namo/real_buildable/pool2/hard_208/rb_00056/env.xml
hmax2,hard_008,47,0,1.071,0.1429,short,/common/users/dm1487/scratch_namo/real_buildable/pool2/hard_208/rb_00056/env.xml
hmax2,hard_008,47,1,1.071,0.1429,short,/common/users/dm1487/scratch_namo/real_buildable/pool2/hard_208/rb_00056/env.xml
hmax2,hard_008,47,2,1.071,0.1429,short,/common/users/dm1487/scratch_namo/real_buildable/pool2/hard_208/rb_00056/env.xml
hmax2,hard_008,47,3,1.071,0.1429,short,/common/users/dm1487/scratch_namo/real_buildable/pool2/hard_208/rb_00056/env.xml
hmax2,hard_008,47,4,1.071,0.1429,short,/common/users/dm1487/scratch_namo/real_buildable/pool2/hard_208/rb_00056/env.xml
hmax2,hard_008,49,0,2.143,0.2857,short,/common/users/dm1487/scratch_namo/real_buildable/pool2/hard_208/rb_00056/env.xml
hmax2,hard_008,49,1,2.143,0.2857,short,/common/users/dm1487/scratch_namo/real_buildable/pool2/hard_208/rb_00056/env.xml
hmax2,hard_008,49,2,2.143,0.2857,short,/common/users/dm1487/scratch_namo/real_buildable/pool2/hard_208/rb_00056/env.xml
hmax2,hard_008,49,3,2.143,0.2857,short,/common/users/dm1487/scratch_namo/real_buildable/pool2/hard_208/rb_00056/env.xml
hmax2,hard_008,49,4,2.143,0.2857,short,/common/users/dm1487/scratch_namo/real_buildable/pool2/hard_208/rb_00056/env.xml
hmax2,hard_008,51,0,3.214,0.4286,short,/common/users/dm1487/scratch_namo/real_buildable/pool2/hard_208/rb_00056/env.xml
hmax2,hard_008,51,1,3.214,0.4286,short,/common/users/dm1487/scratch_namo/real_buildable/pool2/hard_208/rb_00056/env.xml
hmax2,hard_008,51,2,3.214,0.4286,short,/common/users/dm1487/scratch_namo/real_buildable/pool2/hard_208/rb_00056/env.xml
hmax2,hard_008,51,3,3.214,0.4286,short,/common/users/dm1487/scratch_namo/real_buildable/pool2/hard_208/rb_00056/env.xml
hmax2,hard_008,51,4,3.214,0.4286,short,/common/users/dm1487/scratch_namo/real_buildable/pool2/hard_208/rb_00056/env.xml
hmax2,hard_008,53,0,4.286,0.5714,short,/common/users/dm1487/scratch_namo/real_buildable/pool2/hard_208/rb_00056/env.xml
hmax2,hard_008,53,1,4.286,0.5714,short,/common/users/dm1487/scratch_namo/real_buildable/pool2/hard_208/rb_00056/env.xml
hmax2,hard_008,53,2,4.286,0.5714,short,/common/users/dm1487/scratch_namo/real_buildable/pool2/hard_208/rb_00056/env.xml
hmax2,hard_008,53,3,4.286,0.5714,short,/common/users/dm1487/scratch_namo/real_buildable/pool2/hard_208/rb_00056/env.xml
hmax2,hard_008,53,4,4.286,0.5714,short,/common/users/dm1487/scratch_namo/real_buildable/pool2/hard_208/rb_00056/env.xml
hmax2,hard_008,55,0,5.357,0.7143,short,/common/users/dm1487/scratch_namo/real_buildable/pool2/hard_208/rb_00056/env.xml
hmax2,hard_008,55,1,5.357,0.7143,short,/common/users/dm1487/scratch_namo/real_buildable/pool2/hard_208/rb_00056/env.xml
hmax2,hard_008,55,2,5.357,0.7143,short,/common/users/dm1487/scratch_namo/real_buildable/pool2/hard_208/rb_00056/env.xml
hmax2,hard_008,55,3,5.357,0.7143,short,/common/users/dm1487/scratch_namo/real_buildable/pool2/hard_208/rb_00056/env.xml
hmax2,hard_008,55,4,5.357,0.7143,short,/common/users/dm1487/scratch_namo/real_buildable/pool2/hard_208/rb_00056/env.xml
hmax2,hard_008,57,0,6.429,0.8571,short,/common/users/dm1487/scratch_namo/real_buildable/pool2/hard_208/rb_00056/env.xml
hmax2,hard_008,57,1,6.429,0.8571,short,/common/users/dm1487/scratch_namo/real_buildable/pool2/hard_208/rb_00056/env.xml
hmax2,hard_008,57,2,6.429,0.8571,short,/common/users/dm1487/scratch_namo/real_buildable/pool2/hard_208/rb_00056/env.xml
hmax2,hard_008,57,3,6.429,0.8571,short,/common/users/dm1487/scratch_namo/real_buildable/pool2/hard_208/rb_00056/env.xml
hmax2,hard_008,57,4,6.429,0.8571,short,/common/users/dm1487/scratch_namo/real_buildable/pool2/hard_208/rb_00056/env.xml
hmax2,hard_008,59,0,7.5,1.0,short,/common/users/dm1487/scratch_namo/real_buildable/pool2/hard_208/rb_00056/env.xml
hmax2,hard_008,59,1,7.5,1.0,short,/common/users/dm1487/scratch_namo/real_buildable/pool2/hard_208/rb_00056/env.xml
hmax2,hard_008,59,2,7.5,1.0,short,/common/users/dm1487/scratch_namo/real_buildable/pool2/hard_208/rb_00056/env.xml
hmax2,hard_008,59,3,7.5,1.0,short,/common/users/dm1487/scratch_namo/real_buildable/pool2/hard_208/rb_00056/env.xml
hmax2,hard_008,59,4,7.5,1.0,short,/common/users/dm1487/scratch_namo/real_buildable/pool2/hard_208/rb_00056/env.xml
1push,med_085,0,0,3.5,1.0,long,/common/users/dm1487/scratch_namo/real_buildable/pool1/hard/rb_00288/env.xml
1push,med_085,0,1,3.5,1.0,long,/common/users/dm1487/scratch_namo/real_buildable/pool1/hard/rb_00288/env.xml
1push,med_085,0,2,3.5,1.0,long,/common/users/dm1487/scratch_namo/real_buildable/pool1/hard/rb_00288/env.xml
1push,med_085,0,3,3.5,1.0,long,/common/users/dm1487/scratch_namo/real_buildable/pool1/hard/rb_00288/env.xml
1push,med_085,0,4,3.5,1.0,long,/common/users/dm1487/scratch_namo/real_buildable/pool1/hard/rb_00288/env.xml
1push,med_085,2,0,3.0,0.8571,long,/common/users/dm1487/scratch_namo/real_buildable/pool1/hard/rb_00288/env.xml
1push,med_085,2,1,3.0,0.8571,long,/common/users/dm1487/scratch_namo/real_buildable/pool1/hard/rb_00288/env.xml
1push,med_085,2,2,3.0,0.8571,long,/common/users/dm1487/scratch_namo/real_buildable/pool1/hard/rb_00288/env.xml
1push,med_085,2,3,3.0,0.8571,long,/common/users/dm1487/scratch_namo/real_buildable/pool1/hard/rb_00288/env.xml
1push,med_085,2,4,3.0,0.8571,long,/common/users/dm1487/scratch_namo/real_buildable/pool1/hard/rb_00288/env.xml
1push,med_085,4,0,2.5,0.7143,long,/common/users/dm1487/scratch_namo/real_buildable/pool1/hard/rb_00288/env.xml
1push,med_085,4,1,2.5,0.7143,long,/common/users/dm1487/scratch_namo/real_buildable/pool1/hard/rb_00288/env.xml
1push,med_085,4,2,2.5,0.7143,long,/common/users/dm1487/scratch_namo/real_buildable/pool1/hard/rb_00288/env.xml
1push,med_085,4,3,2.5,0.7143,long,/common/users/dm1487/scratch_namo/real_buildable/pool1/hard/rb_00288/env.xml
1push,med_085,4,4,2.5,0.7143,long,/common/users/dm1487/scratch_namo/real_buildable/pool1/hard/rb_00288/env.xml
1push,med_085,6,0,2.0,0.5714,long,/common/users/dm1487/scratch_namo/real_buildable/pool1/hard/rb_00288/env.xml
1push,med_085,6,1,2.0,0.5714,long,/common/users/dm1487/scratch_namo/real_buildable/pool1/hard/rb_00288/env.xml
1push,med_085,6,2,2.0,0.5714,long,/common/users/dm1487/scratch_namo/real_buildable/pool1/hard/rb_00288/env.xml
1push,med_085,6,3,2.0,0.5714,long,/common/users/dm1487/scratch_namo/real_buildable/pool1/hard/rb_00288/env.xml
1push,med_085,6,4,2.0,0.5714,long,/common/users/dm1487/scratch_namo/real_buildable/pool1/hard/rb_00288/env.xml
1push,med_085,8,0,1.5,0.4286,long,/common/users/dm1487/scratch_namo/real_buildable/pool1/hard/rb_00288/env.xml
1push,med_085,8,1,1.5,0.4286,long,/common/users/dm1487/scratch_namo/real_buildable/pool1/hard/rb_00288/env.xml
1push,med_085,8,2,1.5,0.4286,long,/common/users/dm1487/scratch_namo/real_buildable/pool1/hard/rb_00288/env.xml
1push,med_085,8,3,1.5,0.4286,long,/common/users/dm1487/scratch_namo/real_buildable/pool1/hard/rb_00288/env.xml
1push,med_085,8,4,1.5,0.4286,long,/common/users/dm1487/scratch_namo/real_buildable/pool1/hard/rb_00288/env.xml
1push,med_085,10,0,1.0,0.2857,long,/common/users/dm1487/scratch_namo/real_buildable/pool1/hard/rb_00288/env.xml
1push,med_085,10,1,1.0,0.2857,long,/common/users/dm1487/scratch_namo/real_buildable/pool1/hard/rb_00288/env.xml
1push,med_085,10,2,1.0,0.2857,long,/common/users/dm1487/scratch_namo/real_buildable/pool1/hard/rb_00288/env.xml
1push,med_085,10,3,1.0,0.2857,long,/common/users/dm1487/scratch_namo/real_buildable/pool1/hard/rb_00288/env.xml
1push,med_085,10,4,1.0,0.2857,long,/common/users/dm1487/scratch_namo/real_buildable/pool1/hard/rb_00288/env.xml
1push,med_085,31,0,7.5,1.0,short,/common/users/dm1487/scratch_namo/real_buildable/pool1/hard/rb_00288/env.xml
1push,med_085,31,1,7.5,1.0,short,/common/users/dm1487/scratch_namo/real_buildable/pool1/hard/rb_00288/env.xml
1push,med_085,31,2,7.5,1.0,short,/common/users/dm1487/scratch_namo/real_buildable/pool1/hard/rb_00288/env.xml
1push,med_085,31,3,7.5,1.0,short,/common/users/dm1487/scratch_namo/real_buildable/pool1/hard/rb_00288/env.xml
1push,med_085,31,4,7.5,1.0,short,/common/users/dm1487/scratch_namo/real_buildable/pool1/hard/rb_00288/env.xml
1push,med_085,33,0,6.429,0.8571,short,/common/users/dm1487/scratch_namo/real_buildable/pool1/hard/rb_00288/env.xml
1push,med_085,33,1,6.429,0.8571,short,/common/users/dm1487/scratch_namo/real_buildable/pool1/hard/rb_00288/env.xml
1push,med_085,33,2,6.429,0.8571,short,/common/users/dm1487/scratch_namo/real_buildable/pool1/hard/rb_00288/env.xml
1push,med_085,33,3,6.429,0.8571,short,/common/users/dm1487/scratch_namo/real_buildable/pool1/hard/rb_00288/env.xml
1push,med_085,33,4,6.429,0.8571,short,/common/users/dm1487/scratch_namo/real_buildable/pool1/hard/rb_00288/env.xml
1push,med_085,35,0,5.357,0.7143,short,/common/users/dm1487/scratch_namo/real_buildable/pool1/hard/rb_00288/env.xml
1push,med_085,35,1,5.357,0.7143,short,/common/users/dm1487/scratch_namo/real_buildable/pool1/hard/rb_00288/env.xml
1push,med_085,35,2,5.357,0.7143,short,/common/users/dm1487/scratch_namo/real_buildable/pool1/hard/rb_00288/env.xml
1push,med_085,35,3,5.357,0.7143,short,/common/users/dm1487/scratch_namo/real_buildable/pool1/hard/rb_00288/env.xml
1push,med_085,35,4,5.357,0.7143,short,/common/users/dm1487/scratch_namo/real_buildable/pool1/hard/rb_00288/env.xml
1push,med_085,37,0,4.286,0.5714,short,/common/users/dm1487/scratch_namo/real_buildable/pool1/hard/rb_00288/env.xml
1push,med_085,37,1,4.286,0.5714,short,/common/users/dm1487/scratch_namo/real_buildable/pool1/hard/rb_00288/env.xml
1push,med_085,37,2,4.286,0.5714,short,/common/users/dm1487/scratch_namo/real_buildable/pool1/hard/rb_00288/env.xml
1push,med_085,37,3,4.286,0.5714,short,/common/users/dm1487/scratch_namo/real_buildable/pool1/hard/rb_00288/env.xml
1push,med_085,37,4,4.286,0.5714,short,/common/users/dm1487/scratch_namo/real_buildable/pool1/hard/rb_00288/env.xml
1push,med_085,39,0,3.214,0.4286,short,/common/users/dm1487/scratch_namo/real_buildable/pool1/hard/rb_00288/env.xml
1push,med_085,39,1,3.214,0.4286,short,/common/users/dm1487/scratch_namo/real_buildable/pool1/hard/rb_00288/env.xml
1push,med_085,39,2,3.214,0.4286,short,/common/users/dm1487/scratch_namo/real_buildable/pool1/hard/rb_00288/env.xml
1push,med_085,39,3,3.214,0.4286,short,/common/users/dm1487/scratch_namo/real_buildable/pool1/hard/rb_00288/env.xml
1push,med_085,39,4,3.214,0.4286,short,/common/users/dm1487/scratch_namo/real_buildable/pool1/hard/rb_00288/env.xml
1push,med_085,41,0,2.143,0.2857,short,/common/users/dm1487/scratch_namo/real_buildable/pool1/hard/rb_00288/env.xml
1push,med_085,41,1,2.143,0.2857,short,/common/users/dm1487/scratch_namo/real_buildable/pool1/hard/rb_00288/env.xml
1push,med_085,41,2,2.143,0.2857,short,/common/users/dm1487/scratch_namo/real_buildable/pool1/hard/rb_00288/env.xml
1push,med_085,41,3,2.143,0.2857,short,/common/users/dm1487/scratch_namo/real_buildable/pool1/hard/rb_00288/env.xml
1push,med_085,41,4,2.143,0.2857,short,/common/users/dm1487/scratch_namo/real_buildable/pool1/hard/rb_00288/env.xml
1push,med_085,43,0,1.071,0.1429,short,/common/users/dm1487/scratch_namo/real_buildable/pool1/hard/rb_00288/env.xml
1push,med_085,43,1,1.071,0.1429,short,/common/users/dm1487/scratch_namo/real_buildable/pool1/hard/rb_00288/env.xml
1push,med_085,43,2,1.071,0.1429,short,/common/users/dm1487/scratch_namo/real_buildable/pool1/hard/rb_00288/env.xml
1push,med_085,43,3,1.071,0.1429,short,/common/users/dm1487/scratch_namo/real_buildable/pool1/hard/rb_00288/env.xml
1push,med_085,43,4,1.071,0.1429,short,/common/users/dm1487/scratch_namo/real_buildable/pool1/hard/rb_00288/env.xml
1push,med_085,45,0,0.0,0.0,short,/common/users/dm1487/scratch_namo/real_buildable/pool1/hard/rb_00288/env.xml
1push,med_085,45,1,0.0,0.0,short,/common/users/dm1487/scratch_namo/real_buildable/pool1/hard/rb_00288/env.xml
1push,med_085,45,2,0.0,0.0,short,/common/users/dm1487/scratch_namo/real_buildable/pool1/hard/rb_00288/env.xml
1push,med_085,45,3,0.0,0.0,short,/common/users/dm1487/scratch_namo/real_buildable/pool1/hard/rb_00288/env.xml
1push,med_085,45,4,0.0,0.0,short,/common/users/dm1487/scratch_namo/real_buildable/pool1/hard/rb_00288/env.xml
1push,med_085,47,0,1.071,0.1429,short,/common/users/dm1487/scratch_namo/real_buildable/pool1/hard/rb_00288/env.xml
1push,med_085,47,1,1.071,0.1429,short,/common/users/dm1487/scratch_namo/real_buildable/pool1/hard/rb_00288/env.xml
1push,med_085,47,2,1.071,0.1429,short,/common/users/dm1487/scratch_namo/real_buildable/pool1/hard/rb_00288/env.xml
1push,med_085,47,3,1.071,0.1429,short,/common/users/dm1487/scratch_namo/real_buildable/pool1/hard/rb_00288/env.xml
1push,med_085,47,4,1.071,0.1429,short,/common/users/dm1487/scratch_namo/real_buildable/pool1/hard/rb_00288/env.xml
1push,med_085,49,0,2.143,0.2857,short,/common/users/dm1487/scratch_namo/real_buildable/pool1/hard/rb_00288/env.xml
1push,med_085,49,1,2.143,0.2857,short,/common/users/dm1487/scratch_namo/real_buildable/pool1/hard/rb_00288/env.xml
1push,med_085,49,2,2.143,0.2857,short,/common/users/dm1487/scratch_namo/real_buildable/pool1/hard/rb_00288/env.xml
1push,med_085,49,3,2.143,0.2857,short,/common/users/dm1487/scratch_namo/real_buildable/pool1/hard/rb_00288/env.xml
1push,med_085,49,4,2.143,0.2857,short,/common/users/dm1487/scratch_namo/real_buildable/pool1/hard/rb_00288/env.xml
1push,med_085,51,0,3.214,0.4286,short,/common/users/dm1487/scratch_namo/real_buildable/pool1/hard/rb_00288/env.xml
1push,med_085,51,1,3.214,0.4286,short,/common/users/dm1487/scratch_namo/real_buildable/pool1/hard/rb_00288/env.xml
1push,med_085,51,2,3.214,0.4286,short,/common/users/dm1487/scratch_namo/real_buildable/pool1/hard/rb_00288/env.xml
1push,med_085,51,3,3.214,0.4286,short,/common/users/dm1487/scratch_namo/real_buildable/pool1/hard/rb_00288/env.xml
1push,med_085,51,4,3.214,0.4286,short,/common/users/dm1487/scratch_namo/real_buildable/pool1/hard/rb_00288/env.xml
1push,med_085,53,0,4.286,0.5714,short,/common/users/dm1487/scratch_namo/real_buildable/pool1/hard/rb_00288/env.xml
1push,med_085,53,1,4.286,0.5714,short,/common/users/dm1487/scratch_namo/real_buildable/pool1/hard/rb_00288/env.xml
1push,med_085,53,2,4.286,0.5714,short,/common/users/dm1487/scratch_namo/real_buildable/pool1/hard/rb_00288/env.xml
1push,med_085,53,3,4.286,0.5714,short,/common/users/dm1487/scratch_namo/real_buildable/pool1/hard/rb_00288/env.xml
1push,med_085,53,4,4.286,0.5714,short,/common/users/dm1487/scratch_namo/real_buildable/pool1/hard/rb_00288/env.xml
1push,med_085,55,0,5.357,0.7143,short,/common/users/dm1487/scratch_namo/real_buildable/pool1/hard/rb_00288/env.xml
1push,med_085,55,1,5.357,0.7143,short,/common/users/dm1487/scratch_namo/real_buildable/pool1/hard/rb_00288/env.xml
1push,med_085,55,2,5.357,0.7143,short,/common/users/dm1487/scratch_namo/real_buildable/pool1/hard/rb_00288/env.xml
1push,med_085,55,3,5.357,0.7143,short,/common/users/dm1487/scratch_namo/real_buildable/pool1/hard/rb_00288/env.xml
1push,med_085,55,4,5.357,0.7143,short,/common/users/dm1487/scratch_namo/real_buildable/pool1/hard/rb_00288/env.xml
1push,med_085,57,0,6.429,0.8571,short,/common/users/dm1487/scratch_namo/real_buildable/pool1/hard/rb_00288/env.xml
1push,med_085,57,1,6.429,0.8571,short,/common/users/dm1487/scratch_namo/real_buildable/pool1/hard/rb_00288/env.xml
1push,med_085,57,2,6.429,0.8571,short,/common/users/dm1487/scratch_namo/real_buildable/pool1/hard/rb_00288/env.xml
1push,med_085,57,3,6.429,0.8571,short,/common/users/dm1487/scratch_namo/real_buildable/pool1/hard/rb_00288/env.xml
1push,med_085,57,4,6.429,0.8571,short,/common/users/dm1487/scratch_namo/real_buildable/pool1/hard/rb_00288/env.xml
1push,med_085,59,0,7.5,1.0,short,/common/users/dm1487/scratch_namo/real_buildable/pool1/hard/rb_00288/env.xml
1push,med_085,59,1,7.5,1.0,short,/common/users/dm1487/scratch_namo/real_buildable/pool1/hard/rb_00288/env.xml
1push,med_085,59,2,7.5,1.0,short,/common/users/dm1487/scratch_namo/real_buildable/pool1/hard/rb_00288/env.xml
1push,med_085,59,3,7.5,1.0,short,/common/users/dm1487/scratch_namo/real_buildable/pool1/hard/rb_00288/env.xml
1push,med_085,59,4,7.5,1.0,short,/common/users/dm1487/scratch_namo/real_buildable/pool1/hard/rb_00288/env.xml
1push,med_077,1,0,3.5,1.0,long,/common/users/dm1487/scratch_namo/real_buildable/pool1/med/rb_00113/env.xml
1push,med_077,1,1,3.5,1.0,long,/common/users/dm1487/scratch_namo/real_buildable/pool1/med/rb_00113/env.xml
1push,med_077,1,2,3.5,1.0,long,/common/users/dm1487/scratch_namo/real_buildable/pool1/med/rb_00113/env.xml
1push,med_077,1,3,3.5,1.0,long,/common/users/dm1487/scratch_namo/real_buildable/pool1/med/rb_00113/env.xml
1push,med_077,1,4,3.5,1.0,long,/common/users/dm1487/scratch_namo/real_buildable/pool1/med/rb_00113/env.xml
1push,med_077,3,0,3.0,0.8571,long,/common/users/dm1487/scratch_namo/real_buildable/pool1/med/rb_00113/env.xml
1push,med_077,3,1,3.0,0.8571,long,/common/users/dm1487/scratch_namo/real_buildable/pool1/med/rb_00113/env.xml
1push,med_077,3,2,3.0,0.8571,long,/common/users/dm1487/scratch_namo/real_buildable/pool1/med/rb_00113/env.xml
1push,med_077,3,3,3.0,0.8571,long,/common/users/dm1487/scratch_namo/real_buildable/pool1/med/rb_00113/env.xml
1push,med_077,3,4,3.0,0.8571,long,/common/users/dm1487/scratch_namo/real_buildable/pool1/med/rb_00113/env.xml
1push,med_077,5,0,2.5,0.7143,long,/common/users/dm1487/scratch_namo/real_buildable/pool1/med/rb_00113/env.xml
1push,med_077,5,1,2.5,0.7143,long,/common/users/dm1487/scratch_namo/real_buildable/pool1/med/rb_00113/env.xml
1push,med_077,5,2,2.5,0.7143,long,/common/users/dm1487/scratch_namo/real_buildable/pool1/med/rb_00113/env.xml
1push,med_077,5,3,2.5,0.7143,long,/common/users/dm1487/scratch_namo/real_buildable/pool1/med/rb_00113/env.xml
1push,med_077,5,4,2.5,0.7143,long,/common/users/dm1487/scratch_namo/real_buildable/pool1/med/rb_00113/env.xml
1push,med_077,7,0,2.0,0.5714,long,/common/users/dm1487/scratch_namo/real_buildable/pool1/med/rb_00113/env.xml
1push,med_077,7,1,2.0,0.5714,long,/common/users/dm1487/scratch_namo/real_buildable/pool1/med/rb_00113/env.xml
1push,med_077,7,2,2.0,0.5714,long,/common/users/dm1487/scratch_namo/real_buildable/pool1/med/rb_00113/env.xml
1push,med_077,7,3,2.0,0.5714,long,/common/users/dm1487/scratch_namo/real_buildable/pool1/med/rb_00113/env.xml
1push,med_077,7,4,2.0,0.5714,long,/common/users/dm1487/scratch_namo/real_buildable/pool1/med/rb_00113/env.xml
1push,med_077,9,0,1.5,0.4286,long,/common/users/dm1487/scratch_namo/real_buildable/pool1/med/rb_00113/env.xml
1push,med_077,9,1,1.5,0.4286,long,/common/users/dm1487/scratch_namo/real_buildable/pool1/med/rb_00113/env.xml
1push,med_077,9,2,1.5,0.4286,long,/common/users/dm1487/scratch_namo/real_buildable/pool1/med/rb_00113/env.xml
1push,med_077,9,3,1.5,0.4286,long,/common/users/dm1487/scratch_namo/real_buildable/pool1/med/rb_00113/env.xml
1push,med_077,9,4,1.5,0.4286,long,/common/users/dm1487/scratch_namo/real_buildable/pool1/med/rb_00113/env.xml
1push,med_077,11,0,1.0,0.2857,long,/common/users/dm1487/scratch_namo/real_buildable/pool1/med/rb_00113/env.xml
1push,med_077,11,1,1.0,0.2857,long,/common/users/dm1487/scratch_namo/real_buildable/pool1/med/rb_00113/env.xml
1push,med_077,11,2,1.0,0.2857,long,/common/users/dm1487/scratch_namo/real_buildable/pool1/med/rb_00113/env.xml
1push,med_077,11,3,1.0,0.2857,long,/common/users/dm1487/scratch_namo/real_buildable/pool1/med/rb_00113/env.xml
1push,med_077,11,4,1.0,0.2857,long,/common/users/dm1487/scratch_namo/real_buildable/pool1/med/rb_00113/env.xml
1push,med_077,13,0,0.5,0.1429,long,/common/users/dm1487/scratch_namo/real_buildable/pool1/med/rb_00113/env.xml
1push,med_077,13,1,0.5,0.1429,long,/common/users/dm1487/scratch_namo/real_buildable/pool1/med/rb_00113/env.xml
1push,med_077,13,2,0.5,0.1429,long,/common/users/dm1487/scratch_namo/real_buildable/pool1/med/rb_00113/env.xml
1push,med_077,13,3,0.5,0.1429,long,/common/users/dm1487/scratch_namo/real_buildable/pool1/med/rb_00113/env.xml
1push,med_077,13,4,0.5,0.1429,long,/common/users/dm1487/scratch_namo/real_buildable/pool1/med/rb_00113/env.xml
1push,med_077,15,0,0.0,0.0,long,/common/users/dm1487/scratch_namo/real_buildable/pool1/med/rb_00113/env.xml
1push,med_077,15,1,0.0,0.0,long,/common/users/dm1487/scratch_namo/real_buildable/pool1/med/rb_00113/env.xml
1push,med_077,15,2,0.0,0.0,long,/common/users/dm1487/scratch_namo/real_buildable/pool1/med/rb_00113/env.xml
1push,med_077,15,3,0.0,0.0,long,/common/users/dm1487/scratch_namo/real_buildable/pool1/med/rb_00113/env.xml
1push,med_077,15,4,0.0,0.0,long,/common/users/dm1487/scratch_namo/real_buildable/pool1/med/rb_00113/env.xml
1push,med_077,17,0,0.5,0.1429,long,/common/users/dm1487/scratch_namo/real_buildable/pool1/med/rb_00113/env.xml
1push,med_077,17,1,0.5,0.1429,long,/common/users/dm1487/scratch_namo/real_buildable/pool1/med/rb_00113/env.xml
1push,med_077,17,2,0.5,0.1429,long,/common/users/dm1487/scratch_namo/real_buildable/pool1/med/rb_00113/env.xml
1push,med_077,17,3,0.5,0.1429,long,/common/users/dm1487/scratch_namo/real_buildable/pool1/med/rb_00113/env.xml
1push,med_077,17,4,0.5,0.1429,long,/common/users/dm1487/scratch_namo/real_buildable/pool1/med/rb_00113/env.xml
1push,med_077,19,0,1.0,0.2857,long,/common/users/dm1487/scratch_namo/real_buildable/pool1/med/rb_00113/env.xml
1push,med_077,19,1,1.0,0.2857,long,/common/users/dm1487/scratch_namo/real_buildable/pool1/med/rb_00113/env.xml
1push,med_077,19,2,1.0,0.2857,long,/common/users/dm1487/scratch_namo/real_buildable/pool1/med/rb_00113/env.xml
1push,med_077,19,3,1.0,0.2857,long,/common/users/dm1487/scratch_namo/real_buildable/pool1/med/rb_00113/env.xml
1push,med_077,19,4,1.0,0.2857,long,/common/users/dm1487/scratch_namo/real_buildable/pool1/med/rb_00113/env.xml
1push,med_077,21,0,1.5,0.4286,long,/common/users/dm1487/scratch_namo/real_buildable/pool1/med/rb_00113/env.xml
1push,med_077,21,1,1.5,0.4286,long,/common/users/dm1487/scratch_namo/real_buildable/pool1/med/rb_00113/env.xml
1push,med_077,21,2,1.5,0.4286,long,/common/users/dm1487/scratch_namo/real_buildable/pool1/med/rb_00113/env.xml
1push,med_077,21,3,1.5,0.4286,long,/common/users/dm1487/scratch_namo/real_buildable/pool1/med/rb_00113/env.xml
1push,med_077,21,4,1.5,0.4286,long,/common/users/dm1487/scratch_namo/real_buildable/pool1/med/rb_00113/env.xml
1push,med_077,23,0,2.0,0.5714,long,/common/users/dm1487/scratch_namo/real_buildable/pool1/med/rb_00113/env.xml
1push,med_077,23,1,2.0,0.5714,long,/common/users/dm1487/scratch_namo/real_buildable/pool1/med/rb_00113/env.xml
1push,med_077,23,2,2.0,0.5714,long,/common/users/dm1487/scratch_namo/real_buildable/pool1/med/rb_00113/env.xml
1push,med_077,23,3,2.0,0.5714,long,/common/users/dm1487/scratch_namo/real_buildable/pool1/med/rb_00113/env.xml
1push,med_077,23,4,2.0,0.5714,long,/common/users/dm1487/scratch_namo/real_buildable/pool1/med/rb_00113/env.xml
1push,med_077,25,0,2.5,0.7143,long,/common/users/dm1487/scratch_namo/real_buildable/pool1/med/rb_00113/env.xml
1push,med_077,25,1,2.5,0.7143,long,/common/users/dm1487/scratch_namo/real_buildable/pool1/med/rb_00113/env.xml
1push,med_077,25,2,2.5,0.7143,long,/common/users/dm1487/scratch_namo/real_buildable/pool1/med/rb_00113/env.xml
1push,med_077,25,3,2.5,0.7143,long,/common/users/dm1487/scratch_namo/real_buildable/pool1/med/rb_00113/env.xml
1push,med_077,25,4,2.5,0.7143,long,/common/users/dm1487/scratch_namo/real_buildable/pool1/med/rb_00113/env.xml
1push,med_077,27,0,3.0,0.8571,long,/common/users/dm1487/scratch_namo/real_buildable/pool1/med/rb_00113/env.xml
1push,med_077,27,1,3.0,0.8571,long,/common/users/dm1487/scratch_namo/real_buildable/pool1/med/rb_00113/env.xml
1push,med_077,27,2,3.0,0.8571,long,/common/users/dm1487/scratch_namo/real_buildable/pool1/med/rb_00113/env.xml
1push,med_077,27,3,3.0,0.8571,long,/common/users/dm1487/scratch_namo/real_buildable/pool1/med/rb_00113/env.xml
1push,med_077,27,4,3.0,0.8571,long,/common/users/dm1487/scratch_namo/real_buildable/pool1/med/rb_00113/env.xml
1push,med_077,29,0,3.5,1.0,long,/common/users/dm1487/scratch_namo/real_buildable/pool1/med/rb_00113/env.xml
1push,med_077,29,1,3.5,1.0,long,/common/users/dm1487/scratch_namo/real_buildable/pool1/med/rb_00113/env.xml
1push,med_077,29,2,3.5,1.0,long,/common/users/dm1487/scratch_namo/real_buildable/pool1/med/rb_00113/env.xml
1push,med_077,29,3,3.5,1.0,long,/common/users/dm1487/scratch_namo/real_buildable/pool1/med/rb_00113/env.xml
1push,med_077,29,4,3.5,1.0,long,/common/users/dm1487/scratch_namo/real_buildable/pool1/med/rb_00113/env.xml
1push,med_077,30,0,7.5,1.0,short,/common/users/dm1487/scratch_namo/real_buildable/pool1/med/rb_00113/env.xml
1push,med_077,30,1,7.5,1.0,short,/common/users/dm1487/scratch_namo/real_buildable/pool1/med/rb_00113/env.xml
1push,med_077,30,2,7.5,1.0,short,/common/users/dm1487/scratch_namo/real_buildable/pool1/med/rb_00113/env.xml
1push,med_077,30,3,7.5,1.0,short,/common/users/dm1487/scratch_namo/real_buildable/pool1/med/rb_00113/env.xml
1push,med_077,30,4,7.5,1.0,short,/common/users/dm1487/scratch_namo/real_buildable/pool1/med/rb_00113/env.xml
1push,med_077,31,0,7.5,1.0,short,/common/users/dm1487/scratch_namo/real_buildable/pool1/med/rb_00113/env.xml
1push,med_077,31,1,7.5,1.0,short,/common/users/dm1487/scratch_namo/real_buildable/pool1/med/rb_00113/env.xml
1push,med_077,31,2,7.5,1.0,short,/common/users/dm1487/scratch_namo/real_buildable/pool1/med/rb_00113/env.xml
1push,med_077,31,3,7.5,1.0,short,/common/users/dm1487/scratch_namo/real_buildable/pool1/med/rb_00113/env.xml
1push,med_077,31,4,7.5,1.0,short,/common/users/dm1487/scratch_namo/real_buildable/pool1/med/rb_00113/env.xml
1push,med_077,32,0,6.429,0.8571,short,/common/users/dm1487/scratch_namo/real_buildable/pool1/med/rb_00113/env.xml
1push,med_077,32,1,6.429,0.8571,short,/common/users/dm1487/scratch_namo/real_buildable/pool1/med/rb_00113/env.xml
1push,med_077,32,2,6.429,0.8571,short,/common/users/dm1487/scratch_namo/real_buildable/pool1/med/rb_00113/env.xml
1push,med_077,32,3,6.429,0.8571,short,/common/users/dm1487/scratch_namo/real_buildable/pool1/med/rb_00113/env.xml
1push,med_077,32,4,6.429,0.8571,short,/common/users/dm1487/scratch_namo/real_buildable/pool1/med/rb_00113/env.xml
1push,med_077,33,0,6.429,0.8571,short,/common/users/dm1487/scratch_namo/real_buildable/pool1/med/rb_00113/env.xml
1push,med_077,33,1,6.429,0.8571,short,/common/users/dm1487/scratch_namo/real_buildable/pool1/med/rb_00113/env.xml
1push,med_077,33,2,6.429,0.8571,short,/common/users/dm1487/scratch_namo/real_buildable/pool1/med/rb_00113/env.xml
1push,med_077,33,3,6.429,0.8571,short,/common/users/dm1487/scratch_namo/real_buildable/pool1/med/rb_00113/env.xml
1push,med_077,33,4,6.429,0.8571,short,/common/users/dm1487/scratch_namo/real_buildable/pool1/med/rb_00113/env.xml
1push,med_077,34,0,5.357,0.7143,short,/common/users/dm1487/scratch_namo/real_buildable/pool1/med/rb_00113/env.xml
1push,med_077,34,1,5.357,0.7143,short,/common/users/dm1487/scratch_namo/real_buildable/pool1/med/rb_00113/env.xml
1push,med_077,34,2,5.357,0.7143,short,/common/users/dm1487/scratch_namo/real_buildable/pool1/med/rb_00113/env.xml
1push,med_077,34,3,5.357,0.7143,short,/common/users/dm1487/scratch_namo/real_buildable/pool1/med/rb_00113/env.xml
1push,med_077,34,4,5.357,0.7143,short,/common/users/dm1487/scratch_namo/real_buildable/pool1/med/rb_00113/env.xml
1push,med_077,35,0,5.357,0.7143,short,/common/users/dm1487/scratch_namo/real_buildable/pool1/med/rb_00113/env.xml
1push,med_077,35,1,5.357,0.7143,short,/common/users/dm1487/scratch_namo/real_buildable/pool1/med/rb_00113/env.xml
1push,med_077,35,2,5.357,0.7143,short,/common/users/dm1487/scratch_namo/real_buildable/pool1/med/rb_00113/env.xml
1push,med_077,35,3,5.357,0.7143,short,/common/users/dm1487/scratch_namo/real_buildable/pool1/med/rb_00113/env.xml
1push,med_077,35,4,5.357,0.7143,short,/common/users/dm1487/scratch_namo/real_buildable/pool1/med/rb_00113/env.xml
1push,med_077,37,0,4.286,0.5714,short,/common/users/dm1487/scratch_namo/real_buildable/pool1/med/rb_00113/env.xml
1push,med_077,37,1,4.286,0.5714,short,/common/users/dm1487/scratch_namo/real_buildable/pool1/med/rb_00113/env.xml
1push,med_077,37,2,4.286,0.5714,short,/common/users/dm1487/scratch_namo/real_buildable/pool1/med/rb_00113/env.xml
1push,med_077,37,3,4.286,0.5714,short,/common/users/dm1487/scratch_namo/real_buildable/pool1/med/rb_00113/env.xml
1push,med_077,37,4,4.286,0.5714,short,/common/users/dm1487/scratch_namo/real_buildable/pool1/med/rb_00113/env.xml
1push,med_077,39,0,3.214,0.4286,short,/common/users/dm1487/scratch_namo/real_buildable/pool1/med/rb_00113/env.xml
1push,med_077,39,1,3.214,0.4286,short,/common/users/dm1487/scratch_namo/real_buildable/pool1/med/rb_00113/env.xml
1push,med_077,39,2,3.214,0.4286,short,/common/users/dm1487/scratch_namo/real_buildable/pool1/med/rb_00113/env.xml
1push,med_077,39,3,3.214,0.4286,short,/common/users/dm1487/scratch_namo/real_buildable/pool1/med/rb_00113/env.xml
1push,med_077,39,4,3.214,0.4286,short,/common/users/dm1487/scratch_namo/real_buildable/pool1/med/rb_00113/env.xml
1push,med_077,41,0,2.143,0.2857,short,/common/users/dm1487/scratch_namo/real_buildable/pool1/med/rb_00113/env.xml
1push,med_077,41,1,2.143,0.2857,short,/common/users/dm1487/scratch_namo/real_buildable/pool1/med/rb_00113/env.xml
1push,med_077,41,2,2.143,0.2857,short,/common/users/dm1487/scratch_namo/real_buildable/pool1/med/rb_00113/env.xml
1push,med_077,41,3,2.143,0.2857,short,/common/users/dm1487/scratch_namo/real_buildable/pool1/med/rb_00113/env.xml
1push,med_077,41,4,2.143,0.2857,short,/common/users/dm1487/scratch_namo/real_buildable/pool1/med/rb_00113/env.xml
1push,med_077,43,0,1.071,0.1429,short,/common/users/dm1487/scratch_namo/real_buildable/pool1/med/rb_00113/env.xml
1push,med_077,43,1,1.071,0.1429,short,/common/users/dm1487/scratch_namo/real_buildable/pool1/med/rb_00113/env.xml
1push,med_077,43,2,1.071,0.1429,short,/common/users/dm1487/scratch_namo/real_buildable/pool1/med/rb_00113/env.xml
1push,med_077,43,3,1.071,0.1429,short,/common/users/dm1487/scratch_namo/real_buildable/pool1/med/rb_00113/env.xml
1push,med_077,43,4,1.071,0.1429,short,/common/users/dm1487/scratch_namo/real_buildable/pool1/med/rb_00113/env.xml
1push,med_077,45,0,0.0,0.0,short,/common/users/dm1487/scratch_namo/real_buildable/pool1/med/rb_00113/env.xml
1push,med_077,45,1,0.0,0.0,short,/common/users/dm1487/scratch_namo/real_buildable/pool1/med/rb_00113/env.xml
1push,med_077,45,2,0.0,0.0,short,/common/users/dm1487/scratch_namo/real_buildable/pool1/med/rb_00113/env.xml
1push,med_077,45,3,0.0,0.0,short,/common/users/dm1487/scratch_namo/real_buildable/pool1/med/rb_00113/env.xml
1push,med_077,45,4,0.0,0.0,short,/common/users/dm1487/scratch_namo/real_buildable/pool1/med/rb_00113/env.xml
1push,med_077,47,0,1.071,0.1429,short,/common/users/dm1487/scratch_namo/real_buildable/pool1/med/rb_00113/env.xml
1push,med_077,47,1,1.071,0.1429,short,/common/users/dm1487/scratch_namo/real_buildable/pool1/med/rb_00113/env.xml
1push,med_077,47,2,1.071,0.1429,short,/common/users/dm1487/scratch_namo/real_buildable/pool1/med/rb_00113/env.xml
1push,med_077,47,3,1.071,0.1429,short,/common/users/dm1487/scratch_namo/real_buildable/pool1/med/rb_00113/env.xml
1push,med_077,47,4,1.071,0.1429,short,/common/users/dm1487/scratch_namo/real_buildable/pool1/med/rb_00113/env.xml
1push,med_077,49,0,2.143,0.2857,short,/common/users/dm1487/scratch_namo/real_buildable/pool1/med/rb_00113/env.xml
1push,med_077,49,1,2.143,0.2857,short,/common/users/dm1487/scratch_namo/real_buildable/pool1/med/rb_00113/env.xml
1push,med_077,49,2,2.143,0.2857,short,/common/users/dm1487/scratch_namo/real_buildable/pool1/med/rb_00113/env.xml
1push,med_077,49,3,2.143,0.2857,short,/common/users/dm1487/scratch_namo/real_buildable/pool1/med/rb_00113/env.xml
1push,med_077,49,4,2.143,0.2857,short,/common/users/dm1487/scratch_namo/real_buildable/pool1/med/rb_00113/env.xml
1push,med_077,51,0,3.214,0.4286,short,/common/users/dm1487/scratch_namo/real_buildable/pool1/med/rb_00113/env.xml
1push,med_077,51,1,3.214,0.4286,short,/common/users/dm1487/scratch_namo/real_buildable/pool1/med/rb_00113/env.xml
1push,med_077,51,2,3.214,0.4286,short,/common/users/dm1487/scratch_namo/real_buildable/pool1/med/rb_00113/env.xml
1push,med_077,51,3,3.214,0.4286,short,/common/users/dm1487/scratch_namo/real_buildable/pool1/med/rb_00113/env.xml
1push,med_077,51,4,3.214,0.4286,short,/common/users/dm1487/scratch_namo/real_buildable/pool1/med/rb_00113/env.xml
1push,med_077,53,0,4.286,0.5714,short,/common/users/dm1487/scratch_namo/real_buildable/pool1/med/rb_00113/env.xml
1push,med_077,53,1,4.286,0.5714,short,/common/users/dm1487/scratch_namo/real_buildable/pool1/med/rb_00113/env.xml
1push,med_077,53,2,4.286,0.5714,short,/common/users/dm1487/scratch_namo/real_buildable/pool1/med/rb_00113/env.xml
1push,med_077,53,3,4.286,0.5714,short,/common/users/dm1487/scratch_namo/real_buildable/pool1/med/rb_00113/env.xml
1push,med_077,53,4,4.286,0.5714,short,/common/users/dm1487/scratch_namo/real_buildable/pool1/med/rb_00113/env.xml
1push,med_093,0,0,3.5,1.0,long,/common/users/dm1487/scratch_namo/real_buildable/pool1/med/rb_00212/env.xml
1push,med_093,0,1,3.5,1.0,long,/common/users/dm1487/scratch_namo/real_buildable/pool1/med/rb_00212/env.xml
1push,med_093,0,2,3.5,1.0,long,/common/users/dm1487/scratch_namo/real_buildable/pool1/med/rb_00212/env.xml
1push,med_093,0,3,3.5,1.0,long,/common/users/dm1487/scratch_namo/real_buildable/pool1/med/rb_00212/env.xml
1push,med_093,0,4,3.5,1.0,long,/common/users/dm1487/scratch_namo/real_buildable/pool1/med/rb_00212/env.xml
1push,med_093,2,0,3.0,0.8571,long,/common/users/dm1487/scratch_namo/real_buildable/pool1/med/rb_00212/env.xml
1push,med_093,2,1,3.0,0.8571,long,/common/users/dm1487/scratch_namo/real_buildable/pool1/med/rb_00212/env.xml
1push,med_093,2,2,3.0,0.8571,long,/common/users/dm1487/scratch_namo/real_buildable/pool1/med/rb_00212/env.xml
1push,med_093,2,3,3.0,0.8571,long,/common/users/dm1487/scratch_namo/real_buildable/pool1/med/rb_00212/env.xml
1push,med_093,2,4,3.0,0.8571,long,/common/users/dm1487/scratch_namo/real_buildable/pool1/med/rb_00212/env.xml
1push,med_093,4,0,2.5,0.7143,long,/common/users/dm1487/scratch_namo/real_buildable/pool1/med/rb_00212/env.xml
1push,med_093,4,1,2.5,0.7143,long,/common/users/dm1487/scratch_namo/real_buildable/pool1/med/rb_00212/env.xml
1push,med_093,4,2,2.5,0.7143,long,/common/users/dm1487/scratch_namo/real_buildable/pool1/med/rb_00212/env.xml
1push,med_093,4,3,2.5,0.7143,long,/common/users/dm1487/scratch_namo/real_buildable/pool1/med/rb_00212/env.xml
1push,med_093,4,4,2.5,0.7143,long,/common/users/dm1487/scratch_namo/real_buildable/pool1/med/rb_00212/env.xml
1push,med_093,6,0,2.0,0.5714,long,/common/users/dm1487/scratch_namo/real_buildable/pool1/med/rb_00212/env.xml
1push,med_093,6,1,2.0,0.5714,long,/common/users/dm1487/scratch_namo/real_buildable/pool1/med/rb_00212/env.xml
1push,med_093,6,2,2.0,0.5714,long,/common/users/dm1487/scratch_namo/real_buildable/pool1/med/rb_00212/env.xml
1push,med_093,6,3,2.0,0.5714,long,/common/users/dm1487/scratch_namo/real_buildable/pool1/med/rb_00212/env.xml
1push,med_093,6,4,2.0,0.5714,long,/common/users/dm1487/scratch_namo/real_buildable/pool1/med/rb_00212/env.xml
1push,med_093,8,0,1.5,0.4286,long,/common/users/dm1487/scratch_namo/real_buildable/pool1/med/rb_00212/env.xml
1push,med_093,8,1,1.5,0.4286,long,/common/users/dm1487/scratch_namo/real_buildable/pool1/med/rb_00212/env.xml
1push,med_093,8,2,1.5,0.4286,long,/common/users/dm1487/scratch_namo/real_buildable/pool1/med/rb_00212/env.xml
1push,med_093,8,3,1.5,0.4286,long,/common/users/dm1487/scratch_namo/real_buildable/pool1/med/rb_00212/env.xml
1push,med_093,8,4,1.5,0.4286,long,/common/users/dm1487/scratch_namo/real_buildable/pool1/med/rb_00212/env.xml
1push,med_093,10,0,1.0,0.2857,long,/common/users/dm1487/scratch_namo/real_buildable/pool1/med/rb_00212/env.xml
1push,med_093,10,1,1.0,0.2857,long,/common/users/dm1487/scratch_namo/real_buildable/pool1/med/rb_00212/env.xml
1push,med_093,10,2,1.0,0.2857,long,/common/users/dm1487/scratch_namo/real_buildable/pool1/med/rb_00212/env.xml
1push,med_093,10,3,1.0,0.2857,long,/common/users/dm1487/scratch_namo/real_buildable/pool1/med/rb_00212/env.xml
1push,med_093,10,4,1.0,0.2857,long,/common/users/dm1487/scratch_namo/real_buildable/pool1/med/rb_00212/env.xml
1push,med_093,12,0,0.5,0.1429,long,/common/users/dm1487/scratch_namo/real_buildable/pool1/med/rb_00212/env.xml
1push,med_093,12,1,0.5,0.1429,long,/common/users/dm1487/scratch_namo/real_buildable/pool1/med/rb_00212/env.xml
1push,med_093,12,2,0.5,0.1429,long,/common/users/dm1487/scratch_namo/real_buildable/pool1/med/rb_00212/env.xml
1push,med_093,12,3,0.5,0.1429,long,/common/users/dm1487/scratch_namo/real_buildable/pool1/med/rb_00212/env.xml
1push,med_093,12,4,0.5,0.1429,long,/common/users/dm1487/scratch_namo/real_buildable/pool1/med/rb_00212/env.xml
1push,med_093,14,0,0.0,0.0,long,/common/users/dm1487/scratch_namo/real_buildable/pool1/med/rb_00212/env.xml
1push,med_093,14,1,0.0,0.0,long,/common/users/dm1487/scratch_namo/real_buildable/pool1/med/rb_00212/env.xml
1push,med_093,14,2,0.0,0.0,long,/common/users/dm1487/scratch_namo/real_buildable/pool1/med/rb_00212/env.xml
1push,med_093,14,3,0.0,0.0,long,/common/users/dm1487/scratch_namo/real_buildable/pool1/med/rb_00212/env.xml
1push,med_093,14,4,0.0,0.0,long,/common/users/dm1487/scratch_namo/real_buildable/pool1/med/rb_00212/env.xml
1push,med_093,16,0,0.5,0.1429,long,/common/users/dm1487/scratch_namo/real_buildable/pool1/med/rb_00212/env.xml
1push,med_093,16,1,0.5,0.1429,long,/common/users/dm1487/scratch_namo/real_buildable/pool1/med/rb_00212/env.xml
1push,med_093,16,2,0.5,0.1429,long,/common/users/dm1487/scratch_namo/real_buildable/pool1/med/rb_00212/env.xml
1push,med_093,16,3,0.5,0.1429,long,/common/users/dm1487/scratch_namo/real_buildable/pool1/med/rb_00212/env.xml
1push,med_093,16,4,0.5,0.1429,long,/common/users/dm1487/scratch_namo/real_buildable/pool1/med/rb_00212/env.xml
1push,med_093,18,0,1.0,0.2857,long,/common/users/dm1487/scratch_namo/real_buildable/pool1/med/rb_00212/env.xml
1push,med_093,18,1,1.0,0.2857,long,/common/users/dm1487/scratch_namo/real_buildable/pool1/med/rb_00212/env.xml
1push,med_093,18,2,1.0,0.2857,long,/common/users/dm1487/scratch_namo/real_buildable/pool1/med/rb_00212/env.xml
1push,med_093,18,3,1.0,0.2857,long,/common/users/dm1487/scratch_namo/real_buildable/pool1/med/rb_00212/env.xml
1push,med_093,18,4,1.0,0.2857,long,/common/users/dm1487/scratch_namo/real_buildable/pool1/med/rb_00212/env.xml
1push,med_093,20,0,1.5,0.4286,long,/common/users/dm1487/scratch_namo/real_buildable/pool1/med/rb_00212/env.xml
1push,med_093,20,1,1.5,0.4286,long,/common/users/dm1487/scratch_namo/real_buildable/pool1/med/rb_00212/env.xml
1push,med_093,20,2,1.5,0.4286,long,/common/users/dm1487/scratch_namo/real_buildable/pool1/med/rb_00212/env.xml
1push,med_093,20,3,1.5,0.4286,long,/common/users/dm1487/scratch_namo/real_buildable/pool1/med/rb_00212/env.xml
1push,med_093,20,4,1.5,0.4286,long,/common/users/dm1487/scratch_namo/real_buildable/pool1/med/rb_00212/env.xml
1push,med_093,22,0,2.0,0.5714,long,/common/users/dm1487/scratch_namo/real_buildable/pool1/med/rb_00212/env.xml
1push,med_093,22,1,2.0,0.5714,long,/common/users/dm1487/scratch_namo/real_buildable/pool1/med/rb_00212/env.xml
1push,med_093,22,2,2.0,0.5714,long,/common/users/dm1487/scratch_namo/real_buildable/pool1/med/rb_00212/env.xml
1push,med_093,22,3,2.0,0.5714,long,/common/users/dm1487/scratch_namo/real_buildable/pool1/med/rb_00212/env.xml
1push,med_093,22,4,2.0,0.5714,long,/common/users/dm1487/scratch_namo/real_buildable/pool1/med/rb_00212/env.xml
1push,med_093,24,0,2.5,0.7143,long,/common/users/dm1487/scratch_namo/real_buildable/pool1/med/rb_00212/env.xml
1push,med_093,24,1,2.5,0.7143,long,/common/users/dm1487/scratch_namo/real_buildable/pool1/med/rb_00212/env.xml
1push,med_093,24,2,2.5,0.7143,long,/common/users/dm1487/scratch_namo/real_buildable/pool1/med/rb_00212/env.xml
1push,med_093,24,3,2.5,0.7143,long,/common/users/dm1487/scratch_namo/real_buildable/pool1/med/rb_00212/env.xml
1push,med_093,24,4,2.5,0.7143,long,/common/users/dm1487/scratch_namo/real_buildable/pool1/med/rb_00212/env.xml
1push,med_093,26,0,3.0,0.8571,long,/common/users/dm1487/scratch_namo/real_buildable/pool1/med/rb_00212/env.xml
1push,med_093,26,1,3.0,0.8571,long,/common/users/dm1487/scratch_namo/real_buildable/pool1/med/rb_00212/env.xml
1push,med_093,26,2,3.0,0.8571,long,/common/users/dm1487/scratch_namo/real_buildable/pool1/med/rb_00212/env.xml
1push,med_093,26,3,3.0,0.8571,long,/common/users/dm1487/scratch_namo/real_buildable/pool1/med/rb_00212/env.xml
1push,med_093,26,4,3.0,0.8571,long,/common/users/dm1487/scratch_namo/real_buildable/pool1/med/rb_00212/env.xml
1push,med_093,28,0,3.5,1.0,long,/common/users/dm1487/scratch_namo/real_buildable/pool1/med/rb_00212/env.xml
1push,med_093,28,1,3.5,1.0,long,/common/users/dm1487/scratch_namo/real_buildable/pool1/med/rb_00212/env.xml
1push,med_093,28,2,3.5,1.0,long,/common/users/dm1487/scratch_namo/real_buildable/pool1/med/rb_00212/env.xml
1push,med_093,28,3,3.5,1.0,long,/common/users/dm1487/scratch_namo/real_buildable/pool1/med/rb_00212/env.xml
1push,med_093,28,4,3.5,1.0,long,/common/users/dm1487/scratch_namo/real_buildable/pool1/med/rb_00212/env.xml
1push,med_093,49,0,2.143,0.2857,short,/common/users/dm1487/scratch_namo/real_buildable/pool1/med/rb_00212/env.xml
1push,med_093,49,1,2.143,0.2857,short,/common/users/dm1487/scratch_namo/real_buildable/pool1/med/rb_00212/env.xml
1push,med_093,49,2,2.143,0.2857,short,/common/users/dm1487/scratch_namo/real_buildable/pool1/med/rb_00212/env.xml
1push,med_093,49,3,2.143,0.2857,short,/common/users/dm1487/scratch_namo/real_buildable/pool1/med/rb_00212/env.xml
1push,med_093,49,4,2.143,0.2857,short,/common/users/dm1487/scratch_namo/real_buildable/pool1/med/rb_00212/env.xml
1push,med_093,51,0,3.214,0.4286,short,/common/users/dm1487/scratch_namo/real_buildable/pool1/med/rb_00212/env.xml
1push,med_093,51,1,3.214,0.4286,short,/common/users/dm1487/scratch_namo/real_buildable/pool1/med/rb_00212/env.xml
1push,med_093,51,2,3.214,0.4286,short,/common/users/dm1487/scratch_namo/real_buildable/pool1/med/rb_00212/env.xml
1push,med_093,51,3,3.214,0.4286,short,/common/users/dm1487/scratch_namo/real_buildable/pool1/med/rb_00212/env.xml
1push,med_093,51,4,3.214,0.4286,short,/common/users/dm1487/scratch_namo/real_buildable/pool1/med/rb_00212/env.xml
1push,med_093,53,0,4.286,0.5714,short,/common/users/dm1487/scratch_namo/real_buildable/pool1/med/rb_00212/env.xml
1push,med_093,53,1,4.286,0.5714,short,/common/users/dm1487/scratch_namo/real_buildable/pool1/med/rb_00212/env.xml
1push,med_093,53,2,4.286,0.5714,short,/common/users/dm1487/scratch_namo/real_buildable/pool1/med/rb_00212/env.xml
1push,med_093,53,3,4.286,0.5714,short,/common/users/dm1487/scratch_namo/real_buildable/pool1/med/rb_00212/env.xml
1push,med_093,53,4,4.286,0.5714,short,/common/users/dm1487/scratch_namo/real_buildable/pool1/med/rb_00212/env.xml
1push,med_093,54,0,5.357,0.7143,short,/common/users/dm1487/scratch_namo/real_buildable/pool1/med/rb_00212/env.xml
1push,med_093,54,1,5.357,0.7143,short,/common/users/dm1487/scratch_namo/real_buildable/pool1/med/rb_00212/env.xml
1push,med_093,54,2,5.357,0.7143,short,/common/users/dm1487/scratch_namo/real_buildable/pool1/med/rb_00212/env.xml
1push,med_093,54,3,5.357,0.7143,short,/common/users/dm1487/scratch_namo/real_buildable/pool1/med/rb_00212/env.xml
1push,med_093,54,4,5.357,0.7143,short,/common/users/dm1487/scratch_namo/real_buildable/pool1/med/rb_00212/env.xml
1push,med_093,55,0,5.357,0.7143,short,/common/users/dm1487/scratch_namo/real_buildable/pool1/med/rb_00212/env.xml
1push,med_093,55,1,5.357,0.7143,short,/common/users/dm1487/scratch_namo/real_buildable/pool1/med/rb_00212/env.xml
1push,med_093,55,2,5.357,0.7143,short,/common/users/dm1487/scratch_namo/real_buildable/pool1/med/rb_00212/env.xml
1push,med_093,55,3,5.357,0.7143,short,/common/users/dm1487/scratch_namo/real_buildable/pool1/med/rb_00212/env.xml
1push,med_093,55,4,5.357,0.7143,short,/common/users/dm1487/scratch_namo/real_buildable/pool1/med/rb_00212/env.xml
1push,med_093,56,0,6.429,0.8571,short,/common/users/dm1487/scratch_namo/real_buildable/pool1/med/rb_00212/env.xml
1push,med_093,56,1,6.429,0.8571,short,/common/users/dm1487/scratch_namo/real_buildable/pool1/med/rb_00212/env.xml
1push,med_093,56,2,6.429,0.8571,short,/common/users/dm1487/scratch_namo/real_buildable/pool1/med/rb_00212/env.xml
1push,med_093,56,3,6.429,0.8571,short,/common/users/dm1487/scratch_namo/real_buildable/pool1/med/rb_00212/env.xml
1push,med_093,56,4,6.429,0.8571,short,/common/users/dm1487/scratch_namo/real_buildable/pool1/med/rb_00212/env.xml
1push,med_093,57,0,6.429,0.8571,short,/common/users/dm1487/scratch_namo/real_buildable/pool1/med/rb_00212/env.xml
1push,med_093,57,1,6.429,0.8571,short,/common/users/dm1487/scratch_namo/real_buildable/pool1/med/rb_00212/env.xml
1push,med_093,57,2,6.429,0.8571,short,/common/users/dm1487/scratch_namo/real_buildable/pool1/med/rb_00212/env.xml
1push,med_093,57,3,6.429,0.8571,short,/common/users/dm1487/scratch_namo/real_buildable/pool1/med/rb_00212/env.xml
1push,med_093,57,4,6.429,0.8571,short,/common/users/dm1487/scratch_namo/real_buildable/pool1/med/rb_00212/env.xml
1push,med_093,58,0,7.5,1.0,short,/common/users/dm1487/scratch_namo/real_buildable/pool1/med/rb_00212/env.xml
1push,med_093,58,1,7.5,1.0,short,/common/users/dm1487/scratch_namo/real_buildable/pool1/med/rb_00212/env.xml
1push,med_093,58,2,7.5,1.0,short,/common/users/dm1487/scratch_namo/real_buildable/pool1/med/rb_00212/env.xml
1push,med_093,58,3,7.5,1.0,short,/common/users/dm1487/scratch_namo/real_buildable/pool1/med/rb_00212/env.xml
1push,med_093,58,4,7.5,1.0,short,/common/users/dm1487/scratch_namo/real_buildable/pool1/med/rb_00212/env.xml
1push,med_093,59,0,7.5,1.0,short,/common/users/dm1487/scratch_namo/real_buildable/pool1/med/rb_00212/env.xml
1push,med_093,59,1,7.5,1.0,short,/common/users/dm1487/scratch_namo/real_buildable/pool1/med/rb_00212/env.xml
1push,med_093,59,2,7.5,1.0,short,/common/users/dm1487/scratch_namo/real_buildable/pool1/med/rb_00212/env.xml
1push,med_093,59,3,7.5,1.0,short,/common/users/dm1487/scratch_namo/real_buildable/pool1/med/rb_00212/env.xml
1push,med_093,59,4,7.5,1.0,short,/common/users/dm1487/scratch_namo/real_buildable/pool1/med/rb_00212/env.xml
hmax2,med_069,1,0,3.5,1.0,long,/common/users/dm1487/scratch_namo/real_buildable/pool2/med_301/rb_00041/env.xml
hmax2,med_069,1,1,3.5,1.0,long,/common/users/dm1487/scratch_namo/real_buildable/pool2/med_301/rb_00041/env.xml
hmax2,med_069,1,2,3.5,1.0,long,/common/users/dm1487/scratch_namo/real_buildable/pool2/med_301/rb_00041/env.xml
hmax2,med_069,1,3,3.5,1.0,long,/common/users/dm1487/scratch_namo/real_buildable/pool2/med_301/rb_00041/env.xml
hmax2,med_069,1,4,3.5,1.0,long,/common/users/dm1487/scratch_namo/real_buildable/pool2/med_301/rb_00041/env.xml
hmax2,med_069,3,0,3.0,0.8571,long,/common/users/dm1487/scratch_namo/real_buildable/pool2/med_301/rb_00041/env.xml
hmax2,med_069,3,1,3.0,0.8571,long,/common/users/dm1487/scratch_namo/real_buildable/pool2/med_301/rb_00041/env.xml
hmax2,med_069,3,2,3.0,0.8571,long,/common/users/dm1487/scratch_namo/real_buildable/pool2/med_301/rb_00041/env.xml
hmax2,med_069,3,3,3.0,0.8571,long,/common/users/dm1487/scratch_namo/real_buildable/pool2/med_301/rb_00041/env.xml
hmax2,med_069,3,4,3.0,0.8571,long,/common/users/dm1487/scratch_namo/real_buildable/pool2/med_301/rb_00041/env.xml
hmax2,med_069,5,0,2.5,0.7143,long,/common/users/dm1487/scratch_namo/real_buildable/pool2/med_301/rb_00041/env.xml
hmax2,med_069,5,1,2.5,0.7143,long,/common/users/dm1487/scratch_namo/real_buildable/pool2/med_301/rb_00041/env.xml
hmax2,med_069,5,2,2.5,0.7143,long,/common/users/dm1487/scratch_namo/real_buildable/pool2/med_301/rb_00041/env.xml
hmax2,med_069,5,3,2.5,0.7143,long,/common/users/dm1487/scratch_namo/real_buildable/pool2/med_301/rb_00041/env.xml
hmax2,med_069,5,4,2.5,0.7143,long,/common/users/dm1487/scratch_namo/real_buildable/pool2/med_301/rb_00041/env.xml
hmax2,med_069,7,0,2.0,0.5714,long,/common/users/dm1487/scratch_namo/real_buildable/pool2/med_301/rb_00041/env.xml
hmax2,med_069,7,1,2.0,0.5714,long,/common/users/dm1487/scratch_namo/real_buildable/pool2/med_301/rb_00041/env.xml
hmax2,med_069,7,2,2.0,0.5714,long,/common/users/dm1487/scratch_namo/real_buildable/pool2/med_301/rb_00041/env.xml
hmax2,med_069,7,3,2.0,0.5714,long,/common/users/dm1487/scratch_namo/real_buildable/pool2/med_301/rb_00041/env.xml
hmax2,med_069,7,4,2.0,0.5714,long,/common/users/dm1487/scratch_namo/real_buildable/pool2/med_301/rb_00041/env.xml
hmax2,med_069,9,0,1.5,0.4286,long,/common/users/dm1487/scratch_namo/real_buildable/pool2/med_301/rb_00041/env.xml
hmax2,med_069,9,1,1.5,0.4286,long,/common/users/dm1487/scratch_namo/real_buildable/pool2/med_301/rb_00041/env.xml
hmax2,med_069,9,2,1.5,0.4286,long,/common/users/dm1487/scratch_namo/real_buildable/pool2/med_301/rb_00041/env.xml
hmax2,med_069,9,3,1.5,0.4286,long,/common/users/dm1487/scratch_namo/real_buildable/pool2/med_301/rb_00041/env.xml
hmax2,med_069,9,4,1.5,0.4286,long,/common/users/dm1487/scratch_namo/real_buildable/pool2/med_301/rb_00041/env.xml
hmax2,med_069,11,0,1.0,0.2857,long,/common/users/dm1487/scratch_namo/real_buildable/pool2/med_301/rb_00041/env.xml
hmax2,med_069,11,1,1.0,0.2857,long,/common/users/dm1487/scratch_namo/real_buildable/pool2/med_301/rb_00041/env.xml
hmax2,med_069,11,2,1.0,0.2857,long,/common/users/dm1487/scratch_namo/real_buildable/pool2/med_301/rb_00041/env.xml
hmax2,med_069,11,3,1.0,0.2857,long,/common/users/dm1487/scratch_namo/real_buildable/pool2/med_301/rb_00041/env.xml
hmax2,med_069,11,4,1.0,0.2857,long,/common/users/dm1487/scratch_namo/real_buildable/pool2/med_301/rb_00041/env.xml
hmax2,med_069,13,0,0.5,0.1429,long,/common/users/dm1487/scratch_namo/real_buildable/pool2/med_301/rb_00041/env.xml
hmax2,med_069,13,1,0.5,0.1429,long,/common/users/dm1487/scratch_namo/real_buildable/pool2/med_301/rb_00041/env.xml
hmax2,med_069,13,2,0.5,0.1429,long,/common/users/dm1487/scratch_namo/real_buildable/pool2/med_301/rb_00041/env.xml
hmax2,med_069,13,3,0.5,0.1429,long,/common/users/dm1487/scratch_namo/real_buildable/pool2/med_301/rb_00041/env.xml
hmax2,med_069,13,4,0.5,0.1429,long,/common/users/dm1487/scratch_namo/real_buildable/pool2/med_301/rb_00041/env.xml
hmax2,med_069,15,0,0.0,0.0,long,/common/users/dm1487/scratch_namo/real_buildable/pool2/med_301/rb_00041/env.xml
hmax2,med_069,15,1,0.0,0.0,long,/common/users/dm1487/scratch_namo/real_buildable/pool2/med_301/rb_00041/env.xml
hmax2,med_069,15,2,0.0,0.0,long,/common/users/dm1487/scratch_namo/real_buildable/pool2/med_301/rb_00041/env.xml
hmax2,med_069,15,3,0.0,0.0,long,/common/users/dm1487/scratch_namo/real_buildable/pool2/med_301/rb_00041/env.xml
hmax2,med_069,15,4,0.0,0.0,long,/common/users/dm1487/scratch_namo/real_buildable/pool2/med_301/rb_00041/env.xml
hmax2,med_069,17,0,0.5,0.1429,long,/common/users/dm1487/scratch_namo/real_buildable/pool2/med_301/rb_00041/env.xml
hmax2,med_069,17,1,0.5,0.1429,long,/common/users/dm1487/scratch_namo/real_buildable/pool2/med_301/rb_00041/env.xml
hmax2,med_069,17,2,0.5,0.1429,long,/common/users/dm1487/scratch_namo/real_buildable/pool2/med_301/rb_00041/env.xml
hmax2,med_069,17,3,0.5,0.1429,long,/common/users/dm1487/scratch_namo/real_buildable/pool2/med_301/rb_00041/env.xml
hmax2,med_069,17,4,0.5,0.1429,long,/common/users/dm1487/scratch_namo/real_buildable/pool2/med_301/rb_00041/env.xml
hmax2,med_069,19,0,1.0,0.2857,long,/common/users/dm1487/scratch_namo/real_buildable/pool2/med_301/rb_00041/env.xml
hmax2,med_069,19,1,1.0,0.2857,long,/common/users/dm1487/scratch_namo/real_buildable/pool2/med_301/rb_00041/env.xml
hmax2,med_069,19,2,1.0,0.2857,long,/common/users/dm1487/scratch_namo/real_buildable/pool2/med_301/rb_00041/env.xml
hmax2,med_069,19,3,1.0,0.2857,long,/common/users/dm1487/scratch_namo/real_buildable/pool2/med_301/rb_00041/env.xml
hmax2,med_069,19,4,1.0,0.2857,long,/common/users/dm1487/scratch_namo/real_buildable/pool2/med_301/rb_00041/env.xml
hmax2,med_069,21,0,1.5,0.4286,long,/common/users/dm1487/scratch_namo/real_buildable/pool2/med_301/rb_00041/env.xml
hmax2,med_069,21,1,1.5,0.4286,long,/common/users/dm1487/scratch_namo/real_buildable/pool2/med_301/rb_00041/env.xml
hmax2,med_069,21,2,1.5,0.4286,long,/common/users/dm1487/scratch_namo/real_buildable/pool2/med_301/rb_00041/env.xml
hmax2,med_069,21,3,1.5,0.4286,long,/common/users/dm1487/scratch_namo/real_buildable/pool2/med_301/rb_00041/env.xml
hmax2,med_069,21,4,1.5,0.4286,long,/common/users/dm1487/scratch_namo/real_buildable/pool2/med_301/rb_00041/env.xml
hmax2,med_069,23,0,2.0,0.5714,long,/common/users/dm1487/scratch_namo/real_buildable/pool2/med_301/rb_00041/env.xml
hmax2,med_069,23,1,2.0,0.5714,long,/common/users/dm1487/scratch_namo/real_buildable/pool2/med_301/rb_00041/env.xml
hmax2,med_069,23,2,2.0,0.5714,long,/common/users/dm1487/scratch_namo/real_buildable/pool2/med_301/rb_00041/env.xml
hmax2,med_069,23,3,2.0,0.5714,long,/common/users/dm1487/scratch_namo/real_buildable/pool2/med_301/rb_00041/env.xml
hmax2,med_069,23,4,2.0,0.5714,long,/common/users/dm1487/scratch_namo/real_buildable/pool2/med_301/rb_00041/env.xml
hmax2,med_069,25,0,2.5,0.7143,long,/common/users/dm1487/scratch_namo/real_buildable/pool2/med_301/rb_00041/env.xml
hmax2,med_069,25,1,2.5,0.7143,long,/common/users/dm1487/scratch_namo/real_buildable/pool2/med_301/rb_00041/env.xml
hmax2,med_069,25,2,2.5,0.7143,long,/common/users/dm1487/scratch_namo/real_buildable/pool2/med_301/rb_00041/env.xml
hmax2,med_069,25,3,2.5,0.7143,long,/common/users/dm1487/scratch_namo/real_buildable/pool2/med_301/rb_00041/env.xml
hmax2,med_069,25,4,2.5,0.7143,long,/common/users/dm1487/scratch_namo/real_buildable/pool2/med_301/rb_00041/env.xml
hmax2,med_069,27,0,3.0,0.8571,long,/common/users/dm1487/scratch_namo/real_buildable/pool2/med_301/rb_00041/env.xml
hmax2,med_069,27,1,3.0,0.8571,long,/common/users/dm1487/scratch_namo/real_buildable/pool2/med_301/rb_00041/env.xml
hmax2,med_069,27,2,3.0,0.8571,long,/common/users/dm1487/scratch_namo/real_buildable/pool2/med_301/rb_00041/env.xml
hmax2,med_069,27,3,3.0,0.8571,long,/common/users/dm1487/scratch_namo/real_buildable/pool2/med_301/rb_00041/env.xml
hmax2,med_069,27,4,3.0,0.8571,long,/common/users/dm1487/scratch_namo/real_buildable/pool2/med_301/rb_00041/env.xml
hmax2,med_069,29,0,3.5,1.0,long,/common/users/dm1487/scratch_namo/real_buildable/pool2/med_301/rb_00041/env.xml
hmax2,med_069,29,1,3.5,1.0,long,/common/users/dm1487/scratch_namo/real_buildable/pool2/med_301/rb_00041/env.xml
hmax2,med_069,29,2,3.5,1.0,long,/common/users/dm1487/scratch_namo/real_buildable/pool2/med_301/rb_00041/env.xml
hmax2,med_069,29,3,3.5,1.0,long,/common/users/dm1487/scratch_namo/real_buildable/pool2/med_301/rb_00041/env.xml
hmax2,med_069,29,4,3.5,1.0,long,/common/users/dm1487/scratch_namo/real_buildable/pool2/med_301/rb_00041/env.xml
hmax2,med_069,31,0,7.5,1.0,short,/common/users/dm1487/scratch_namo/real_buildable/pool2/med_301/rb_00041/env.xml
hmax2,med_069,31,1,7.5,1.0,short,/common/users/dm1487/scratch_namo/real_buildable/pool2/med_301/rb_00041/env.xml
hmax2,med_069,31,2,7.5,1.0,short,/common/users/dm1487/scratch_namo/real_buildable/pool2/med_301/rb_00041/env.xml
hmax2,med_069,31,3,7.5,1.0,short,/common/users/dm1487/scratch_namo/real_buildable/pool2/med_301/rb_00041/env.xml
hmax2,med_069,31,4,7.5,1.0,short,/common/users/dm1487/scratch_namo/real_buildable/pool2/med_301/rb_00041/env.xml
hmax2,med_069,33,0,6.429,0.8571,short,/common/users/dm1487/scratch_namo/real_buildable/pool2/med_301/rb_00041/env.xml
hmax2,med_069,33,1,6.429,0.8571,short,/common/users/dm1487/scratch_namo/real_buildable/pool2/med_301/rb_00041/env.xml
hmax2,med_069,33,2,6.429,0.8571,short,/common/users/dm1487/scratch_namo/real_buildable/pool2/med_301/rb_00041/env.xml
hmax2,med_069,33,3,6.429,0.8571,short,/common/users/dm1487/scratch_namo/real_buildable/pool2/med_301/rb_00041/env.xml
hmax2,med_069,33,4,6.429,0.8571,short,/common/users/dm1487/scratch_namo/real_buildable/pool2/med_301/rb_00041/env.xml
hmax2,med_069,35,0,5.357,0.7143,short,/common/users/dm1487/scratch_namo/real_buildable/pool2/med_301/rb_00041/env.xml
hmax2,med_069,35,1,5.357,0.7143,short,/common/users/dm1487/scratch_namo/real_buildable/pool2/med_301/rb_00041/env.xml
hmax2,med_069,35,2,5.357,0.7143,short,/common/users/dm1487/scratch_namo/real_buildable/pool2/med_301/rb_00041/env.xml
hmax2,med_069,35,3,5.357,0.7143,short,/common/users/dm1487/scratch_namo/real_buildable/pool2/med_301/rb_00041/env.xml
hmax2,med_069,35,4,5.357,0.7143,short,/common/users/dm1487/scratch_namo/real_buildable/pool2/med_301/rb_00041/env.xml
hmax2,med_069,37,0,4.286,0.5714,short,/common/users/dm1487/scratch_namo/real_buildable/pool2/med_301/rb_00041/env.xml
hmax2,med_069,37,1,4.286,0.5714,short,/common/users/dm1487/scratch_namo/real_buildable/pool2/med_301/rb_00041/env.xml
hmax2,med_069,37,2,4.286,0.5714,short,/common/users/dm1487/scratch_namo/real_buildable/pool2/med_301/rb_00041/env.xml
hmax2,med_069,37,3,4.286,0.5714,short,/common/users/dm1487/scratch_namo/real_buildable/pool2/med_301/rb_00041/env.xml
hmax2,med_069,37,4,4.286,0.5714,short,/common/users/dm1487/scratch_namo/real_buildable/pool2/med_301/rb_00041/env.xml
hmax2,med_069,39,0,3.214,0.4286,short,/common/users/dm1487/scratch_namo/real_buildable/pool2/med_301/rb_00041/env.xml
hmax2,med_069,39,1,3.214,0.4286,short,/common/users/dm1487/scratch_namo/real_buildable/pool2/med_301/rb_00041/env.xml
hmax2,med_069,39,2,3.214,0.4286,short,/common/users/dm1487/scratch_namo/real_buildable/pool2/med_301/rb_00041/env.xml
hmax2,med_069,39,3,3.214,0.4286,short,/common/users/dm1487/scratch_namo/real_buildable/pool2/med_301/rb_00041/env.xml
hmax2,med_069,39,4,3.214,0.4286,short,/common/users/dm1487/scratch_namo/real_buildable/pool2/med_301/rb_00041/env.xml
hmax2,med_069,41,0,2.143,0.2857,short,/common/users/dm1487/scratch_namo/real_buildable/pool2/med_301/rb_00041/env.xml
hmax2,med_069,41,1,2.143,0.2857,short,/common/users/dm1487/scratch_namo/real_buildable/pool2/med_301/rb_00041/env.xml
hmax2,med_069,41,2,2.143,0.2857,short,/common/users/dm1487/scratch_namo/real_buildable/pool2/med_301/rb_00041/env.xml
hmax2,med_069,41,3,2.143,0.2857,short,/common/users/dm1487/scratch_namo/real_buildable/pool2/med_301/rb_00041/env.xml
hmax2,med_069,41,4,2.143,0.2857,short,/common/users/dm1487/scratch_namo/real_buildable/pool2/med_301/rb_00041/env.xml
hmax2,med_069,43,0,1.071,0.1429,short,/common/users/dm1487/scratch_namo/real_buildable/pool2/med_301/rb_00041/env.xml
hmax2,med_069,43,1,1.071,0.1429,short,/common/users/dm1487/scratch_namo/real_buildable/pool2/med_301/rb_00041/env.xml
hmax2,med_069,43,2,1.071,0.1429,short,/common/users/dm1487/scratch_namo/real_buildable/pool2/med_301/rb_00041/env.xml
hmax2,med_069,43,3,1.071,0.1429,short,/common/users/dm1487/scratch_namo/real_buildable/pool2/med_301/rb_00041/env.xml
hmax2,med_069,43,4,1.071,0.1429,short,/common/users/dm1487/scratch_namo/real_buildable/pool2/med_301/rb_00041/env.xml
hmax2,med_069,45,0,0.0,0.0,short,/common/users/dm1487/scratch_namo/real_buildable/pool2/med_301/rb_00041/env.xml
hmax2,med_069,45,1,0.0,0.0,short,/common/users/dm1487/scratch_namo/real_buildable/pool2/med_301/rb_00041/env.xml
hmax2,med_069,45,2,0.0,0.0,short,/common/users/dm1487/scratch_namo/real_buildable/pool2/med_301/rb_00041/env.xml
hmax2,med_069,45,3,0.0,0.0,short,/common/users/dm1487/scratch_namo/real_buildable/pool2/med_301/rb_00041/env.xml
hmax2,med_069,45,4,0.0,0.0,short,/common/users/dm1487/scratch_namo/real_buildable/pool2/med_301/rb_00041/env.xml
hmax2,med_069,47,0,1.071,0.1429,short,/common/users/dm1487/scratch_namo/real_buildable/pool2/med_301/rb_00041/env.xml
hmax2,med_069,47,1,1.071,0.1429,short,/common/users/dm1487/scratch_namo/real_buildable/pool2/med_301/rb_00041/env.xml
hmax2,med_069,47,2,1.071,0.1429,short,/common/users/dm1487/scratch_namo/real_buildable/pool2/med_301/rb_00041/env.xml
hmax2,med_069,47,3,1.071,0.1429,short,/common/users/dm1487/scratch_namo/real_buildable/pool2/med_301/rb_00041/env.xml
hmax2,med_069,47,4,1.071,0.1429,short,/common/users/dm1487/scratch_namo/real_buildable/pool2/med_301/rb_00041/env.xml
hmax2,med_069,49,0,2.143,0.2857,short,/common/users/dm1487/scratch_namo/real_buildable/pool2/med_301/rb_00041/env.xml
hmax2,med_069,49,1,2.143,0.2857,short,/common/users/dm1487/scratch_namo/real_buildable/pool2/med_301/rb_00041/env.xml
hmax2,med_069,49,2,2.143,0.2857,short,/common/users/dm1487/scratch_namo/real_buildable/pool2/med_301/rb_00041/env.xml
hmax2,med_069,49,3,2.143,0.2857,short,/common/users/dm1487/scratch_namo/real_buildable/pool2/med_301/rb_00041/env.xml
hmax2,med_069,49,4,2.143,0.2857,short,/common/users/dm1487/scratch_namo/real_buildable/pool2/med_301/rb_00041/env.xml
hmax2,med_069,51,0,3.214,0.4286,short,/common/users/dm1487/scratch_namo/real_buildable/pool2/med_301/rb_00041/env.xml
hmax2,med_069,51,1,3.214,0.4286,short,/common/users/dm1487/scratch_namo/real_buildable/pool2/med_301/rb_00041/env.xml
hmax2,med_069,51,2,3.214,0.4286,short,/common/users/dm1487/scratch_namo/real_buildable/pool2/med_301/rb_00041/env.xml
hmax2,med_069,51,3,3.214,0.4286,short,/common/users/dm1487/scratch_namo/real_buildable/pool2/med_301/rb_00041/env.xml
hmax2,med_069,51,4,3.214,0.4286,short,/common/users/dm1487/scratch_namo/real_buildable/pool2/med_301/rb_00041/env.xml
hmax2,med_069,53,0,4.286,0.5714,short,/common/users/dm1487/scratch_namo/real_buildable/pool2/med_301/rb_00041/env.xml
hmax2,med_069,53,1,4.286,0.5714,short,/common/users/dm1487/scratch_namo/real_buildable/pool2/med_301/rb_00041/env.xml
hmax2,med_069,53,2,4.286,0.5714,short,/common/users/dm1487/scratch_namo/real_buildable/pool2/med_301/rb_00041/env.xml
hmax2,med_069,53,3,4.286,0.5714,short,/common/users/dm1487/scratch_namo/real_buildable/pool2/med_301/rb_00041/env.xml
hmax2,med_069,53,4,4.286,0.5714,short,/common/users/dm1487/scratch_namo/real_buildable/pool2/med_301/rb_00041/env.xml
hmax2,med_069,55,0,5.357,0.7143,short,/common/users/dm1487/scratch_namo/real_buildable/pool2/med_301/rb_00041/env.xml
hmax2,med_069,55,1,5.357,0.7143,short,/common/users/dm1487/scratch_namo/real_buildable/pool2/med_301/rb_00041/env.xml
hmax2,med_069,55,2,5.357,0.7143,short,/common/users/dm1487/scratch_namo/real_buildable/pool2/med_301/rb_00041/env.xml
hmax2,med_069,55,3,5.357,0.7143,short,/common/users/dm1487/scratch_namo/real_buildable/pool2/med_301/rb_00041/env.xml
hmax2,med_069,55,4,5.357,0.7143,short,/common/users/dm1487/scratch_namo/real_buildable/pool2/med_301/rb_00041/env.xml
hmax2,med_069,57,0,6.429,0.8571,short,/common/users/dm1487/scratch_namo/real_buildable/pool2/med_301/rb_00041/env.xml
hmax2,med_069,57,1,6.429,0.8571,short,/common/users/dm1487/scratch_namo/real_buildable/pool2/med_301/rb_00041/env.xml
hmax2,med_069,57,2,6.429,0.8571,short,/common/users/dm1487/scratch_namo/real_buildable/pool2/med_301/rb_00041/env.xml
hmax2,med_069,57,3,6.429,0.8571,short,/common/users/dm1487/scratch_namo/real_buildable/pool2/med_301/rb_00041/env.xml
hmax2,med_069,57,4,6.429,0.8571,short,/common/users/dm1487/scratch_namo/real_buildable/pool2/med_301/rb_00041/env.xml
hmax2,med_069,59,0,7.5,1.0,short,/common/users/dm1487/scratch_namo/real_buildable/pool2/med_301/rb_00041/env.xml
hmax2,med_069,59,1,7.5,1.0,short,/common/users/dm1487/scratch_namo/real_buildable/pool2/med_301/rb_00041/env.xml
hmax2,med_069,59,2,7.5,1.0,short,/common/users/dm1487/scratch_namo/real_buildable/pool2/med_301/rb_00041/env.xml
hmax2,med_069,59,3,7.5,1.0,short,/common/users/dm1487/scratch_namo/real_buildable/pool2/med_301/rb_00041/env.xml
hmax2,med_069,59,4,7.5,1.0,short,/common/users/dm1487/scratch_namo/real_buildable/pool2/med_301/rb_00041/env.xml
1push,easy_002,1,0,3.5,1.0,long,/common/users/dm1487/scratch_namo/real_buildable/pool4b/j_603/rb_00012/env.xml
1push,easy_002,1,1,3.5,1.0,long,/common/users/dm1487/scratch_namo/real_buildable/pool4b/j_603/rb_00012/env.xml
1push,easy_002,1,2,3.5,1.0,long,/common/users/dm1487/scratch_namo/real_buildable/pool4b/j_603/rb_00012/env.xml
1push,easy_002,1,3,3.5,1.0,long,/common/users/dm1487/scratch_namo/real_buildable/pool4b/j_603/rb_00012/env.xml
1push,easy_002,1,4,3.5,1.0,long,/common/users/dm1487/scratch_namo/real_buildable/pool4b/j_603/rb_00012/env.xml
1push,easy_002,3,0,3.0,0.8571,long,/common/users/dm1487/scratch_namo/real_buildable/pool4b/j_603/rb_00012/env.xml
1push,easy_002,3,1,3.0,0.8571,long,/common/users/dm1487/scratch_namo/real_buildable/pool4b/j_603/rb_00012/env.xml
1push,easy_002,3,2,3.0,0.8571,long,/common/users/dm1487/scratch_namo/real_buildable/pool4b/j_603/rb_00012/env.xml
1push,easy_002,3,3,3.0,0.8571,long,/common/users/dm1487/scratch_namo/real_buildable/pool4b/j_603/rb_00012/env.xml
1push,easy_002,3,4,3.0,0.8571,long,/common/users/dm1487/scratch_namo/real_buildable/pool4b/j_603/rb_00012/env.xml
1push,easy_002,5,0,2.5,0.7143,long,/common/users/dm1487/scratch_namo/real_buildable/pool4b/j_603/rb_00012/env.xml
1push,easy_002,5,1,2.5,0.7143,long,/common/users/dm1487/scratch_namo/real_buildable/pool4b/j_603/rb_00012/env.xml
1push,easy_002,5,2,2.5,0.7143,long,/common/users/dm1487/scratch_namo/real_buildable/pool4b/j_603/rb_00012/env.xml
1push,easy_002,5,3,2.5,0.7143,long,/common/users/dm1487/scratch_namo/real_buildable/pool4b/j_603/rb_00012/env.xml
1push,easy_002,5,4,2.5,0.7143,long,/common/users/dm1487/scratch_namo/real_buildable/pool4b/j_603/rb_00012/env.xml
1push,easy_002,7,0,2.0,0.5714,long,/common/users/dm1487/scratch_namo/real_buildable/pool4b/j_603/rb_00012/env.xml
1push,easy_002,7,1,2.0,0.5714,long,/common/users/dm1487/scratch_namo/real_buildable/pool4b/j_603/rb_00012/env.xml
1push,easy_002,7,2,2.0,0.5714,long,/common/users/dm1487/scratch_namo/real_buildable/pool4b/j_603/rb_00012/env.xml
1push,easy_002,7,3,2.0,0.5714,long,/common/users/dm1487/scratch_namo/real_buildable/pool4b/j_603/rb_00012/env.xml
1push,easy_002,7,4,2.0,0.5714,long,/common/users/dm1487/scratch_namo/real_buildable/pool4b/j_603/rb_00012/env.xml
1push,easy_002,9,0,1.5,0.4286,long,/common/users/dm1487/scratch_namo/real_buildable/pool4b/j_603/rb_00012/env.xml
1push,easy_002,9,1,1.5,0.4286,long,/common/users/dm1487/scratch_namo/real_buildable/pool4b/j_603/rb_00012/env.xml
1push,easy_002,9,2,1.5,0.4286,long,/common/users/dm1487/scratch_namo/real_buildable/pool4b/j_603/rb_00012/env.xml
1push,easy_002,9,3,1.5,0.4286,long,/common/users/dm1487/scratch_namo/real_buildable/pool4b/j_603/rb_00012/env.xml
1push,easy_002,9,4,1.5,0.4286,long,/common/users/dm1487/scratch_namo/real_buildable/pool4b/j_603/rb_00012/env.xml
1push,easy_002,11,0,1.0,0.2857,long,/common/users/dm1487/scratch_namo/real_buildable/pool4b/j_603/rb_00012/env.xml
1push,easy_002,11,1,1.0,0.2857,long,/common/users/dm1487/scratch_namo/real_buildable/pool4b/j_603/rb_00012/env.xml
1push,easy_002,11,2,1.0,0.2857,long,/common/users/dm1487/scratch_namo/real_buildable/pool4b/j_603/rb_00012/env.xml
1push,easy_002,11,3,1.0,0.2857,long,/common/users/dm1487/scratch_namo/real_buildable/pool4b/j_603/rb_00012/env.xml
1push,easy_002,11,4,1.0,0.2857,long,/common/users/dm1487/scratch_namo/real_buildable/pool4b/j_603/rb_00012/env.xml
1push,easy_002,13,0,0.5,0.1429,long,/common/users/dm1487/scratch_namo/real_buildable/pool4b/j_603/rb_00012/env.xml
1push,easy_002,13,1,0.5,0.1429,long,/common/users/dm1487/scratch_namo/real_buildable/pool4b/j_603/rb_00012/env.xml
1push,easy_002,13,2,0.5,0.1429,long,/common/users/dm1487/scratch_namo/real_buildable/pool4b/j_603/rb_00012/env.xml
1push,easy_002,13,3,0.5,0.1429,long,/common/users/dm1487/scratch_namo/real_buildable/pool4b/j_603/rb_00012/env.xml
1push,easy_002,13,4,0.5,0.1429,long,/common/users/dm1487/scratch_namo/real_buildable/pool4b/j_603/rb_00012/env.xml
1push,easy_002,15,0,0.0,0.0,long,/common/users/dm1487/scratch_namo/real_buildable/pool4b/j_603/rb_00012/env.xml
1push,easy_002,15,1,0.0,0.0,long,/common/users/dm1487/scratch_namo/real_buildable/pool4b/j_603/rb_00012/env.xml
1push,easy_002,15,2,0.0,0.0,long,/common/users/dm1487/scratch_namo/real_buildable/pool4b/j_603/rb_00012/env.xml
1push,easy_002,15,3,0.0,0.0,long,/common/users/dm1487/scratch_namo/real_buildable/pool4b/j_603/rb_00012/env.xml
1push,easy_002,15,4,0.0,0.0,long,/common/users/dm1487/scratch_namo/real_buildable/pool4b/j_603/rb_00012/env.xml
1push,easy_002,17,0,0.5,0.1429,long,/common/users/dm1487/scratch_namo/real_buildable/pool4b/j_603/rb_00012/env.xml
1push,easy_002,17,1,0.5,0.1429,long,/common/users/dm1487/scratch_namo/real_buildable/pool4b/j_603/rb_00012/env.xml
1push,easy_002,17,2,0.5,0.1429,long,/common/users/dm1487/scratch_namo/real_buildable/pool4b/j_603/rb_00012/env.xml
1push,easy_002,17,3,0.5,0.1429,long,/common/users/dm1487/scratch_namo/real_buildable/pool4b/j_603/rb_00012/env.xml
1push,easy_002,17,4,0.5,0.1429,long,/common/users/dm1487/scratch_namo/real_buildable/pool4b/j_603/rb_00012/env.xml
1push,easy_002,19,0,1.0,0.2857,long,/common/users/dm1487/scratch_namo/real_buildable/pool4b/j_603/rb_00012/env.xml
1push,easy_002,19,1,1.0,0.2857,long,/common/users/dm1487/scratch_namo/real_buildable/pool4b/j_603/rb_00012/env.xml
1push,easy_002,19,2,1.0,0.2857,long,/common/users/dm1487/scratch_namo/real_buildable/pool4b/j_603/rb_00012/env.xml
1push,easy_002,19,3,1.0,0.2857,long,/common/users/dm1487/scratch_namo/real_buildable/pool4b/j_603/rb_00012/env.xml
1push,easy_002,19,4,1.0,0.2857,long,/common/users/dm1487/scratch_namo/real_buildable/pool4b/j_603/rb_00012/env.xml
1push,easy_002,21,0,1.5,0.4286,long,/common/users/dm1487/scratch_namo/real_buildable/pool4b/j_603/rb_00012/env.xml
1push,easy_002,21,1,1.5,0.4286,long,/common/users/dm1487/scratch_namo/real_buildable/pool4b/j_603/rb_00012/env.xml
1push,easy_002,21,2,1.5,0.4286,long,/common/users/dm1487/scratch_namo/real_buildable/pool4b/j_603/rb_00012/env.xml
1push,easy_002,21,3,1.5,0.4286,long,/common/users/dm1487/scratch_namo/real_buildable/pool4b/j_603/rb_00012/env.xml
1push,easy_002,21,4,1.5,0.4286,long,/common/users/dm1487/scratch_namo/real_buildable/pool4b/j_603/rb_00012/env.xml
1push,easy_002,23,0,2.0,0.5714,long,/common/users/dm1487/scratch_namo/real_buildable/pool4b/j_603/rb_00012/env.xml
1push,easy_002,23,1,2.0,0.5714,long,/common/users/dm1487/scratch_namo/real_buildable/pool4b/j_603/rb_00012/env.xml
1push,easy_002,23,2,2.0,0.5714,long,/common/users/dm1487/scratch_namo/real_buildable/pool4b/j_603/rb_00012/env.xml
1push,easy_002,23,3,2.0,0.5714,long,/common/users/dm1487/scratch_namo/real_buildable/pool4b/j_603/rb_00012/env.xml
1push,easy_002,23,4,2.0,0.5714,long,/common/users/dm1487/scratch_namo/real_buildable/pool4b/j_603/rb_00012/env.xml
1push,easy_002,25,0,2.5,0.7143,long,/common/users/dm1487/scratch_namo/real_buildable/pool4b/j_603/rb_00012/env.xml
1push,easy_002,25,1,2.5,0.7143,long,/common/users/dm1487/scratch_namo/real_buildable/pool4b/j_603/rb_00012/env.xml
1push,easy_002,25,2,2.5,0.7143,long,/common/users/dm1487/scratch_namo/real_buildable/pool4b/j_603/rb_00012/env.xml
1push,easy_002,25,3,2.5,0.7143,long,/common/users/dm1487/scratch_namo/real_buildable/pool4b/j_603/rb_00012/env.xml
1push,easy_002,25,4,2.5,0.7143,long,/common/users/dm1487/scratch_namo/real_buildable/pool4b/j_603/rb_00012/env.xml
1push,easy_002,27,0,3.0,0.8571,long,/common/users/dm1487/scratch_namo/real_buildable/pool4b/j_603/rb_00012/env.xml
1push,easy_002,27,1,3.0,0.8571,long,/common/users/dm1487/scratch_namo/real_buildable/pool4b/j_603/rb_00012/env.xml
1push,easy_002,27,2,3.0,0.8571,long,/common/users/dm1487/scratch_namo/real_buildable/pool4b/j_603/rb_00012/env.xml
1push,easy_002,27,3,3.0,0.8571,long,/common/users/dm1487/scratch_namo/real_buildable/pool4b/j_603/rb_00012/env.xml
1push,easy_002,27,4,3.0,0.8571,long,/common/users/dm1487/scratch_namo/real_buildable/pool4b/j_603/rb_00012/env.xml
1push,easy_002,29,0,3.5,1.0,long,/common/users/dm1487/scratch_namo/real_buildable/pool4b/j_603/rb_00012/env.xml
1push,easy_002,29,1,3.5,1.0,long,/common/users/dm1487/scratch_namo/real_buildable/pool4b/j_603/rb_00012/env.xml
1push,easy_002,29,2,3.5,1.0,long,/common/users/dm1487/scratch_namo/real_buildable/pool4b/j_603/rb_00012/env.xml
1push,easy_002,29,3,3.5,1.0,long,/common/users/dm1487/scratch_namo/real_buildable/pool4b/j_603/rb_00012/env.xml
1push,easy_002,29,4,3.5,1.0,long,/common/users/dm1487/scratch_namo/real_buildable/pool4b/j_603/rb_00012/env.xml
1push,easy_002,31,0,7.5,1.0,short,/common/users/dm1487/scratch_namo/real_buildable/pool4b/j_603/rb_00012/env.xml
1push,easy_002,31,1,7.5,1.0,short,/common/users/dm1487/scratch_namo/real_buildable/pool4b/j_603/rb_00012/env.xml
1push,easy_002,31,2,7.5,1.0,short,/common/users/dm1487/scratch_namo/real_buildable/pool4b/j_603/rb_00012/env.xml
1push,easy_002,31,3,7.5,1.0,short,/common/users/dm1487/scratch_namo/real_buildable/pool4b/j_603/rb_00012/env.xml
1push,easy_002,31,4,7.5,1.0,short,/common/users/dm1487/scratch_namo/real_buildable/pool4b/j_603/rb_00012/env.xml
1push,easy_002,33,0,6.429,0.8571,short,/common/users/dm1487/scratch_namo/real_buildable/pool4b/j_603/rb_00012/env.xml
1push,easy_002,33,1,6.429,0.8571,short,/common/users/dm1487/scratch_namo/real_buildable/pool4b/j_603/rb_00012/env.xml
1push,easy_002,33,2,6.429,0.8571,short,/common/users/dm1487/scratch_namo/real_buildable/pool4b/j_603/rb_00012/env.xml
1push,easy_002,33,3,6.429,0.8571,short,/common/users/dm1487/scratch_namo/real_buildable/pool4b/j_603/rb_00012/env.xml
1push,easy_002,33,4,6.429,0.8571,short,/common/users/dm1487/scratch_namo/real_buildable/pool4b/j_603/rb_00012/env.xml
1push,easy_002,35,0,5.357,0.7143,short,/common/users/dm1487/scratch_namo/real_buildable/pool4b/j_603/rb_00012/env.xml
1push,easy_002,35,1,5.357,0.7143,short,/common/users/dm1487/scratch_namo/real_buildable/pool4b/j_603/rb_00012/env.xml
1push,easy_002,35,2,5.357,0.7143,short,/common/users/dm1487/scratch_namo/real_buildable/pool4b/j_603/rb_00012/env.xml
1push,easy_002,35,3,5.357,0.7143,short,/common/users/dm1487/scratch_namo/real_buildable/pool4b/j_603/rb_00012/env.xml
1push,easy_002,35,4,5.357,0.7143,short,/common/users/dm1487/scratch_namo/real_buildable/pool4b/j_603/rb_00012/env.xml
1push,easy_002,37,0,4.286,0.5714,short,/common/users/dm1487/scratch_namo/real_buildable/pool4b/j_603/rb_00012/env.xml
1push,easy_002,37,1,4.286,0.5714,short,/common/users/dm1487/scratch_namo/real_buildable/pool4b/j_603/rb_00012/env.xml
1push,easy_002,37,2,4.286,0.5714,short,/common/users/dm1487/scratch_namo/real_buildable/pool4b/j_603/rb_00012/env.xml
1push,easy_002,37,3,4.286,0.5714,short,/common/users/dm1487/scratch_namo/real_buildable/pool4b/j_603/rb_00012/env.xml
1push,easy_002,37,4,4.286,0.5714,short,/common/users/dm1487/scratch_namo/real_buildable/pool4b/j_603/rb_00012/env.xml
1push,easy_002,39,0,3.214,0.4286,short,/common/users/dm1487/scratch_namo/real_buildable/pool4b/j_603/rb_00012/env.xml
1push,easy_002,39,1,3.214,0.4286,short,/common/users/dm1487/scratch_namo/real_buildable/pool4b/j_603/rb_00012/env.xml
1push,easy_002,39,2,3.214,0.4286,short,/common/users/dm1487/scratch_namo/real_buildable/pool4b/j_603/rb_00012/env.xml
1push,easy_002,39,3,3.214,0.4286,short,/common/users/dm1487/scratch_namo/real_buildable/pool4b/j_603/rb_00012/env.xml
1push,easy_002,39,4,3.214,0.4286,short,/common/users/dm1487/scratch_namo/real_buildable/pool4b/j_603/rb_00012/env.xml
1push,easy_002,41,0,2.143,0.2857,short,/common/users/dm1487/scratch_namo/real_buildable/pool4b/j_603/rb_00012/env.xml
1push,easy_002,41,1,2.143,0.2857,short,/common/users/dm1487/scratch_namo/real_buildable/pool4b/j_603/rb_00012/env.xml
1push,easy_002,41,2,2.143,0.2857,short,/common/users/dm1487/scratch_namo/real_buildable/pool4b/j_603/rb_00012/env.xml
1push,easy_002,41,3,2.143,0.2857,short,/common/users/dm1487/scratch_namo/real_buildable/pool4b/j_603/rb_00012/env.xml
1push,easy_002,41,4,2.143,0.2857,short,/common/users/dm1487/scratch_namo/real_buildable/pool4b/j_603/rb_00012/env.xml
1push,easy_002,43,0,1.071,0.1429,short,/common/users/dm1487/scratch_namo/real_buildable/pool4b/j_603/rb_00012/env.xml
1push,easy_002,43,1,1.071,0.1429,short,/common/users/dm1487/scratch_namo/real_buildable/pool4b/j_603/rb_00012/env.xml
1push,easy_002,43,2,1.071,0.1429,short,/common/users/dm1487/scratch_namo/real_buildable/pool4b/j_603/rb_00012/env.xml
1push,easy_002,43,3,1.071,0.1429,short,/common/users/dm1487/scratch_namo/real_buildable/pool4b/j_603/rb_00012/env.xml
1push,easy_002,43,4,1.071,0.1429,short,/common/users/dm1487/scratch_namo/real_buildable/pool4b/j_603/rb_00012/env.xml
1push,easy_002,45,0,0.0,0.0,short,/common/users/dm1487/scratch_namo/real_buildable/pool4b/j_603/rb_00012/env.xml
1push,easy_002,45,1,0.0,0.0,short,/common/users/dm1487/scratch_namo/real_buildable/pool4b/j_603/rb_00012/env.xml
1push,easy_002,45,2,0.0,0.0,short,/common/users/dm1487/scratch_namo/real_buildable/pool4b/j_603/rb_00012/env.xml
1push,easy_002,45,3,0.0,0.0,short,/common/users/dm1487/scratch_namo/real_buildable/pool4b/j_603/rb_00012/env.xml
1push,easy_002,45,4,0.0,0.0,short,/common/users/dm1487/scratch_namo/real_buildable/pool4b/j_603/rb_00012/env.xml
1push,easy_002,47,0,1.071,0.1429,short,/common/users/dm1487/scratch_namo/real_buildable/pool4b/j_603/rb_00012/env.xml
1push,easy_002,47,1,1.071,0.1429,short,/common/users/dm1487/scratch_namo/real_buildable/pool4b/j_603/rb_00012/env.xml
1push,easy_002,47,2,1.071,0.1429,short,/common/users/dm1487/scratch_namo/real_buildable/pool4b/j_603/rb_00012/env.xml
1push,easy_002,47,3,1.071,0.1429,short,/common/users/dm1487/scratch_namo/real_buildable/pool4b/j_603/rb_00012/env.xml
1push,easy_002,47,4,1.071,0.1429,short,/common/users/dm1487/scratch_namo/real_buildable/pool4b/j_603/rb_00012/env.xml
1push,easy_002,49,0,2.143,0.2857,short,/common/users/dm1487/scratch_namo/real_buildable/pool4b/j_603/rb_00012/env.xml
1push,easy_002,49,1,2.143,0.2857,short,/common/users/dm1487/scratch_namo/real_buildable/pool4b/j_603/rb_00012/env.xml
1push,easy_002,49,2,2.143,0.2857,short,/common/users/dm1487/scratch_namo/real_buildable/pool4b/j_603/rb_00012/env.xml
1push,easy_002,49,3,2.143,0.2857,short,/common/users/dm1487/scratch_namo/real_buildable/pool4b/j_603/rb_00012/env.xml
1push,easy_002,49,4,2.143,0.2857,short,/common/users/dm1487/scratch_namo/real_buildable/pool4b/j_603/rb_00012/env.xml
1push,easy_001,0,0,3.5,1.0,long,/common/users/dm1487/scratch_namo/real_buildable/pool3/h2_404/rb_00078/env.xml
1push,easy_001,0,1,3.5,1.0,long,/common/users/dm1487/scratch_namo/real_buildable/pool3/h2_404/rb_00078/env.xml
1push,easy_001,0,2,3.5,1.0,long,/common/users/dm1487/scratch_namo/real_buildable/pool3/h2_404/rb_00078/env.xml
1push,easy_001,0,3,3.5,1.0,long,/common/users/dm1487/scratch_namo/real_buildable/pool3/h2_404/rb_00078/env.xml
1push,easy_001,0,4,3.5,1.0,long,/common/users/dm1487/scratch_namo/real_buildable/pool3/h2_404/rb_00078/env.xml
1push,easy_001,2,0,3.0,0.8571,long,/common/users/dm1487/scratch_namo/real_buildable/pool3/h2_404/rb_00078/env.xml
1push,easy_001,2,1,3.0,0.8571,long,/common/users/dm1487/scratch_namo/real_buildable/pool3/h2_404/rb_00078/env.xml
1push,easy_001,2,2,3.0,0.8571,long,/common/users/dm1487/scratch_namo/real_buildable/pool3/h2_404/rb_00078/env.xml
1push,easy_001,2,3,3.0,0.8571,long,/common/users/dm1487/scratch_namo/real_buildable/pool3/h2_404/rb_00078/env.xml
1push,easy_001,2,4,3.0,0.8571,long,/common/users/dm1487/scratch_namo/real_buildable/pool3/h2_404/rb_00078/env.xml
1push,easy_001,4,0,2.5,0.7143,long,/common/users/dm1487/scratch_namo/real_buildable/pool3/h2_404/rb_00078/env.xml
1push,easy_001,4,1,2.5,0.7143,long,/common/users/dm1487/scratch_namo/real_buildable/pool3/h2_404/rb_00078/env.xml
1push,easy_001,4,2,2.5,0.7143,long,/common/users/dm1487/scratch_namo/real_buildable/pool3/h2_404/rb_00078/env.xml
1push,easy_001,4,3,2.5,0.7143,long,/common/users/dm1487/scratch_namo/real_buildable/pool3/h2_404/rb_00078/env.xml
1push,easy_001,4,4,2.5,0.7143,long,/common/users/dm1487/scratch_namo/real_buildable/pool3/h2_404/rb_00078/env.xml
1push,easy_001,6,0,2.0,0.5714,long,/common/users/dm1487/scratch_namo/real_buildable/pool3/h2_404/rb_00078/env.xml
1push,easy_001,6,1,2.0,0.5714,long,/common/users/dm1487/scratch_namo/real_buildable/pool3/h2_404/rb_00078/env.xml
1push,easy_001,6,2,2.0,0.5714,long,/common/users/dm1487/scratch_namo/real_buildable/pool3/h2_404/rb_00078/env.xml
1push,easy_001,6,3,2.0,0.5714,long,/common/users/dm1487/scratch_namo/real_buildable/pool3/h2_404/rb_00078/env.xml
1push,easy_001,6,4,2.0,0.5714,long,/common/users/dm1487/scratch_namo/real_buildable/pool3/h2_404/rb_00078/env.xml
1push,easy_001,8,0,1.5,0.4286,long,/common/users/dm1487/scratch_namo/real_buildable/pool3/h2_404/rb_00078/env.xml
1push,easy_001,8,1,1.5,0.4286,long,/common/users/dm1487/scratch_namo/real_buildable/pool3/h2_404/rb_00078/env.xml
1push,easy_001,8,2,1.5,0.4286,long,/common/users/dm1487/scratch_namo/real_buildable/pool3/h2_404/rb_00078/env.xml
1push,easy_001,8,3,1.5,0.4286,long,/common/users/dm1487/scratch_namo/real_buildable/pool3/h2_404/rb_00078/env.xml
1push,easy_001,8,4,1.5,0.4286,long,/common/users/dm1487/scratch_namo/real_buildable/pool3/h2_404/rb_00078/env.xml
1push,easy_001,10,0,1.0,0.2857,long,/common/users/dm1487/scratch_namo/real_buildable/pool3/h2_404/rb_00078/env.xml
1push,easy_001,10,1,1.0,0.2857,long,/common/users/dm1487/scratch_namo/real_buildable/pool3/h2_404/rb_00078/env.xml
1push,easy_001,10,2,1.0,0.2857,long,/common/users/dm1487/scratch_namo/real_buildable/pool3/h2_404/rb_00078/env.xml
1push,easy_001,10,3,1.0,0.2857,long,/common/users/dm1487/scratch_namo/real_buildable/pool3/h2_404/rb_00078/env.xml
1push,easy_001,10,4,1.0,0.2857,long,/common/users/dm1487/scratch_namo/real_buildable/pool3/h2_404/rb_00078/env.xml
1push,easy_001,12,0,0.5,0.1429,long,/common/users/dm1487/scratch_namo/real_buildable/pool3/h2_404/rb_00078/env.xml
1push,easy_001,12,1,0.5,0.1429,long,/common/users/dm1487/scratch_namo/real_buildable/pool3/h2_404/rb_00078/env.xml
1push,easy_001,12,2,0.5,0.1429,long,/common/users/dm1487/scratch_namo/real_buildable/pool3/h2_404/rb_00078/env.xml
1push,easy_001,12,3,0.5,0.1429,long,/common/users/dm1487/scratch_namo/real_buildable/pool3/h2_404/rb_00078/env.xml
1push,easy_001,12,4,0.5,0.1429,long,/common/users/dm1487/scratch_namo/real_buildable/pool3/h2_404/rb_00078/env.xml
1push,easy_001,14,0,0.0,0.0,long,/common/users/dm1487/scratch_namo/real_buildable/pool3/h2_404/rb_00078/env.xml
1push,easy_001,14,1,0.0,0.0,long,/common/users/dm1487/scratch_namo/real_buildable/pool3/h2_404/rb_00078/env.xml
1push,easy_001,14,2,0.0,0.0,long,/common/users/dm1487/scratch_namo/real_buildable/pool3/h2_404/rb_00078/env.xml
1push,easy_001,14,3,0.0,0.0,long,/common/users/dm1487/scratch_namo/real_buildable/pool3/h2_404/rb_00078/env.xml
1push,easy_001,14,4,0.0,0.0,long,/common/users/dm1487/scratch_namo/real_buildable/pool3/h2_404/rb_00078/env.xml
1push,easy_001,16,0,0.5,0.1429,long,/common/users/dm1487/scratch_namo/real_buildable/pool3/h2_404/rb_00078/env.xml
1push,easy_001,16,1,0.5,0.1429,long,/common/users/dm1487/scratch_namo/real_buildable/pool3/h2_404/rb_00078/env.xml
1push,easy_001,16,2,0.5,0.1429,long,/common/users/dm1487/scratch_namo/real_buildable/pool3/h2_404/rb_00078/env.xml
1push,easy_001,16,3,0.5,0.1429,long,/common/users/dm1487/scratch_namo/real_buildable/pool3/h2_404/rb_00078/env.xml
1push,easy_001,16,4,0.5,0.1429,long,/common/users/dm1487/scratch_namo/real_buildable/pool3/h2_404/rb_00078/env.xml
1push,easy_001,18,0,1.0,0.2857,long,/common/users/dm1487/scratch_namo/real_buildable/pool3/h2_404/rb_00078/env.xml
1push,easy_001,18,1,1.0,0.2857,long,/common/users/dm1487/scratch_namo/real_buildable/pool3/h2_404/rb_00078/env.xml
1push,easy_001,18,2,1.0,0.2857,long,/common/users/dm1487/scratch_namo/real_buildable/pool3/h2_404/rb_00078/env.xml
1push,easy_001,18,3,1.0,0.2857,long,/common/users/dm1487/scratch_namo/real_buildable/pool3/h2_404/rb_00078/env.xml
1push,easy_001,18,4,1.0,0.2857,long,/common/users/dm1487/scratch_namo/real_buildable/pool3/h2_404/rb_00078/env.xml
1push,easy_001,20,0,1.5,0.4286,long,/common/users/dm1487/scratch_namo/real_buildable/pool3/h2_404/rb_00078/env.xml
1push,easy_001,20,1,1.5,0.4286,long,/common/users/dm1487/scratch_namo/real_buildable/pool3/h2_404/rb_00078/env.xml
1push,easy_001,20,2,1.5,0.4286,long,/common/users/dm1487/scratch_namo/real_buildable/pool3/h2_404/rb_00078/env.xml
1push,easy_001,20,3,1.5,0.4286,long,/common/users/dm1487/scratch_namo/real_buildable/pool3/h2_404/rb_00078/env.xml
1push,easy_001,20,4,1.5,0.4286,long,/common/users/dm1487/scratch_namo/real_buildable/pool3/h2_404/rb_00078/env.xml
1push,easy_001,31,0,7.5,1.0,short,/common/users/dm1487/scratch_namo/real_buildable/pool3/h2_404/rb_00078/env.xml
1push,easy_001,31,1,7.5,1.0,short,/common/users/dm1487/scratch_namo/real_buildable/pool3/h2_404/rb_00078/env.xml
1push,easy_001,31,2,7.5,1.0,short,/common/users/dm1487/scratch_namo/real_buildable/pool3/h2_404/rb_00078/env.xml
1push,easy_001,31,3,7.5,1.0,short,/common/users/dm1487/scratch_namo/real_buildable/pool3/h2_404/rb_00078/env.xml
1push,easy_001,31,4,7.5,1.0,short,/common/users/dm1487/scratch_namo/real_buildable/pool3/h2_404/rb_00078/env.xml
1push,easy_001,33,0,6.429,0.8571,short,/common/users/dm1487/scratch_namo/real_buildable/pool3/h2_404/rb_00078/env.xml
1push,easy_001,33,1,6.429,0.8571,short,/common/users/dm1487/scratch_namo/real_buildable/pool3/h2_404/rb_00078/env.xml
1push,easy_001,33,2,6.429,0.8571,short,/common/users/dm1487/scratch_namo/real_buildable/pool3/h2_404/rb_00078/env.xml
1push,easy_001,33,3,6.429,0.8571,short,/common/users/dm1487/scratch_namo/real_buildable/pool3/h2_404/rb_00078/env.xml
1push,easy_001,33,4,6.429,0.8571,short,/common/users/dm1487/scratch_namo/real_buildable/pool3/h2_404/rb_00078/env.xml
1push,easy_001,35,0,5.357,0.7143,short,/common/users/dm1487/scratch_namo/real_buildable/pool3/h2_404/rb_00078/env.xml
1push,easy_001,35,1,5.357,0.7143,short,/common/users/dm1487/scratch_namo/real_buildable/pool3/h2_404/rb_00078/env.xml
1push,easy_001,35,2,5.357,0.7143,short,/common/users/dm1487/scratch_namo/real_buildable/pool3/h2_404/rb_00078/env.xml
1push,easy_001,35,3,5.357,0.7143,short,/common/users/dm1487/scratch_namo/real_buildable/pool3/h2_404/rb_00078/env.xml
1push,easy_001,35,4,5.357,0.7143,short,/common/users/dm1487/scratch_namo/real_buildable/pool3/h2_404/rb_00078/env.xml
1push,easy_001,37,0,4.286,0.5714,short,/common/users/dm1487/scratch_namo/real_buildable/pool3/h2_404/rb_00078/env.xml
1push,easy_001,37,1,4.286,0.5714,short,/common/users/dm1487/scratch_namo/real_buildable/pool3/h2_404/rb_00078/env.xml
1push,easy_001,37,2,4.286,0.5714,short,/common/users/dm1487/scratch_namo/real_buildable/pool3/h2_404/rb_00078/env.xml
1push,easy_001,37,3,4.286,0.5714,short,/common/users/dm1487/scratch_namo/real_buildable/pool3/h2_404/rb_00078/env.xml
1push,easy_001,37,4,4.286,0.5714,short,/common/users/dm1487/scratch_namo/real_buildable/pool3/h2_404/rb_00078/env.xml
1push,easy_001,39,0,3.214,0.4286,short,/common/users/dm1487/scratch_namo/real_buildable/pool3/h2_404/rb_00078/env.xml
1push,easy_001,39,1,3.214,0.4286,short,/common/users/dm1487/scratch_namo/real_buildable/pool3/h2_404/rb_00078/env.xml
1push,easy_001,39,2,3.214,0.4286,short,/common/users/dm1487/scratch_namo/real_buildable/pool3/h2_404/rb_00078/env.xml
1push,easy_001,39,3,3.214,0.4286,short,/common/users/dm1487/scratch_namo/real_buildable/pool3/h2_404/rb_00078/env.xml
1push,easy_001,39,4,3.214,0.4286,short,/common/users/dm1487/scratch_namo/real_buildable/pool3/h2_404/rb_00078/env.xml
1push,easy_001,41,0,2.143,0.2857,short,/common/users/dm1487/scratch_namo/real_buildable/pool3/h2_404/rb_00078/env.xml
1push,easy_001,41,1,2.143,0.2857,short,/common/users/dm1487/scratch_namo/real_buildable/pool3/h2_404/rb_00078/env.xml
1push,easy_001,41,2,2.143,0.2857,short,/common/users/dm1487/scratch_namo/real_buildable/pool3/h2_404/rb_00078/env.xml
1push,easy_001,41,3,2.143,0.2857,short,/common/users/dm1487/scratch_namo/real_buildable/pool3/h2_404/rb_00078/env.xml
1push,easy_001,41,4,2.143,0.2857,short,/common/users/dm1487/scratch_namo/real_buildable/pool3/h2_404/rb_00078/env.xml
1push,easy_001,43,0,1.071,0.1429,short,/common/users/dm1487/scratch_namo/real_buildable/pool3/h2_404/rb_00078/env.xml
1push,easy_001,43,1,1.071,0.1429,short,/common/users/dm1487/scratch_namo/real_buildable/pool3/h2_404/rb_00078/env.xml
1push,easy_001,43,2,1.071,0.1429,short,/common/users/dm1487/scratch_namo/real_buildable/pool3/h2_404/rb_00078/env.xml
1push,easy_001,43,3,1.071,0.1429,short,/common/users/dm1487/scratch_namo/real_buildable/pool3/h2_404/rb_00078/env.xml
1push,easy_001,43,4,1.071,0.1429,short,/common/users/dm1487/scratch_namo/real_buildable/pool3/h2_404/rb_00078/env.xml
1push,easy_001,45,0,0.0,0.0,short,/common/users/dm1487/scratch_namo/real_buildable/pool3/h2_404/rb_00078/env.xml
1push,easy_001,45,1,0.0,0.0,short,/common/users/dm1487/scratch_namo/real_buildable/pool3/h2_404/rb_00078/env.xml
1push,easy_001,45,2,0.0,0.0,short,/common/users/dm1487/scratch_namo/real_buildable/pool3/h2_404/rb_00078/env.xml
1push,easy_001,45,3,0.0,0.0,short,/common/users/dm1487/scratch_namo/real_buildable/pool3/h2_404/rb_00078/env.xml
1push,easy_001,45,4,0.0,0.0,short,/common/users/dm1487/scratch_namo/real_buildable/pool3/h2_404/rb_00078/env.xml
1push,easy_001,47,0,1.071,0.1429,short,/common/users/dm1487/scratch_namo/real_buildable/pool3/h2_404/rb_00078/env.xml
1push,easy_001,47,1,1.071,0.1429,short,/common/users/dm1487/scratch_namo/real_buildable/pool3/h2_404/rb_00078/env.xml
1push,easy_001,47,2,1.071,0.1429,short,/common/users/dm1487/scratch_namo/real_buildable/pool3/h2_404/rb_00078/env.xml
1push,easy_001,47,3,1.071,0.1429,short,/common/users/dm1487/scratch_namo/real_buildable/pool3/h2_404/rb_00078/env.xml
1push,easy_001,47,4,1.071,0.1429,short,/common/users/dm1487/scratch_namo/real_buildable/pool3/h2_404/rb_00078/env.xml
1push,easy_001,49,0,2.143,0.2857,short,/common/users/dm1487/scratch_namo/real_buildable/pool3/h2_404/rb_00078/env.xml
1push,easy_001,49,1,2.143,0.2857,short,/common/users/dm1487/scratch_namo/real_buildable/pool3/h2_404/rb_00078/env.xml
1push,easy_001,49,2,2.143,0.2857,short,/common/users/dm1487/scratch_namo/real_buildable/pool3/h2_404/rb_00078/env.xml
1push,easy_001,49,3,2.143,0.2857,short,/common/users/dm1487/scratch_namo/real_buildable/pool3/h2_404/rb_00078/env.xml
1push,easy_001,49,4,2.143,0.2857,short,/common/users/dm1487/scratch_namo/real_buildable/pool3/h2_404/rb_00078/env.xml
1push,easy_001,51,0,3.214,0.4286,short,/common/users/dm1487/scratch_namo/real_buildable/pool3/h2_404/rb_00078/env.xml
1push,easy_001,51,1,3.214,0.4286,short,/common/users/dm1487/scratch_namo/real_buildable/pool3/h2_404/rb_00078/env.xml
1push,easy_001,51,2,3.214,0.4286,short,/common/users/dm1487/scratch_namo/real_buildable/pool3/h2_404/rb_00078/env.xml
1push,easy_001,51,3,3.214,0.4286,short,/common/users/dm1487/scratch_namo/real_buildable/pool3/h2_404/rb_00078/env.xml
1push,easy_001,51,4,3.214,0.4286,short,/common/users/dm1487/scratch_namo/real_buildable/pool3/h2_404/rb_00078/env.xml
1push,easy_001,53,0,4.286,0.5714,short,/common/users/dm1487/scratch_namo/real_buildable/pool3/h2_404/rb_00078/env.xml
1push,easy_001,53,1,4.286,0.5714,short,/common/users/dm1487/scratch_namo/real_buildable/pool3/h2_404/rb_00078/env.xml
1push,easy_001,53,2,4.286,0.5714,short,/common/users/dm1487/scratch_namo/real_buildable/pool3/h2_404/rb_00078/env.xml
1push,easy_001,53,3,4.286,0.5714,short,/common/users/dm1487/scratch_namo/real_buildable/pool3/h2_404/rb_00078/env.xml
1push,easy_001,53,4,4.286,0.5714,short,/common/users/dm1487/scratch_namo/real_buildable/pool3/h2_404/rb_00078/env.xml
1push,easy_001,55,0,5.357,0.7143,short,/common/users/dm1487/scratch_namo/real_buildable/pool3/h2_404/rb_00078/env.xml
1push,easy_001,55,1,5.357,0.7143,short,/common/users/dm1487/scratch_namo/real_buildable/pool3/h2_404/rb_00078/env.xml
1push,easy_001,55,2,5.357,0.7143,short,/common/users/dm1487/scratch_namo/real_buildable/pool3/h2_404/rb_00078/env.xml
1push,easy_001,55,3,5.357,0.7143,short,/common/users/dm1487/scratch_namo/real_buildable/pool3/h2_404/rb_00078/env.xml
1push,easy_001,55,4,5.357,0.7143,short,/common/users/dm1487/scratch_namo/real_buildable/pool3/h2_404/rb_00078/env.xml
1push,easy_001,57,0,6.429,0.8571,short,/common/users/dm1487/scratch_namo/real_buildable/pool3/h2_404/rb_00078/env.xml
1push,easy_001,57,1,6.429,0.8571,short,/common/users/dm1487/scratch_namo/real_buildable/pool3/h2_404/rb_00078/env.xml
1push,easy_001,57,2,6.429,0.8571,short,/common/users/dm1487/scratch_namo/real_buildable/pool3/h2_404/rb_00078/env.xml
1push,easy_001,57,3,6.429,0.8571,short,/common/users/dm1487/scratch_namo/real_buildable/pool3/h2_404/rb_00078/env.xml
1push,easy_001,57,4,6.429,0.8571,short,/common/users/dm1487/scratch_namo/real_buildable/pool3/h2_404/rb_00078/env.xml
1push,easy_001,59,0,7.5,1.0,short,/common/users/dm1487/scratch_namo/real_buildable/pool3/h2_404/rb_00078/env.xml
1push,easy_001,59,1,7.5,1.0,short,/common/users/dm1487/scratch_namo/real_buildable/pool3/h2_404/rb_00078/env.xml
1push,easy_001,59,2,7.5,1.0,short,/common/users/dm1487/scratch_namo/real_buildable/pool3/h2_404/rb_00078/env.xml
1push,easy_001,59,3,7.5,1.0,short,/common/users/dm1487/scratch_namo/real_buildable/pool3/h2_404/rb_00078/env.xml
1push,easy_001,59,4,7.5,1.0,short,/common/users/dm1487/scratch_namo/real_buildable/pool3/h2_404/rb_00078/env.xml
