[RemoteObserver] Connected to tcp://localhost:5556
[2J[Hcheck_build  rb_00182_mirror_x   22:15:33
----------------------------------------------------------------
  wall_10    brick  MISSING (camera does not see it)
  wall_11    brick  MISSING (camera does not see it)
  wall_9     brick  MISSING (camera does not see it)
  obj_4      block  MISSING (camera does not see it)
  obj_1      block  MISSING (camera does not see it)
  robot      start  MISSING (camera does not see it)
----------------------------------------------------------------
OK band: +/-2.0cm, +/-10deg (display only). Enter = run checksum. Ctrl+C = quit.
QFontDatabase: Cannot find font directory /home/dhruv/miniconda3/envs/namo312/lib/python3.12/site-packages/cv2/qt/fonts.
Note that Qt no longer ships fonts. Deploy some (from https://dejavu-fonts.github.io/ for example) or switch to fontconfig.
QFontDatabase: Cannot find font directory /home/dhruv/miniconda3/envs/namo312/lib/python3.12/site-packages/cv2/qt/fonts.
Note that Qt no longer ships fonts. Deploy some (from https://dejavu-fonts.github.io/ for example) or switch to fontconfig.
QFontDatabase: Cannot find font directory /home/dhruv/miniconda3/envs/namo312/lib/python3.12/site-packages/cv2/qt/fonts.
Note that Qt no longer ships fonts. Deploy some (from https://dejavu-fonts.github.io/ for example) or switch to fontconfig.
QFontDatabase: Cannot find font directory /home/dhruv/miniconda3/envs/namo312/lib/python3.12/site-packages/cv2/qt/fonts.
Note that Qt no longer ships fonts. Deploy some (from https://dejavu-fonts.github.io/ for example) or switch to fontconfig.
QFontDatabase: Cannot find font directory /home/dhruv/miniconda3/envs/namo312/lib/python3.12/site-packages/cv2/qt/fonts.
Note that Qt no longer ships fonts. Deploy some (from https://dejavu-fonts.github.io/ for example) or switch to fontconfig.
[2J[Hcheck_build  rb_00182_mirror_x   22:15:33
----------------------------------------------------------------
  wall_10    brick  MISSING (camera does not see it)
  wall_11    brick  MISSING (camera does not see it)
  wall_9     brick  MISSING (camera does not see it)
  obj_4      block  MISSING (camera does not see it)
  obj_1      block  MISSING (camera does not see it)
  robot      start  MISSING (camera does not see it)
----------------------------------------------------------------
OK band: +/-2.0cm, +/-10deg (display only). Enter = run checksum. Ctrl+C = quit.
[2J[Hcheck_build  rb_00182_mirror_x   22:15:34
----------------------------------------------------------------
  wall_10    brick  MISSING (camera does not see it)
  wall_11    brick  MISSING (camera does not see it)
  wall_9     brick  MISSING (camera does not see it)
  obj_4      block  MISSING (camera does not see it)
  obj_1      block  MISSING (camera does not see it)
  robot      start  MISSING (camera does not see it)
----------------------------------------------------------------
OK band: +/-2.0cm, +/-10deg (display only). Enter = run checksum. Ctrl+C = quit.
[2J[Hcheck_build  rb_00182_mirror_x   22:15:34
----------------------------------------------------------------
  wall_10    brick  MISSING (camera does not see it)
  wall_11    brick  MISSING (camera does not see it)
  wall_9     brick  MISSING (camera does not see it)
  obj_4      block  MISSING (camera does not see it)
  obj_1      block  MISSING (camera does not see it)
  robot      start  MISSING (camera does not see it)
----------------------------------------------------------------
OK band: +/-2.0cm, +/-10deg (display only). Enter = run checksum. Ctrl+C = quit.
[2J[Hcheck_build  rb_00182_mirror_x   22:15:35
----------------------------------------------------------------
  wall_10    brick  MISSING (camera does not see it)
  wall_11    brick  MISSING (camera does not see it)
  wall_9     brick  MISSING (camera does not see it)
  obj_4      block  MISSING (camera does not see it)
  obj_1      block  MISSING (camera does not see it)
  robot      start  MISSING (camera does not see it)
----------------------------------------------------------------
OK band: +/-2.0cm, +/-10deg (display only). Enter = run checksum. Ctrl+C = quit.
[2J[Hcheck_build  rb_00182_mirror_x   22:15:35
----------------------------------------------------------------
  wall_10    brick  MISSING (camera does not see it)
  wall_11    brick  MISSING (camera does not see it)
  wall_9     brick  MISSING (camera does not see it)
  obj_4      block  MISSING (camera does not see it)
  obj_1      block  MISSING (camera does not see it)
  robot      start  MISSING (camera does not see it)
----------------------------------------------------------------
OK band: +/-2.0cm, +/-10deg (display only). Enter = run checksum. Ctrl+C = quit.
[2J[Hcheck_build  rb_00182_mirror_x   22:15:36
----------------------------------------------------------------
  wall_10    brick  MISSING (camera does not see it)
  wall_11    brick  MISSING (camera does not see it)
  wall_9     brick  MISSING (camera does not see it)
  obj_4      block  MISSING (camera does not see it)
  obj_1      block  MISSING (camera does not see it)
  robot      start  MISSING (camera does not see it)
----------------------------------------------------------------
OK band: +/-2.0cm, +/-10deg (display only). Enter = run checksum. Ctrl+C = quit.
[2J[Hcheck_build  rb_00182_mirror_x   22:15:36
----------------------------------------------------------------
  wall_10    brick  MISSING (camera does not see it)
  wall_11    brick  MISSING (camera does not see it)
  wall_9     brick  MISSING (camera does not see it)
  obj_4      block  MISSING (camera does not see it)
  obj_1      block  MISSING (camera does not see it)
  robot      start  MISSING (camera does not see it)
----------------------------------------------------------------
OK band: +/-2.0cm, +/-10deg (display only). Enter = run checksum. Ctrl+C = quit.
[2J[Hcheck_build  rb_00182_mirror_x   22:15:37
----------------------------------------------------------------
  wall_10    brick  MISSING (camera does not see it)
  wall_11    brick  MISSING (camera does not see it)
  wall_9     brick  MISSING (camera does not see it)
  obj_4      block  MISSING (camera does not see it)
  obj_1      block  MISSING (camera does not see it)
  robot      start  MISSING (camera does not see it)
----------------------------------------------------------------
OK band: +/-2.0cm, +/-10deg (display only). Enter = run checksum. Ctrl+C = quit.
[2J[Hcheck_build  rb_00182_mirror_x   22:15:37
----------------------------------------------------------------
  wall_10    brick  MISSING (camera does not see it)
  wall_11    brick  MISSING (camera does not see it)
  wall_9     brick  MISSING (camera does not see it)
  obj_4      block  MISSING (camera does not see it)
  obj_1      block  MISSING (camera does not see it)
  robot      start  MISSING (camera does not see it)
----------------------------------------------------------------
OK band: +/-2.0cm, +/-10deg (display only). Enter = run checksum. Ctrl+C = quit.
[2J[Hcheck_build  rb_00182_mirror_x   22:15:38
----------------------------------------------------------------
  wall_10    brick  MISSING (camera does not see it)
  wall_11    brick  MISSING (camera does not see it)
  wall_9     brick  MISSING (camera does not see it)
  obj_4      block  MISSING (camera does not see it)
  obj_1      block  MISSING (camera does not see it)
  robot      start  MISSING (camera does not see it)
----------------------------------------------------------------
OK band: +/-2.0cm, +/-10deg (display only). Enter = run checksum. Ctrl+C = quit.
[2J[Hcheck_build  rb_00182_mirror_x   22:15:38
----------------------------------------------------------------
  wall_10    brick  MISSING (camera does not see it)
  wall_11    brick  MISSING (camera does not see it)
  wall_9     brick  MISSING (camera does not see it)
  obj_4      block  MISSING (camera does not see it)
  obj_1      block  MISSING (camera does not see it)
  robot      start  MISSING (camera does not see it)
----------------------------------------------------------------
OK band: +/-2.0cm, +/-10deg (display only). Enter = run checksum. Ctrl+C = quit.
[2J[Hcheck_build  rb_00182_mirror_x   22:15:39
----------------------------------------------------------------
  wall_10    brick  MISSING (camera does not see it)
  wall_11    brick  MISSING (camera does not see it)
  wall_9     brick  MISSING (camera does not see it)
  obj_4      block  MISSING (camera does not see it)
  obj_1      block  MISSING (camera does not see it)
  robot      start  MISSING (camera does not see it)
----------------------------------------------------------------
OK band: +/-2.0cm, +/-10deg (display only). Enter = run checksum. Ctrl+C = quit.
[2J[Hcheck_build  rb_00182_mirror_x   22:15:39
----------------------------------------------------------------
  wall_10    brick  MISSING (camera does not see it)
  wall_11    brick  MISSING (camera does not see it)
  wall_9     brick  MISSING (camera does not see it)
  obj_4      block  MISSING (camera does not see it)
  obj_1      block  MISSING (camera does not see it)
  robot      start  MISSING (camera does not see it)
----------------------------------------------------------------
OK band: +/-2.0cm, +/-10deg (display only). Enter = run checksum. Ctrl+C = quit.
[2J[Hcheck_build  rb_00182_mirror_x   22:15:40
----------------------------------------------------------------
  wall_10    brick  MISSING (camera does not see it)
  wall_11    brick  MISSING (camera does not see it)
  wall_9     brick  MISSING (camera does not see it)
  obj_4      block  MISSING (camera does not see it)
  obj_1      block  MISSING (camera does not see it)
  robot      start  MISSING (camera does not see it)
----------------------------------------------------------------
OK band: +/-2.0cm, +/-10deg (display only). Enter = run checksum. Ctrl+C = quit.
[2J[Hcheck_build  rb_00182_mirror_x   22:15:40
----------------------------------------------------------------
  wall_10    brick  MISSING (camera does not see it)
  wall_11    brick  MISSING (camera does not see it)
  wall_9     brick  MISSING (camera does not see it)
  obj_4      block  MISSING (camera does not see it)
  obj_1      block  MISSING (camera does not see it)
  robot      start  MISSING (camera does not see it)
----------------------------------------------------------------
OK band: +/-2.0cm, +/-10deg (display only). Enter = run checksum. Ctrl+C = quit.
[2J[Hcheck_build  rb_00182_mirror_x   22:15:41
----------------------------------------------------------------
  wall_10    brick  MISSING (camera does not see it)
  wall_11    brick  MISSING (camera does not see it)
  wall_9     brick  MISSING (camera does not see it)
  obj_4      block  MISSING (camera does not see it)
  obj_1      block  MISSING (camera does not see it)
  robot      start  MISSING (camera does not see it)
----------------------------------------------------------------
OK band: +/-2.0cm, +/-10deg (display only). Enter = run checksum. Ctrl+C = quit.
[2J[Hcheck_build  rb_00182_mirror_x   22:15:41
----------------------------------------------------------------
  wall_10    brick  MISSING (camera does not see it)
  wall_11    brick  MISSING (camera does not see it)
  wall_9     brick  MISSING (camera does not see it)
  obj_4      block  MISSING (camera does not see it)
  obj_1      block  MISSING (camera does not see it)
  robot      start  MISSING (camera does not see it)
----------------------------------------------------------------
OK band: +/-2.0cm, +/-10deg (display only). Enter = run checksum. Ctrl+C = quit.
[2J[Hcheck_build  rb_00182_mirror_x   22:15:42
----------------------------------------------------------------
  wall_10    brick  MISSING (camera does not see it)
  wall_11    brick  MISSING (camera does not see it)
  wall_9     brick  MISSING (camera does not see it)
  obj_4      block  MISSING (camera does not see it)
  obj_1      block  MISSING (camera does not see it)
  robot      start  MISSING (camera does not see it)
----------------------------------------------------------------
OK band: +/-2.0cm, +/-10deg (display only). Enter = run checksum. Ctrl+C = quit.
[2J[Hcheck_build  rb_00182_mirror_x   22:15:42
----------------------------------------------------------------
  wall_10    brick  MISSING (camera does not see it)
  wall_11    brick  MISSING (camera does not see it)
  wall_9     brick  MISSING (camera does not see it)
  obj_4      block  MISSING (camera does not see it)
  obj_1      block  MISSING (camera does not see it)
  robot      start  MISSING (camera does not see it)
----------------------------------------------------------------
OK band: +/-2.0cm, +/-10deg (display only). Enter = run checksum. Ctrl+C = quit.
[2J[Hcheck_build  rb_00182_mirror_x   22:15:43
----------------------------------------------------------------
  wall_10    brick  MISSING (camera does not see it)
  wall_11    brick  MISSING (camera does not see it)
  wall_9     brick  MISSING (camera does not see it)
  obj_4      block  MISSING (camera does not see it)
  obj_1      block  MISSING (camera does not see it)
  robot      start  MISSING (camera does not see it)
----------------------------------------------------------------
OK band: +/-2.0cm, +/-10deg (display only). Enter = run checksum. Ctrl+C = quit.
  no checksum columns on this sheet, cannot verify the build.
[2J[Hcheck_build  rb_00182_mirror_x   22:15:43
----------------------------------------------------------------
  wall_10    brick  MISSING (camera does not see it)
  wall_11    brick  MISSING (camera does not see it)
  wall_9     brick  MISSING (camera does not see it)
  obj_4      block  MISSING (camera does not see it)
  obj_1      block  MISSING (camera does not see it)
  robot      start  MISSING (camera does not see it)
----------------------------------------------------------------
OK band: +/-2.0cm, +/-10deg (display only). Enter = run checksum. Ctrl+C = quit.
[2J[Hcheck_build  rb_00182_mirror_x   22:15:44
----------------------------------------------------------------
  wall_10    brick  MISSING (camera does not see it)
  wall_11    brick  MISSING (camera does not see it)
  wall_9     brick  MISSING (camera does not see it)
  obj_4      block  MISSING (camera does not see it)
  obj_1      block  MISSING (camera does not see it)
  robot      start  MISSING (camera does not see it)
----------------------------------------------------------------
OK band: +/-2.0cm, +/-10deg (display only). Enter = run checksum. Ctrl+C = quit.
[2J[Hcheck_build  rb_00182_mirror_x   22:15:44
----------------------------------------------------------------
  wall_10    brick  MISSING (camera does not see it)
  wall_11    brick  MISSING (camera does not see it)
  wall_9     brick  MISSING (camera does not see it)
  obj_4      block  MISSING (camera does not see it)
  obj_1      block  MISSING (camera does not see it)
  robot      start  MISSING (camera does not see it)
----------------------------------------------------------------
OK band: +/-2.0cm, +/-10deg (display only). Enter = run checksum. Ctrl+C = quit.
[2J[Hcheck_build  rb_00182_mirror_x   22:15:45
----------------------------------------------------------------
  wall_10    brick  MISSING (camera does not see it)
  wall_11    brick  MISSING (camera does not see it)
  wall_9     brick  MISSING (camera does not see it)
  obj_4      block  MISSING (camera does not see it)
  obj_1      block  MISSING (camera does not see it)
  robot      start  MISSING (camera does not see it)
----------------------------------------------------------------
OK band: +/-2.0cm, +/-10deg (display only). Enter = run checksum. Ctrl+C = quit.
[2J[Hcheck_build  rb_00182_mirror_x   22:15:45
----------------------------------------------------------------
  wall_10    brick  MISSING (camera does not see it)
  wall_11    brick  MISSING (camera does not see it)
  wall_9     brick  MISSING (camera does not see it)
  obj_4      block  MISSING (camera does not see it)
  obj_1      block  MISSING (camera does not see it)
  robot      start  MISSING (camera does not see it)
----------------------------------------------------------------
OK band: +/-2.0cm, +/-10deg (display only). Enter = run checksum. Ctrl+C = quit.
[2J[Hcheck_build  rb_00182_mirror_x   22:15:46
----------------------------------------------------------------
  wall_10    brick  MISSING (camera does not see it)
  wall_11    brick  MISSING (camera does not see it)
  wall_9     brick  MISSING (camera does not see it)
  obj_4      block  MISSING (camera does not see it)
  obj_1      block  MISSING (camera does not see it)
  robot      start  MISSING (camera does not see it)
----------------------------------------------------------------
OK band: +/-2.0cm, +/-10deg (display only). Enter = run checksum. Ctrl+C = quit.
[2J[Hcheck_build  rb_00182_mirror_x   22:15:46
----------------------------------------------------------------
  wall_10    brick  MISSING (camera does not see it)
  wall_11    brick  MISSING (camera does not see it)
  wall_9     brick  MISSING (camera does not see it)
  obj_4      block  MISSING (camera does not see it)
  obj_1      block  MISSING (camera does not see it)
  robot      start  MISSING (camera does not see it)
----------------------------------------------------------------
OK band: +/-2.0cm, +/-10deg (display only). Enter = run checksum. Ctrl+C = quit.
[2J[Hcheck_build  rb_00182_mirror_x   22:15:47
----------------------------------------------------------------
  wall_10    brick  MISSING (camera does not see it)
  wall_11    brick  MISSING (camera does not see it)
  wall_9     brick  MISSING (camera does not see it)
  obj_4      block  MISSING (camera does not see it)
  obj_1      block  MISSING (camera does not see it)
  robot      start  MISSING (camera does not see it)
----------------------------------------------------------------
OK band: +/-2.0cm, +/-10deg (display only). Enter = run checksum. Ctrl+C = quit.
[2J[Hcheck_build  rb_00182_mirror_x   22:15:47
----------------------------------------------------------------
  wall_10    brick  MISSING (camera does not see it)
  wall_11    brick  MISSING (camera does not see it)
  wall_9     brick  MISSING (camera does not see it)
  obj_4      block  MISSING (camera does not see it)
  obj_1      block  MISSING (camera does not see it)
  robot      start  MISSING (camera does not see it)
----------------------------------------------------------------
OK band: +/-2.0cm, +/-10deg (display only). Enter = run checksum. Ctrl+C = quit.
[2J[Hcheck_build  rb_00182_mirror_x   22:15:48
----------------------------------------------------------------
  wall_10    brick  MISSING (camera does not see it)
  wall_11    brick  MISSING (camera does not see it)
  wall_9     brick  MISSING (camera does not see it)
  obj_4      block  MISSING (camera does not see it)
  obj_1      block  MISSING (camera does not see it)
  robot      start  MISSING (camera does not see it)
----------------------------------------------------------------
OK band: +/-2.0cm, +/-10deg (display only). Enter = run checksum. Ctrl+C = quit.
[2J[Hcheck_build  rb_00182_mirror_x   22:15:48
----------------------------------------------------------------
  wall_10    brick  MISSING (camera does not see it)
  wall_11    brick  MISSING (camera does not see it)
  wall_9     brick  MISSING (camera does not see it)
  obj_4      block  MISSING (camera does not see it)
  obj_1      block  MISSING (camera does not see it)
  robot      start  MISSING (camera does not see it)
----------------------------------------------------------------
OK band: +/-2.0cm, +/-10deg (display only). Enter = run checksum. Ctrl+C = quit.
[2J[Hcheck_build  rb_00182_mirror_x   22:15:49
----------------------------------------------------------------
  wall_10    brick  MISSING (camera does not see it)
  wall_11    brick  MISSING (camera does not see it)
  wall_9     brick  MISSING (camera does not see it)
  obj_4      block  MISSING (camera does not see it)
  obj_1      block  MISSING (camera does not see it)
  robot      start  MISSING (camera does not see it)
----------------------------------------------------------------
OK band: +/-2.0cm, +/-10deg (display only). Enter = run checksum. Ctrl+C = quit.
[2J[Hcheck_build  rb_00182_mirror_x   22:15:49
----------------------------------------------------------------
  wall_10    brick  MISSING (camera does not see it)
  wall_11    brick  MISSING (camera does not see it)
  wall_9     brick  MISSING (camera does not see it)
  obj_4      block  MISSING (camera does not see it)
  obj_1      block  MISSING (camera does not see it)
  robot      start  MISSING (camera does not see it)
----------------------------------------------------------------
OK band: +/-2.0cm, +/-10deg (display only). Enter = run checksum. Ctrl+C = quit.
[2J[Hcheck_build  rb_00182_mirror_x   22:15:50
----------------------------------------------------------------
  wall_10    brick  MISSING (camera does not see it)
  wall_11    brick  MISSING (camera does not see it)
  wall_9     brick  MISSING (camera does not see it)
  obj_4      block  MISSING (camera does not see it)
  obj_1      block  MISSING (camera does not see it)
  robot      start  MISSING (camera does not see it)
----------------------------------------------------------------
OK band: +/-2.0cm, +/-10deg (display only). Enter = run checksum. Ctrl+C = quit.
[2J[Hcheck_build  rb_00182_mirror_x   22:15:50
----------------------------------------------------------------
  wall_10    brick  MISSING (camera does not see it)
  wall_11    brick  MISSING (camera does not see it)
  wall_9     brick  MISSING (camera does not see it)
  obj_4      block  MISSING (camera does not see it)
  obj_1      block  MISSING (camera does not see it)
  robot      start  MISSING (camera does not see it)
----------------------------------------------------------------
OK band: +/-2.0cm, +/-10deg (display only). Enter = run checksum. Ctrl+C = quit.
[2J[Hcheck_build  rb_00182_mirror_x   22:15:51
----------------------------------------------------------------
  wall_10    brick  MISSING (camera does not see it)
  wall_11    brick  MISSING (camera does not see it)
  wall_9     brick  MISSING (camera does not see it)
  obj_4      block  MISSING (camera does not see it)
  obj_1      block  MISSING (camera does not see it)
  robot      start  MISSING (camera does not see it)
----------------------------------------------------------------
OK band: +/-2.0cm, +/-10deg (display only). Enter = run checksum. Ctrl+C = quit.
[2J[Hcheck_build  rb_00182_mirror_x   22:15:51
----------------------------------------------------------------
  wall_10    brick  MISSING (camera does not see it)
  wall_11    brick  MISSING (camera does not see it)
  wall_9     brick  MISSING (camera does not see it)
  obj_4      block  MISSING (camera does not see it)
  obj_1      block  MISSING (camera does not see it)
  robot      start  MISSING (camera does not see it)
----------------------------------------------------------------
OK band: +/-2.0cm, +/-10deg (display only). Enter = run checksum. Ctrl+C = quit.
[2J[Hcheck_build  rb_00182_mirror_x   22:15:52
----------------------------------------------------------------
  wall_10    brick  MISSING (camera does not see it)
  wall_11    brick  MISSING (camera does not see it)
  wall_9     brick  MISSING (camera does not see it)
  obj_4      block  MISSING (camera does not see it)
  obj_1      block  MISSING (camera does not see it)
  robot      start  MISSING (camera does not see it)
----------------------------------------------------------------
OK band: +/-2.0cm, +/-10deg (display only). Enter = run checksum. Ctrl+C = quit.
[2J[Hcheck_build  rb_00182_mirror_x   22:15:52
----------------------------------------------------------------
  wall_10    brick  MISSING (camera does not see it)
  wall_11    brick  MISSING (camera does not see it)
  wall_9     brick  MISSING (camera does not see it)
  obj_4      block  MISSING (camera does not see it)
  obj_1      block  MISSING (camera does not see it)
  robot      start  MISSING (camera does not see it)
----------------------------------------------------------------
OK band: +/-2.0cm, +/-10deg (display only). Enter = run checksum. Ctrl+C = quit.
[2J[Hcheck_build  rb_00182_mirror_x   22:15:53
----------------------------------------------------------------
  wall_10    brick  MISSING (camera does not see it)
  wall_11    brick  MISSING (camera does not see it)
  wall_9     brick  MISSING (camera does not see it)
  obj_4      block  MISSING (camera does not see it)
  obj_1      block  MISSING (camera does not see it)
  robot      start  MISSING (camera does not see it)
----------------------------------------------------------------
OK band: +/-2.0cm, +/-10deg (display only). Enter = run checksum. Ctrl+C = quit.
[2J[Hcheck_build  rb_00182_mirror_x   22:15:53
----------------------------------------------------------------
  wall_10    brick  MISSING (camera does not see it)
  wall_11    brick  MISSING (camera does not see it)
  wall_9     brick  MISSING (camera does not see it)
  obj_4      block  MISSING (camera does not see it)
  obj_1      block  MISSING (camera does not see it)
  robot      start  MISSING (camera does not see it)
----------------------------------------------------------------
OK band: +/-2.0cm, +/-10deg (display only). Enter = run checksum. Ctrl+C = quit.
  no checksum columns on this sheet, cannot verify the build.
[2J[Hcheck_build  rb_00182_mirror_x   22:15:54
----------------------------------------------------------------
  wall_10    brick  MISSING (camera does not see it)
  wall_11    brick  MISSING (camera does not see it)
  wall_9     brick  MISSING (camera does not see it)
  obj_4      block  MISSING (camera does not see it)
  obj_1      block  MISSING (camera does not see it)
  robot      start  MISSING (camera does not see it)
----------------------------------------------------------------
OK band: +/-2.0cm, +/-10deg (display only). Enter = run checksum. Ctrl+C = quit.
[2J[Hcheck_build  rb_00182_mirror_x   22:15:54
----------------------------------------------------------------
  wall_10    brick  MISSING (camera does not see it)
  wall_11    brick  MISSING (camera does not see it)
  wall_9     brick  MISSING (camera does not see it)
  obj_4      block  MISSING (camera does not see it)
  obj_1      block  MISSING (camera does not see it)
  robot      start  MISSING (camera does not see it)
----------------------------------------------------------------
OK band: +/-2.0cm, +/-10deg (display only). Enter = run checksum. Ctrl+C = quit.
[2J[Hcheck_build  rb_00182_mirror_x   22:15:55
----------------------------------------------------------------
  wall_10    brick  MISSING (camera does not see it)
  wall_11    brick  MISSING (camera does not see it)
  wall_9     brick  MISSING (camera does not see it)
  obj_4      block  MISSING (camera does not see it)
  obj_1      block  MISSING (camera does not see it)
  robot      start  MISSING (camera does not see it)
----------------------------------------------------------------
OK band: +/-2.0cm, +/-10deg (display only). Enter = run checksum. Ctrl+C = quit.
[2J[Hcheck_build  rb_00182_mirror_x   22:15:55
----------------------------------------------------------------
  wall_10    brick  MISSING (camera does not see it)
  wall_11    brick  MISSING (camera does not see it)
  wall_9     brick  MISSING (camera does not see it)
  obj_4      block  MISSING (camera does not see it)
  obj_1      block  MISSING (camera does not see it)
  robot      start  MISSING (camera does not see it)
----------------------------------------------------------------
OK band: +/-2.0cm, +/-10deg (display only). Enter = run checksum. Ctrl+C = quit.
[2J[Hcheck_build  rb_00182_mirror_x   22:15:56
----------------------------------------------------------------
  wall_10    brick  MISSING (camera does not see it)
  wall_11    brick  MISSING (camera does not see it)
  wall_9     brick  MISSING (camera does not see it)
  obj_4      block  MISSING (camera does not see it)
  obj_1      block  MISSING (camera does not see it)
  robot      start  MISSING (camera does not see it)
----------------------------------------------------------------
OK band: +/-2.0cm, +/-10deg (display only). Enter = run checksum. Ctrl+C = quit.
[2J[Hcheck_build  rb_00182_mirror_x   22:15:56
----------------------------------------------------------------
  wall_10    brick  MISSING (camera does not see it)
  wall_11    brick  MISSING (camera does not see it)
  wall_9     brick  MISSING (camera does not see it)
  obj_4      block  MISSING (camera does not see it)
  obj_1      block  MISSING (camera does not see it)
  robot      start  MISSING (camera does not see it)
----------------------------------------------------------------
OK band: +/-2.0cm, +/-10deg (display only). Enter = run checksum. Ctrl+C = quit.
[2J[Hcheck_build  rb_00182_mirror_x   22:15:57
----------------------------------------------------------------
  wall_10    brick  MISSING (camera does not see it)
  wall_11    brick  MISSING (camera does not see it)
  wall_9     brick  MISSING (camera does not see it)
  obj_4      block  MISSING (camera does not see it)
  obj_1      block  MISSING (camera does not see it)
  robot      start  MISSING (camera does not see it)
----------------------------------------------------------------
OK band: +/-2.0cm, +/-10deg (display only). Enter = run checksum. Ctrl+C = quit.
[2J[Hcheck_build  rb_00182_mirror_x   22:15:57
----------------------------------------------------------------
  wall_10    brick  MISSING (camera does not see it)
  wall_11    brick  MISSING (camera does not see it)
  wall_9     brick  MISSING (camera does not see it)
  obj_4      block  MISSING (camera does not see it)
  obj_1      block  MISSING (camera does not see it)
  robot      start  MISSING (camera does not see it)
----------------------------------------------------------------
OK band: +/-2.0cm, +/-10deg (display only). Enter = run checksum. Ctrl+C = quit.
[2J[Hcheck_build  rb_00182_mirror_x   22:15:58
----------------------------------------------------------------
  wall_10    brick  MISSING (camera does not see it)
  wall_11    brick  MISSING (camera does not see it)
  wall_9     brick  MISSING (camera does not see it)
  obj_4      block  MISSING (camera does not see it)
  obj_1      block  MISSING (camera does not see it)
  robot      start  MISSING (camera does not see it)
----------------------------------------------------------------
OK band: +/-2.0cm, +/-10deg (display only). Enter = run checksum. Ctrl+C = quit.
[2J[Hcheck_build  rb_00182_mirror_x   22:15:58
----------------------------------------------------------------
  wall_10    brick  MISSING (camera does not see it)
  wall_11    brick  MISSING (camera does not see it)
  wall_9     brick  MISSING (camera does not see it)
  obj_4      block  MISSING (camera does not see it)
  obj_1      block  MISSING (camera does not see it)
  robot      start  MISSING (camera does not see it)
----------------------------------------------------------------
OK band: +/-2.0cm, +/-10deg (display only). Enter = run checksum. Ctrl+C = quit.
[2J[Hcheck_build  rb_00182_mirror_x   22:15:59
----------------------------------------------------------------
  wall_10    brick  MISSING (camera does not see it)
  wall_11    brick  MISSING (camera does not see it)
  wall_9     brick  MISSING (camera does not see it)
  obj_4      block  MISSING (camera does not see it)
  obj_1      block  MISSING (camera does not see it)
  robot      start  MISSING (camera does not see it)
----------------------------------------------------------------
OK band: +/-2.0cm, +/-10deg (display only). Enter = run checksum. Ctrl+C = quit.
[2J[Hcheck_build  rb_00182_mirror_x   22:15:59
----------------------------------------------------------------
  wall_10    brick  MISSING (camera does not see it)
  wall_11    brick  MISSING (camera does not see it)
  wall_9     brick  MISSING (camera does not see it)
  obj_4      block  MISSING (camera does not see it)
  obj_1      block  MISSING (camera does not see it)
  robot      start  MISSING (camera does not see it)
----------------------------------------------------------------
OK band: +/-2.0cm, +/-10deg (display only). Enter = run checksum. Ctrl+C = quit.
[2J[Hcheck_build  rb_00182_mirror_x   22:16:00
----------------------------------------------------------------
  wall_10    brick  MISSING (camera does not see it)
  wall_11    brick  MISSING (camera does not see it)
  wall_9     brick  MISSING (camera does not see it)
  obj_4      block  MISSING (camera does not see it)
  obj_1      block  MISSING (camera does not see it)
  robot      start  MISSING (camera does not see it)
----------------------------------------------------------------
OK band: +/-2.0cm, +/-10deg (display only). Enter = run checksum. Ctrl+C = quit.
[2J[Hcheck_build  rb_00182_mirror_x   22:16:00
----------------------------------------------------------------
  wall_10    brick  MISSING (camera does not see it)
  wall_11    brick  MISSING (camera does not see it)
  wall_9     brick  MISSING (camera does not see it)
  obj_4      block  MISSING (camera does not see it)
  obj_1      block  MISSING (camera does not see it)
  robot      start  MISSING (camera does not see it)
----------------------------------------------------------------
OK band: +/-2.0cm, +/-10deg (display only). Enter = run checksum. Ctrl+C = quit.
[2J[Hcheck_build  rb_00182_mirror_x   22:16:01
----------------------------------------------------------------
  wall_10    brick  MISSING (camera does not see it)
  wall_11    brick  MISSING (camera does not see it)
  wall_9     brick  MISSING (camera does not see it)
  obj_4      block  MISSING (camera does not see it)
  obj_1      block  MISSING (camera does not see it)
  robot      start  MISSING (camera does not see it)
----------------------------------------------------------------
OK band: +/-2.0cm, +/-10deg (display only). Enter = run checksum. Ctrl+C = quit.
[2J[Hcheck_build  rb_00182_mirror_x   22:16:01
----------------------------------------------------------------
  wall_10    brick  MISSING (camera does not see it)
  wall_11    brick  MISSING (camera does not see it)
  wall_9     brick  MISSING (camera does not see it)
  obj_4      block  MISSING (camera does not see it)
  obj_1      block  MISSING (camera does not see it)
  robot      start  MISSING (camera does not see it)
----------------------------------------------------------------
OK band: +/-2.0cm, +/-10deg (display only). Enter = run checksum. Ctrl+C = quit.
[2J[Hcheck_build  rb_00182_mirror_x   22:16:02
----------------------------------------------------------------
  wall_10    brick  MISSING (camera does not see it)
  wall_11    brick  MISSING (camera does not see it)
  wall_9     brick  MISSING (camera does not see it)
  obj_4      block  MISSING (camera does not see it)
  obj_1      block  MISSING (camera does not see it)
  robot      start  MISSING (camera does not see it)
----------------------------------------------------------------
OK band: +/-2.0cm, +/-10deg (display only). Enter = run checksum. Ctrl+C = quit.
[2J[Hcheck_build  rb_00182_mirror_x   22:16:02
----------------------------------------------------------------
  wall_10    brick  MISSING (camera does not see it)
  wall_11    brick  MISSING (camera does not see it)
  wall_9     brick  MISSING (camera does not see it)
  obj_4      block  MISSING (camera does not see it)
  obj_1      block  MISSING (camera does not see it)
  robot      start  MISSING (camera does not see it)
----------------------------------------------------------------
OK band: +/-2.0cm, +/-10deg (display only). Enter = run checksum. Ctrl+C = quit.
[2J[Hcheck_build  rb_00182_mirror_x   22:16:03
----------------------------------------------------------------
  wall_10    brick  MISSING (camera does not see it)
  wall_11    brick  MISSING (camera does not see it)
  wall_9     brick  MISSING (camera does not see it)
  obj_4      block  MISSING (camera does not see it)
  obj_1      block  MISSING (camera does not see it)
  robot      start  MISSING (camera does not see it)
----------------------------------------------------------------
OK band: +/-2.0cm, +/-10deg (display only). Enter = run checksum. Ctrl+C = quit.
[2J[Hcheck_build  rb_00182_mirror_x   22:16:03
----------------------------------------------------------------
  wall_10    brick  MISSING (camera does not see it)
  wall_11    brick  MISSING (camera does not see it)
  wall_9     brick  MISSING (camera does not see it)
  obj_4      block  MISSING (camera does not see it)
  obj_1      block  MISSING (camera does not see it)
  robot      start  MISSING (camera does not see it)
----------------------------------------------------------------
OK band: +/-2.0cm, +/-10deg (display only). Enter = run checksum. Ctrl+C = quit.
  no checksum columns on this sheet, cannot verify the build.
[2J[Hcheck_build  rb_00182_mirror_x   22:16:04
----------------------------------------------------------------
  wall_10    brick  MISSING (camera does not see it)
  wall_11    brick  MISSING (camera does not see it)
  wall_9     brick  MISSING (camera does not see it)
  obj_4      block  MISSING (camera does not see it)
  obj_1      block  MISSING (camera does not see it)
  robot      start  MISSING (camera does not see it)
----------------------------------------------------------------
OK band: +/-2.0cm, +/-10deg (display only). Enter = run checksum. Ctrl+C = quit.
[2J[Hcheck_build  rb_00182_mirror_x   22:16:04
----------------------------------------------------------------
  wall_10    brick  MISSING (camera does not see it)
  wall_11    brick  MISSING (camera does not see it)
  wall_9     brick  MISSING (camera does not see it)
  obj_4      block  MISSING (camera does not see it)
  obj_1      block  MISSING (camera does not see it)
  robot      start  MISSING (camera does not see it)
----------------------------------------------------------------
OK band: +/-2.0cm, +/-10deg (display only). Enter = run checksum. Ctrl+C = quit.
[2J[Hcheck_build  rb_00182_mirror_x   22:16:05
----------------------------------------------------------------
  wall_10    brick  MISSING (camera does not see it)
  wall_11    brick  MISSING (camera does not see it)
  wall_9     brick  MISSING (camera does not see it)
  obj_4      block  MISSING (camera does not see it)
  obj_1      block  MISSING (camera does not see it)
  robot      start  MISSING (camera does not see it)
----------------------------------------------------------------
OK band: +/-2.0cm, +/-10deg (display only). Enter = run checksum. Ctrl+C = quit.
[2J[Hcheck_build  rb_00182_mirror_x   22:16:05
----------------------------------------------------------------
  wall_10    brick  MISSING (camera does not see it)
  wall_11    brick  MISSING (camera does not see it)
  wall_9     brick  MISSING (camera does not see it)
  obj_4      block  MISSING (camera does not see it)
  obj_1      block  MISSING (camera does not see it)
  robot      start  MISSING (camera does not see it)
----------------------------------------------------------------
OK band: +/-2.0cm, +/-10deg (display only). Enter = run checksum. Ctrl+C = quit.
[2J[Hcheck_build  rb_00182_mirror_x   22:16:06
----------------------------------------------------------------
  wall_10    brick  MISSING (camera does not see it)
  wall_11    brick  MISSING (camera does not see it)
  wall_9     brick  MISSING (camera does not see it)
  obj_4      block  MISSING (camera does not see it)
  obj_1      block  MISSING (camera does not see it)
  robot      start  MISSING (camera does not see it)
----------------------------------------------------------------
OK band: +/-2.0cm, +/-10deg (display only). Enter = run checksum. Ctrl+C = quit.
[2J[Hcheck_build  rb_00182_mirror_x   22:16:06
----------------------------------------------------------------
  wall_10    brick  MISSING (camera does not see it)
  wall_11    brick  MISSING (camera does not see it)
  wall_9     brick  MISSING (camera does not see it)
  obj_4      block  MISSING (camera does not see it)
  obj_1      block  MISSING (camera does not see it)
  robot      start  MISSING (camera does not see it)
----------------------------------------------------------------
OK band: +/-2.0cm, +/-10deg (display only). Enter = run checksum. Ctrl+C = quit.
[2J[Hcheck_build  rb_00182_mirror_x   22:16:07
----------------------------------------------------------------
  wall_10    brick  MISSING (camera does not see it)
  wall_11    brick  MISSING (camera does not see it)
  wall_9     brick  MISSING (camera does not see it)
  obj_4      block  MISSING (camera does not see it)
  obj_1      block  MISSING (camera does not see it)
  robot      start  MISSING (camera does not see it)
----------------------------------------------------------------
OK band: +/-2.0cm, +/-10deg (display only). Enter = run checksum. Ctrl+C = quit.
[2J[Hcheck_build  rb_00182_mirror_x   22:16:07
----------------------------------------------------------------
  wall_10    brick  MISSING (camera does not see it)
  wall_11    brick  MISSING (camera does not see it)
  wall_9     brick  MISSING (camera does not see it)
  obj_4      block  MISSING (camera does not see it)
  obj_1      block  MISSING (camera does not see it)
  robot      start  MISSING (camera does not see it)
----------------------------------------------------------------
OK band: +/-2.0cm, +/-10deg (display only). Enter = run checksum. Ctrl+C = quit.
[2J[Hcheck_build  rb_00182_mirror_x   22:16:08
----------------------------------------------------------------
  wall_10    brick  MISSING (camera does not see it)
  wall_11    brick  MISSING (camera does not see it)
  wall_9     brick  MISSING (camera does not see it)
  obj_4      block  MISSING (camera does not see it)
  obj_1      block  MISSING (camera does not see it)
  robot      start  MISSING (camera does not see it)
----------------------------------------------------------------
OK band: +/-2.0cm, +/-10deg (display only). Enter = run checksum. Ctrl+C = quit.
[2J[Hcheck_build  rb_00182_mirror_x   22:16:08
----------------------------------------------------------------
  wall_10    brick  MISSING (camera does not see it)
  wall_11    brick  MISSING (camera does not see it)
  wall_9     brick  MISSING (camera does not see it)
  obj_4      block  MISSING (camera does not see it)
  obj_1      block  MISSING (camera does not see it)
  robot      start  MISSING (camera does not see it)
----------------------------------------------------------------
OK band: +/-2.0cm, +/-10deg (display only). Enter = run checksum. Ctrl+C = quit.
[2J[Hcheck_build  rb_00182_mirror_x   22:16:09
----------------------------------------------------------------
  wall_10    brick  MISSING (camera does not see it)
  wall_11    brick  MISSING (camera does not see it)
  wall_9     brick  MISSING (camera does not see it)
  obj_4      block  MISSING (camera does not see it)
  obj_1      block  MISSING (camera does not see it)
  robot      start  MISSING (camera does not see it)
----------------------------------------------------------------
OK band: +/-2.0cm, +/-10deg (display only). Enter = run checksum. Ctrl+C = quit.
[2J[Hcheck_build  rb_00182_mirror_x   22:16:09
----------------------------------------------------------------
  wall_10    brick  MISSING (camera does not see it)
  wall_11    brick  MISSING (camera does not see it)
  wall_9     brick  MISSING (camera does not see it)
  obj_4      block  MISSING (camera does not see it)
  obj_1      block  MISSING (camera does not see it)
  robot      start  MISSING (camera does not see it)
----------------------------------------------------------------
OK band: +/-2.0cm, +/-10deg (display only). Enter = run checksum. Ctrl+C = quit.
[2J[Hcheck_build  rb_00182_mirror_x   22:16:10
----------------------------------------------------------------
  wall_10    brick  MISSING (camera does not see it)
  wall_11    brick  MISSING (camera does not see it)
  wall_9     brick  MISSING (camera does not see it)
  obj_4      block  MISSING (camera does not see it)
  obj_1      block  MISSING (camera does not see it)
  robot      start  MISSING (camera does not see it)
----------------------------------------------------------------
OK band: +/-2.0cm, +/-10deg (display only). Enter = run checksum. Ctrl+C = quit.
[2J[Hcheck_build  rb_00182_mirror_x   22:16:10
----------------------------------------------------------------
  wall_10    brick  MISSING (camera does not see it)
  wall_11    brick  MISSING (camera does not see it)
  wall_9     brick  MISSING (camera does not see it)
  obj_4      block  MISSING (camera does not see it)
  obj_1      block  MISSING (camera does not see it)
  robot      start  MISSING (camera does not see it)
----------------------------------------------------------------
OK band: +/-2.0cm, +/-10deg (display only). Enter = run checksum. Ctrl+C = quit.
[2J[Hcheck_build  rb_00182_mirror_x   22:16:11
----------------------------------------------------------------
  wall_10    brick  MISSING (camera does not see it)
  wall_11    brick  MISSING (camera does not see it)
  wall_9     brick  MISSING (camera does not see it)
  obj_4      block  MISSING (camera does not see it)
  obj_1      block  MISSING (camera does not see it)
  robot      start  MISSING (camera does not see it)
----------------------------------------------------------------
OK band: +/-2.0cm, +/-10deg (display only). Enter = run checksum. Ctrl+C = quit.
[2J[Hcheck_build  rb_00182_mirror_x   22:16:11
----------------------------------------------------------------
  wall_10    brick  MISSING (camera does not see it)
  wall_11    brick  MISSING (camera does not see it)
  wall_9     brick  MISSING (camera does not see it)
  obj_4      block  MISSING (camera does not see it)
  obj_1      block  MISSING (camera does not see it)
  robot      start  MISSING (camera does not see it)
----------------------------------------------------------------
OK band: +/-2.0cm, +/-10deg (display only). Enter = run checksum. Ctrl+C = quit.
[2J[Hcheck_build  rb_00182_mirror_x   22:16:12
----------------------------------------------------------------
  wall_10    brick  MISSING (camera does not see it)
  wall_11    brick  MISSING (camera does not see it)
  wall_9     brick  MISSING (camera does not see it)
  obj_4      block  MISSING (camera does not see it)
  obj_1      block  MISSING (camera does not see it)
  robot      start  MISSING (camera does not see it)
----------------------------------------------------------------
OK band: +/-2.0cm, +/-10deg (display only). Enter = run checksum. Ctrl+C = quit.
[2J[Hcheck_build  rb_00182_mirror_x   22:16:12
----------------------------------------------------------------
  wall_10    brick  MISSING (camera does not see it)
  wall_11    brick  MISSING (camera does not see it)
  wall_9     brick  MISSING (camera does not see it)
  obj_4      block  MISSING (camera does not see it)
  obj_1      block  MISSING (camera does not see it)
  robot      start  MISSING (camera does not see it)
----------------------------------------------------------------
OK band: +/-2.0cm, +/-10deg (display only). Enter = run checksum. Ctrl+C = quit.
[2J[Hcheck_build  rb_00182_mirror_x   22:16:13
----------------------------------------------------------------
  wall_10    brick  MISSING (camera does not see it)
  wall_11    brick  MISSING (camera does not see it)
  wall_9     brick  MISSING (camera does not see it)
  obj_4      block  MISSING (camera does not see it)
  obj_1      block  MISSING (camera does not see it)
  robot      start  MISSING (camera does not see it)
----------------------------------------------------------------
OK band: +/-2.0cm, +/-10deg (display only). Enter = run checksum. Ctrl+C = quit.
[2J[Hcheck_build  rb_00182_mirror_x   22:16:13
----------------------------------------------------------------
  wall_10    brick  MISSING (camera does not see it)
  wall_11    brick  MISSING (camera does not see it)
  wall_9     brick  MISSING (camera does not see it)
  obj_4      block  MISSING (camera does not see it)
  obj_1      block  MISSING (camera does not see it)
  robot      start  MISSING (camera does not see it)
----------------------------------------------------------------
OK band: +/-2.0cm, +/-10deg (display only). Enter = run checksum. Ctrl+C = quit.
  no checksum columns on this sheet, cannot verify the build.
[2J[Hcheck_build  rb_00182_mirror_x   22:16:14
----------------------------------------------------------------
  wall_10    brick  MISSING (camera does not see it)
  wall_11    brick  MISSING (camera does not see it)
  wall_9     brick  MISSING (camera does not see it)
  obj_4      block  MISSING (camera does not see it)
  obj_1      block  MISSING (camera does not see it)
  robot      start  MISSING (camera does not see it)
----------------------------------------------------------------
OK band: +/-2.0cm, +/-10deg (display only). Enter = run checksum. Ctrl+C = quit.
[2J[Hcheck_build  rb_00182_mirror_x   22:16:14
----------------------------------------------------------------
  wall_10    brick  MISSING (camera does not see it)
  wall_11    brick  MISSING (camera does not see it)
  wall_9     brick  MISSING (camera does not see it)
  obj_4      block  MISSING (camera does not see it)
  obj_1      block  MISSING (camera does not see it)
  robot      start  MISSING (camera does not see it)
----------------------------------------------------------------
OK band: +/-2.0cm, +/-10deg (display only). Enter = run checksum. Ctrl+C = quit.
[2J[Hcheck_build  rb_00182_mirror_x   22:16:15
----------------------------------------------------------------
  wall_10    brick  MISSING (camera does not see it)
  wall_11    brick  MISSING (camera does not see it)
  wall_9     brick  MISSING (camera does not see it)
  obj_4      block  MISSING (camera does not see it)
  obj_1      block  MISSING (camera does not see it)
  robot      start  MISSING (camera does not see it)
----------------------------------------------------------------
OK band: +/-2.0cm, +/-10deg (display only). Enter = run checksum. Ctrl+C = quit.
[2J[Hcheck_build  rb_00182_mirror_x   22:16:15
----------------------------------------------------------------
  wall_10    brick  MISSING (camera does not see it)
  wall_11    brick  MISSING (camera does not see it)
  wall_9     brick  MISSING (camera does not see it)
  obj_4      block  MISSING (camera does not see it)
  obj_1      block  MISSING (camera does not see it)
  robot      start  MISSING (camera does not see it)
----------------------------------------------------------------
OK band: +/-2.0cm, +/-10deg (display only). Enter = run checksum. Ctrl+C = quit.
[2J[Hcheck_build  rb_00182_mirror_x   22:16:16
----------------------------------------------------------------
  wall_10    brick  MISSING (camera does not see it)
  wall_11    brick  MISSING (camera does not see it)
  wall_9     brick  MISSING (camera does not see it)
  obj_4      block  MISSING (camera does not see it)
  obj_1      block  MISSING (camera does not see it)
  robot      start  MISSING (camera does not see it)
----------------------------------------------------------------
OK band: +/-2.0cm, +/-10deg (display only). Enter = run checksum. Ctrl+C = quit.
[2J[Hcheck_build  rb_00182_mirror_x   22:16:16
----------------------------------------------------------------
  wall_10    brick  MISSING (camera does not see it)
  wall_11    brick  MISSING (camera does not see it)
  wall_9     brick  MISSING (camera does not see it)
  obj_4      block  MISSING (camera does not see it)
  obj_1      block  MISSING (camera does not see it)
  robot      start  MISSING (camera does not see it)
----------------------------------------------------------------
OK band: +/-2.0cm, +/-10deg (display only). Enter = run checksum. Ctrl+C = quit.
[2J[Hcheck_build  rb_00182_mirror_x   22:16:17
----------------------------------------------------------------
  wall_10    brick  MISSING (camera does not see it)
  wall_11    brick  MISSING (camera does not see it)
  wall_9     brick  MISSING (camera does not see it)
  obj_4      block  MISSING (camera does not see it)
  obj_1      block  MISSING (camera does not see it)
  robot      start  MISSING (camera does not see it)
----------------------------------------------------------------
OK band: +/-2.0cm, +/-10deg (display only). Enter = run checksum. Ctrl+C = quit.
[2J[Hcheck_build  rb_00182_mirror_x   22:16:17
----------------------------------------------------------------
  wall_10    brick  MISSING (camera does not see it)
  wall_11    brick  MISSING (camera does not see it)
  wall_9     brick  MISSING (camera does not see it)
  obj_4      block  MISSING (camera does not see it)
  obj_1      block  MISSING (camera does not see it)
  robot      start  MISSING (camera does not see it)
----------------------------------------------------------------
OK band: +/-2.0cm, +/-10deg (display only). Enter = run checksum. Ctrl+C = quit.
[2J[Hcheck_build  rb_00182_mirror_x   22:16:18
----------------------------------------------------------------
  wall_10    brick  MISSING (camera does not see it)
  wall_11    brick  MISSING (camera does not see it)
  wall_9     brick  MISSING (camera does not see it)
  obj_4      block  MISSING (camera does not see it)
  obj_1      block  MISSING (camera does not see it)
  robot      start  MISSING (camera does not see it)
----------------------------------------------------------------
OK band: +/-2.0cm, +/-10deg (display only). Enter = run checksum. Ctrl+C = quit.
[2J[Hcheck_build  rb_00182_mirror_x   22:16:18
----------------------------------------------------------------
  wall_10    brick  MISSING (camera does not see it)
  wall_11    brick  MISSING (camera does not see it)
  wall_9     brick  MISSING (camera does not see it)
  obj_4      block  MISSING (camera does not see it)
  obj_1      block  MISSING (camera does not see it)
  robot      start  MISSING (camera does not see it)
----------------------------------------------------------------
OK band: +/-2.0cm, +/-10deg (display only). Enter = run checksum. Ctrl+C = quit.
[2J[Hcheck_build  rb_00182_mirror_x   22:16:19
----------------------------------------------------------------
  wall_10    brick  MISSING (camera does not see it)
  wall_11    brick  MISSING (camera does not see it)
  wall_9     brick  MISSING (camera does not see it)
  obj_4      block  MISSING (camera does not see it)
  obj_1      block  MISSING (camera does not see it)
  robot      start  MISSING (camera does not see it)
----------------------------------------------------------------
OK band: +/-2.0cm, +/-10deg (display only). Enter = run checksum. Ctrl+C = quit.
[2J[Hcheck_build  rb_00182_mirror_x   22:16:19
----------------------------------------------------------------
  wall_10    brick  MISSING (camera does not see it)
  wall_11    brick  MISSING (camera does not see it)
  wall_9     brick  MISSING (camera does not see it)
  obj_4      block  MISSING (camera does not see it)
  obj_1      block  MISSING (camera does not see it)
  robot      start  MISSING (camera does not see it)
----------------------------------------------------------------
OK band: +/-2.0cm, +/-10deg (display only). Enter = run checksum. Ctrl+C = quit.
[2J[Hcheck_build  rb_00182_mirror_x   22:16:20
----------------------------------------------------------------
  wall_10    brick  MISSING (camera does not see it)
  wall_11    brick  MISSING (camera does not see it)
  wall_9     brick  MISSING (camera does not see it)
  obj_4      block  MISSING (camera does not see it)
  obj_1      block  MISSING (camera does not see it)
  robot      start  MISSING (camera does not see it)
----------------------------------------------------------------
OK band: +/-2.0cm, +/-10deg (display only). Enter = run checksum. Ctrl+C = quit.
[2J[Hcheck_build  rb_00182_mirror_x   22:16:20
----------------------------------------------------------------
  wall_10    brick  MISSING (camera does not see it)
  wall_11    brick  MISSING (camera does not see it)
  wall_9     brick  MISSING (camera does not see it)
  obj_4      block  MISSING (camera does not see it)
  obj_1      block  MISSING (camera does not see it)
  robot      start  MISSING (camera does not see it)
----------------------------------------------------------------
OK band: +/-2.0cm, +/-10deg (display only). Enter = run checksum. Ctrl+C = quit.
[2J[Hcheck_build  rb_00182_mirror_x   22:16:21
----------------------------------------------------------------
  wall_10    brick  MISSING (camera does not see it)
  wall_11    brick  MISSING (camera does not see it)
  wall_9     brick  MISSING (camera does not see it)
  obj_4      block  MISSING (camera does not see it)
  obj_1      block  MISSING (camera does not see it)
  robot      start  MISSING (camera does not see it)
----------------------------------------------------------------
OK band: +/-2.0cm, +/-10deg (display only). Enter = run checksum. Ctrl+C = quit.
[2J[Hcheck_build  rb_00182_mirror_x   22:16:21
----------------------------------------------------------------
  wall_10    brick  MISSING (camera does not see it)
  wall_11    brick  MISSING (camera does not see it)
  wall_9     brick  MISSING (camera does not see it)
  obj_4      block  MISSING (camera does not see it)
  obj_1      block  MISSING (camera does not see it)
  robot      start  MISSING (camera does not see it)
----------------------------------------------------------------
OK band: +/-2.0cm, +/-10deg (display only). Enter = run checksum. Ctrl+C = quit.
[2J[Hcheck_build  rb_00182_mirror_x   22:16:22
----------------------------------------------------------------
  wall_10    brick  MISSING (camera does not see it)
  wall_11    brick  MISSING (camera does not see it)
  wall_9     brick  MISSING (camera does not see it)
  obj_4      block  MISSING (camera does not see it)
  obj_1      block  MISSING (camera does not see it)
  robot      start  MISSING (camera does not see it)
----------------------------------------------------------------
OK band: +/-2.0cm, +/-10deg (display only). Enter = run checksum. Ctrl+C = quit.
[2J[Hcheck_build  rb_00182_mirror_x   22:16:22
----------------------------------------------------------------
  wall_10    brick  MISSING (camera does not see it)
  wall_11    brick  MISSING (camera does not see it)
  wall_9     brick  MISSING (camera does not see it)
  obj_4      block  MISSING (camera does not see it)
  obj_1      block  MISSING (camera does not see it)
  robot      start  MISSING (camera does not see it)
----------------------------------------------------------------
OK band: +/-2.0cm, +/-10deg (display only). Enter = run checksum. Ctrl+C = quit.
[2J[Hcheck_build  rb_00182_mirror_x   22:16:23
----------------------------------------------------------------
  wall_10    brick  MISSING (camera does not see it)
  wall_11    brick  MISSING (camera does not see it)
  wall_9     brick  MISSING (camera does not see it)
  obj_4      block  MISSING (camera does not see it)
  obj_1      block  MISSING (camera does not see it)
  robot      start  MISSING (camera does not see it)
----------------------------------------------------------------
OK band: +/-2.0cm, +/-10deg (display only). Enter = run checksum. Ctrl+C = quit.
[2J[Hcheck_build  rb_00182_mirror_x   22:16:23
----------------------------------------------------------------
  wall_10    brick  MISSING (camera does not see it)
  wall_11    brick  MISSING (camera does not see it)
  wall_9     brick  MISSING (camera does not see it)
  obj_4      block  MISSING (camera does not see it)
  obj_1      block  MISSING (camera does not see it)
  robot      start  MISSING (camera does not see it)
----------------------------------------------------------------
OK band: +/-2.0cm, +/-10deg (display only). Enter = run checksum. Ctrl+C = quit.
[2J[Hcheck_build  rb_00182_mirror_x   22:16:24
----------------------------------------------------------------
  wall_10    brick  MISSING (camera does not see it)
  wall_11    brick  MISSING (camera does not see it)
  wall_9     brick  MISSING (camera does not see it)
  obj_4      block  MISSING (camera does not see it)
  obj_1      block  MISSING (camera does not see it)
  robot      start  MISSING (camera does not see it)
----------------------------------------------------------------
OK band: +/-2.0cm, +/-10deg (display only). Enter = run checksum. Ctrl+C = quit.
  no checksum columns on this sheet, cannot verify the build.
[2J[Hcheck_build  rb_00182_mirror_x   22:16:24
----------------------------------------------------------------
  wall_10    brick  MISSING (camera does not see it)
  wall_11    brick  MISSING (camera does not see it)
  wall_9     brick  MISSING (camera does not see it)
  obj_4      block  MISSING (camera does not see it)
  obj_1      block  MISSING (camera does not see it)
  robot      start  MISSING (camera does not see it)
----------------------------------------------------------------
OK band: +/-2.0cm, +/-10deg (display only). Enter = run checksum. Ctrl+C = quit.
[2J[Hcheck_build  rb_00182_mirror_x   22:16:25
----------------------------------------------------------------
  wall_10    brick  MISSING (camera does not see it)
  wall_11    brick  MISSING (camera does not see it)
  wall_9     brick  MISSING (camera does not see it)
  obj_4      block  MISSING (camera does not see it)
  obj_1      block  MISSING (camera does not see it)
  robot      start  MISSING (camera does not see it)
----------------------------------------------------------------
OK band: +/-2.0cm, +/-10deg (display only). Enter = run checksum. Ctrl+C = quit.
[2J[Hcheck_build  rb_00182_mirror_x   22:16:25
----------------------------------------------------------------
  wall_10    brick  MISSING (camera does not see it)
  wall_11    brick  MISSING (camera does not see it)
  wall_9     brick  MISSING (camera does not see it)
  obj_4      block  MISSING (camera does not see it)
  obj_1      block  MISSING (camera does not see it)
  robot      start  MISSING (camera does not see it)
----------------------------------------------------------------
OK band: +/-2.0cm, +/-10deg (display only). Enter = run checksum. Ctrl+C = quit.
[2J[Hcheck_build  rb_00182_mirror_x   22:16:26
----------------------------------------------------------------
  wall_10    brick  MISSING (camera does not see it)
  wall_11    brick  MISSING (camera does not see it)
  wall_9     brick  MISSING (camera does not see it)
  obj_4      block  MISSING (camera does not see it)
  obj_1      block  MISSING (camera does not see it)
  robot      start  MISSING (camera does not see it)
----------------------------------------------------------------
OK band: +/-2.0cm, +/-10deg (display only). Enter = run checksum. Ctrl+C = quit.
[2J[Hcheck_build  rb_00182_mirror_x   22:16:26
----------------------------------------------------------------
  wall_10    brick  MISSING (camera does not see it)
  wall_11    brick  MISSING (camera does not see it)
  wall_9     brick  MISSING (camera does not see it)
  obj_4      block  MISSING (camera does not see it)
  obj_1      block  MISSING (camera does not see it)
  robot      start  MISSING (camera does not see it)
----------------------------------------------------------------
OK band: +/-2.0cm, +/-10deg (display only). Enter = run checksum. Ctrl+C = quit.
[2J[Hcheck_build  rb_00182_mirror_x   22:16:27
----------------------------------------------------------------
  wall_10    brick  MISSING (camera does not see it)
  wall_11    brick  MISSING (camera does not see it)
  wall_9     brick  MISSING (camera does not see it)
  obj_4      block  MISSING (camera does not see it)
  obj_1      block  MISSING (camera does not see it)
  robot      start  MISSING (camera does not see it)
----------------------------------------------------------------
OK band: +/-2.0cm, +/-10deg (display only). Enter = run checksum. Ctrl+C = quit.
[2J[Hcheck_build  rb_00182_mirror_x   22:16:27
----------------------------------------------------------------
  wall_10    brick  MISSING (camera does not see it)
  wall_11    brick  MISSING (camera does not see it)
  wall_9     brick  MISSING (camera does not see it)
  obj_4      block  MISSING (camera does not see it)
  obj_1      block  MISSING (camera does not see it)
  robot      start  MISSING (camera does not see it)
----------------------------------------------------------------
OK band: +/-2.0cm, +/-10deg (display only). Enter = run checksum. Ctrl+C = quit.
[2J[Hcheck_build  rb_00182_mirror_x   22:16:28
----------------------------------------------------------------
  wall_10    brick  MISSING (camera does not see it)
  wall_11    brick  MISSING (camera does not see it)
  wall_9     brick  MISSING (camera does not see it)
  obj_4      block  MISSING (camera does not see it)
  obj_1      block  MISSING (camera does not see it)
  robot      start  MISSING (camera does not see it)
----------------------------------------------------------------
OK band: +/-2.0cm, +/-10deg (display only). Enter = run checksum. Ctrl+C = quit.
[2J[Hcheck_build  rb_00182_mirror_x   22:16:28
----------------------------------------------------------------
  wall_10    brick  MISSING (camera does not see it)
  wall_11    brick  MISSING (camera does not see it)
  wall_9     brick  MISSING (camera does not see it)
  obj_4      block  MISSING (camera does not see it)
  obj_1      block  MISSING (camera does not see it)
  robot      start  MISSING (camera does not see it)
----------------------------------------------------------------
OK band: +/-2.0cm, +/-10deg (display only). Enter = run checksum. Ctrl+C = quit.
[2J[Hcheck_build  rb_00182_mirror_x   22:16:29
----------------------------------------------------------------
  wall_10    brick  MISSING (camera does not see it)
  wall_11    brick  MISSING (camera does not see it)
  wall_9     brick  MISSING (camera does not see it)
  obj_4      block  MISSING (camera does not see it)
  obj_1      block  MISSING (camera does not see it)
  robot      start  MISSING (camera does not see it)
----------------------------------------------------------------
OK band: +/-2.0cm, +/-10deg (display only). Enter = run checksum. Ctrl+C = quit.
[2J[Hcheck_build  rb_00182_mirror_x   22:16:29
----------------------------------------------------------------
  wall_10    brick  MISSING (camera does not see it)
  wall_11    brick  MISSING (camera does not see it)
  wall_9     brick  MISSING (camera does not see it)
  obj_4      block  MISSING (camera does not see it)
  obj_1      block  MISSING (camera does not see it)
  robot      start  MISSING (camera does not see it)
----------------------------------------------------------------
OK band: +/-2.0cm, +/-10deg (display only). Enter = run checksum. Ctrl+C = quit.
[2J[Hcheck_build  rb_00182_mirror_x   22:16:30
----------------------------------------------------------------
  wall_10    brick  MISSING (camera does not see it)
  wall_11    brick  MISSING (camera does not see it)
  wall_9     brick  MISSING (camera does not see it)
  obj_4      block  MISSING (camera does not see it)
  obj_1      block  MISSING (camera does not see it)
  robot      start  MISSING (camera does not see it)
----------------------------------------------------------------
OK band: +/-2.0cm, +/-10deg (display only). Enter = run checksum. Ctrl+C = quit.
[2J[Hcheck_build  rb_00182_mirror_x   22:16:30
----------------------------------------------------------------
  wall_10    brick  MISSING (camera does not see it)
  wall_11    brick  MISSING (camera does not see it)
  wall_9     brick  MISSING (camera does not see it)
  obj_4      block  MISSING (camera does not see it)
  obj_1      block  MISSING (camera does not see it)
  robot      start  MISSING (camera does not see it)
----------------------------------------------------------------
OK band: +/-2.0cm, +/-10deg (display only). Enter = run checksum. Ctrl+C = quit.
[2J[Hcheck_build  rb_00182_mirror_x   22:16:31
----------------------------------------------------------------
  wall_10    brick  MISSING (camera does not see it)
  wall_11    brick  MISSING (camera does not see it)
  wall_9     brick  MISSING (camera does not see it)
  obj_4      block  MISSING (camera does not see it)
  obj_1      block  MISSING (camera does not see it)
  robot      start  MISSING (camera does not see it)
----------------------------------------------------------------
OK band: +/-2.0cm, +/-10deg (display only). Enter = run checksum. Ctrl+C = quit.
[2J[Hcheck_build  rb_00182_mirror_x   22:16:31
----------------------------------------------------------------
  wall_10    brick  MISSING (camera does not see it)
  wall_11    brick  MISSING (camera does not see it)
  wall_9     brick  MISSING (camera does not see it)
  obj_4      block  MISSING (camera does not see it)
  obj_1      block  MISSING (camera does not see it)
  robot      start  MISSING (camera does not see it)
----------------------------------------------------------------
OK band: +/-2.0cm, +/-10deg (display only). Enter = run checksum. Ctrl+C = quit.
[2J[Hcheck_build  rb_00182_mirror_x   22:16:32
----------------------------------------------------------------
  wall_10    brick  MISSING (camera does not see it)
  wall_11    brick  MISSING (camera does not see it)
  wall_9     brick  MISSING (camera does not see it)
  obj_4      block  MISSING (camera does not see it)
  obj_1      block  MISSING (camera does not see it)
  robot      start  MISSING (camera does not see it)
----------------------------------------------------------------
OK band: +/-2.0cm, +/-10deg (display only). Enter = run checksum. Ctrl+C = quit.
[2J[Hcheck_build  rb_00182_mirror_x   22:16:32
----------------------------------------------------------------
  wall_10    brick  MISSING (camera does not see it)
  wall_11    brick  MISSING (camera does not see it)
  wall_9     brick  MISSING (camera does not see it)
  obj_4      block  MISSING (camera does not see it)
  obj_1      block  MISSING (camera does not see it)
  robot      start  MISSING (camera does not see it)
----------------------------------------------------------------
OK band: +/-2.0cm, +/-10deg (display only). Enter = run checksum. Ctrl+C = quit.
[2J[Hcheck_build  rb_00182_mirror_x   22:16:33
----------------------------------------------------------------
  wall_10    brick  MISSING (camera does not see it)
  wall_11    brick  MISSING (camera does not see it)
  wall_9     brick  MISSING (camera does not see it)
  obj_4      block  MISSING (camera does not see it)
  obj_1      block  MISSING (camera does not see it)
  robot      start  MISSING (camera does not see it)
----------------------------------------------------------------
OK band: +/-2.0cm, +/-10deg (display only). Enter = run checksum. Ctrl+C = quit.
[2J[Hcheck_build  rb_00182_mirror_x   22:16:33
----------------------------------------------------------------
  wall_10    brick  MISSING (camera does not see it)
  wall_11    brick  MISSING (camera does not see it)
  wall_9     brick  MISSING (camera does not see it)
  obj_4      block  MISSING (camera does not see it)
  obj_1      block  MISSING (camera does not see it)
  robot      start  MISSING (camera does not see it)
----------------------------------------------------------------
OK band: +/-2.0cm, +/-10deg (display only). Enter = run checksum. Ctrl+C = quit.
[2J[Hcheck_build  rb_00182_mirror_x   22:16:34
----------------------------------------------------------------
  wall_10    brick  MISSING (camera does not see it)
  wall_11    brick  MISSING (camera does not see it)
  wall_9     brick  MISSING (camera does not see it)
  obj_4      block  MISSING (camera does not see it)
  obj_1      block  MISSING (camera does not see it)
  robot      start  MISSING (camera does not see it)
----------------------------------------------------------------
OK band: +/-2.0cm, +/-10deg (display only). Enter = run checksum. Ctrl+C = quit.
[2J[Hcheck_build  rb_00182_mirror_x   22:16:34
----------------------------------------------------------------
  wall_10    brick  MISSING (camera does not see it)
  wall_11    brick  MISSING (camera does not see it)
  wall_9     brick  MISSING (camera does not see it)
  obj_4      block  MISSING (camera does not see it)
  obj_1      block  MISSING (camera does not see it)
  robot      start  MISSING (camera does not see it)
----------------------------------------------------------------
OK band: +/-2.0cm, +/-10deg (display only). Enter = run checksum. Ctrl+C = quit.
  no checksum columns on this sheet, cannot verify the build.
[2J[Hcheck_build  rb_00182_mirror_x   22:16:35
----------------------------------------------------------------
  wall_10    brick  MISSING (camera does not see it)
  wall_11    brick  MISSING (camera does not see it)
  wall_9     brick  MISSING (camera does not see it)
  obj_4      block  MISSING (camera does not see it)
  obj_1      block  MISSING (camera does not see it)
  robot      start  MISSING (camera does not see it)
----------------------------------------------------------------
OK band: +/-2.0cm, +/-10deg (display only). Enter = run checksum. Ctrl+C = quit.
[2J[Hcheck_build  rb_00182_mirror_x   22:16:35
----------------------------------------------------------------
  wall_10    brick  MISSING (camera does not see it)
  wall_11    brick  MISSING (camera does not see it)
  wall_9     brick  MISSING (camera does not see it)
  obj_4      block  MISSING (camera does not see it)
  obj_1      block  MISSING (camera does not see it)
  robot      start  MISSING (camera does not see it)
----------------------------------------------------------------
OK band: +/-2.0cm, +/-10deg (display only). Enter = run checksum. Ctrl+C = quit.
[2J[Hcheck_build  rb_00182_mirror_x   22:16:36
----------------------------------------------------------------
  wall_10    brick  MISSING (camera does not see it)
  wall_11    brick  MISSING (camera does not see it)
  wall_9     brick  MISSING (camera does not see it)
  obj_4      block  MISSING (camera does not see it)
  obj_1      block  MISSING (camera does not see it)
  robot      start  MISSING (camera does not see it)
----------------------------------------------------------------
OK band: +/-2.0cm, +/-10deg (display only). Enter = run checksum. Ctrl+C = quit.
[2J[Hcheck_build  rb_00182_mirror_x   22:16:36
----------------------------------------------------------------
  wall_10    brick  MISSING (camera does not see it)
  wall_11    brick  MISSING (camera does not see it)
  wall_9     brick  MISSING (camera does not see it)
  obj_4      block  MISSING (camera does not see it)
  obj_1      block  MISSING (camera does not see it)
  robot      start  MISSING (camera does not see it)
----------------------------------------------------------------
OK band: +/-2.0cm, +/-10deg (display only). Enter = run checksum. Ctrl+C = quit.
[2J[Hcheck_build  rb_00182_mirror_x   22:16:37
----------------------------------------------------------------
  wall_10    brick  MISSING (camera does not see it)
  wall_11    brick  MISSING (camera does not see it)
  wall_9     brick  MISSING (camera does not see it)
  obj_4      block  MISSING (camera does not see it)
  obj_1      block  MISSING (camera does not see it)
  robot      start  MISSING (camera does not see it)
----------------------------------------------------------------
OK band: +/-2.0cm, +/-10deg (display only). Enter = run checksum. Ctrl+C = quit.
[2J[Hcheck_build  rb_00182_mirror_x   22:16:37
----------------------------------------------------------------
  wall_10    brick  MISSING (camera does not see it)
  wall_11    brick  MISSING (camera does not see it)
  wall_9     brick  MISSING (camera does not see it)
  obj_4      block  MISSING (camera does not see it)
  obj_1      block  MISSING (camera does not see it)
  robot      start  MISSING (camera does not see it)
----------------------------------------------------------------
OK band: +/-2.0cm, +/-10deg (display only). Enter = run checksum. Ctrl+C = quit.
[2J[Hcheck_build  rb_00182_mirror_x   22:16:38
----------------------------------------------------------------
  wall_10    brick  MISSING (camera does not see it)
  wall_11    brick  MISSING (camera does not see it)
  wall_9     brick  MISSING (camera does not see it)
  obj_4      block  MISSING (camera does not see it)
  obj_1      block  MISSING (camera does not see it)
  robot      start  MISSING (camera does not see it)
----------------------------------------------------------------
OK band: +/-2.0cm, +/-10deg (display only). Enter = run checksum. Ctrl+C = quit.
[2J[Hcheck_build  rb_00182_mirror_x   22:16:38
----------------------------------------------------------------
  wall_10    brick  MISSING (camera does not see it)
  wall_11    brick  MISSING (camera does not see it)
  wall_9     brick  MISSING (camera does not see it)
  obj_4      block  MISSING (camera does not see it)
  obj_1      block  MISSING (camera does not see it)
  robot      start  MISSING (camera does not see it)
----------------------------------------------------------------
OK band: +/-2.0cm, +/-10deg (display only). Enter = run checksum. Ctrl+C = quit.
[2J[Hcheck_build  rb_00182_mirror_x   22:16:39
----------------------------------------------------------------
  wall_10    brick  MISSING (camera does not see it)
  wall_11    brick  MISSING (camera does not see it)
  wall_9     brick  MISSING (camera does not see it)
  obj_4      block  MISSING (camera does not see it)
  obj_1      block  MISSING (camera does not see it)
  robot      start  dx= +6.93cm dy= -0.42cm dtheta=-112.1deg  ..
----------------------------------------------------------------
OK band: +/-2.0cm, +/-10deg (display only). Enter = run checksum. Ctrl+C = quit.
[2J[Hcheck_build  rb_00182_mirror_x   22:16:39
----------------------------------------------------------------
  wall_10    brick  MISSING (camera does not see it)
  wall_11    brick  MISSING (camera does not see it)
  wall_9     brick  MISSING (camera does not see it)
  obj_4      block  MISSING (camera does not see it)
  obj_1      block  MISSING (camera does not see it)
  robot      start  dx= +6.93cm dy= -0.42cm dtheta=-112.1deg  ..
----------------------------------------------------------------
OK band: +/-2.0cm, +/-10deg (display only). Enter = run checksum. Ctrl+C = quit.
[2J[Hcheck_build  rb_00182_mirror_x   22:16:40
----------------------------------------------------------------
  wall_10    brick  MISSING (camera does not see it)
  wall_11    brick  MISSING (camera does not see it)
  wall_9     brick  MISSING (camera does not see it)
  obj_4      block  MISSING (camera does not see it)
  obj_1      block  MISSING (camera does not see it)
  robot      start  dx= +6.93cm dy= -0.41cm dtheta=-112.1deg  ..
----------------------------------------------------------------
OK band: +/-2.0cm, +/-10deg (display only). Enter = run checksum. Ctrl+C = quit.
[2J[Hcheck_build  rb_00182_mirror_x   22:16:40
----------------------------------------------------------------
  wall_10    brick  MISSING (camera does not see it)
  wall_11    brick  MISSING (camera does not see it)
  wall_9     brick  MISSING (camera does not see it)
  obj_4      block  MISSING (camera does not see it)
  obj_1      block  MISSING (camera does not see it)
  robot      start  dx= +8.97cm dy= -3.01cm dtheta=-110.4deg  ..
----------------------------------------------------------------
OK band: +/-2.0cm, +/-10deg (display only). Enter = run checksum. Ctrl+C = quit.
[2J[Hcheck_build  rb_00182_mirror_x   22:16:41
----------------------------------------------------------------
  wall_10    brick  MISSING (camera does not see it)
  wall_11    brick  MISSING (camera does not see it)
  wall_9     brick  MISSING (camera does not see it)
  obj_4      block  MISSING (camera does not see it)
  obj_1      block  MISSING (camera does not see it)
  robot      start  dx= +8.97cm dy= -3.01cm dtheta=-110.4deg  ..
----------------------------------------------------------------
OK band: +/-2.0cm, +/-10deg (display only). Enter = run checksum. Ctrl+C = quit.
[2J[Hcheck_build  rb_00182_mirror_x   22:16:41
----------------------------------------------------------------
  wall_10    brick  MISSING (camera does not see it)
  wall_11    brick  MISSING (camera does not see it)
  wall_9     brick  MISSING (camera does not see it)
  obj_4      block  MISSING (camera does not see it)
  obj_1      block  MISSING (camera does not see it)
  robot      start  dx= +5.49cm dy= -2.03cm dtheta=-111.1deg  ..
----------------------------------------------------------------
OK band: +/-2.0cm, +/-10deg (display only). Enter = run checksum. Ctrl+C = quit.
[2J[Hcheck_build  rb_00182_mirror_x   22:16:42
----------------------------------------------------------------
  wall_10    brick  MISSING (camera does not see it)
  wall_11    brick  MISSING (camera does not see it)
  wall_9     brick  MISSING (camera does not see it)
  obj_4      block  MISSING (camera does not see it)
  obj_1      block  MISSING (camera does not see it)
  robot      start  dx= +4.34cm dy= -0.34cm dtheta=-105.8deg  ..
----------------------------------------------------------------
OK band: +/-2.0cm, +/-10deg (display only). Enter = run checksum. Ctrl+C = quit.
[2J[Hcheck_build  rb_00182_mirror_x   22:16:42
----------------------------------------------------------------
  wall_10    brick  MISSING (camera does not see it)
  wall_11    brick  MISSING (camera does not see it)
  wall_9     brick  MISSING (camera does not see it)
  obj_4      block  MISSING (camera does not see it)
  obj_1      block  MISSING (camera does not see it)
  robot      start  dx= +4.33cm dy= -0.31cm dtheta=-105.9deg  ..
----------------------------------------------------------------
OK band: +/-2.0cm, +/-10deg (display only). Enter = run checksum. Ctrl+C = quit.
[2J[Hcheck_build  rb_00182_mirror_x   22:16:43
----------------------------------------------------------------
  wall_10    brick  MISSING (camera does not see it)
  wall_11    brick  MISSING (camera does not see it)
  wall_9     brick  dx= -3.54cm dy= +7.87cm dtheta=  +2.7deg  ..
  obj_4      block  MISSING (camera does not see it)
  obj_1      block  MISSING (camera does not see it)
  robot      start  dx= +4.33cm dy= -0.33cm dtheta=-105.6deg  ..
----------------------------------------------------------------
OK band: +/-2.0cm, +/-10deg (display only). Enter = run checksum. Ctrl+C = quit.
[2J[Hcheck_build  rb_00182_mirror_x   22:16:43
----------------------------------------------------------------
  wall_10    brick  MISSING (camera does not see it)
  wall_11    brick  MISSING (camera does not see it)
  wall_9     brick  dx= -3.86cm dy= +7.98cm dtheta=  +3.6deg  ..
  obj_4      block  MISSING (camera does not see it)
  obj_1      block  MISSING (camera does not see it)
  robot      start  dx= +4.37cm dy= -0.38cm dtheta=-105.6deg  ..
----------------------------------------------------------------
OK band: +/-2.0cm, +/-10deg (display only). Enter = run checksum. Ctrl+C = quit.
[2J[Hcheck_build  rb_00182_mirror_x   22:16:44
----------------------------------------------------------------
  wall_10    brick  MISSING (camera does not see it)
  wall_11    brick  MISSING (camera does not see it)
  wall_9     brick  dx= -3.87cm dy= +7.98cm dtheta=  +3.7deg  ..
  obj_4      block  MISSING (camera does not see it)
  obj_1      block  MISSING (camera does not see it)
  robot      start  dx= +4.34cm dy= -0.34cm dtheta=-105.5deg  ..
----------------------------------------------------------------
OK band: +/-2.0cm, +/-10deg (display only). Enter = run checksum. Ctrl+C = quit.
[2J[Hcheck_build  rb_00182_mirror_x   22:16:44
----------------------------------------------------------------
  wall_10    brick  MISSING (camera does not see it)
  wall_11    brick  MISSING (camera does not see it)
  wall_9     brick  dx= -3.81cm dy= +7.97cm dtheta=  +3.6deg  ..
  obj_4      block  MISSING (camera does not see it)
  obj_1      block  MISSING (camera does not see it)
  robot      start  dx= +4.27cm dy= -0.22cm dtheta=-105.4deg  ..
----------------------------------------------------------------
OK band: +/-2.0cm, +/-10deg (display only). Enter = run checksum. Ctrl+C = quit.
  no checksum columns on this sheet, cannot verify the build.
[2J[Hcheck_build  rb_00182_mirror_x   22:16:45
----------------------------------------------------------------
  wall_10    brick  dx= -3.22cm dy=-17.06cm dtheta= -46.1deg  ..
  wall_11    brick  MISSING (camera does not see it)
  wall_9     brick  dx= -3.84cm dy= +7.97cm dtheta=  +3.6deg  ..
  obj_4      block  MISSING (camera does not see it)
  obj_1      block  MISSING (camera does not see it)
  robot      start  dx= +4.25cm dy= -0.19cm dtheta=-105.4deg  ..
----------------------------------------------------------------
OK band: +/-2.0cm, +/-10deg (display only). Enter = run checksum. Ctrl+C = quit.
[2J[Hcheck_build  rb_00182_mirror_x   22:16:45
----------------------------------------------------------------
  wall_10    brick  dx= -3.21cm dy=-17.07cm dtheta= -46.0deg  ..
  wall_11    brick  MISSING (camera does not see it)
  wall_9     brick  dx= -3.81cm dy= +7.97cm dtheta=  +3.7deg  ..
  obj_4      block  MISSING (camera does not see it)
  obj_1      block  MISSING (camera does not see it)
  robot      start  dx= +4.35cm dy= -0.36cm dtheta=-105.5deg  ..
----------------------------------------------------------------
OK band: +/-2.0cm, +/-10deg (display only). Enter = run checksum. Ctrl+C = quit.
[2J[Hcheck_build  rb_00182_mirror_x   22:16:46
----------------------------------------------------------------
  wall_10    brick  dx= -3.21cm dy=-17.07cm dtheta= -46.1deg  ..
  wall_11    brick  MISSING (camera does not see it)
  wall_9     brick  dx= -3.85cm dy= +7.98cm dtheta=  +3.6deg  ..
  obj_4      block  dx=+28.65cm dy=-13.11cm dtheta= -37.6deg  ..
  obj_1      block  MISSING (camera does not see it)
  robot      start  dx= +4.35cm dy= -0.37cm dtheta=-105.6deg  ..
----------------------------------------------------------------
OK band: +/-2.0cm, +/-10deg (display only). Enter = run checksum. Ctrl+C = quit.
[2J[Hcheck_build  rb_00182_mirror_x   22:16:46
----------------------------------------------------------------
  wall_10    brick  dx= -3.21cm dy=-17.07cm dtheta= -46.0deg  ..
  wall_11    brick  MISSING (camera does not see it)
  wall_9     brick  dx= -3.82cm dy= +7.97cm dtheta=  +3.6deg  ..
  obj_4      block  dx=+28.59cm dy=-12.86cm dtheta= -40.1deg  ..
  obj_1      block  MISSING (camera does not see it)
  robot      start  dx= +4.32cm dy= -0.33cm dtheta=-105.6deg  ..
----------------------------------------------------------------
OK band: +/-2.0cm, +/-10deg (display only). Enter = run checksum. Ctrl+C = quit.
[2J[Hcheck_build  rb_00182_mirror_x   22:16:47
----------------------------------------------------------------
  wall_10    brick  dx= -3.23cm dy=-17.05cm dtheta= -46.1deg  ..
  wall_11    brick  MISSING (camera does not see it)
  wall_9     brick  dx= -3.77cm dy= +7.97cm dtheta=  +3.0deg  ..
  obj_4      block  dx=+28.37cm dy=-12.71cm dtheta= -40.7deg  ..
  obj_1      block  MISSING (camera does not see it)
  robot      start  dx= +4.33cm dy= -0.33cm dtheta=-105.5deg  ..
----------------------------------------------------------------
OK band: +/-2.0cm, +/-10deg (display only). Enter = run checksum. Ctrl+C = quit.
[2J[Hcheck_build  rb_00182_mirror_x   22:16:47
----------------------------------------------------------------
  wall_10    brick  MISSING (camera does not see it)
  wall_11    brick  MISSING (camera does not see it)
  wall_9     brick  dx= -3.78cm dy= +7.96cm dtheta=  +3.3deg  ..
  obj_4      block  dx=+28.37cm dy=-12.71cm dtheta= -40.7deg  ..
  obj_1      block  MISSING (camera does not see it)
  robot      start  dx= +4.33cm dy= -0.33cm dtheta=-105.6deg  ..
----------------------------------------------------------------
OK band: +/-2.0cm, +/-10deg (display only). Enter = run checksum. Ctrl+C = quit.
[2J[Hcheck_build  rb_00182_mirror_x   22:16:48
----------------------------------------------------------------
  wall_10    brick  dx= -3.19cm dy=-17.08cm dtheta= -46.0deg  ..
  wall_11    brick  dx= -2.07cm dy=+22.74cm dtheta= +62.0deg  ..
  wall_9     brick  dx= -3.83cm dy= +7.97cm dtheta=  +3.6deg  ..
  obj_4      block  dx=+28.75cm dy=-12.99cm dtheta= -40.2deg  ..
  obj_1      block  MISSING (camera does not see it)
  robot      start  dx= +4.41cm dy= -0.47cm dtheta=-105.5deg  ..
----------------------------------------------------------------
OK band: +/-2.0cm, +/-10deg (display only). Enter = run checksum. Ctrl+C = quit.
[2J[Hcheck_build  rb_00182_mirror_x   22:16:48
----------------------------------------------------------------
  wall_10    brick  dx= -3.21cm dy=-17.07cm dtheta= -46.0deg  ..
  wall_11    brick  dx= -2.08cm dy=+22.75cm dtheta= +61.9deg  ..
  wall_9     brick  dx= -3.82cm dy= +7.98cm dtheta=  +3.7deg  ..
  obj_4      block  dx=+29.09cm dy=-13.25cm dtheta= -27.6deg  ..
  obj_1      block  MISSING (camera does not see it)
  robot      start  dx= +4.39cm dy= -0.43cm dtheta=-105.5deg  ..
----------------------------------------------------------------
OK band: +/-2.0cm, +/-10deg (display only). Enter = run checksum. Ctrl+C = quit.
[2J[Hcheck_build  rb_00182_mirror_x   22:16:49
----------------------------------------------------------------
  wall_10    brick  dx= -3.21cm dy=-17.08cm dtheta= -46.0deg  ..
  wall_11    brick  dx= -2.09cm dy=+22.74cm dtheta= +62.0deg  ..
  wall_9     brick  dx= -3.80cm dy= +7.97cm dtheta=  +3.6deg  ..
  obj_4      block  dx=+28.44cm dy=-12.80cm dtheta= -41.6deg  ..
  obj_1      block  MISSING (camera does not see it)
  robot      start  dx= +4.35cm dy= -0.40cm dtheta=-105.5deg  ..
----------------------------------------------------------------
OK band: +/-2.0cm, +/-10deg (display only). Enter = run checksum. Ctrl+C = quit.
[2J[Hcheck_build  rb_00182_mirror_x   22:16:49
----------------------------------------------------------------
  wall_10    brick  dx= -3.23cm dy=-17.06cm dtheta= -46.0deg  ..
  wall_11    brick  dx= -2.10cm dy=+22.74cm dtheta= +61.9deg  ..
  wall_9     brick  dx= -3.80cm dy= +7.97cm dtheta=  +3.3deg  ..
  obj_4      block  dx=+28.78cm dy=-13.08cm dtheta= -42.2deg  ..
  obj_1      block  MISSING (camera does not see it)
  robot      start  dx= +4.31cm dy= -0.33cm dtheta=-105.6deg  ..
----------------------------------------------------------------
OK band: +/-2.0cm, +/-10deg (display only). Enter = run checksum. Ctrl+C = quit.
[2J[Hcheck_build  rb_00182_mirror_x   22:16:50
----------------------------------------------------------------
  wall_10    brick  dx= -3.28cm dy=-17.02cm dtheta= -45.8deg  ..
  wall_11    brick  dx= -2.11cm dy=+22.74cm dtheta= +61.9deg  ..
  wall_9     brick  dx= -3.81cm dy= +7.97cm dtheta=  +3.5deg  ..
  obj_4      block  MISSING (camera does not see it)
  obj_1      block  MISSING (camera does not see it)
  robot      start  dx= +4.30cm dy= -0.33cm dtheta=-105.6deg  ..
----------------------------------------------------------------
OK band: +/-2.0cm, +/-10deg (display only). Enter = run checksum. Ctrl+C = quit.
[2J[Hcheck_build  rb_00182_mirror_x   22:16:50
----------------------------------------------------------------
  wall_10    brick  dx= -3.25cm dy=-17.04cm dtheta= -45.8deg  ..
  wall_11    brick  dx= -2.11cm dy=+22.73cm dtheta= +62.0deg  ..
  wall_9     brick  dx= -3.15cm dy= +7.90cm dtheta=  -5.9deg  ..
  obj_4      block  dx=+28.84cm dy=-13.10cm dtheta= -40.6deg  ..
  obj_1      block  MISSING (camera does not see it)
  robot      start  dx= +4.22cm dy= -0.19cm dtheta=-105.3deg  ..
----------------------------------------------------------------
OK band: +/-2.0cm, +/-10deg (display only). Enter = run checksum. Ctrl+C = quit.
[2J[Hcheck_build  rb_00182_mirror_x   22:16:51
----------------------------------------------------------------
  wall_10    brick  dx= -3.26cm dy=-17.04cm dtheta= -45.8deg  ..
  wall_11    brick  MISSING (camera does not see it)
  wall_9     brick  dx= -3.79cm dy= +7.96cm dtheta=  +3.5deg  ..
  obj_4      block  dx=+28.69cm dy=-13.00cm dtheta= -39.2deg  ..
  obj_1      block  MISSING (camera does not see it)
  robot      start  dx= +4.30cm dy= -0.33cm dtheta=-105.5deg  ..
----------------------------------------------------------------
OK band: +/-2.0cm, +/-10deg (display only). Enter = run checksum. Ctrl+C = quit.
[2J[Hcheck_build  rb_00182_mirror_x   22:16:51
----------------------------------------------------------------
  wall_10    brick  dx= -3.26cm dy=-17.04cm dtheta= -45.8deg  ..
  wall_11    brick  MISSING (camera does not see it)
  wall_9     brick  dx= -3.80cm dy= +7.97cm dtheta=  +3.5deg  ..
  obj_4      block  dx=+28.69cm dy=-13.00cm dtheta= -39.2deg  ..
  obj_1      block  MISSING (camera does not see it)
  robot      start  dx= +4.23cm dy= -0.21cm dtheta=-105.3deg  ..
----------------------------------------------------------------
OK band: +/-2.0cm, +/-10deg (display only). Enter = run checksum. Ctrl+C = quit.
[2J[Hcheck_build  rb_00182_mirror_x   22:16:52
----------------------------------------------------------------
  wall_10    brick  dx= -3.24cm dy=-17.06cm dtheta= -46.0deg  ..
  wall_11    brick  dx=-12.14cm dy= -2.30cm dtheta= +15.4deg  ..
  wall_9     brick  dx= -3.80cm dy= +7.98cm dtheta=  +3.7deg  ..
  obj_4      block  dx=+28.85cm dy=-13.15cm dtheta= -40.1deg  ..
  obj_1      block  MISSING (camera does not see it)
  robot      start  dx= +4.28cm dy= -0.28cm dtheta=-105.6deg  ..
----------------------------------------------------------------
OK band: +/-2.0cm, +/-10deg (display only). Enter = run checksum. Ctrl+C = quit.
[2J[Hcheck_build  rb_00182_mirror_x   22:16:52
----------------------------------------------------------------
  wall_10    brick  MISSING (camera does not see it)
  wall_11    brick  dx=-12.14cm dy= -2.30cm dtheta= +15.4deg  ..
  wall_9     brick  dx= -3.78cm dy= +7.97cm dtheta=  +3.2deg  ..
  obj_4      block  MISSING (camera does not see it)
  obj_1      block  MISSING (camera does not see it)
  robot      start  dx= +4.24cm dy= -0.24cm dtheta=-105.6deg  ..
----------------------------------------------------------------
OK band: +/-2.0cm, +/-10deg (display only). Enter = run checksum. Ctrl+C = quit.
[2J[Hcheck_build  rb_00182_mirror_x   22:16:53
----------------------------------------------------------------
  wall_10    brick  MISSING (camera does not see it)
  wall_11    brick  dx=-12.14cm dy= -2.32cm dtheta= +15.4deg  ..
  wall_9     brick  dx= -3.77cm dy= +7.97cm dtheta=  +3.5deg  ..
  obj_4      block  dx=+28.81cm dy=-13.12cm dtheta= -40.3deg  ..
  obj_1      block  MISSING (camera does not see it)
  robot      start  dx= +4.22cm dy= -0.19cm dtheta=-105.7deg  ..
----------------------------------------------------------------
OK band: +/-2.0cm, +/-10deg (display only). Enter = run checksum. Ctrl+C = quit.
[2J[Hcheck_build  rb_00182_mirror_x   22:16:53
----------------------------------------------------------------
  wall_10    brick  dx= -3.05cm dy= +4.14cm dtheta=  -1.1deg  ..
  wall_11    brick  dx=-12.13cm dy= -2.35cm dtheta= +15.4deg  ..
  wall_9     brick  dx= -3.77cm dy= +7.96cm dtheta=  +3.5deg  ..
  obj_4      block  dx=+28.63cm dy=-12.97cm dtheta= -41.2deg  ..
  obj_1      block  MISSING (camera does not see it)
  robot      start  dx= +4.32cm dy= -0.37cm dtheta=-105.4deg  ..
----------------------------------------------------------------
OK band: +/-2.0cm, +/-10deg (display only). Enter = run checksum. Ctrl+C = quit.
[2J[Hcheck_build  rb_00182_mirror_x   22:16:54
----------------------------------------------------------------
  wall_10    brick  dx= -3.06cm dy= +4.13cm dtheta=  -1.1deg  ..
  wall_11    brick  dx=-12.13cm dy= -2.35cm dtheta= +15.4deg  ..
  wall_9     brick  dx= -3.77cm dy= +7.96cm dtheta=  +3.5deg  ..
  obj_4      block  dx=+28.55cm dy=-12.87cm dtheta= -40.4deg  ..
  obj_1      block  MISSING (camera does not see it)
  robot      start  dx= +4.32cm dy= -0.36cm dtheta=-105.5deg  ..
----------------------------------------------------------------
OK band: +/-2.0cm, +/-10deg (display only). Enter = run checksum. Ctrl+C = quit.
[2J[Hcheck_build  rb_00182_mirror_x   22:16:54
----------------------------------------------------------------
  wall_10    brick  dx= -3.05cm dy= +4.15cm dtheta=  -1.0deg  ..
  wall_11    brick  dx=-12.13cm dy= -2.36cm dtheta= +15.4deg  ..
  wall_9     brick  MISSING (camera does not see it)
  obj_4      block  dx=+28.47cm dy=-12.85cm dtheta= -25.6deg  ..
  obj_1      block  MISSING (camera does not see it)
  robot      start  dx= +4.35cm dy= -0.41cm dtheta=-105.3deg  ..
----------------------------------------------------------------
OK band: +/-2.0cm, +/-10deg (display only). Enter = run checksum. Ctrl+C = quit.
[2J[Hcheck_build  rb_00182_mirror_x   22:16:55
----------------------------------------------------------------
  wall_10    brick  dx= -3.06cm dy= +4.14cm dtheta=  -0.9deg  ..
  wall_11    brick  dx=-12.13cm dy= -2.37cm dtheta= +15.4deg  ..
  wall_9     brick  dx= -1.02cm dy= +3.39cm dtheta=  +5.4deg  ..
  obj_4      block  dx=+28.54cm dy=-12.89cm dtheta= -41.2deg  ..
  obj_1      block  MISSING (camera does not see it)
  robot      start  dx= +4.35cm dy= -0.46cm dtheta=-105.0deg  ..
----------------------------------------------------------------
OK band: +/-2.0cm, +/-10deg (display only). Enter = run checksum. Ctrl+C = quit.
  no checksum columns on this sheet, cannot verify the build.
[2J[Hcheck_build  rb_00182_mirror_x   22:16:55
----------------------------------------------------------------
  wall_10    brick  dx= -3.06cm dy= +4.14cm dtheta=  -0.8deg  ..
  wall_11    brick  MISSING (camera does not see it)
  wall_9     brick  dx= -1.12cm dy= +3.41cm dtheta=  +5.8deg  ..
  obj_4      block  dx=+28.59cm dy=-12.93cm dtheta= -41.4deg  ..
  obj_1      block  MISSING (camera does not see it)
  robot      start  dx= +4.27cm dy= -0.29cm dtheta=-105.5deg  ..
----------------------------------------------------------------
OK band: +/-2.0cm, +/-10deg (display only). Enter = run checksum. Ctrl+C = quit.
[2J[Hcheck_build  rb_00182_mirror_x   22:16:56
----------------------------------------------------------------
  wall_10    brick  dx= -3.06cm dy= +4.14cm dtheta=  -0.9deg  ..
  wall_11    brick  dx= -0.09cm dy= -0.34cm dtheta= +15.7deg  ..
  wall_9     brick  dx= -1.07cm dy= +3.41cm dtheta=  +5.7deg  ..
  obj_4      block  MISSING (camera does not see it)
  obj_1      block  MISSING (camera does not see it)
  robot      start  dx= +4.30cm dy= -0.33cm dtheta=-105.6deg  ..
----------------------------------------------------------------
OK band: +/-2.0cm, +/-10deg (display only). Enter = run checksum. Ctrl+C = quit.
[2J[Hcheck_build  rb_00182_mirror_x   22:16:56
----------------------------------------------------------------
  wall_10    brick  dx= -3.06cm dy= +4.13cm dtheta=  -0.9deg  ..
  wall_11    brick  dx= -0.09cm dy= -0.34cm dtheta= +15.8deg  ..
  wall_9     brick  dx= -1.08cm dy= +3.40cm dtheta=  +5.7deg  ..
  obj_4      block  MISSING (camera does not see it)
  obj_1      block  MISSING (camera does not see it)
  robot      start  dx= +4.35cm dy= -0.42cm dtheta=-105.5deg  ..
----------------------------------------------------------------
OK band: +/-2.0cm, +/-10deg (display only). Enter = run checksum. Ctrl+C = quit.
[2J[Hcheck_build  rb_00182_mirror_x   22:16:57
----------------------------------------------------------------
  wall_10    brick  dx= -3.06cm dy= +4.14cm dtheta=  -0.9deg  ..
  wall_11    brick  dx= -0.11cm dy= -0.32cm dtheta= +15.8deg  ..
  wall_9     brick  dx= -1.07cm dy= +3.41cm dtheta=  +5.6deg  ..
  obj_4      block  MISSING (camera does not see it)
  obj_1      block  MISSING (camera does not see it)
  robot      start  dx= +4.18cm dy= -0.13cm dtheta=-105.3deg  ..
----------------------------------------------------------------
OK band: +/-2.0cm, +/-10deg (display only). Enter = run checksum. Ctrl+C = quit.
[2J[Hcheck_build  rb_00182_mirror_x   22:16:57
----------------------------------------------------------------
  wall_10    brick  dx= -3.06cm dy= +4.15cm dtheta=  -0.9deg  ..
  wall_11    brick  dx= -0.20cm dy= -0.26cm dtheta= +15.8deg  ..
  wall_9     brick  dx= -1.11cm dy= +3.41cm dtheta=  +5.6deg  ..
  obj_4      block  dx= -4.94cm dy= -5.03cm dtheta=  +7.8deg  ..
  obj_1      block  MISSING (camera does not see it)
  robot      start  dx= +4.28cm dy= -0.31cm dtheta=-105.7deg  ..
----------------------------------------------------------------
OK band: +/-2.0cm, +/-10deg (display only). Enter = run checksum. Ctrl+C = quit.
[2J[Hcheck_build  rb_00182_mirror_x   22:16:58
----------------------------------------------------------------
  wall_10    brick  dx= -3.05cm dy= +4.12cm dtheta=  -1.2deg  ..
  wall_11    brick  dx= -0.10cm dy= -0.33cm dtheta= +16.0deg  ..
  wall_9     brick  dx= -1.21cm dy= +3.44cm dtheta=  +5.4deg  ..
  obj_4      block  dx= -4.92cm dy= -4.96cm dtheta=  +7.7deg  ..
  obj_1      block  MISSING (camera does not see it)
  robot      start  dx= +4.27cm dy= -0.29cm dtheta=-105.6deg  ..
----------------------------------------------------------------
OK band: +/-2.0cm, +/-10deg (display only). Enter = run checksum. Ctrl+C = quit.
[2J[Hcheck_build  rb_00182_mirror_x   22:16:58
----------------------------------------------------------------
  wall_10    brick  dx= -1.89cm dy= +0.62cm dtheta=  +7.9deg  OK
  wall_11    brick  dx= -0.08cm dy= -0.35cm dtheta= +15.8deg  ..
  wall_9     brick  dx= -1.31cm dy= +3.47cm dtheta=  +5.8deg  ..
  obj_4      block  dx= -4.92cm dy= -5.00cm dtheta=  +7.8deg  ..
  obj_1      block  MISSING (camera does not see it)
  robot      start  dx= +4.32cm dy= -0.36cm dtheta=-105.4deg  ..
----------------------------------------------------------------
OK band: +/-2.0cm, +/-10deg (display only). Enter = run checksum. Ctrl+C = quit.
[2J[Hcheck_build  rb_00182_mirror_x   22:16:59
----------------------------------------------------------------
  wall_10    brick  dx= -1.89cm dy= +0.61cm dtheta=  +7.8deg  OK
  wall_11    brick  dx= -0.08cm dy= -0.36cm dtheta= +15.8deg  ..
  wall_9     brick  dx= -1.31cm dy= +3.48cm dtheta=  -0.5deg  ..
  obj_4      block  dx= -4.92cm dy= -4.99cm dtheta=  +7.8deg  ..
  obj_1      block  MISSING (camera does not see it)
  robot      start  dx= +4.36cm dy= -0.42cm dtheta=-105.6deg  ..
----------------------------------------------------------------
OK band: +/-2.0cm, +/-10deg (display only). Enter = run checksum. Ctrl+C = quit.
[2J[Hcheck_build  rb_00182_mirror_x   22:16:59
----------------------------------------------------------------
  wall_10    brick  dx= -0.80cm dy= +0.74cm dtheta=  +0.6deg  OK
  wall_11    brick  dx= -0.07cm dy= -0.37cm dtheta= +15.8deg  ..
  wall_9     brick  dx= -1.35cm dy= +3.49cm dtheta=  -0.4deg  ..
  obj_4      block  dx= -4.92cm dy= -5.00cm dtheta=  +7.9deg  ..
  obj_1      block  MISSING (camera does not see it)
  robot      start  dx= +4.34cm dy= -0.41cm dtheta=-105.4deg  ..
----------------------------------------------------------------
OK band: +/-2.0cm, +/-10deg (display only). Enter = run checksum. Ctrl+C = quit.
[2J[Hcheck_build  rb_00182_mirror_x   22:17:00
----------------------------------------------------------------
  wall_10    brick  dx= -0.19cm dy= +0.71cm dtheta=  -2.3deg  OK
  wall_11    brick  dx= -0.09cm dy= -0.35cm dtheta= +15.8deg  ..
  wall_9     brick  MISSING (camera does not see it)
  obj_4      block  dx= -4.92cm dy= -4.98cm dtheta=  +7.7deg  ..
  obj_1      block  MISSING (camera does not see it)
  robot      start  dx= +4.34cm dy= -0.40cm dtheta=-105.5deg  ..
----------------------------------------------------------------
OK band: +/-2.0cm, +/-10deg (display only). Enter = run checksum. Ctrl+C = quit.
[2J[Hcheck_build  rb_00182_mirror_x   22:17:00
----------------------------------------------------------------
  wall_10    brick  dx= +0.18cm dy= +0.60cm dtheta=  -5.8deg  OK
  wall_11    brick  dx= -0.10cm dy= -0.35cm dtheta= +15.9deg  ..
  wall_9     brick  dx= -1.17cm dy= +3.43cm dtheta=  +5.7deg  ..
  obj_4      block  dx= -4.92cm dy= -4.99cm dtheta=  +7.8deg  ..
  obj_1      block  MISSING (camera does not see it)
  robot      start  dx= +4.33cm dy= -0.39cm dtheta=-105.5deg  ..
----------------------------------------------------------------
OK band: +/-2.0cm, +/-10deg (display only). Enter = run checksum. Ctrl+C = quit.
[2J[Hcheck_build  rb_00182_mirror_x   22:17:01
----------------------------------------------------------------
  wall_10    brick  dx= +0.12cm dy= +0.11cm dtheta=  -1.4deg  OK
  wall_11    brick  dx= -0.09cm dy= -0.35cm dtheta= +15.8deg  ..
  wall_9     brick  dx= -1.22cm dy= +3.45cm dtheta=  +0.1deg  ..
  obj_4      block  dx= -4.93cm dy= -5.00cm dtheta=  +7.8deg  ..
  obj_1      block  MISSING (camera does not see it)
  robot      start  dx= +4.34cm dy= -0.40cm dtheta=-105.6deg  ..
----------------------------------------------------------------
OK band: +/-2.0cm, +/-10deg (display only). Enter = run checksum. Ctrl+C = quit.
[2J[Hcheck_build  rb_00182_mirror_x   22:17:01
----------------------------------------------------------------
  wall_10    brick  dx= +0.11cm dy= +0.11cm dtheta=  -1.4deg  OK
  wall_11    brick  dx= -0.08cm dy= -0.36cm dtheta= +15.9deg  ..
  wall_9     brick  dx= -1.17cm dy= +3.43cm dtheta=  +5.9deg  ..
  obj_4      block  dx= -4.93cm dy= -5.00cm dtheta=  +7.7deg  ..
  obj_1      block  MISSING (camera does not see it)
  robot      start  dx= +4.35cm dy= -0.41cm dtheta=-105.5deg  ..
----------------------------------------------------------------
OK band: +/-2.0cm, +/-10deg (display only). Enter = run checksum. Ctrl+C = quit.
[2J[Hcheck_build  rb_00182_mirror_x   22:17:02
----------------------------------------------------------------
  wall_10    brick  dx= +0.09cm dy= +0.09cm dtheta=  -1.4deg  OK
  wall_11    brick  dx= -0.10cm dy= -0.35cm dtheta= +15.9deg  ..
  wall_9     brick  dx= -1.07cm dy= +3.40cm dtheta=  +5.7deg  ..
  obj_4      block  dx= -4.93cm dy= -5.01cm dtheta=  +7.9deg  ..
  obj_1      block  MISSING (camera does not see it)
  robot      start  dx= +4.32cm dy= -0.38cm dtheta=-105.5deg  ..
----------------------------------------------------------------
OK band: +/-2.0cm, +/-10deg (display only). Enter = run checksum. Ctrl+C = quit.
[2J[Hcheck_build  rb_00182_mirror_x   22:17:02
----------------------------------------------------------------
  wall_10    brick  dx= +0.10cm dy= +0.10cm dtheta=  -1.4deg  OK
  wall_11    brick  dx= -0.09cm dy= -0.35cm dtheta= +15.8deg  ..
  wall_9     brick  MISSING (camera does not see it)
  obj_4      block  dx= -4.92cm dy= -4.98cm dtheta=  +7.8deg  ..
  obj_1      block  MISSING (camera does not see it)
  robot      start  dx= +4.35cm dy= -0.41cm dtheta=-105.5deg  ..
----------------------------------------------------------------
OK band: +/-2.0cm, +/-10deg (display only). Enter = run checksum. Ctrl+C = quit.
[2J[Hcheck_build  rb_00182_mirror_x   22:17:03
----------------------------------------------------------------
  wall_10    brick  dx= +0.12cm dy= +0.11cm dtheta=  -1.5deg  OK
  wall_11    brick  dx= -0.08cm dy= -0.36cm dtheta= +15.9deg  ..
  wall_9     brick  MISSING (camera does not see it)
  obj_4      block  dx= -4.92cm dy= -4.98cm dtheta=  +7.8deg  ..
  obj_1      block  MISSING (camera does not see it)
  robot      start  dx= +4.35cm dy= -0.41cm dtheta=-105.5deg  ..
----------------------------------------------------------------
OK band: +/-2.0cm, +/-10deg (display only). Enter = run checksum. Ctrl+C = quit.
[2J[Hcheck_build  rb_00182_mirror_x   22:17:03
----------------------------------------------------------------
  wall_10    brick  dx= +0.10cm dy= +0.09cm dtheta=  -1.5deg  OK
  wall_11    brick  dx= -0.10cm dy= -0.34cm dtheta= +15.8deg  ..
  wall_9     brick  MISSING (camera does not see it)
  obj_4      block  dx= -4.93cm dy= -5.02cm dtheta=  +7.8deg  ..
  obj_1      block  MISSING (camera does not see it)
  robot      start  dx= +4.30cm dy= -0.34cm dtheta=-105.5deg  ..
----------------------------------------------------------------
OK band: +/-2.0cm, +/-10deg (display only). Enter = run checksum. Ctrl+C = quit.
[2J[Hcheck_build  rb_00182_mirror_x   22:17:04
----------------------------------------------------------------
  wall_10    brick  dx= +0.11cm dy= +0.11cm dtheta=  -1.6deg  OK
  wall_11    brick  dx= -0.10cm dy= -0.34cm dtheta= +15.8deg  ..
  wall_9     brick  dx= -1.93cm dy= +0.60cm dtheta=  +7.7deg  OK
  obj_4      block  dx= -4.92cm dy= -4.97cm dtheta=  +7.8deg  ..
  obj_1      block  MISSING (camera does not see it)
  robot      start  dx= +4.30cm dy= -0.34cm dtheta=-105.6deg  ..
----------------------------------------------------------------
OK band: +/-2.0cm, +/-10deg (display only). Enter = run checksum. Ctrl+C = quit.
[2J[Hcheck_build  rb_00182_mirror_x   22:17:04
----------------------------------------------------------------
  wall_10    brick  dx= +0.10cm dy= +0.10cm dtheta=  -1.6deg  OK
  wall_11    brick  dx= -0.06cm dy= -0.38cm dtheta= +15.6deg  ..
  wall_9     brick  dx= -1.89cm dy= +0.58cm dtheta=  +7.6deg  OK
  obj_4      block  dx= -4.93cm dy= -4.99cm dtheta=  +7.8deg  ..
  obj_1      block  MISSING (camera does not see it)
  robot      start  dx= +4.29cm dy= -0.32cm dtheta=-105.6deg  ..
----------------------------------------------------------------
OK band: +/-2.0cm, +/-10deg (display only). Enter = run checksum. Ctrl+C = quit.
[2J[Hcheck_build  rb_00182_mirror_x   22:17:05
----------------------------------------------------------------
  wall_10    brick  dx= +0.10cm dy= +0.10cm dtheta=  -1.4deg  OK
  wall_11    brick  MISSING (camera does not see it)
  wall_9     brick  dx= -1.59cm dy= +0.45cm dtheta=  +2.4deg  OK
  obj_4      block  dx= -4.92cm dy= -4.98cm dtheta=  +7.7deg  ..
  obj_1      block  MISSING (camera does not see it)
  robot      start  dx= +4.30cm dy= -0.35cm dtheta=-105.5deg  ..
----------------------------------------------------------------
OK band: +/-2.0cm, +/-10deg (display only). Enter = run checksum. Ctrl+C = quit.
[2J[Hcheck_build  rb_00182_mirror_x   22:17:05
----------------------------------------------------------------
  wall_10    brick  dx= +0.08cm dy= +0.09cm dtheta=  -1.5deg  OK
  wall_11    brick  dx= -0.12cm dy= -0.33cm dtheta= +16.0deg  ..
  wall_9     brick  MISSING (camera does not see it)
  obj_4      block  dx= -4.92cm dy= -4.97cm dtheta=  +7.7deg  ..
  obj_1      block  MISSING (camera does not see it)
  robot      start  dx= +4.32cm dy= -0.37cm dtheta=-105.5deg  ..
----------------------------------------------------------------
OK band: +/-2.0cm, +/-10deg (display only). Enter = run checksum. Ctrl+C = quit.
  no checksum columns on this sheet, cannot verify the build.
[2J[Hcheck_build  rb_00182_mirror_x   22:17:06
----------------------------------------------------------------
  wall_10    brick  dx= +0.08cm dy= +0.08cm dtheta=  -1.4deg  OK
  wall_11    brick  dx= -0.11cm dy= -0.34cm dtheta= +15.9deg  ..
  wall_9     brick  MISSING (camera does not see it)
  obj_4      block  dx= -4.93cm dy= -5.01cm dtheta=  +7.8deg  ..
  obj_1      block  MISSING (camera does not see it)
  robot      start  dx= +4.30cm dy= -0.34cm dtheta=-105.6deg  ..
----------------------------------------------------------------
OK band: +/-2.0cm, +/-10deg (display only). Enter = run checksum. Ctrl+C = quit.
[2J[Hcheck_build  rb_00182_mirror_x   22:17:06
----------------------------------------------------------------
  wall_10    brick  dx= +0.11cm dy= +0.11cm dtheta=  -1.5deg  OK
  wall_11    brick  dx= -0.16cm dy= -0.29cm dtheta= +16.1deg  ..
  wall_9     brick  dx= -0.81cm dy= +0.94cm dtheta=  +0.5deg  OK
  obj_4      block  dx= -4.93cm dy= -5.00cm dtheta=  +7.9deg  ..
  obj_1      block  MISSING (camera does not see it)
  robot      start  dx= +4.32cm dy= -0.37cm dtheta=-105.5deg  ..
----------------------------------------------------------------
OK band: +/-2.0cm, +/-10deg (display only). Enter = run checksum. Ctrl+C = quit.
[2J[Hcheck_build  rb_00182_mirror_x   22:17:07
----------------------------------------------------------------
  wall_10    brick  dx= +0.10cm dy= +0.10cm dtheta=  -1.4deg  OK
  wall_11    brick  dx= -0.09cm dy= -0.35cm dtheta= +15.9deg  ..
  wall_9     brick  dx= -0.71cm dy= +0.90cm dtheta=  +0.5deg  OK
  obj_4      block  dx= -4.92cm dy= -4.98cm dtheta=  +7.7deg  ..
  obj_1      block  MISSING (camera does not see it)
  robot      start  dx= +4.24cm dy= -0.25cm dtheta=-105.3deg  ..
----------------------------------------------------------------
OK band: +/-2.0cm, +/-10deg (display only). Enter = run checksum. Ctrl+C = quit.
[2J[Hcheck_build  rb_00182_mirror_x   22:17:07
----------------------------------------------------------------
  wall_10    brick  dx= +0.09cm dy= +0.09cm dtheta=  -1.5deg  OK
  wall_11    brick  MISSING (camera does not see it)
  wall_9     brick  dx= -0.72cm dy= +0.89cm dtheta=  +0.5deg  OK
  obj_4      block  dx= -4.92cm dy= -4.98cm dtheta=  +7.8deg  ..
  obj_1      block  MISSING (camera does not see it)
  robot      start  dx= +4.25cm dy= -0.27cm dtheta=-105.2deg  ..
----------------------------------------------------------------
OK band: +/-2.0cm, +/-10deg (display only). Enter = run checksum. Ctrl+C = quit.
[2J[Hcheck_build  rb_00182_mirror_x   22:17:08
----------------------------------------------------------------
  wall_10    brick  dx= +0.09cm dy= +0.09cm dtheta=  -1.5deg  OK
  wall_11    brick  MISSING (camera does not see it)
  wall_9     brick  dx= -0.73cm dy= +0.90cm dtheta=  +0.5deg  OK
  obj_4      block  dx= -4.92cm dy= -4.99cm dtheta=  +7.7deg  ..
  obj_1      block  MISSING (camera does not see it)
  robot      start  dx= +4.10cm dy= +0.01cm dtheta=-105.3deg  ..
----------------------------------------------------------------
OK band: +/-2.0cm, +/-10deg (display only). Enter = run checksum. Ctrl+C = quit.
[2J[Hcheck_build  rb_00182_mirror_x   22:17:08
----------------------------------------------------------------
  wall_10    brick  dx= +0.10cm dy= +0.10cm dtheta=  -1.5deg  OK
  wall_11    brick  dx= +1.25cm dy= -2.55cm dtheta=  +5.8deg  ..
  wall_9     brick  dx= -0.74cm dy= +0.91cm dtheta=  +0.6deg  OK
  obj_4      block  dx= -4.93cm dy= -5.01cm dtheta=  +7.8deg  ..
  obj_1      block  MISSING (camera does not see it)
  robot      start  dx= +4.26cm dy= -0.27cm dtheta=-105.5deg  ..
----------------------------------------------------------------
OK band: +/-2.0cm, +/-10deg (display only). Enter = run checksum. Ctrl+C = quit.
[2J[Hcheck_build  rb_00182_mirror_x   22:17:09
----------------------------------------------------------------
  wall_10    brick  dx= +0.10cm dy= +0.10cm dtheta=  -1.5deg  OK
  wall_11    brick  dx= +1.30cm dy= -2.60cm dtheta=  +5.6deg  ..
  wall_9     brick  dx= -0.75cm dy= +0.91cm dtheta=  +0.6deg  OK
  obj_4      block  dx= -4.93cm dy= -5.00cm dtheta=  +7.8deg  ..
  obj_1      block  MISSING (camera does not see it)
  robot      start  dx= +4.33cm dy= -0.37cm dtheta=-105.5deg  ..
----------------------------------------------------------------
OK band: +/-2.0cm, +/-10deg (display only). Enter = run checksum. Ctrl+C = quit.
[2J[Hcheck_build  rb_00182_mirror_x   22:17:09
----------------------------------------------------------------
  wall_10    brick  dx= +0.07cm dy= +0.08cm dtheta=  -1.5deg  OK
  wall_11    brick  dx= +1.21cm dy= -2.52cm dtheta=  +5.9deg  ..
  wall_9     brick  dx= -0.71cm dy= +0.89cm dtheta=  +0.4deg  OK
  obj_4      block  dx= -4.92cm dy= -4.98cm dtheta=  +7.8deg  ..
  obj_1      block  MISSING (camera does not see it)
  robot      start  dx= +4.31cm dy= -0.35cm dtheta=-105.5deg  ..
----------------------------------------------------------------
OK band: +/-2.0cm, +/-10deg (display only). Enter = run checksum. Ctrl+C = quit.
[2J[Hcheck_build  rb_00182_mirror_x   22:17:10
----------------------------------------------------------------
  wall_10    brick  dx= +0.08cm dy= +0.09cm dtheta=  -1.4deg  OK
  wall_11    brick  MISSING (camera does not see it)
  wall_9     brick  dx= -0.76cm dy= +0.92cm dtheta=  +0.5deg  OK
  obj_4      block  dx= -4.93cm dy= -5.00cm dtheta=  +7.9deg  ..
  obj_1      block  MISSING (camera does not see it)
  robot      start  dx= +4.31cm dy= -0.35cm dtheta=-105.5deg  ..
----------------------------------------------------------------
OK band: +/-2.0cm, +/-10deg (display only). Enter = run checksum. Ctrl+C = quit.
[2J[Hcheck_build  rb_00182_mirror_x   22:17:10
----------------------------------------------------------------
  wall_10    brick  dx= +0.09cm dy= +0.09cm dtheta=  -1.5deg  OK
  wall_11    brick  dx= -1.31cm dy= -0.33cm dtheta=  -2.2deg  OK
  wall_9     brick  dx= -0.71cm dy= +0.90cm dtheta=  +0.4deg  OK
  obj_4      block  dx= -4.93cm dy= -5.00cm dtheta=  +7.8deg  ..
  obj_1      block  MISSING (camera does not see it)
  robot      start  dx= +4.28cm dy= -0.30cm dtheta=-105.4deg  ..
----------------------------------------------------------------
OK band: +/-2.0cm, +/-10deg (display only). Enter = run checksum. Ctrl+C = quit.
[2J[Hcheck_build  rb_00182_mirror_x   22:17:11
----------------------------------------------------------------
  wall_10    brick  dx= +0.08cm dy= +0.09cm dtheta=  -1.4deg  OK
  wall_11    brick  dx= -1.35cm dy= -0.30cm dtheta=  -1.8deg  OK
  wall_9     brick  dx= -0.78cm dy= +0.93cm dtheta=  +0.6deg  OK
  obj_4      block  dx= -4.92cm dy= -4.97cm dtheta=  +7.7deg  ..
  obj_1      block  MISSING (camera does not see it)
  robot      start  dx= +4.26cm dy= -0.27cm dtheta=-105.5deg  ..
----------------------------------------------------------------
OK band: +/-2.0cm, +/-10deg (display only). Enter = run checksum. Ctrl+C = quit.
[2J[Hcheck_build  rb_00182_mirror_x   22:17:11
----------------------------------------------------------------
  wall_10    brick  dx= +0.10cm dy= +0.09cm dtheta=  -1.5deg  OK
  wall_11    brick  dx= -0.51cm dy= -0.01cm dtheta=  +3.4deg  OK
  wall_9     brick  dx= -0.72cm dy= +0.90cm dtheta=  +0.5deg  OK
  obj_4      block  dx= -4.92cm dy= -4.97cm dtheta=  +7.6deg  ..
  obj_1      block  MISSING (camera does not see it)
  robot      start  dx= +4.31cm dy= -0.35cm dtheta=-105.4deg  ..
----------------------------------------------------------------
OK band: +/-2.0cm, +/-10deg (display only). Enter = run checksum. Ctrl+C = quit.
[2J[Hcheck_build  rb_00182_mirror_x   22:17:12
----------------------------------------------------------------
  wall_10    brick  dx= +0.13cm dy= +0.12cm dtheta=  -1.6deg  OK
  wall_11    brick  dx= -0.52cm dy= +0.03cm dtheta=  +3.1deg  OK
  wall_9     brick  dx= -0.76cm dy= +0.92cm dtheta=  +0.5deg  OK
  obj_4      block  dx= -4.93cm dy= -5.03cm dtheta=  +7.8deg  ..
  obj_1      block  MISSING (camera does not see it)
  robot      start  dx= +4.30cm dy= -0.34cm dtheta=-105.5deg  ..
----------------------------------------------------------------
OK band: +/-2.0cm, +/-10deg (display only). Enter = run checksum. Ctrl+C = quit.
[2J[Hcheck_build  rb_00182_mirror_x   22:17:12
----------------------------------------------------------------
  wall_10    brick  dx= +0.08cm dy= +0.08cm dtheta=  -1.4deg  OK
  wall_11    brick  dx= -0.50cm dy= +0.03cm dtheta=  +3.2deg  OK
  wall_9     brick  dx= -0.69cm dy= +0.88cm dtheta=  +0.5deg  OK
  obj_4      block  dx= -4.92cm dy= -4.97cm dtheta=  +7.8deg  ..
  obj_1      block  MISSING (camera does not see it)
  robot      start  dx= +4.31cm dy= -0.35cm dtheta=-105.4deg  ..
----------------------------------------------------------------
OK band: +/-2.0cm, +/-10deg (display only). Enter = run checksum. Ctrl+C = quit.
[2J[Hcheck_build  rb_00182_mirror_x   22:17:13
----------------------------------------------------------------
  wall_10    brick  dx= +0.11cm dy= +0.11cm dtheta=  -1.4deg  OK
  wall_11    brick  dx= +0.88cm dy= +0.56cm dtheta=  -3.8deg  OK
  wall_9     brick  dx= -0.76cm dy= +0.92cm dtheta=  +0.6deg  OK
  obj_4      block  dx= -4.92cm dy= -4.96cm dtheta=  +7.7deg  ..
  obj_1      block  MISSING (camera does not see it)
  robot      start  dx= +4.29cm dy= -0.33cm dtheta=-105.4deg  ..
----------------------------------------------------------------
OK band: +/-2.0cm, +/-10deg (display only). Enter = run checksum. Ctrl+C = quit.
[2J[Hcheck_build  rb_00182_mirror_x   22:17:13
----------------------------------------------------------------
  wall_10    brick  dx= +0.09cm dy= +0.10cm dtheta=  -1.4deg  OK
  wall_11    brick  dx= +0.85cm dy= +0.57cm dtheta=  -3.8deg  OK
  wall_9     brick  dx= -0.79cm dy= +0.93cm dtheta=  +0.6deg  OK
  obj_4      block  dx= -4.92cm dy= -4.97cm dtheta=  +7.7deg  ..
  obj_1      block  MISSING (camera does not see it)
  robot      start  dx= +4.30cm dy= -0.32cm dtheta=-105.5deg  ..
----------------------------------------------------------------
OK band: +/-2.0cm, +/-10deg (display only). Enter = run checksum. Ctrl+C = quit.
[2J[Hcheck_build  rb_00182_mirror_x   22:17:14
----------------------------------------------------------------
  wall_10    brick  dx= +0.10cm dy= +0.10cm dtheta=  -1.6deg  OK
  wall_11    brick  MISSING (camera does not see it)
  wall_9     brick  dx= -0.74cm dy= +0.91cm dtheta=  +0.6deg  OK
  obj_4      block  dx= -4.94cm dy= -5.03cm dtheta=  +7.9deg  ..
  obj_1      block  MISSING (camera does not see it)
  robot      start  dx= +4.30cm dy= -0.34cm dtheta=-105.5deg  ..
----------------------------------------------------------------
OK band: +/-2.0cm, +/-10deg (display only). Enter = run checksum. Ctrl+C = quit.
[2J[Hcheck_build  rb_00182_mirror_x   22:17:14
----------------------------------------------------------------
  wall_10    brick  dx= +0.10cm dy= +0.10cm dtheta=  -1.5deg  OK
  wall_11    brick  MISSING (camera does not see it)
  wall_9     brick  dx= -0.71cm dy= +0.89cm dtheta=  +0.6deg  OK
  obj_4      block  dx= -4.93cm dy= -5.02cm dtheta=  +7.7deg  ..
  obj_1      block  MISSING (camera does not see it)
  robot      start  dx= +4.31cm dy= -0.36cm dtheta=-105.4deg  ..
----------------------------------------------------------------
OK band: +/-2.0cm, +/-10deg (display only). Enter = run checksum. Ctrl+C = quit.
[2J[Hcheck_build  rb_00182_mirror_x   22:17:15
----------------------------------------------------------------
  wall_10    brick  dx= +0.10cm dy= +0.09cm dtheta=  -1.5deg  OK
  wall_11    brick  dx= +0.30cm dy= -0.19cm dtheta=  +1.9deg  OK
  wall_9     brick  dx= -0.76cm dy= +0.92cm dtheta=  +0.6deg  OK
  obj_4      block  dx= -4.92cm dy= -4.97cm dtheta=  +7.8deg  ..
  obj_1      block  MISSING (camera does not see it)
  robot      start  dx= +4.32cm dy= -0.36cm dtheta=-105.5deg  ..
----------------------------------------------------------------
OK band: +/-2.0cm, +/-10deg (display only). Enter = run checksum. Ctrl+C = quit.
[2J[Hcheck_build  rb_00182_mirror_x   22:17:15
----------------------------------------------------------------
  wall_10    brick  dx= +0.11cm dy= +0.10cm dtheta=  -1.4deg  OK
  wall_11    brick  dx= +0.28cm dy= -0.18cm dtheta=  +1.9deg  OK
  wall_9     brick  dx= -0.76cm dy= +0.92cm dtheta=  +0.5deg  OK
  obj_4      block  dx= -4.92cm dy= -4.99cm dtheta=  +7.9deg  ..
  obj_1      block  MISSING (camera does not see it)
  robot      start  dx= +4.33cm dy= -0.37cm dtheta=-105.5deg  ..
----------------------------------------------------------------
OK band: +/-2.0cm, +/-10deg (display only). Enter = run checksum. Ctrl+C = quit.
  no checksum columns on this sheet, cannot verify the build.
[2J[Hcheck_build  rb_00182_mirror_x   22:17:16
----------------------------------------------------------------
  wall_10    brick  dx= +0.10cm dy= +0.10cm dtheta=  -1.4deg  OK
  wall_11    brick  dx= +0.29cm dy= -0.18cm dtheta=  +1.9deg  OK
  wall_9     brick  dx= -0.72cm dy= +0.90cm dtheta=  +0.5deg  OK
  obj_4      block  dx= -4.92cm dy= -4.97cm dtheta=  +7.8deg  ..
  obj_1      block  MISSING (camera does not see it)
  robot      start  dx= +4.32cm dy= -0.37cm dtheta=-105.4deg  ..
----------------------------------------------------------------
OK band: +/-2.0cm, +/-10deg (display only). Enter = run checksum. Ctrl+C = quit.
[2J[Hcheck_build  rb_00182_mirror_x   22:17:16
----------------------------------------------------------------
  wall_10    brick  dx= +0.11cm dy= +0.10cm dtheta=  -1.5deg  OK
  wall_11    brick  dx= +0.27cm dy= -0.17cm dtheta=  +1.9deg  OK
  wall_9     brick  dx= -0.76cm dy= +0.92cm dtheta=  +0.5deg  OK
  obj_4      block  dx= -4.93cm dy= -5.00cm dtheta=  +7.9deg  ..
  obj_1      block  MISSING (camera does not see it)
  robot      start  dx= +4.32cm dy= -0.37cm dtheta=-105.5deg  ..
----------------------------------------------------------------
OK band: +/-2.0cm, +/-10deg (display only). Enter = run checksum. Ctrl+C = quit.
[2J[Hcheck_build  rb_00182_mirror_x   22:17:17
----------------------------------------------------------------
  wall_10    brick  dx= +0.08cm dy= +0.09cm dtheta=  -1.5deg  OK
  wall_11    brick  dx= +0.29cm dy= -0.18cm dtheta=  +1.9deg  OK
  wall_9     brick  dx= -0.75cm dy= +0.91cm dtheta=  +0.6deg  OK
  obj_4      block  dx= -4.93cm dy= -4.99cm dtheta=  +7.8deg  ..
  obj_1      block  MISSING (camera does not see it)
  robot      start  dx= +4.31cm dy= -0.36cm dtheta=-105.5deg  ..
----------------------------------------------------------------
OK band: +/-2.0cm, +/-10deg (display only). Enter = run checksum. Ctrl+C = quit.
[2J[Hcheck_build  rb_00182_mirror_x   22:17:17
----------------------------------------------------------------
  wall_10    brick  dx= +0.10cm dy= +0.10cm dtheta=  -1.5deg  OK
  wall_11    brick  dx= +0.30cm dy= -0.19cm dtheta=  +1.8deg  OK
  wall_9     brick  dx= -0.73cm dy= +0.90cm dtheta=  +0.5deg  OK
  obj_4      block  dx= -4.93cm dy= -5.00cm dtheta=  +7.8deg  ..
  obj_1      block  MISSING (camera does not see it)
  robot      start  dx= +4.31cm dy= -0.36cm dtheta=-105.6deg  ..
----------------------------------------------------------------
OK band: +/-2.0cm, +/-10deg (display only). Enter = run checksum. Ctrl+C = quit.
[2J[Hcheck_build  rb_00182_mirror_x   22:17:18
----------------------------------------------------------------
  wall_10    brick  dx= +0.13cm dy= +0.11cm dtheta=  -1.4deg  OK
  wall_11    brick  dx= +0.30cm dy= -0.19cm dtheta=  +1.8deg  OK
  wall_9     brick  dx= -0.74cm dy= +0.91cm dtheta=  +0.4deg  OK
  obj_4      block  dx= -4.93cm dy= -5.01cm dtheta=  +7.8deg  ..
  obj_1      block  MISSING (camera does not see it)
  robot      start  dx= +4.29cm dy= -0.32cm dtheta=-105.6deg  ..
----------------------------------------------------------------
OK band: +/-2.0cm, +/-10deg (display only). Enter = run checksum. Ctrl+C = quit.
[2J[Hcheck_build  rb_00182_mirror_x   22:17:18
----------------------------------------------------------------
  wall_10    brick  dx= +0.13cm dy= +0.11cm dtheta=  -1.4deg  OK
  wall_11    brick  dx= +0.30cm dy= -0.19cm dtheta=  +1.8deg  OK
  wall_9     brick  dx= -0.74cm dy= +0.91cm dtheta=  +0.4deg  OK
  obj_4      block  dx= -4.93cm dy= -5.01cm dtheta=  +7.8deg  ..
  obj_1      block  MISSING (camera does not see it)
  robot      start  dx= +4.29cm dy= -0.32cm dtheta=-105.6deg  ..
----------------------------------------------------------------
OK band: +/-2.0cm, +/-10deg (display only). Enter = run checksum. Ctrl+C = quit.
[2J[Hcheck_build  rb_00182_mirror_x   22:17:19
----------------------------------------------------------------
  wall_10    brick  dx= +0.13cm dy= +0.11cm dtheta=  -1.4deg  OK
  wall_11    brick  dx= +0.30cm dy= -0.19cm dtheta=  +1.8deg  OK
  wall_9     brick  dx= -0.74cm dy= +0.91cm dtheta=  +0.4deg  OK
  obj_4      block  dx= -4.93cm dy= -5.01cm dtheta=  +7.8deg  ..
  obj_1      block  MISSING (camera does not see it)
  robot      start  dx= +4.29cm dy= -0.32cm dtheta=-105.6deg  ..
----------------------------------------------------------------
OK band: +/-2.0cm, +/-10deg (display only). Enter = run checksum. Ctrl+C = quit.
[2J[Hcheck_build  rb_00182_mirror_x   22:17:19
----------------------------------------------------------------
  wall_10    brick  dx= +0.13cm dy= +0.11cm dtheta=  -1.4deg  OK
  wall_11    brick  dx= +0.30cm dy= -0.19cm dtheta=  +1.8deg  OK
  wall_9     brick  dx= -0.74cm dy= +0.91cm dtheta=  +0.4deg  OK
  obj_4      block  dx= -4.93cm dy= -5.01cm dtheta=  +7.8deg  ..
  obj_1      block  MISSING (camera does not see it)
  robot      start  dx= +4.29cm dy= -0.32cm dtheta=-105.6deg  ..
----------------------------------------------------------------
OK band: +/-2.0cm, +/-10deg (display only). Enter = run checksum. Ctrl+C = quit.
[2J[Hcheck_build  rb_00182_mirror_x   22:17:20
----------------------------------------------------------------
  wall_10    brick  dx= +0.13cm dy= +0.11cm dtheta=  -1.4deg  OK
  wall_11    brick  dx= +0.30cm dy= -0.19cm dtheta=  +1.8deg  OK
  wall_9     brick  dx= -0.74cm dy= +0.91cm dtheta=  +0.4deg  OK
  obj_4      block  dx= -4.93cm dy= -5.01cm dtheta=  +7.8deg  ..
  obj_1      block  MISSING (camera does not see it)
  robot      start  dx= +4.29cm dy= -0.32cm dtheta=-105.6deg  ..
----------------------------------------------------------------
OK band: +/-2.0cm, +/-10deg (display only). Enter = run checksum. Ctrl+C = quit.
[2J[Hcheck_build  rb_00182_mirror_x   22:17:20
----------------------------------------------------------------
  wall_10    brick  dx= +0.13cm dy= +0.11cm dtheta=  -1.4deg  OK
  wall_11    brick  dx= +0.30cm dy= -0.19cm dtheta=  +1.8deg  OK
  wall_9     brick  dx= -0.74cm dy= +0.91cm dtheta=  +0.4deg  OK
  obj_4      block  dx= -4.93cm dy= -5.01cm dtheta=  +7.8deg  ..
  obj_1      block  MISSING (camera does not see it)
  robot      start  dx= +4.29cm dy= -0.32cm dtheta=-105.6deg  ..
----------------------------------------------------------------
OK band: +/-2.0cm, +/-10deg (display only). Enter = run checksum. Ctrl+C = quit.
[2J[Hcheck_build  rb_00182_mirror_x   22:17:21
----------------------------------------------------------------
  wall_10    brick  dx= +0.13cm dy= +0.11cm dtheta=  -1.4deg  OK
  wall_11    brick  dx= +0.30cm dy= -0.19cm dtheta=  +1.8deg  OK
  wall_9     brick  dx= -0.74cm dy= +0.91cm dtheta=  +0.4deg  OK
  obj_4      block  dx= -4.93cm dy= -5.01cm dtheta=  +7.8deg  ..
  obj_1      block  MISSING (camera does not see it)
  robot      start  dx= +4.29cm dy= -0.32cm dtheta=-105.6deg  ..
----------------------------------------------------------------
OK band: +/-2.0cm, +/-10deg (display only). Enter = run checksum. Ctrl+C = quit.
[2J[Hcheck_build  rb_00182_mirror_x   22:17:21
----------------------------------------------------------------
  wall_10    brick  dx= +0.11cm dy= +0.09cm dtheta=  -1.4deg  OK
  wall_11    brick  dx= +0.31cm dy= -0.19cm dtheta=  +1.8deg  OK
  wall_9     brick  dx= -0.74cm dy= +0.92cm dtheta=  +0.4deg  OK
  obj_4      block  dx= -2.74cm dy= -1.74cm dtheta=  +4.6deg  ..
  obj_1      block  MISSING (camera does not see it)
  robot      start  dx= +0.76cm dy= +0.84cm dtheta= -94.6deg  ..
----------------------------------------------------------------
OK band: +/-2.0cm, +/-10deg (display only). Enter = run checksum. Ctrl+C = quit.
[2J[Hcheck_build  rb_00182_mirror_x   22:17:22
----------------------------------------------------------------
  wall_10    brick  dx= +0.12cm dy= +0.10cm dtheta=  -1.4deg  OK
  wall_11    brick  dx= +0.30cm dy= -0.18cm dtheta=  +1.9deg  OK
  wall_9     brick  dx= -0.73cm dy= +0.91cm dtheta=  +0.4deg  OK
  obj_4      block  dx= -2.76cm dy= -1.81cm dtheta=  +4.6deg  ..
  obj_1      block  MISSING (camera does not see it)
  robot      start  dx= +0.80cm dy= +0.77cm dtheta= -94.6deg  ..
----------------------------------------------------------------
OK band: +/-2.0cm, +/-10deg (display only). Enter = run checksum. Ctrl+C = quit.
[2J[Hcheck_build  rb_00182_mirror_x   22:17:22
----------------------------------------------------------------
  wall_10    brick  dx= +0.13cm dy= +0.12cm dtheta=  -1.6deg  OK
  wall_11    brick  dx= +0.24cm dy= -0.14cm dtheta=  +1.9deg  OK
  wall_9     brick  dx= -0.75cm dy= +0.92cm dtheta=  +0.5deg  OK
  obj_4      block  dx= -2.76cm dy= -1.67cm dtheta=  +4.7deg  ..
  obj_1      block  MISSING (camera does not see it)
  robot      start  dx= +0.74cm dy= +0.85cm dtheta= -94.9deg  ..
----------------------------------------------------------------
OK band: +/-2.0cm, +/-10deg (display only). Enter = run checksum. Ctrl+C = quit.
[2J[Hcheck_build  rb_00182_mirror_x   22:17:23
----------------------------------------------------------------
  wall_10    brick  dx= +0.11cm dy= +0.11cm dtheta=  -1.5deg  OK
  wall_11    brick  MISSING (camera does not see it)
  wall_9     brick  dx= -0.75cm dy= +0.91cm dtheta=  +0.6deg  OK
  obj_4      block  dx= -2.76cm dy= -1.67cm dtheta=  +4.6deg  ..
  obj_1      block  MISSING (camera does not see it)
  robot      start  dx= +0.67cm dy= +0.97cm dtheta= -94.8deg  ..
----------------------------------------------------------------
OK band: +/-2.0cm, +/-10deg (display only). Enter = run checksum. Ctrl+C = quit.
[2J[Hcheck_build  rb_00182_mirror_x   22:17:23
----------------------------------------------------------------
  wall_10    brick  dx= +0.09cm dy= +0.09cm dtheta=  -1.4deg  OK
  wall_11    brick  MISSING (camera does not see it)
  wall_9     brick  dx= -0.71cm dy= +0.90cm dtheta=  +0.4deg  OK
  obj_4      block  dx= -2.75cm dy= -1.65cm dtheta=  +4.5deg  ..
  obj_1      block  MISSING (camera does not see it)
  robot      start  dx= +0.71cm dy= +0.93cm dtheta= -94.5deg  ..
----------------------------------------------------------------
OK band: +/-2.0cm, +/-10deg (display only). Enter = run checksum. Ctrl+C = quit.
[2J[Hcheck_build  rb_00182_mirror_x   22:17:24
----------------------------------------------------------------
  wall_10    brick  dx= +0.10cm dy= +0.10cm dtheta=  -1.4deg  OK
  wall_11    brick  MISSING (camera does not see it)
  wall_9     brick  dx= -0.70cm dy= +0.89cm dtheta=  +0.5deg  OK
  obj_4      block  dx= -2.76cm dy= -1.69cm dtheta=  +4.7deg  ..
  obj_1      block  MISSING (camera does not see it)
  robot      start  dx= +0.68cm dy= +0.96cm dtheta= -94.9deg  ..
----------------------------------------------------------------
OK band: +/-2.0cm, +/-10deg (display only). Enter = run checksum. Ctrl+C = quit.
[2J[Hcheck_build  rb_00182_mirror_x   22:17:24
----------------------------------------------------------------
  wall_10    brick  dx= +0.11cm dy= +0.10cm dtheta=  -1.5deg  OK
  wall_11    brick  dx= +0.30cm dy= -0.19cm dtheta=  +1.9deg  OK
  wall_9     brick  dx= -0.71cm dy= +0.90cm dtheta=  +0.4deg  OK
  obj_4      block  dx= -2.76cm dy= -1.69cm dtheta=  +4.5deg  ..
  obj_1      block  dx= +0.39cm dy= +5.07cm dtheta=  -6.8deg  ..
  robot      start  dx= +0.71cm dy= +0.93cm dtheta= -94.8deg  ..
----------------------------------------------------------------
OK band: +/-2.0cm, +/-10deg (display only). Enter = run checksum. Ctrl+C = quit.
[2J[Hcheck_build  rb_00182_mirror_x   22:17:25
----------------------------------------------------------------
  wall_10    brick  dx= +0.12cm dy= +0.11cm dtheta=  -1.4deg  OK
  wall_11    brick  dx= +0.70cm dy= -0.41cm dtheta=  +7.6deg  OK
  wall_9     brick  dx= -0.71cm dy= +0.90cm dtheta=  +0.5deg  OK
  obj_4      block  MISSING (camera does not see it)
  obj_1      block  dx= +0.37cm dy= +5.08cm dtheta=  -8.4deg  ..
  robot      start  dx= +0.71cm dy= +0.92cm dtheta= -94.8deg  ..
----------------------------------------------------------------
OK band: +/-2.0cm, +/-10deg (display only). Enter = run checksum. Ctrl+C = quit.
[2J[Hcheck_build  rb_00182_mirror_x   22:17:25
----------------------------------------------------------------
  wall_10    brick  dx= +0.13cm dy= +0.12cm dtheta=  -1.5deg  OK
  wall_11    brick  dx= +0.73cm dy= -0.49cm dtheta=  +4.2deg  OK
  wall_9     brick  dx= -0.70cm dy= +0.89cm dtheta=  +0.5deg  OK
  obj_4      block  MISSING (camera does not see it)
  obj_1      block  dx= +0.40cm dy= +5.04cm dtheta=  -6.7deg  ..
  robot      start  dx= +0.73cm dy= +0.88cm dtheta= -94.8deg  ..
----------------------------------------------------------------
OK band: +/-2.0cm, +/-10deg (display only). Enter = run checksum. Ctrl+C = quit.
[2J[Hcheck_build  rb_00182_mirror_x   22:17:26
----------------------------------------------------------------
  wall_10    brick  dx= +0.10cm dy= +0.10cm dtheta=  -1.4deg  OK
  wall_11    brick  dx= +0.74cm dy= -0.45cm dtheta=  +6.5deg  OK
  wall_9     brick  dx= -0.73cm dy= +0.91cm dtheta=  +0.5deg  OK
  obj_4      block  dx= -1.04cm dy= -0.71cm dtheta=  +3.4deg  OK
  obj_1      block  dx= +0.40cm dy= +5.04cm dtheta=  -6.8deg  ..
  robot      start  dx= +0.74cm dy= +0.85cm dtheta= -94.7deg  ..
----------------------------------------------------------------
OK band: +/-2.0cm, +/-10deg (display only). Enter = run checksum. Ctrl+C = quit.
  no checksum columns on this sheet, cannot verify the build.
[2J[Hcheck_build  rb_00182_mirror_x   22:17:26
----------------------------------------------------------------
  wall_10    brick  dx= +0.09cm dy= +0.10cm dtheta=  -1.5deg  OK
  wall_11    brick  MISSING (camera does not see it)
  wall_9     brick  dx= -0.71cm dy= +0.90cm dtheta=  +1.0deg  OK
  obj_4      block  dx= -1.04cm dy= -0.72cm dtheta=  +3.5deg  OK
  obj_1      block  dx= +0.41cm dy= +5.02cm dtheta=  -6.8deg  ..
  robot      start  dx= +0.70cm dy= +0.93cm dtheta= -94.7deg  ..
----------------------------------------------------------------
OK band: +/-2.0cm, +/-10deg (display only). Enter = run checksum. Ctrl+C = quit.
[2J[Hcheck_build  rb_00182_mirror_x   22:17:27
----------------------------------------------------------------
  wall_10    brick  dx= +0.13cm dy= +0.11cm dtheta=  -1.4deg  OK
  wall_11    brick  MISSING (camera does not see it)
  wall_9     brick  dx= -0.70cm dy= +0.89cm dtheta=  +0.5deg  OK
  obj_4      block  dx= -1.04cm dy= -0.74cm dtheta=  +3.5deg  OK
  obj_1      block  MISSING (camera does not see it)
  robot      start  dx= +0.72cm dy= +0.88cm dtheta= -94.7deg  ..
----------------------------------------------------------------
OK band: +/-2.0cm, +/-10deg (display only). Enter = run checksum. Ctrl+C = quit.
[2J[Hcheck_build  rb_00182_mirror_x   22:17:27
----------------------------------------------------------------
  wall_10    brick  dx= +0.12cm dy= +0.11cm dtheta=  -1.4deg  OK
  wall_11    brick  MISSING (camera does not see it)
  wall_9     brick  dx= -0.76cm dy= +0.92cm dtheta=  +0.6deg  OK
  obj_4      block  dx= -1.04cm dy= -0.73cm dtheta=  +3.6deg  OK
  obj_1      block  MISSING (camera does not see it)
  robot      start  dx= +0.72cm dy= +0.88cm dtheta= -94.6deg  ..
----------------------------------------------------------------
OK band: +/-2.0cm, +/-10deg (display only). Enter = run checksum. Ctrl+C = quit.
[2J[Hcheck_build  rb_00182_mirror_x   22:17:28
----------------------------------------------------------------
  wall_10    brick  dx= +0.10cm dy= +0.10cm dtheta=  -1.5deg  OK
  wall_11    brick  MISSING (camera does not see it)
  wall_9     brick  dx= -0.73cm dy= +0.91cm dtheta=  +0.5deg  OK
  obj_4      block  dx= -1.04cm dy= -0.72cm dtheta=  +3.5deg  OK
  obj_1      block  dx= -0.33cm dy= +1.96cm dtheta=  -5.6deg  OK
  robot      start  dx= +0.70cm dy= +0.94cm dtheta= -94.8deg  ..
----------------------------------------------------------------
OK band: +/-2.0cm, +/-10deg (display only). Enter = run checksum. Ctrl+C = quit.
[2J[Hcheck_build  rb_00182_mirror_x   22:17:28
----------------------------------------------------------------
  wall_10    brick  dx= +0.11cm dy= +0.10cm dtheta=  -1.4deg  OK
  wall_11    brick  MISSING (camera does not see it)
  wall_9     brick  dx= -0.76cm dy= +0.92cm dtheta=  +0.5deg  OK
  obj_4      block  dx= -1.04cm dy= -0.75cm dtheta=  +3.5deg  OK
  obj_1      block  dx= -0.31cm dy= +2.01cm dtheta=  -3.1deg  ..
  robot      start  dx= +0.74cm dy= +0.84cm dtheta= -94.7deg  ..
----------------------------------------------------------------
OK band: +/-2.0cm, +/-10deg (display only). Enter = run checksum. Ctrl+C = quit.
[2J[Hcheck_build  rb_00182_mirror_x   22:17:29
----------------------------------------------------------------
  wall_10    brick  dx= +0.09cm dy= +0.09cm dtheta=  -1.4deg  OK
  wall_11    brick  MISSING (camera does not see it)
  wall_9     brick  dx= -0.71cm dy= +0.90cm dtheta=  +0.4deg  OK
  obj_4      block  dx= -1.04cm dy= -0.73cm dtheta=  +3.5deg  OK
  obj_1      block  dx= -0.37cm dy= +1.99cm dtheta=  -4.2deg  OK
  robot      start  dx= +0.74cm dy= +0.84cm dtheta= -94.7deg  ..
----------------------------------------------------------------
OK band: +/-2.0cm, +/-10deg (display only). Enter = run checksum. Ctrl+C = quit.
[2J[Hcheck_build  rb_00182_mirror_x   22:17:29
----------------------------------------------------------------
  wall_10    brick  dx= +0.09cm dy= +0.09cm dtheta=  -1.5deg  OK
  wall_11    brick  MISSING (camera does not see it)
  wall_9     brick  dx= -0.66cm dy= +0.87cm dtheta=  +0.6deg  OK
  obj_4      block  dx= -1.02cm dy= -0.69cm dtheta=  +2.7deg  OK
  obj_1      block  MISSING (camera does not see it)
  robot      start  dx= +0.72cm dy= +0.86cm dtheta= -94.7deg  ..
----------------------------------------------------------------
OK band: +/-2.0cm, +/-10deg (display only). Enter = run checksum. Ctrl+C = quit.
[2J[Hcheck_build  rb_00182_mirror_x   22:17:30
----------------------------------------------------------------
  wall_10    brick  dx= +0.09cm dy= +0.10cm dtheta=  -1.5deg  OK
  wall_11    brick  dx= +0.29cm dy= -0.18cm dtheta=  +1.8deg  OK
  wall_9     brick  dx= -0.68cm dy= +0.88cm dtheta=  +0.5deg  OK
  obj_4      block  dx= -1.02cm dy= -0.69cm dtheta=  +2.7deg  OK
  obj_1      block  dx= -0.79cm dy= +0.08cm dtheta=  +4.3deg  OK
  robot      start  dx= +0.69cm dy= +0.94cm dtheta= -94.5deg  ..
----------------------------------------------------------------
OK band: +/-2.0cm, +/-10deg (display only). Enter = run checksum. Ctrl+C = quit.
[2J[Hcheck_build  rb_00182_mirror_x   22:17:30
----------------------------------------------------------------
  wall_10    brick  dx= +0.09cm dy= +0.10cm dtheta=  -1.5deg  OK
  wall_11    brick  dx= +0.29cm dy= -0.18cm dtheta=  +1.8deg  OK
  wall_9     brick  dx= -0.68cm dy= +0.88cm dtheta=  +0.5deg  OK
  obj_4      block  dx= -1.02cm dy= -0.69cm dtheta=  +2.7deg  OK
  obj_1      block  dx= -0.79cm dy= +0.08cm dtheta=  +4.3deg  OK
  robot      start  dx= +0.69cm dy= +0.94cm dtheta= -94.5deg  ..
----------------------------------------------------------------
OK band: +/-2.0cm, +/-10deg (display only). Enter = run checksum. Ctrl+C = quit.
[2J[Hcheck_build  rb_00182_mirror_x   22:17:31
----------------------------------------------------------------
  wall_10    brick  dx= +0.09cm dy= +0.10cm dtheta=  -1.5deg  OK
  wall_11    brick  dx= +0.29cm dy= -0.18cm dtheta=  +1.8deg  OK
  wall_9     brick  dx= -0.68cm dy= +0.88cm dtheta=  +0.5deg  OK
  obj_4      block  dx= -1.02cm dy= -0.69cm dtheta=  +2.7deg  OK
  obj_1      block  dx= -0.79cm dy= +0.08cm dtheta=  +4.3deg  OK
  robot      start  dx= +0.69cm dy= +0.94cm dtheta= -94.5deg  ..
----------------------------------------------------------------
OK band: +/-2.0cm, +/-10deg (display only). Enter = run checksum. Ctrl+C = quit.
[2J[Hcheck_build  rb_00182_mirror_x   22:17:31
----------------------------------------------------------------
  wall_10    brick  dx= +0.09cm dy= +0.10cm dtheta=  -1.5deg  OK
  wall_11    brick  dx= +0.29cm dy= -0.18cm dtheta=  +1.8deg  OK
  wall_9     brick  dx= -0.68cm dy= +0.88cm dtheta=  +0.5deg  OK
  obj_4      block  dx= -1.02cm dy= -0.69cm dtheta=  +2.7deg  OK
  obj_1      block  dx= -0.79cm dy= +0.08cm dtheta=  +4.3deg  OK
  robot      start  dx= +0.69cm dy= +0.94cm dtheta= -94.5deg  ..
----------------------------------------------------------------
OK band: +/-2.0cm, +/-10deg (display only). Enter = run checksum. Ctrl+C = quit.
[2J[Hcheck_build  rb_00182_mirror_x   22:17:32
----------------------------------------------------------------
  wall_10    brick  dx= +0.09cm dy= +0.10cm dtheta=  -1.5deg  OK
  wall_11    brick  dx= +0.29cm dy= -0.18cm dtheta=  +1.8deg  OK
  wall_9     brick  dx= -0.68cm dy= +0.88cm dtheta=  +0.5deg  OK
  obj_4      block  dx= -1.02cm dy= -0.69cm dtheta=  +2.7deg  OK
  obj_1      block  dx= -0.79cm dy= +0.08cm dtheta=  +4.3deg  OK
  robot      start  dx= +0.69cm dy= +0.94cm dtheta= -94.5deg  ..
----------------------------------------------------------------
OK band: +/-2.0cm, +/-10deg (display only). Enter = run checksum. Ctrl+C = quit.
[2J[Hcheck_build  rb_00182_mirror_x   22:17:32
----------------------------------------------------------------
  wall_10    brick  dx= +0.09cm dy= +0.10cm dtheta=  -1.5deg  OK
  wall_11    brick  dx= +0.29cm dy= -0.18cm dtheta=  +1.8deg  OK
  wall_9     brick  dx= -0.68cm dy= +0.88cm dtheta=  +0.5deg  OK
  obj_4      block  dx= -1.02cm dy= -0.69cm dtheta=  +2.7deg  OK
  obj_1      block  dx= -0.79cm dy= +0.08cm dtheta=  +4.3deg  OK
  robot      start  dx= +0.69cm dy= +0.94cm dtheta= -94.5deg  ..
----------------------------------------------------------------
OK band: +/-2.0cm, +/-10deg (display only). Enter = run checksum. Ctrl+C = quit.
[2J[Hcheck_build  rb_00182_mirror_x   22:17:33
----------------------------------------------------------------
  wall_10    brick  dx= +0.09cm dy= +0.10cm dtheta=  -1.5deg  OK
  wall_11    brick  dx= +0.29cm dy= -0.18cm dtheta=  +1.8deg  OK
  wall_9     brick  dx= -0.68cm dy= +0.88cm dtheta=  +0.5deg  OK
  obj_4      block  dx= -1.02cm dy= -0.69cm dtheta=  +2.7deg  OK
  obj_1      block  dx= -0.79cm dy= +0.08cm dtheta=  +4.3deg  OK
  robot      start  dx= +0.69cm dy= +0.94cm dtheta= -94.5deg  ..
----------------------------------------------------------------
OK band: +/-2.0cm, +/-10deg (display only). Enter = run checksum. Ctrl+C = quit.
[2J[Hcheck_build  rb_00182_mirror_x   22:17:33
----------------------------------------------------------------
  wall_10    brick  dx= +0.09cm dy= +0.10cm dtheta=  -1.5deg  OK
  wall_11    brick  dx= +0.29cm dy= -0.18cm dtheta=  +1.8deg  OK
  wall_9     brick  dx= -0.68cm dy= +0.88cm dtheta=  +0.5deg  OK
  obj_4      block  dx= -1.02cm dy= -0.69cm dtheta=  +2.7deg  OK
  obj_1      block  dx= -0.79cm dy= +0.08cm dtheta=  +4.3deg  OK
  robot      start  dx= +0.69cm dy= +0.94cm dtheta= -94.5deg  ..
----------------------------------------------------------------
OK band: +/-2.0cm, +/-10deg (display only). Enter = run checksum. Ctrl+C = quit.
[2J[Hcheck_build  rb_00182_mirror_x   22:17:34
----------------------------------------------------------------
  wall_10    brick  dx= +0.09cm dy= +0.10cm dtheta=  -1.5deg  OK
  wall_11    brick  dx= +0.29cm dy= -0.18cm dtheta=  +1.8deg  OK
  wall_9     brick  dx= -0.68cm dy= +0.88cm dtheta=  +0.5deg  OK
  obj_4      block  dx= -1.02cm dy= -0.69cm dtheta=  +2.7deg  OK
  obj_1      block  dx= -0.79cm dy= +0.08cm dtheta=  +4.3deg  OK
  robot      start  dx= +0.69cm dy= +0.94cm dtheta= -94.5deg  ..
----------------------------------------------------------------
OK band: +/-2.0cm, +/-10deg (display only). Enter = run checksum. Ctrl+C = quit.
[2J[Hcheck_build  rb_00182_mirror_x   22:17:34
----------------------------------------------------------------
  wall_10    brick  dx= +0.09cm dy= +0.10cm dtheta=  -1.5deg  OK
  wall_11    brick  dx= +0.29cm dy= -0.18cm dtheta=  +1.8deg  OK
  wall_9     brick  dx= -0.68cm dy= +0.88cm dtheta=  +0.5deg  OK
  obj_4      block  dx= -1.02cm dy= -0.69cm dtheta=  +2.7deg  OK
  obj_1      block  dx= -0.79cm dy= +0.08cm dtheta=  +4.3deg  OK
  robot      start  dx= +0.69cm dy= +0.94cm dtheta= -94.5deg  ..
----------------------------------------------------------------
OK band: +/-2.0cm, +/-10deg (display only). Enter = run checksum. Ctrl+C = quit.
[2J[Hcheck_build  rb_00182_mirror_x   22:17:35
----------------------------------------------------------------
  wall_10    brick  dx= +0.09cm dy= +0.10cm dtheta=  -1.5deg  OK
  wall_11    brick  dx= +0.29cm dy= -0.18cm dtheta=  +1.8deg  OK
  wall_9     brick  dx= -0.68cm dy= +0.88cm dtheta=  +0.5deg  OK
  obj_4      block  dx= -1.02cm dy= -0.69cm dtheta=  +2.7deg  OK
  obj_1      block  dx= -0.79cm dy= +0.08cm dtheta=  +4.3deg  OK
  robot      start  dx= +0.69cm dy= +0.94cm dtheta= -94.5deg  ..
----------------------------------------------------------------
OK band: +/-2.0cm, +/-10deg (display only). Enter = run checksum. Ctrl+C = quit.
[2J[Hcheck_build  rb_00182_mirror_x   22:17:35
----------------------------------------------------------------
  wall_10    brick  dx= +0.09cm dy= +0.10cm dtheta=  -1.5deg  OK
  wall_11    brick  dx= +0.29cm dy= -0.18cm dtheta=  +1.8deg  OK
  wall_9     brick  dx= -0.68cm dy= +0.88cm dtheta=  +0.5deg  OK
  obj_4      block  dx= -1.02cm dy= -0.69cm dtheta=  +2.7deg  OK
  obj_1      block  dx= -0.79cm dy= +0.08cm dtheta=  +4.3deg  OK
  robot      start  dx= +0.69cm dy= +0.94cm dtheta= -94.5deg  ..
----------------------------------------------------------------
OK band: +/-2.0cm, +/-10deg (display only). Enter = run checksum. Ctrl+C = quit.
[2J[Hcheck_build  rb_00182_mirror_x   22:17:36
----------------------------------------------------------------
  wall_10    brick  dx= +0.10cm dy= +0.10cm dtheta=  -1.4deg  OK
  wall_11    brick  dx= +0.30cm dy= -0.19cm dtheta=  +1.8deg  OK
  wall_9     brick  dx= -0.73cm dy= +0.91cm dtheta=  +0.6deg  OK
  obj_4      block  dx= +0.72cm dy= -0.48cm dtheta=  -1.5deg  OK
  obj_1      block  dx= -0.78cm dy= +0.07cm dtheta=  +4.3deg  OK
  robot      start  dx= +0.75cm dy= +0.84cm dtheta= -94.8deg  ..
----------------------------------------------------------------
OK band: +/-2.0cm, +/-10deg (display only). Enter = run checksum. Ctrl+C = quit.
  no checksum columns on this sheet, cannot verify the build.
[2J[Hcheck_build  rb_00182_mirror_x   22:17:36
----------------------------------------------------------------
  wall_10    brick  dx= +0.11cm dy= +0.11cm dtheta=  -1.4deg  OK
  wall_11    brick  MISSING (camera does not see it)
  wall_9     brick  dx= -0.74cm dy= +0.91cm dtheta=  +0.4deg  OK
  obj_4      block  MISSING (camera does not see it)
  obj_1      block  dx= -0.78cm dy= +0.07cm dtheta=  +4.3deg  OK
  robot      start  dx= +0.71cm dy= +0.90cm dtheta= -94.8deg  ..
----------------------------------------------------------------
OK band: +/-2.0cm, +/-10deg (display only). Enter = run checksum. Ctrl+C = quit.
[2J[Hcheck_build  rb_00182_mirror_x   22:17:37
----------------------------------------------------------------
  wall_10    brick  dx= +0.11cm dy= +0.10cm dtheta=  -1.5deg  OK
  wall_11    brick  MISSING (camera does not see it)
  wall_9     brick  dx= -0.71cm dy= +0.90cm dtheta=  +0.6deg  OK
  obj_4      block  MISSING (camera does not see it)
  obj_1      block  MISSING (camera does not see it)
  robot      start  dx= +0.71cm dy= +0.90cm dtheta= -94.8deg  ..
----------------------------------------------------------------
OK band: +/-2.0cm, +/-10deg (display only). Enter = run checksum. Ctrl+C = quit.
[2J[Hcheck_build  rb_00182_mirror_x   22:17:37
----------------------------------------------------------------
  wall_10    brick  dx= +0.10cm dy= +0.10cm dtheta=  -1.4deg  OK
  wall_11    brick  MISSING (camera does not see it)
  wall_9     brick  dx= -0.72cm dy= +0.90cm dtheta=  +0.5deg  OK
  obj_4      block  MISSING (camera does not see it)
  obj_1      block  MISSING (camera does not see it)
  robot      start  dx= +0.74cm dy= +0.84cm dtheta= -95.0deg  ..
----------------------------------------------------------------
OK band: +/-2.0cm, +/-10deg (display only). Enter = run checksum. Ctrl+C = quit.
[2J[Hcheck_build  rb_00182_mirror_x   22:17:38
----------------------------------------------------------------
  wall_10    brick  dx= +0.07cm dy= +0.09cm dtheta=  -1.6deg  OK
  wall_11    brick  dx= +0.26cm dy= -0.17cm dtheta=  +1.8deg  OK
  wall_9     brick  dx= -0.76cm dy= +0.91cm dtheta=  +0.6deg  OK
  obj_4      block  MISSING (camera does not see it)
  obj_1      block  dx= +0.05cm dy= +0.39cm dtheta=  -1.4deg  OK
  robot      start  dx= +0.73cm dy= +0.84cm dtheta= -94.6deg  ..
----------------------------------------------------------------
OK band: +/-2.0cm, +/-10deg (display only). Enter = run checksum. Ctrl+C = quit.
[2J[Hcheck_build  rb_00182_mirror_x   22:17:38
----------------------------------------------------------------
  wall_10    brick  dx= +0.10cm dy= +0.09cm dtheta=  -1.4deg  OK
  wall_11    brick  dx= +0.29cm dy= -0.18cm dtheta=  +1.9deg  OK
  wall_9     brick  dx= -0.84cm dy= +0.94cm dtheta=  +0.8deg  OK
  obj_4      block  dx= +0.74cm dy= -0.56cm dtheta=  -1.5deg  OK
  obj_1      block  dx= +0.05cm dy= +0.39cm dtheta=  -1.3deg  OK
  robot      start  dx= +0.78cm dy= +0.78cm dtheta= -94.8deg  ..
----------------------------------------------------------------
OK band: +/-2.0cm, +/-10deg (display only). Enter = run checksum. Ctrl+C = quit.
[2J[Hcheck_build  rb_00182_mirror_x   22:17:39
----------------------------------------------------------------
  wall_10    brick  dx= +0.11cm dy= +0.10cm dtheta=  -1.4deg  OK
  wall_11    brick  dx= +0.29cm dy= -0.18cm dtheta=  +1.9deg  OK
  wall_9     brick  dx= -0.71cm dy= +0.89cm dtheta=  +0.5deg  OK
  obj_4      block  dx= +0.76cm dy= -0.62cm dtheta=  +0.2deg  OK
  obj_1      block  dx= +0.05cm dy= +0.38cm dtheta=  -1.4deg  OK
  robot      start  dx= +0.72cm dy= +0.92cm dtheta= -93.7deg  ..
----------------------------------------------------------------
OK band: +/-2.0cm, +/-10deg (display only). Enter = run checksum. Ctrl+C = quit.
[2J[Hcheck_build  rb_00182_mirror_x   22:17:39
----------------------------------------------------------------
  wall_10    brick  dx= +0.11cm dy= +0.10cm dtheta=  -1.4deg  OK
  wall_11    brick  dx= +0.29cm dy= -0.18cm dtheta=  +1.9deg  OK
  wall_9     brick  dx= -0.71cm dy= +0.89cm dtheta=  +0.5deg  OK
  obj_4      block  dx= +0.76cm dy= -0.62cm dtheta=  +0.2deg  OK
  obj_1      block  dx= +0.05cm dy= +0.38cm dtheta=  -1.4deg  OK
  robot      start  dx= +0.72cm dy= +0.92cm dtheta= -93.7deg  ..
----------------------------------------------------------------
OK band: +/-2.0cm, +/-10deg (display only). Enter = run checksum. Ctrl+C = quit.
[2J[Hcheck_build  rb_00182_mirror_x   22:17:40
----------------------------------------------------------------
  wall_10    brick  dx= +0.11cm dy= +0.10cm dtheta=  -1.4deg  OK
  wall_11    brick  dx= +0.29cm dy= -0.18cm dtheta=  +1.9deg  OK
  wall_9     brick  dx= -0.71cm dy= +0.89cm dtheta=  +0.5deg  OK
  obj_4      block  dx= +0.76cm dy= -0.62cm dtheta=  +0.2deg  OK
  obj_1      block  dx= +0.05cm dy= +0.38cm dtheta=  -1.4deg  OK
  robot      start  dx= +0.72cm dy= +0.92cm dtheta= -93.7deg  ..
----------------------------------------------------------------
OK band: +/-2.0cm, +/-10deg (display only). Enter = run checksum. Ctrl+C = quit.
[2J[Hcheck_build  rb_00182_mirror_x   22:17:40
----------------------------------------------------------------
  wall_10    brick  dx= +0.11cm dy= +0.10cm dtheta=  -1.4deg  OK
  wall_11    brick  dx= +0.29cm dy= -0.18cm dtheta=  +1.9deg  OK
  wall_9     brick  dx= -0.71cm dy= +0.89cm dtheta=  +0.5deg  OK
  obj_4      block  dx= +0.76cm dy= -0.62cm dtheta=  +0.2deg  OK
  obj_1      block  dx= +0.05cm dy= +0.38cm dtheta=  -1.4deg  OK
  robot      start  dx= +0.72cm dy= +0.92cm dtheta= -93.7deg  ..
----------------------------------------------------------------
OK band: +/-2.0cm, +/-10deg (display only). Enter = run checksum. Ctrl+C = quit.
[2J[Hcheck_build  rb_00182_mirror_x   22:17:41
----------------------------------------------------------------
  wall_10    brick  dx= +0.11cm dy= +0.10cm dtheta=  -1.4deg  OK
  wall_11    brick  dx= +0.29cm dy= -0.18cm dtheta=  +1.9deg  OK
  wall_9     brick  dx= -0.71cm dy= +0.89cm dtheta=  +0.5deg  OK
  obj_4      block  dx= +0.76cm dy= -0.62cm dtheta=  +0.2deg  OK
  obj_1      block  dx= +0.05cm dy= +0.38cm dtheta=  -1.4deg  OK
  robot      start  dx= +0.72cm dy= +0.92cm dtheta= -93.7deg  ..
----------------------------------------------------------------
OK band: +/-2.0cm, +/-10deg (display only). Enter = run checksum. Ctrl+C = quit.
[2J[Hcheck_build  rb_00182_mirror_x   22:17:41
----------------------------------------------------------------
  wall_10    brick  dx= +0.11cm dy= +0.10cm dtheta=  -1.4deg  OK
  wall_11    brick  dx= +0.29cm dy= -0.18cm dtheta=  +1.9deg  OK
  wall_9     brick  dx= -0.71cm dy= +0.89cm dtheta=  +0.5deg  OK
  obj_4      block  dx= +0.76cm dy= -0.62cm dtheta=  +0.2deg  OK
  obj_1      block  dx= +0.05cm dy= +0.38cm dtheta=  -1.4deg  OK
  robot      start  dx= +0.72cm dy= +0.92cm dtheta= -93.7deg  ..
----------------------------------------------------------------
OK band: +/-2.0cm, +/-10deg (display only). Enter = run checksum. Ctrl+C = quit.
[2J[Hcheck_build  rb_00182_mirror_x   22:17:42
----------------------------------------------------------------
  wall_10    brick  dx= +0.11cm dy= +0.10cm dtheta=  -1.4deg  OK
  wall_11    brick  dx= +0.29cm dy= -0.18cm dtheta=  +1.9deg  OK
  wall_9     brick  dx= -0.71cm dy= +0.89cm dtheta=  +0.5deg  OK
  obj_4      block  dx= +0.76cm dy= -0.62cm dtheta=  +0.2deg  OK
  obj_1      block  dx= +0.05cm dy= +0.38cm dtheta=  -1.4deg  OK
  robot      start  dx= +0.72cm dy= +0.92cm dtheta= -93.7deg  ..
----------------------------------------------------------------
OK band: +/-2.0cm, +/-10deg (display only). Enter = run checksum. Ctrl+C = quit.
[2J[Hcheck_build  rb_00182_mirror_x   22:17:42
----------------------------------------------------------------
  wall_10    brick  dx= +0.11cm dy= +0.10cm dtheta=  -1.4deg  OK
  wall_11    brick  dx= +0.29cm dy= -0.18cm dtheta=  +1.9deg  OK
  wall_9     brick  dx= -0.71cm dy= +0.89cm dtheta=  +0.5deg  OK
  obj_4      block  dx= +0.76cm dy= -0.62cm dtheta=  +0.2deg  OK
  obj_1      block  dx= +0.05cm dy= +0.38cm dtheta=  -1.4deg  OK
  robot      start  dx= +0.72cm dy= +0.92cm dtheta= -93.7deg  ..
----------------------------------------------------------------
OK band: +/-2.0cm, +/-10deg (display only). Enter = run checksum. Ctrl+C = quit.
[2J[Hcheck_build  rb_00182_mirror_x   22:17:43
----------------------------------------------------------------
  wall_10    brick  dx= +0.11cm dy= +0.10cm dtheta=  -1.4deg  OK
  wall_11    brick  dx= +0.29cm dy= -0.18cm dtheta=  +1.9deg  OK
  wall_9     brick  dx= -0.71cm dy= +0.89cm dtheta=  +0.5deg  OK
  obj_4      block  dx= +0.76cm dy= -0.62cm dtheta=  +0.2deg  OK
  obj_1      block  dx= +0.05cm dy= +0.38cm dtheta=  -1.4deg  OK
  robot      start  dx= +0.72cm dy= +0.92cm dtheta= -93.7deg  ..
----------------------------------------------------------------
OK band: +/-2.0cm, +/-10deg (display only). Enter = run checksum. Ctrl+C = quit.
[2J[Hcheck_build  rb_00182_mirror_x   22:17:43
----------------------------------------------------------------
  wall_10    brick  dx= +0.11cm dy= +0.10cm dtheta=  -1.4deg  OK
  wall_11    brick  dx= +0.29cm dy= -0.18cm dtheta=  +1.9deg  OK
  wall_9     brick  dx= -0.71cm dy= +0.89cm dtheta=  +0.5deg  OK
  obj_4      block  dx= +0.76cm dy= -0.62cm dtheta=  +0.2deg  OK
  obj_1      block  dx= +0.05cm dy= +0.38cm dtheta=  -1.4deg  OK
  robot      start  dx= +0.72cm dy= +0.92cm dtheta= -93.7deg  ..
----------------------------------------------------------------
OK band: +/-2.0cm, +/-10deg (display only). Enter = run checksum. Ctrl+C = quit.
[2J[Hcheck_build  rb_00182_mirror_x   22:17:44
----------------------------------------------------------------
  wall_10    brick  dx= +0.12cm dy= +0.11cm dtheta=  -1.4deg  OK
  wall_11    brick  dx= +0.76cm dy= -0.47cm dtheta=  +6.4deg  OK
  wall_9     brick  dx= -0.71cm dy= +0.90cm dtheta=  +0.4deg  OK
  obj_4      block  dx= -0.13cm dy= -0.25cm dtheta=  -0.4deg  OK
  obj_1      block  dx= +0.05cm dy= +0.40cm dtheta=  -0.4deg  OK
  robot      start  dx= -0.37cm dy= +0.09cm dtheta= -93.9deg  ..
----------------------------------------------------------------
OK band: +/-2.0cm, +/-10deg (display only). Enter = run checksum. Ctrl+C = quit.
[2J[Hcheck_build  rb_00182_mirror_x   22:17:44
----------------------------------------------------------------
  wall_10    brick  dx= +0.09cm dy= +0.09cm dtheta=  -1.5deg  OK
  wall_11    brick  dx= +0.74cm dy= -0.44cm dtheta=  +6.7deg  OK
  wall_9     brick  dx= -0.73cm dy= +0.91cm dtheta=  +0.5deg  OK
  obj_4      block  dx= -0.13cm dy= -0.23cm dtheta=  -1.1deg  OK
  obj_1      block  dx= +0.05cm dy= +0.39cm dtheta=  -1.4deg  OK
  robot      start  dx= -0.39cm dy= +0.11cm dtheta= -93.8deg  ..
----------------------------------------------------------------
OK band: +/-2.0cm, +/-10deg (display only). Enter = run checksum. Ctrl+C = quit.
[2J[Hcheck_build  rb_00182_mirror_x   22:17:45
----------------------------------------------------------------
  wall_10    brick  dx= +0.09cm dy= +0.09cm dtheta=  -1.5deg  OK
  wall_11    brick  dx= +0.74cm dy= -0.44cm dtheta=  +6.7deg  OK
  wall_9     brick  dx= -0.73cm dy= +0.91cm dtheta=  +0.5deg  OK
  obj_4      block  dx= -0.13cm dy= -0.23cm dtheta=  -1.1deg  OK
  obj_1      block  dx= +0.05cm dy= +0.39cm dtheta=  -1.4deg  OK
  robot      start  dx= -0.39cm dy= +0.11cm dtheta= -93.8deg  ..
----------------------------------------------------------------
OK band: +/-2.0cm, +/-10deg (display only). Enter = run checksum. Ctrl+C = quit.
[2J[Hcheck_build  rb_00182_mirror_x   22:17:45
----------------------------------------------------------------
  wall_10    brick  dx= +0.09cm dy= +0.09cm dtheta=  -1.5deg  OK
  wall_11    brick  dx= +0.74cm dy= -0.44cm dtheta=  +6.7deg  OK
  wall_9     brick  dx= -0.73cm dy= +0.91cm dtheta=  +0.5deg  OK
  obj_4      block  dx= -0.13cm dy= -0.23cm dtheta=  -1.1deg  OK
  obj_1      block  dx= +0.05cm dy= +0.39cm dtheta=  -1.4deg  OK
  robot      start  dx= -0.39cm dy= +0.11cm dtheta= -93.8deg  ..
----------------------------------------------------------------
OK band: +/-2.0cm, +/-10deg (display only). Enter = run checksum. Ctrl+C = quit.
[2J[Hcheck_build  rb_00182_mirror_x   22:17:46
----------------------------------------------------------------
  wall_10    brick  dx= +0.09cm dy= +0.09cm dtheta=  -1.5deg  OK
  wall_11    brick  dx= +0.28cm dy= -0.17cm dtheta=  +2.0deg  OK
  wall_9     brick  dx= -0.75cm dy= +0.92cm dtheta=  +0.6deg  OK
  obj_4      block  dx= -0.13cm dy= -0.24cm dtheta=  -1.1deg  OK
  obj_1      block  dx= +0.05cm dy= +0.39cm dtheta=  -1.4deg  OK
  robot      start  dx= -0.34cm dy= -0.01cm dtheta= -91.9deg  ..
----------------------------------------------------------------
OK band: +/-2.0cm, +/-10deg (display only). Enter = run checksum. Ctrl+C = quit.
[2J[Hcheck_build  rb_00182_mirror_x   22:17:46
----------------------------------------------------------------
  wall_10    brick  dx= +0.10cm dy= +0.10cm dtheta=  -1.6deg  OK
  wall_11    brick  dx= +0.22cm dy= -0.11cm dtheta=  +2.3deg  OK
  wall_9     brick  dx= -0.71cm dy= +0.90cm dtheta=  +0.5deg  OK
  obj_4      block  dx= -0.13cm dy= -0.25cm dtheta=  -1.1deg  OK
  obj_1      block  dx= +0.05cm dy= +0.40cm dtheta=  -0.4deg  OK
  robot      start  dx= -0.36cm dy= +0.03cm dtheta= -91.9deg  ..
----------------------------------------------------------------
OK band: +/-2.0cm, +/-10deg (display only). Enter = run checksum. Ctrl+C = quit.
  no checksum columns on this sheet, cannot verify the build.
[2J[Hcheck_build  rb_00182_mirror_x   22:17:47
----------------------------------------------------------------
  wall_10    brick  dx= +0.10cm dy= +0.09cm dtheta=  -1.4deg  OK
  wall_11    brick  MISSING (camera does not see it)
  wall_9     brick  dx= -0.69cm dy= +0.89cm dtheta=  +0.5deg  OK
  obj_4      block  dx= -0.14cm dy= -0.24cm dtheta=  +0.3deg  OK
  obj_1      block  dx= +0.05cm dy= +0.40cm dtheta=  -0.4deg  OK
  robot      start  dx= -0.36cm dy= +0.03cm dtheta= -91.9deg  ..
----------------------------------------------------------------
OK band: +/-2.0cm, +/-10deg (display only). Enter = run checksum. Ctrl+C = quit.
[2J[Hcheck_build  rb_00182_mirror_x   22:17:47
----------------------------------------------------------------
  wall_10    brick  dx= +0.13cm dy= +0.12cm dtheta=  -1.3deg  OK
  wall_11    brick  dx= +0.31cm dy= -0.19cm dtheta=  +1.8deg  OK
  wall_9     brick  dx= -0.77cm dy= +0.93cm dtheta=  +0.5deg  OK
  obj_4      block  dx= -0.13cm dy= -0.26cm dtheta=  -1.0deg  OK
  obj_1      block  dx= +0.05cm dy= +0.40cm dtheta=  -0.4deg  OK
  robot      start  dx= -0.34cm dy= +0.01cm dtheta= -91.9deg  ..
----------------------------------------------------------------
OK band: +/-2.0cm, +/-10deg (display only). Enter = run checksum. Ctrl+C = quit.
[2J[Hcheck_build  rb_00182_mirror_x   22:17:48
----------------------------------------------------------------
  wall_10    brick  dx= +0.09cm dy= +0.08cm dtheta=  -1.5deg  OK
  wall_11    brick  dx= +0.31cm dy= -0.19cm dtheta=  +1.8deg  OK
  wall_9     brick  dx= -0.72cm dy= +0.90cm dtheta=  +0.4deg  OK
  obj_4      block  dx= -0.12cm dy= -0.25cm dtheta=  -1.0deg  OK
  obj_1      block  dx= +0.06cm dy= +0.39cm dtheta=  -0.3deg  OK
  robot      start  dx= -0.33cm dy= -0.00cm dtheta= -91.9deg  ..
----------------------------------------------------------------
OK band: +/-2.0cm, +/-10deg (display only). Enter = run checksum. Ctrl+C = quit.
[2J[Hcheck_build  rb_00182_mirror_x   22:17:48
----------------------------------------------------------------
  wall_10    brick  dx= +0.11cm dy= +0.08cm dtheta=  -1.4deg  OK
  wall_11    brick  dx= +0.33cm dy= -0.20cm dtheta=  +1.8deg  OK
  wall_9     brick  dx= -0.79cm dy= +0.94cm dtheta=  +0.6deg  OK
  obj_4      block  dx= -0.12cm dy= -0.25cm dtheta=  -1.2deg  OK
  obj_1      block  dx= +0.06cm dy= +0.39cm dtheta=  -0.3deg  OK
  robot      start  dx= -0.34cm dy= +0.01cm dtheta= -91.8deg  ..
----------------------------------------------------------------
OK band: +/-2.0cm, +/-10deg (display only). Enter = run checksum. Ctrl+C = quit.
[2J[Hcheck_build  rb_00182_mirror_x   22:17:49
----------------------------------------------------------------
  wall_10    brick  dx= +0.11cm dy= +0.08cm dtheta=  -1.5deg  OK
  wall_11    brick  dx= +0.31cm dy= -0.18cm dtheta=  +1.9deg  OK
  wall_9     brick  dx= -0.72cm dy= +0.90cm dtheta=  +0.3deg  OK
  obj_4      block  dx= -0.12cm dy= -0.25cm dtheta=  +0.0deg  OK
  obj_1      block  dx= +0.06cm dy= +0.40cm dtheta=  -0.4deg  OK
  robot      start  dx= -0.33cm dy= -0.00cm dtheta= -91.8deg  ..
----------------------------------------------------------------
OK band: +/-2.0cm, +/-10deg (display only). Enter = run checksum. Ctrl+C = quit.
[2J[Hcheck_build  rb_00182_mirror_x   22:17:49
----------------------------------------------------------------
  wall_10    brick  dx= +0.11cm dy= +0.08cm dtheta=  -1.4deg  OK
  wall_11    brick  dx= +0.32cm dy= -0.19cm dtheta=  +1.9deg  OK
  wall_9     brick  dx= -0.74cm dy= +0.92cm dtheta=  +0.4deg  OK
  obj_4      block  dx= -0.12cm dy= -0.24cm dtheta=  +0.1deg  OK
  obj_1      block  dx= +0.06cm dy= +0.39cm dtheta=  -0.3deg  OK
  robot      start  dx= -0.34cm dy= +0.02cm dtheta= -91.8deg  ..
----------------------------------------------------------------
OK band: +/-2.0cm, +/-10deg (display only). Enter = run checksum. Ctrl+C = quit.
[2J[Hcheck_build  rb_00182_mirror_x   22:17:50
----------------------------------------------------------------
  wall_10    brick  dx= +0.11cm dy= +0.09cm dtheta=  -1.5deg  OK
  wall_11    brick  dx= +0.31cm dy= -0.18cm dtheta=  +1.9deg  OK
  wall_9     brick  dx= -0.76cm dy= +0.93cm dtheta=  +0.5deg  OK
  obj_4      block  dx= -0.13cm dy= -0.24cm dtheta=  +0.2deg  OK
  obj_1      block  dx= +0.07cm dy= +0.39cm dtheta=  -0.3deg  OK
  robot      start  dx= -0.32cm dy= -0.02cm dtheta= -91.9deg  ..
----------------------------------------------------------------
OK band: +/-2.0cm, +/-10deg (display only). Enter = run checksum. Ctrl+C = quit.
[2J[Hcheck_build  rb_00182_mirror_x   22:17:50
----------------------------------------------------------------
  wall_10    brick  dx= +0.11cm dy= +0.08cm dtheta=  -1.4deg  OK
  wall_11    brick  dx= +0.33cm dy= -0.20cm dtheta=  +1.7deg  OK
  wall_9     brick  dx= -0.29cm dy= +0.51cm dtheta=  +0.6deg  OK
  obj_4      block  dx= -0.12cm dy= -0.24cm dtheta=  -1.2deg  OK
  obj_1      block  dx= +0.06cm dy= +0.39cm dtheta=  -0.3deg  OK
  robot      start  dx= -0.32cm dy= -0.01cm dtheta= -91.9deg  ..
----------------------------------------------------------------
OK band: +/-2.0cm, +/-10deg (display only). Enter = run checksum. Ctrl+C = quit.
[2J[Hcheck_build  rb_00182_mirror_x   22:17:51
----------------------------------------------------------------
  wall_10    brick  dx= +0.12cm dy= +0.09cm dtheta=  -1.5deg  OK
  wall_11    brick  dx= +0.33cm dy= -0.20cm dtheta=  +1.8deg  OK
  wall_9     brick  dx= -0.04cm dy= +0.20cm dtheta=  +0.3deg  OK
  obj_4      block  dx= -0.12cm dy= -0.24cm dtheta=  -1.1deg  OK
  obj_1      block  dx= +0.07cm dy= +0.38cm dtheta=  -0.4deg  OK
  robot      start  dx= -0.32cm dy= -0.02cm dtheta= -91.9deg  ..
----------------------------------------------------------------
OK band: +/-2.0cm, +/-10deg (display only). Enter = run checksum. Ctrl+C = quit.
[2J[Hcheck_build  rb_00182_mirror_x   22:17:51
----------------------------------------------------------------
  wall_10    brick  dx= +0.10cm dy= +0.08cm dtheta=  -1.5deg  OK
  wall_11    brick  dx= +0.32cm dy= -0.20cm dtheta=  +1.7deg  OK
  wall_9     brick  dx= +0.20cm dy= -0.09cm dtheta=  +0.5deg  OK
  obj_4      block  dx= -0.12cm dy= -0.25cm dtheta=  -1.2deg  OK
  obj_1      block  dx= +0.07cm dy= +0.38cm dtheta=  -0.4deg  OK
  robot      start  dx= -0.33cm dy= +0.01cm dtheta= -91.9deg  ..
----------------------------------------------------------------
OK band: +/-2.0cm, +/-10deg (display only). Enter = run checksum. Ctrl+C = quit.
[2J[Hcheck_build  rb_00182_mirror_x   22:17:52
----------------------------------------------------------------
  wall_10    brick  dx= +0.08cm dy= +0.07cm dtheta=  -1.4deg  OK
  wall_11    brick  dx= +0.33cm dy= -0.20cm dtheta=  +1.7deg  OK
  wall_9     brick  dx= +0.25cm dy= -0.12cm dtheta=  +0.4deg  OK
  obj_4      block  dx= -0.12cm dy= -0.25cm dtheta=  +0.0deg  OK
  obj_1      block  dx= +0.06cm dy= +0.39cm dtheta=  -0.2deg  OK
  robot      start  dx= -0.32cm dy= -0.01cm dtheta= -91.8deg  ..
----------------------------------------------------------------
OK band: +/-2.0cm, +/-10deg (display only). Enter = run checksum. Ctrl+C = quit.
[2J[Hcheck_build  rb_00182_mirror_x   22:17:52
----------------------------------------------------------------
  wall_10    brick  dx= +0.09cm dy= +0.08cm dtheta=  -1.3deg  OK
  wall_11    brick  dx= +0.32cm dy= -0.20cm dtheta=  +1.7deg  OK
  wall_9     brick  dx= +0.19cm dy= -0.09cm dtheta=  +0.3deg  OK
  obj_4      block  dx= -0.12cm dy= -0.23cm dtheta=  +0.2deg  OK
  obj_1      block  dx= +0.06cm dy= +0.40cm dtheta=  -0.3deg  OK
  robot      start  dx= -0.33cm dy= -0.00cm dtheta= -91.9deg  ..
----------------------------------------------------------------
OK band: +/-2.0cm, +/-10deg (display only). Enter = run checksum. Ctrl+C = quit.
[2J[Hcheck_build  rb_00182_mirror_x   22:17:53
----------------------------------------------------------------
  wall_10    brick  dx= +0.12cm dy= +0.09cm dtheta=  -1.4deg  OK
  wall_11    brick  dx= +0.31cm dy= -0.19cm dtheta=  +1.8deg  OK
  wall_9     brick  dx= +0.13cm dy= -0.05cm dtheta=  +0.7deg  OK
  obj_4      block  dx= -0.12cm dy= -0.25cm dtheta=  +0.1deg  OK
  obj_1      block  dx= +0.06cm dy= +0.39cm dtheta=  -0.3deg  OK
  robot      start  dx= -0.33cm dy= +0.01cm dtheta= -91.9deg  ..
----------------------------------------------------------------
OK band: +/-2.0cm, +/-10deg (display only). Enter = run checksum. Ctrl+C = quit.
[2J[Hcheck_build  rb_00182_mirror_x   22:17:53
----------------------------------------------------------------
  wall_10    brick  dx= +0.12cm dy= +0.09cm dtheta=  -1.4deg  OK
  wall_11    brick  dx= +0.32cm dy= -0.19cm dtheta=  +1.8deg  OK
  wall_9     brick  dx= +0.16cm dy= -0.07cm dtheta=  +0.5deg  OK
  obj_4      block  dx= -0.12cm dy= -0.22cm dtheta=  -1.5deg  OK
  obj_1      block  dx= +0.06cm dy= +0.39cm dtheta=  -0.3deg  OK
  robot      start  dx= -0.33cm dy= -0.00cm dtheta= -91.8deg  ..
----------------------------------------------------------------
OK band: +/-2.0cm, +/-10deg (display only). Enter = run checksum. Ctrl+C = quit.
[2J[Hcheck_build  rb_00182_mirror_x   22:17:54
----------------------------------------------------------------
  wall_10    brick  dx= +0.12cm dy= +0.09cm dtheta=  -1.4deg  OK
  wall_11    brick  dx= +0.33cm dy= -0.20cm dtheta=  +1.7deg  OK
  wall_9     brick  dx= +0.21cm dy= -0.10cm dtheta=  +0.3deg  OK
  obj_4      block  dx= -0.12cm dy= -0.26cm dtheta=  +0.0deg  OK
  obj_1      block  dx= +0.07cm dy= +0.39cm dtheta=  -0.3deg  OK
  robot      start  dx= -0.32cm dy= -0.01cm dtheta= -91.8deg  ..
----------------------------------------------------------------
OK band: +/-2.0cm, +/-10deg (display only). Enter = run checksum. Ctrl+C = quit.
[2J[Hcheck_build  rb_00182_mirror_x   22:17:54
----------------------------------------------------------------
  wall_10    brick  dx= +0.11cm dy= +0.08cm dtheta=  -1.5deg  OK
  wall_11    brick  dx= +0.32cm dy= -0.19cm dtheta=  +1.9deg  OK
  wall_9     brick  dx= +0.18cm dy= -0.08cm dtheta=  +0.5deg  OK
  obj_4      block  dx= -0.12cm dy= -0.25cm dtheta=  -1.1deg  OK
  obj_1      block  dx= +0.06cm dy= +0.39cm dtheta=  -0.2deg  OK
  robot      start  dx= -0.33cm dy= -0.01cm dtheta= -91.8deg  ..
----------------------------------------------------------------
OK band: +/-2.0cm, +/-10deg (display only). Enter = run checksum. Ctrl+C = quit.
[2J[Hcheck_build  rb_00182_mirror_x   22:17:55
----------------------------------------------------------------
  wall_10    brick  dx= +0.10cm dy= +0.08cm dtheta=  -1.4deg  OK
  wall_11    brick  dx= +0.33cm dy= -0.20cm dtheta=  +1.8deg  OK
  wall_9     brick  dx= +0.17cm dy= -0.08cm dtheta=  +0.4deg  OK
  obj_4      block  dx= -0.12cm dy= -0.24cm dtheta=  -1.1deg  OK
  obj_1      block  dx= +0.07cm dy= +0.38cm dtheta=  -0.3deg  OK
  robot      start  dx= -0.33cm dy= +0.00cm dtheta= -91.9deg  ..
----------------------------------------------------------------
OK band: +/-2.0cm, +/-10deg (display only). Enter = run checksum. Ctrl+C = quit.
[2J[Hcheck_build  rb_00182_mirror_x   22:17:55
----------------------------------------------------------------
  wall_10    brick  dx= +0.13cm dy= +0.10cm dtheta=  -1.4deg  OK
  wall_11    brick  dx= +0.33cm dy= -0.20cm dtheta=  +1.8deg  OK
  wall_9     brick  dx= +0.23cm dy= -0.11cm dtheta=  +0.4deg  OK
  obj_4      block  dx= -0.13cm dy= -0.23cm dtheta=  +0.2deg  OK
  obj_1      block  dx= +0.07cm dy= +0.39cm dtheta=  -0.3deg  OK
  robot      start  dx= -0.32cm dy= -0.01cm dtheta= -91.9deg  ..
----------------------------------------------------------------
OK band: +/-2.0cm, +/-10deg (display only). Enter = run checksum. Ctrl+C = quit.
[2J[Hcheck_build  rb_00182_mirror_x   22:17:56
----------------------------------------------------------------
  wall_10    brick  dx= +0.10cm dy= +0.08cm dtheta=  -1.4deg  OK
  wall_11    brick  dx= +0.32cm dy= -0.19cm dtheta=  +1.7deg  OK
  wall_9     brick  dx= +0.19cm dy= -0.09cm dtheta=  +0.4deg  OK
  obj_4      block  dx= -0.13cm dy= -0.24cm dtheta=  +0.1deg  OK
  obj_1      block  dx= +0.07cm dy= +0.38cm dtheta=  -0.3deg  OK
  robot      start  dx= -0.33cm dy= -0.00cm dtheta= -91.9deg  ..
----------------------------------------------------------------
OK band: +/-2.0cm, +/-10deg (display only). Enter = run checksum. Ctrl+C = quit.
[2J[Hcheck_build  rb_00182_mirror_x   22:17:56
----------------------------------------------------------------
  wall_10    brick  dx= +0.10cm dy= +0.08cm dtheta=  -1.4deg  OK
  wall_11    brick  dx= +0.32cm dy= -0.19cm dtheta=  +1.9deg  OK
  wall_9     brick  dx= +0.21cm dy= -0.10cm dtheta=  +0.4deg  OK
  obj_4      block  dx= -0.12cm dy= -0.25cm dtheta=  +0.1deg  OK
  obj_1      block  dx= +0.06cm dy= +0.40cm dtheta=  -0.4deg  OK
  robot      start  dx= -0.34cm dy= +0.02cm dtheta= -91.8deg  ..
----------------------------------------------------------------
OK band: +/-2.0cm, +/-10deg (display only). Enter = run checksum. Ctrl+C = quit.
[2J[Hcheck_build  rb_00182_mirror_x   22:17:57
----------------------------------------------------------------
  wall_10    brick  dx= +0.10cm dy= +0.08cm dtheta=  -1.4deg  OK
  wall_11    brick  dx= +0.32cm dy= -0.19cm dtheta=  +1.8deg  OK
  wall_9     brick  dx= +0.13cm dy= -0.07cm dtheta=  +0.3deg  OK
  obj_4      block  dx= -0.12cm dy= -0.24cm dtheta=  -1.1deg  OK
  obj_1      block  dx= +0.07cm dy= +0.39cm dtheta=  -0.2deg  OK
  robot      start  dx= -0.33cm dy= +0.00cm dtheta= -91.8deg  ..
----------------------------------------------------------------
OK band: +/-2.0cm, +/-10deg (display only). Enter = run checksum. Ctrl+C = quit.
  no checksum columns on this sheet, cannot verify the build.
[2J[Hcheck_build  rb_00182_mirror_x   22:17:57
----------------------------------------------------------------
  wall_10    brick  dx= +0.12cm dy= +0.09cm dtheta=  -1.4deg  OK
  wall_11    brick  dx= +0.32cm dy= -0.19cm dtheta=  +1.8deg  OK
  wall_9     brick  dx= +0.15cm dy= -0.07cm dtheta=  +0.5deg  OK
  obj_4      block  dx= -0.12cm dy= -0.24cm dtheta=  +0.2deg  OK
  obj_1      block  dx= +0.07cm dy= +0.39cm dtheta=  -0.3deg  OK
  robot      start  dx= -0.33cm dy= -0.00cm dtheta= -91.9deg  ..
----------------------------------------------------------------
OK band: +/-2.0cm, +/-10deg (display only). Enter = run checksum. Ctrl+C = quit.
[2J[Hcheck_build  rb_00182_mirror_x   22:17:58
----------------------------------------------------------------
  wall_10    brick  dx= +0.11cm dy= +0.08cm dtheta=  -1.5deg  OK
  wall_11    brick  dx= +0.32cm dy= -0.19cm dtheta=  +1.9deg  OK
  wall_9     brick  dx= +0.15cm dy= -0.06cm dtheta=  +0.8deg  OK
  obj_4      block  dx= -0.12cm dy= -0.24cm dtheta=  +0.1deg  OK
  obj_1      block  dx= +0.07cm dy= +0.38cm dtheta=  -0.4deg  OK
  robot      start  dx= -0.32cm dy= -0.02cm dtheta= -91.9deg  ..
----------------------------------------------------------------
OK band: +/-2.0cm, +/-10deg (display only). Enter = run checksum. Ctrl+C = quit.
[2J[Hcheck_build  rb_00182_mirror_x   22:17:58
----------------------------------------------------------------
  wall_10    brick  dx= +0.11cm dy= +0.08cm dtheta=  -1.4deg  OK
  wall_11    brick  dx= +0.32cm dy= -0.19cm dtheta=  +1.9deg  OK
  wall_9     brick  dx= +0.20cm dy= -0.09cm dtheta=  +0.5deg  OK
  obj_4      block  dx= -0.13cm dy= -0.24cm dtheta=  +0.2deg  OK
  obj_1      block  dx= +0.07cm dy= +0.39cm dtheta=  -0.3deg  OK
  robot      start  dx= -0.33cm dy= +0.00cm dtheta= -91.9deg  ..
----------------------------------------------------------------
OK band: +/-2.0cm, +/-10deg (display only). Enter = run checksum. Ctrl+C = quit.
[2J[Hcheck_build  rb_00182_mirror_x   22:17:59
----------------------------------------------------------------
  wall_10    brick  dx= +0.10cm dy= +0.08cm dtheta=  -1.4deg  OK
  wall_11    brick  dx= +0.32cm dy= -0.19cm dtheta=  +1.9deg  OK
  wall_9     brick  dx= +0.18cm dy= -0.09cm dtheta=  +0.4deg  OK
  obj_4      block  dx= -0.12cm dy= -0.25cm dtheta=  +0.2deg  OK
  obj_1      block  dx= +0.08cm dy= +0.38cm dtheta=  -0.3deg  OK
  robot      start  dx= -0.33cm dy= -0.00cm dtheta= -91.9deg  ..
----------------------------------------------------------------
OK band: +/-2.0cm, +/-10deg (display only). Enter = run checksum. Ctrl+C = quit.
[2J[Hcheck_build  rb_00182_mirror_x   22:17:59
----------------------------------------------------------------
  wall_10    brick  dx= +0.09cm dy= +0.08cm dtheta=  -1.4deg  OK
  wall_11    brick  dx= +0.33cm dy= -0.20cm dtheta=  +1.7deg  OK
  wall_9     brick  dx= +0.16cm dy= -0.08cm dtheta=  +0.6deg  OK
  obj_4      block  dx= -0.13cm dy= -0.25cm dtheta=  +0.2deg  OK
  obj_1      block  dx= +0.06cm dy= +0.40cm dtheta=  -0.3deg  OK
  robot      start  dx= -0.33cm dy= +0.01cm dtheta= -91.9deg  ..
----------------------------------------------------------------
OK band: +/-2.0cm, +/-10deg (display only). Enter = run checksum. Ctrl+C = quit.
[2J[Hcheck_build  rb_00182_mirror_x   22:18:00
----------------------------------------------------------------
  wall_10    brick  dx= +0.10cm dy= +0.08cm dtheta=  -1.4deg  OK
  wall_11    brick  dx= +0.32cm dy= -0.19cm dtheta=  +1.9deg  OK
  wall_9     brick  dx= +0.22cm dy= -0.11cm dtheta=  +0.4deg  OK
  obj_4      block  dx= -0.13cm dy= -0.24cm dtheta=  +0.2deg  OK
  obj_1      block  dx= +0.07cm dy= +0.38cm dtheta=  -0.3deg  OK
  robot      start  dx= -0.32cm dy= -0.02cm dtheta= -91.9deg  ..
----------------------------------------------------------------
OK band: +/-2.0cm, +/-10deg (display only). Enter = run checksum. Ctrl+C = quit.
[2J[Hcheck_build  rb_00182_mirror_x   22:18:00
----------------------------------------------------------------
  wall_10    brick  dx= +0.11cm dy= +0.08cm dtheta=  -1.3deg  OK
  wall_11    brick  dx= +0.32cm dy= -0.20cm dtheta=  +1.7deg  OK
  wall_9     brick  dx= +0.24cm dy= -0.11cm dtheta=  +0.4deg  OK
  obj_4      block  dx= -0.12cm dy= -0.25cm dtheta=  +0.1deg  OK
  obj_1      block  dx= +0.06cm dy= +0.39cm dtheta=  -0.2deg  OK
  robot      start  dx= -0.33cm dy= +0.01cm dtheta= -91.8deg  ..
----------------------------------------------------------------
OK band: +/-2.0cm, +/-10deg (display only). Enter = run checksum. Ctrl+C = quit.
[2J[Hcheck_build  rb_00182_mirror_x   22:18:01
----------------------------------------------------------------
  wall_10    brick  dx= +0.10cm dy= +0.08cm dtheta=  -1.5deg  OK
  wall_11    brick  dx= +0.31cm dy= -0.18cm dtheta=  +1.8deg  OK
  wall_9     brick  dx= +0.15cm dy= -0.07cm dtheta=  +0.5deg  OK
  obj_4      block  dx= -0.12cm dy= -0.24cm dtheta=  -1.1deg  OK
  obj_1      block  dx= +0.06cm dy= +0.39cm dtheta=  -0.3deg  OK
  robot      start  dx= -0.33cm dy= -0.00cm dtheta= -91.9deg  ..
----------------------------------------------------------------
OK band: +/-2.0cm, +/-10deg (display only). Enter = run checksum. Ctrl+C = quit.
[2J[Hcheck_build  rb_00182_mirror_x   22:18:01
----------------------------------------------------------------
  wall_10    brick  dx= +0.13cm dy= +0.09cm dtheta=  -1.5deg  OK
  wall_11    brick  dx= +0.34cm dy= -0.21cm dtheta=  +1.8deg  OK
  wall_9     brick  dx= +0.15cm dy= -0.07cm dtheta=  +0.5deg  OK
  obj_4      block  dx= -0.12cm dy= -0.26cm dtheta=  +0.0deg  OK
  obj_1      block  dx= +0.06cm dy= +0.39cm dtheta=  -0.3deg  OK
  robot      start  dx= -0.33cm dy= +0.01cm dtheta= -91.9deg  ..
----------------------------------------------------------------
OK band: +/-2.0cm, +/-10deg (display only). Enter = run checksum. Ctrl+C = quit.
[2J[Hcheck_build  rb_00182_mirror_x   22:18:02
----------------------------------------------------------------
  wall_10    brick  dx= +0.13cm dy= +0.10cm dtheta=  -1.5deg  OK
  wall_11    brick  dx= +0.32cm dy= -0.19cm dtheta=  +1.9deg  OK
  wall_9     brick  dx= +0.15cm dy= -0.06cm dtheta=  +0.7deg  OK
  obj_4      block  dx= -0.12cm dy= -0.24cm dtheta=  -1.2deg  OK
  obj_1      block  dx= +0.07cm dy= +0.38cm dtheta=  -0.3deg  OK
  robot      start  dx= -0.32cm dy= -0.02cm dtheta= -91.8deg  ..
----------------------------------------------------------------
OK band: +/-2.0cm, +/-10deg (display only). Enter = run checksum. Ctrl+C = quit.
[2J[Hcheck_build  rb_00182_mirror_x   22:18:02
----------------------------------------------------------------
  wall_10    brick  dx= +0.10cm dy= +0.08cm dtheta=  -1.4deg  OK
  wall_11    brick  dx= +0.33cm dy= -0.21cm dtheta=  +1.8deg  OK
  wall_9     brick  dx= +0.16cm dy= -0.08cm dtheta=  +0.6deg  OK
  obj_4      block  dx= -0.12cm dy= -0.24cm dtheta=  -1.3deg  OK
  obj_1      block  dx= +0.06cm dy= +0.39cm dtheta=  -0.2deg  OK
  robot      start  dx= -0.33cm dy= +0.01cm dtheta= -91.9deg  ..
----------------------------------------------------------------
OK band: +/-2.0cm, +/-10deg (display only). Enter = run checksum. Ctrl+C = quit.
[2J[Hcheck_build  rb_00182_mirror_x   22:18:03
----------------------------------------------------------------
  wall_10    brick  dx= +0.13cm dy= +0.09cm dtheta=  -1.5deg  OK
  wall_11    brick  dx= +0.32cm dy= -0.19cm dtheta=  +1.9deg  OK
  wall_9     brick  dx= +0.21cm dy= -0.10cm dtheta=  +0.4deg  OK
  obj_4      block  dx= -0.13cm dy= -0.25cm dtheta=  +0.2deg  OK
  obj_1      block  dx= +0.06cm dy= +0.39cm dtheta=  -0.3deg  OK
  robot      start  dx= -0.32cm dy= -0.02cm dtheta= -91.9deg  ..
----------------------------------------------------------------
OK band: +/-2.0cm, +/-10deg (display only). Enter = run checksum. Ctrl+C = quit.
[2J[Hcheck_build  rb_00182_mirror_x   22:18:03
----------------------------------------------------------------
  wall_10    brick  dx= +0.15cm dy= +0.10cm dtheta=  -1.4deg  OK
  wall_11    brick  dx= +0.32cm dy= -0.20cm dtheta=  +1.7deg  OK
  wall_9     brick  dx= +0.16cm dy= -0.08cm dtheta=  +0.5deg  OK
  obj_4      block  dx= -0.13cm dy= -0.24cm dtheta=  +0.1deg  OK
  obj_1      block  dx= +0.06cm dy= +0.39cm dtheta=  -0.4deg  OK
  robot      start  dx= -0.32cm dy= -0.01cm dtheta= -91.9deg  ..
----------------------------------------------------------------
OK band: +/-2.0cm, +/-10deg (display only). Enter = run checksum. Ctrl+C = quit.
[2J[Hcheck_build  rb_00182_mirror_x   22:18:04
----------------------------------------------------------------
  wall_10    brick  dx= +0.09cm dy= +0.08cm dtheta=  -1.4deg  OK
  wall_11    brick  dx= +0.33cm dy= -0.20cm dtheta=  +1.9deg  OK
  wall_9     brick  dx= +0.10cm dy= -0.04cm dtheta=  +0.7deg  OK
  obj_4      block  dx= -0.12cm dy= -0.25cm dtheta=  +0.1deg  OK
  obj_1      block  dx= +0.06cm dy= +0.39cm dtheta=  -0.3deg  OK
  robot      start  dx= -0.33cm dy= +0.01cm dtheta= -91.9deg  ..
----------------------------------------------------------------
OK band: +/-2.0cm, +/-10deg (display only). Enter = run checksum. Ctrl+C = quit.
[2J[Hcheck_build  rb_00182_mirror_x   22:18:04
----------------------------------------------------------------
  wall_10    brick  dx= +0.13cm dy= +0.10cm dtheta=  -1.4deg  OK
  wall_11    brick  dx= +0.31cm dy= -0.19cm dtheta=  +1.8deg  OK
  wall_9     brick  dx= +0.18cm dy= -0.09cm dtheta=  +0.3deg  OK
  obj_4      block  dx= -0.12cm dy= -0.24cm dtheta=  -1.3deg  OK
  obj_1      block  dx= +0.07cm dy= +0.38cm dtheta=  -0.3deg  OK
  robot      start  dx= -0.32cm dy= -0.02cm dtheta= -91.8deg  ..
----------------------------------------------------------------
OK band: +/-2.0cm, +/-10deg (display only). Enter = run checksum. Ctrl+C = quit.
[2J[Hcheck_build  rb_00182_mirror_x   22:18:05
----------------------------------------------------------------
  wall_10    brick  dx= +0.10cm dy= +0.08cm dtheta=  -1.4deg  OK
  wall_11    brick  dx= +0.34cm dy= -0.21cm dtheta=  +1.7deg  OK
  wall_9     brick  dx= +0.18cm dy= -0.08cm dtheta=  +0.6deg  OK
  obj_4      block  dx= -0.12cm dy= -0.24cm dtheta=  -1.3deg  OK
  obj_1      block  dx= +0.06cm dy= +0.39cm dtheta=  -0.4deg  OK
  robot      start  dx= -0.32cm dy= -0.02cm dtheta= -91.9deg  ..
----------------------------------------------------------------
OK band: +/-2.0cm, +/-10deg (display only). Enter = run checksum. Ctrl+C = quit.
[2J[Hcheck_build  rb_00182_mirror_x   22:18:05
----------------------------------------------------------------
  wall_10    brick  dx= +0.12cm dy= +0.09cm dtheta=  -1.4deg  OK
  wall_11    brick  dx= +0.32cm dy= -0.19cm dtheta=  +1.8deg  OK
  wall_9     brick  dx= +0.16cm dy= -0.08cm dtheta=  +0.5deg  OK
  obj_4      block  dx= -0.12cm dy= -0.24cm dtheta=  -1.1deg  OK
  obj_1      block  dx= +0.07cm dy= +0.38cm dtheta=  -0.3deg  OK
  robot      start  dx= -0.32cm dy= -0.01cm dtheta= -91.9deg  ..
----------------------------------------------------------------
OK band: +/-2.0cm, +/-10deg (display only). Enter = run checksum. Ctrl+C = quit.
[2J[Hcheck_build  rb_00182_mirror_x   22:18:06
----------------------------------------------------------------
  wall_10    brick  dx= +0.11cm dy= +0.09cm dtheta=  -1.4deg  OK
  wall_11    brick  dx= +0.32cm dy= -0.19cm dtheta=  +1.8deg  OK
  wall_9     brick  dx= +0.21cm dy= -0.10cm dtheta=  +0.6deg  OK
  obj_4      block  dx= -0.12cm dy= -0.24cm dtheta=  +0.1deg  OK
  obj_1      block  dx= +0.07cm dy= +0.38cm dtheta=  -0.3deg  OK
  robot      start  dx= -0.32cm dy= -0.01cm dtheta= -91.9deg  ..
----------------------------------------------------------------
OK band: +/-2.0cm, +/-10deg (display only). Enter = run checksum. Ctrl+C = quit.
[2J[Hcheck_build  rb_00182_mirror_x   22:18:06
----------------------------------------------------------------
  wall_10    brick  dx= +0.10cm dy= +0.08cm dtheta=  -1.4deg  OK
  wall_11    brick  dx= +0.32cm dy= -0.19cm dtheta=  +1.9deg  OK
  wall_9     brick  dx= +0.14cm dy= -0.06cm dtheta=  +0.5deg  OK
  obj_4      block  dx= -0.12cm dy= -0.24cm dtheta=  -1.2deg  OK
  obj_1      block  dx= +0.06cm dy= +0.39cm dtheta=  -0.3deg  OK
  robot      start  dx= -0.32cm dy= -0.01cm dtheta= -91.9deg  ..
----------------------------------------------------------------
OK band: +/-2.0cm, +/-10deg (display only). Enter = run checksum. Ctrl+C = quit.
[2J[Hcheck_build  rb_00182_mirror_x   22:18:07
----------------------------------------------------------------
  wall_10    brick  dx= +0.12cm dy= +0.09cm dtheta=  -1.4deg  OK
  wall_11    brick  dx= +0.33cm dy= -0.20cm dtheta=  +1.8deg  OK
  wall_9     brick  dx= +0.14cm dy= -0.06cm dtheta=  +0.5deg  OK
  obj_4      block  dx= -0.13cm dy= -0.25cm dtheta=  +0.1deg  OK
  obj_1      block  dx= +0.06cm dy= +0.39cm dtheta=  -0.4deg  OK
  robot      start  dx= -0.32cm dy= -0.03cm dtheta= -92.0deg  ..
----------------------------------------------------------------
OK band: +/-2.0cm, +/-10deg (display only). Enter = run checksum. Ctrl+C = quit.
[2J[Hcheck_build  rb_00182_mirror_x   22:18:07
----------------------------------------------------------------
  wall_10    brick  dx= +0.10cm dy= +0.08cm dtheta=  -1.4deg  OK
  wall_11    brick  dx= +0.33cm dy= -0.21cm dtheta=  +1.8deg  OK
  wall_9     brick  dx= +0.15cm dy= -0.07cm dtheta=  +0.4deg  OK
  obj_4      block  dx= -0.12cm dy= -0.24cm dtheta=  +0.1deg  OK
  obj_1      block  dx= +0.06cm dy= +0.39cm dtheta=  -0.3deg  OK
  robot      start  dx= -0.33cm dy= +0.00cm dtheta= -91.8deg  ..
----------------------------------------------------------------
OK band: +/-2.0cm, +/-10deg (display only). Enter = run checksum. Ctrl+C = quit.
  no checksum columns on this sheet, cannot verify the build.
[2J[Hcheck_build  rb_00182_mirror_x   22:18:08
----------------------------------------------------------------
  wall_10    brick  dx= +0.09cm dy= +0.08cm dtheta=  -1.4deg  OK
  wall_11    brick  dx= +0.32cm dy= -0.19cm dtheta=  +1.7deg  OK
  wall_9     brick  dx= +0.20cm dy= -0.09cm dtheta=  +0.3deg  OK
  obj_4      block  dx= -0.13cm dy= -0.23cm dtheta=  +0.2deg  OK
  obj_1      block  dx= +0.05cm dy= +0.40cm dtheta=  -0.4deg  OK
  robot      start  dx= -0.32cm dy= -0.01cm dtheta= -91.9deg  ..
----------------------------------------------------------------
OK band: +/-2.0cm, +/-10deg (display only). Enter = run checksum. Ctrl+C = quit.
[2J[Hcheck_build  rb_00182_mirror_x   22:18:08
----------------------------------------------------------------
  wall_10    brick  dx= +0.12cm dy= +0.09cm dtheta=  -1.4deg  OK
  wall_11    brick  dx= +0.32cm dy= -0.19cm dtheta=  +1.8deg  OK
  wall_9     brick  dx= +0.17cm dy= -0.08cm dtheta=  +0.4deg  OK
  obj_4      block  dx= -0.12cm dy= -0.25cm dtheta=  -0.1deg  OK
  obj_1      block  dx= +0.06cm dy= +0.40cm dtheta=  -0.3deg  OK
  robot      start  dx= -0.33cm dy= +0.00cm dtheta= -91.8deg  ..
----------------------------------------------------------------
OK band: +/-2.0cm, +/-10deg (display only). Enter = run checksum. Ctrl+C = quit.
[2J[Hcheck_build  rb_00182_mirror_x   22:18:09
----------------------------------------------------------------
  wall_10    brick  dx= +0.11cm dy= +0.08cm dtheta=  -1.3deg  OK
  wall_11    brick  dx= +0.31cm dy= -0.18cm dtheta=  +1.9deg  OK
  wall_9     brick  dx= +0.12cm dy= -0.05cm dtheta=  +0.7deg  OK
  obj_4      block  dx= -0.13cm dy= -0.25cm dtheta=  +0.3deg  OK
  obj_1      block  dx= +0.07cm dy= +0.38cm dtheta=  -0.3deg  OK
  robot      start  dx= -0.32cm dy= -0.02cm dtheta= -91.8deg  ..
----------------------------------------------------------------
OK band: +/-2.0cm, +/-10deg (display only). Enter = run checksum. Ctrl+C = quit.
[2J[Hcheck_build  rb_00182_mirror_x   22:18:09
----------------------------------------------------------------
  wall_10    brick  dx= +0.09cm dy= +0.07cm dtheta=  -1.4deg  OK
  wall_11    brick  dx= +0.32cm dy= -0.20cm dtheta=  +1.8deg  OK
  wall_9     brick  dx= +0.19cm dy= -0.09cm dtheta=  +0.5deg  OK
  obj_4      block  dx= -0.12cm dy= -0.24cm dtheta=  +0.1deg  OK
  obj_1      block  dx= +0.07cm dy= +0.38cm dtheta=  -0.3deg  OK
  robot      start  dx= -0.33cm dy= +0.00cm dtheta= -91.9deg  ..
----------------------------------------------------------------
OK band: +/-2.0cm, +/-10deg (display only). Enter = run checksum. Ctrl+C = quit.
[2J[Hcheck_build  rb_00182_mirror_x   22:18:10
----------------------------------------------------------------
  wall_10    brick  dx= +0.12cm dy= +0.09cm dtheta=  -1.3deg  OK
  wall_11    brick  dx= +0.32cm dy= -0.19cm dtheta=  +1.8deg  OK
  wall_9     brick  dx= +0.21cm dy= -0.10cm dtheta=  +0.4deg  OK
  obj_4      block  dx= -0.12cm dy= -0.25cm dtheta=  -1.4deg  OK
  obj_1      block  dx= +0.06cm dy= +0.39cm dtheta=  -0.3deg  OK
  robot      start  dx= -0.31cm dy= -0.03cm dtheta= -91.9deg  ..
----------------------------------------------------------------
OK band: +/-2.0cm, +/-10deg (display only). Enter = run checksum. Ctrl+C = quit.
[2J[Hcheck_build  rb_00182_mirror_x   22:18:10
----------------------------------------------------------------
  wall_10    brick  dx= +0.10cm dy= +0.08cm dtheta=  -1.4deg  OK
  wall_11    brick  dx= +0.33cm dy= -0.20cm dtheta=  +1.8deg  OK
  wall_9     brick  dx= +0.16cm dy= -0.07cm dtheta=  +0.6deg  OK
  obj_4      block  dx= -0.12cm dy= -0.25cm dtheta=  +0.1deg  OK
  obj_1      block  dx= +0.06cm dy= +0.39cm dtheta=  -0.3deg  OK
  robot      start  dx= -0.33cm dy= +0.00cm dtheta= -91.9deg  ..
----------------------------------------------------------------
OK band: +/-2.0cm, +/-10deg (display only). Enter = run checksum. Ctrl+C = quit.
[2J[Hcheck_build  rb_00182_mirror_x   22:18:11
----------------------------------------------------------------
  wall_10    brick  dx= +0.12cm dy= +0.09cm dtheta=  -1.4deg  OK
  wall_11    brick  dx= +0.32cm dy= -0.19cm dtheta=  +1.8deg  OK
  wall_9     brick  dx= +0.16cm dy= -0.07cm dtheta=  +0.6deg  OK
  obj_4      block  dx= -0.12cm dy= -0.24cm dtheta=  -0.0deg  OK
  obj_1      block  dx= +0.06cm dy= +0.39cm dtheta=  -0.2deg  OK
  robot      start  dx= -0.33cm dy= +0.00cm dtheta= -91.9deg  ..
----------------------------------------------------------------
OK band: +/-2.0cm, +/-10deg (display only). Enter = run checksum. Ctrl+C = quit.
[2J[Hcheck_build  rb_00182_mirror_x   22:18:11
----------------------------------------------------------------
  wall_10    brick  dx= +0.10cm dy= +0.08cm dtheta=  -1.5deg  OK
  wall_11    brick  dx= +0.31cm dy= -0.19cm dtheta=  +1.9deg  OK
  wall_9     brick  dx= +0.22cm dy= -0.10cm dtheta=  +0.3deg  OK
  obj_4      block  dx= -0.12cm dy= -0.24cm dtheta=  +0.0deg  OK
  obj_1      block  dx= +0.05cm dy= +0.40cm dtheta=  -0.3deg  OK
  robot      start  dx= -0.33cm dy= +0.00cm dtheta= -91.8deg  ..
----------------------------------------------------------------
OK band: +/-2.0cm, +/-10deg (display only). Enter = run checksum. Ctrl+C = quit.
[2J[Hcheck_build  rb_00182_mirror_x   22:18:12
----------------------------------------------------------------
  wall_10    brick  dx= +0.08cm dy= +0.07cm dtheta=  -1.4deg  OK
  wall_11    brick  dx= +0.34cm dy= -0.21cm dtheta=  +1.7deg  OK
  wall_9     brick  dx= +0.21cm dy= -0.10cm dtheta=  +0.4deg  OK
  obj_4      block  dx= -0.12cm dy= -0.23cm dtheta=  +0.3deg  OK
  obj_1      block  dx= +0.07cm dy= +0.38cm dtheta=  -0.3deg  OK
  robot      start  dx= -0.33cm dy= -0.01cm dtheta= -91.9deg  ..
----------------------------------------------------------------
OK band: +/-2.0cm, +/-10deg (display only). Enter = run checksum. Ctrl+C = quit.
[2J[Hcheck_build  rb_00182_mirror_x   22:18:12
----------------------------------------------------------------
  wall_10    brick  dx= +0.10cm dy= +0.08cm dtheta=  -1.4deg  OK
  wall_11    brick  dx= +0.33cm dy= -0.20cm dtheta=  +1.8deg  OK
  wall_9     brick  dx= +0.17cm dy= -0.08cm dtheta=  +0.5deg  OK
  obj_4      block  dx= -0.12cm dy= -0.25cm dtheta=  +0.1deg  OK
  obj_1      block  dx= +0.06cm dy= +0.39cm dtheta=  -0.3deg  OK
  robot      start  dx= -0.33cm dy= +0.02cm dtheta= -91.9deg  ..
----------------------------------------------------------------
OK band: +/-2.0cm, +/-10deg (display only). Enter = run checksum. Ctrl+C = quit.
[2J[Hcheck_build  rb_00182_mirror_x   22:18:13
----------------------------------------------------------------
  wall_10    brick  dx= +0.10cm dy= +0.08cm dtheta=  -1.5deg  OK
  wall_11    brick  dx= +0.33cm dy= -0.20cm dtheta=  +1.7deg  OK
  wall_9     brick  dx= +0.19cm dy= -0.09cm dtheta=  +0.4deg  OK
  obj_4      block  dx= -0.13cm dy= -0.24cm dtheta=  +0.2deg  OK
  obj_1      block  dx= +0.07cm dy= +0.39cm dtheta=  -0.2deg  OK
  robot      start  dx= -0.33cm dy= +0.01cm dtheta= -91.8deg  ..
----------------------------------------------------------------
OK band: +/-2.0cm, +/-10deg (display only). Enter = run checksum. Ctrl+C = quit.
[2J[Hcheck_build  rb_00182_mirror_x   22:18:13
----------------------------------------------------------------
  wall_10    brick  dx= +0.11cm dy= +0.09cm dtheta=  -1.4deg  OK
  wall_11    brick  dx= +0.32cm dy= -0.19cm dtheta=  +1.8deg  OK
  wall_9     brick  dx= +0.23cm dy= -0.11cm dtheta=  +0.4deg  OK
  obj_4      block  dx= -0.12cm dy= -0.26cm dtheta=  +0.1deg  OK
  obj_1      block  dx= +0.07cm dy= +0.39cm dtheta=  -0.3deg  OK
  robot      start  dx= -0.33cm dy= -0.01cm dtheta= -91.8deg  ..
----------------------------------------------------------------
OK band: +/-2.0cm, +/-10deg (display only). Enter = run checksum. Ctrl+C = quit.
[2J[Hcheck_build  rb_00182_mirror_x   22:18:14
----------------------------------------------------------------
  wall_10    brick  dx= +0.12cm dy= +0.09cm dtheta=  -1.5deg  OK
  wall_11    brick  dx= +0.32cm dy= -0.19cm dtheta=  +1.9deg  OK
  wall_9     brick  dx= +0.18cm dy= -0.09cm dtheta=  +0.5deg  OK
  obj_4      block  dx= -0.12cm dy= -0.26cm dtheta=  -1.2deg  OK
  obj_1      block  dx= +0.06cm dy= +0.39cm dtheta=  -0.3deg  OK
  robot      start  dx= -0.33cm dy= +0.00cm dtheta= -91.8deg  ..
----------------------------------------------------------------
OK band: +/-2.0cm, +/-10deg (display only). Enter = run checksum. Ctrl+C = quit.
