[RemoteObserver] Connected to tcp://localhost:5556
[2J[Hcheck_build  rb_00182_mirror_x   20:44:33
----------------------------------------------------------------
  wall_10    brick  MISSING (camera does not see it)
  wall_11    brick  MISSING (camera does not see it)
  wall_9     brick  MISSING (camera does not see it)
  obj_4      block  MISSING (camera does not see it)
  obj_1      block  MISSING (camera does not see it)
  robot      start  MISSING (camera does not see it)
----------------------------------------------------------------
OK band: +/-2.0cm, +/-10deg (display only). Enter = run checksum. Ctrl+C = quit.
QFontDatabase: Cannot find font directory /home/dhruv/miniconda3/envs/namo312/lib/python3.12/site-packages/cv2/qt/fonts.
Note that Qt no longer ships fonts. Deploy some (from https://dejavu-fonts.github.io/ for example) or switch to fontconfig.
QFontDatabase: Cannot find font directory /home/dhruv/miniconda3/envs/namo312/lib/python3.12/site-packages/cv2/qt/fonts.
Note that Qt no longer ships fonts. Deploy some (from https://dejavu-fonts.github.io/ for example) or switch to fontconfig.
QFontDatabase: Cannot find font directory /home/dhruv/miniconda3/envs/namo312/lib/python3.12/site-packages/cv2/qt/fonts.
Note that Qt no longer ships fonts. Deploy some (from https://dejavu-fonts.github.io/ for example) or switch to fontconfig.
QFontDatabase: Cannot find font directory /home/dhruv/miniconda3/envs/namo312/lib/python3.12/site-packages/cv2/qt/fonts.
Note that Qt no longer ships fonts. Deploy some (from https://dejavu-fonts.github.io/ for example) or switch to fontconfig.
QFontDatabase: Cannot find font directory /home/dhruv/miniconda3/envs/namo312/lib/python3.12/site-packages/cv2/qt/fonts.
Note that Qt no longer ships fonts. Deploy some (from https://dejavu-fonts.github.io/ for example) or switch to fontconfig.
[2J[Hcheck_build  rb_00182_mirror_x   20:44:34
----------------------------------------------------------------
  wall_10    brick  MISSING (camera does not see it)
  wall_11    brick  MISSING (camera does not see it)
  wall_9     brick  MISSING (camera does not see it)
  obj_4      block  MISSING (camera does not see it)
  obj_1      block  MISSING (camera does not see it)
  robot      start  MISSING (camera does not see it)
----------------------------------------------------------------
OK band: +/-2.0cm, +/-10deg (display only). Enter = run checksum. Ctrl+C = quit.
[2J[Hcheck_build  rb_00182_mirror_x   20:44:35
----------------------------------------------------------------
  wall_10    brick  MISSING (camera does not see it)
  wall_11    brick  MISSING (camera does not see it)
  wall_9     brick  MISSING (camera does not see it)
  obj_4      block  MISSING (camera does not see it)
  obj_1      block  MISSING (camera does not see it)
  robot      start  MISSING (camera does not see it)
----------------------------------------------------------------
OK band: +/-2.0cm, +/-10deg (display only). Enter = run checksum. Ctrl+C = quit.
[2J[Hcheck_build  rb_00182_mirror_x   20:44:35
----------------------------------------------------------------
  wall_10    brick  MISSING (camera does not see it)
  wall_11    brick  MISSING (camera does not see it)
  wall_9     brick  MISSING (camera does not see it)
  obj_4      block  MISSING (camera does not see it)
  obj_1      block  MISSING (camera does not see it)
  robot      start  MISSING (camera does not see it)
----------------------------------------------------------------
OK band: +/-2.0cm, +/-10deg (display only). Enter = run checksum. Ctrl+C = quit.
[2J[Hcheck_build  rb_00182_mirror_x   20:44:36
----------------------------------------------------------------
  wall_10    brick  MISSING (camera does not see it)
  wall_11    brick  MISSING (camera does not see it)
  wall_9     brick  MISSING (camera does not see it)
  obj_4      block  MISSING (camera does not see it)
  obj_1      block  MISSING (camera does not see it)
  robot      start  MISSING (camera does not see it)
----------------------------------------------------------------
OK band: +/-2.0cm, +/-10deg (display only). Enter = run checksum. Ctrl+C = quit.
[2J[Hcheck_build  rb_00182_mirror_x   20:44:36
----------------------------------------------------------------
  wall_10    brick  MISSING (camera does not see it)
  wall_11    brick  MISSING (camera does not see it)
  wall_9     brick  MISSING (camera does not see it)
  obj_4      block  MISSING (camera does not see it)
  obj_1      block  MISSING (camera does not see it)
  robot      start  MISSING (camera does not see it)
----------------------------------------------------------------
OK band: +/-2.0cm, +/-10deg (display only). Enter = run checksum. Ctrl+C = quit.
[2J[Hcheck_build  rb_00182_mirror_x   20:44:37
----------------------------------------------------------------
  wall_10    brick  MISSING (camera does not see it)
  wall_11    brick  MISSING (camera does not see it)
  wall_9     brick  MISSING (camera does not see it)
  obj_4      block  MISSING (camera does not see it)
  obj_1      block  MISSING (camera does not see it)
  robot      start  MISSING (camera does not see it)
----------------------------------------------------------------
OK band: +/-2.0cm, +/-10deg (display only). Enter = run checksum. Ctrl+C = quit.
[2J[Hcheck_build  rb_00182_mirror_x   20:44:37
----------------------------------------------------------------
  wall_10    brick  MISSING (camera does not see it)
  wall_11    brick  MISSING (camera does not see it)
  wall_9     brick  MISSING (camera does not see it)
  obj_4      block  MISSING (camera does not see it)
  obj_1      block  MISSING (camera does not see it)
  robot      start  MISSING (camera does not see it)
----------------------------------------------------------------
OK band: +/-2.0cm, +/-10deg (display only). Enter = run checksum. Ctrl+C = quit.
[2J[Hcheck_build  rb_00182_mirror_x   20:44:38
----------------------------------------------------------------
  wall_10    brick  MISSING (camera does not see it)
  wall_11    brick  MISSING (camera does not see it)
  wall_9     brick  MISSING (camera does not see it)
  obj_4      block  MISSING (camera does not see it)
  obj_1      block  MISSING (camera does not see it)
  robot      start  MISSING (camera does not see it)
----------------------------------------------------------------
OK band: +/-2.0cm, +/-10deg (display only). Enter = run checksum. Ctrl+C = quit.
[2J[Hcheck_build  rb_00182_mirror_x   20:44:38
----------------------------------------------------------------
  wall_10    brick  MISSING (camera does not see it)
  wall_11    brick  MISSING (camera does not see it)
  wall_9     brick  MISSING (camera does not see it)
  obj_4      block  MISSING (camera does not see it)
  obj_1      block  MISSING (camera does not see it)
  robot      start  MISSING (camera does not see it)
----------------------------------------------------------------
OK band: +/-2.0cm, +/-10deg (display only). Enter = run checksum. Ctrl+C = quit.
[2J[Hcheck_build  rb_00182_mirror_x   20:44:39
----------------------------------------------------------------
  wall_10    brick  MISSING (camera does not see it)
  wall_11    brick  MISSING (camera does not see it)
  wall_9     brick  MISSING (camera does not see it)
  obj_4      block  MISSING (camera does not see it)
  obj_1      block  MISSING (camera does not see it)
  robot      start  MISSING (camera does not see it)
----------------------------------------------------------------
OK band: +/-2.0cm, +/-10deg (display only). Enter = run checksum. Ctrl+C = quit.
  no checksum columns on this sheet, cannot verify the build.
[2J[Hcheck_build  rb_00182_mirror_x   20:44:39
----------------------------------------------------------------
  wall_10    brick  MISSING (camera does not see it)
  wall_11    brick  MISSING (camera does not see it)
  wall_9     brick  MISSING (camera does not see it)
  obj_4      block  MISSING (camera does not see it)
  obj_1      block  MISSING (camera does not see it)
  robot      start  MISSING (camera does not see it)
----------------------------------------------------------------
OK band: +/-2.0cm, +/-10deg (display only). Enter = run checksum. Ctrl+C = quit.
[2J[Hcheck_build  rb_00182_mirror_x   20:44:40
----------------------------------------------------------------
  wall_10    brick  MISSING (camera does not see it)
  wall_11    brick  MISSING (camera does not see it)
  wall_9     brick  MISSING (camera does not see it)
  obj_4      block  MISSING (camera does not see it)
  obj_1      block  MISSING (camera does not see it)
  robot      start  MISSING (camera does not see it)
----------------------------------------------------------------
OK band: +/-2.0cm, +/-10deg (display only). Enter = run checksum. Ctrl+C = quit.
[2J[Hcheck_build  rb_00182_mirror_x   20:44:40
----------------------------------------------------------------
  wall_10    brick  MISSING (camera does not see it)
  wall_11    brick  MISSING (camera does not see it)
  wall_9     brick  MISSING (camera does not see it)
  obj_4      block  MISSING (camera does not see it)
  obj_1      block  MISSING (camera does not see it)
  robot      start  MISSING (camera does not see it)
----------------------------------------------------------------
OK band: +/-2.0cm, +/-10deg (display only). Enter = run checksum. Ctrl+C = quit.
[2J[Hcheck_build  rb_00182_mirror_x   20:44:41
----------------------------------------------------------------
  wall_10    brick  MISSING (camera does not see it)
  wall_11    brick  MISSING (camera does not see it)
  wall_9     brick  MISSING (camera does not see it)
  obj_4      block  MISSING (camera does not see it)
  obj_1      block  MISSING (camera does not see it)
  robot      start  MISSING (camera does not see it)
----------------------------------------------------------------
OK band: +/-2.0cm, +/-10deg (display only). Enter = run checksum. Ctrl+C = quit.
[2J[Hcheck_build  rb_00182_mirror_x   20:44:41
----------------------------------------------------------------
  wall_10    brick  MISSING (camera does not see it)
  wall_11    brick  MISSING (camera does not see it)
  wall_9     brick  MISSING (camera does not see it)
  obj_4      block  MISSING (camera does not see it)
  obj_1      block  MISSING (camera does not see it)
  robot      start  MISSING (camera does not see it)
----------------------------------------------------------------
OK band: +/-2.0cm, +/-10deg (display only). Enter = run checksum. Ctrl+C = quit.
[2J[Hcheck_build  rb_00182_mirror_x   20:44:42
----------------------------------------------------------------
  wall_10    brick  MISSING (camera does not see it)
  wall_11    brick  MISSING (camera does not see it)
  wall_9     brick  MISSING (camera does not see it)
  obj_4      block  MISSING (camera does not see it)
  obj_1      block  MISSING (camera does not see it)
  robot      start  MISSING (camera does not see it)
----------------------------------------------------------------
OK band: +/-2.0cm, +/-10deg (display only). Enter = run checksum. Ctrl+C = quit.
[2J[Hcheck_build  rb_00182_mirror_x   20:44:42
----------------------------------------------------------------
  wall_10    brick  MISSING (camera does not see it)
  wall_11    brick  MISSING (camera does not see it)
  wall_9     brick  MISSING (camera does not see it)
  obj_4      block  MISSING (camera does not see it)
  obj_1      block  MISSING (camera does not see it)
  robot      start  MISSING (camera does not see it)
----------------------------------------------------------------
OK band: +/-2.0cm, +/-10deg (display only). Enter = run checksum. Ctrl+C = quit.
[2J[Hcheck_build  rb_00182_mirror_x   20:44:43
----------------------------------------------------------------
  wall_10    brick  MISSING (camera does not see it)
  wall_11    brick  MISSING (camera does not see it)
  wall_9     brick  MISSING (camera does not see it)
  obj_4      block  MISSING (camera does not see it)
  obj_1      block  MISSING (camera does not see it)
  robot      start  MISSING (camera does not see it)
----------------------------------------------------------------
OK band: +/-2.0cm, +/-10deg (display only). Enter = run checksum. Ctrl+C = quit.
[2J[Hcheck_build  rb_00182_mirror_x   20:44:43
----------------------------------------------------------------
  wall_10    brick  MISSING (camera does not see it)
  wall_11    brick  MISSING (camera does not see it)
  wall_9     brick  MISSING (camera does not see it)
  obj_4      block  MISSING (camera does not see it)
  obj_1      block  MISSING (camera does not see it)
  robot      start  MISSING (camera does not see it)
----------------------------------------------------------------
OK band: +/-2.0cm, +/-10deg (display only). Enter = run checksum. Ctrl+C = quit.
[2J[Hcheck_build  rb_00182_mirror_x   20:44:44
----------------------------------------------------------------
  wall_10    brick  MISSING (camera does not see it)
  wall_11    brick  MISSING (camera does not see it)
  wall_9     brick  MISSING (camera does not see it)
  obj_4      block  MISSING (camera does not see it)
  obj_1      block  MISSING (camera does not see it)
  robot      start  MISSING (camera does not see it)
----------------------------------------------------------------
OK band: +/-2.0cm, +/-10deg (display only). Enter = run checksum. Ctrl+C = quit.
[2J[Hcheck_build  rb_00182_mirror_x   20:44:44
----------------------------------------------------------------
  wall_10    brick  MISSING (camera does not see it)
  wall_11    brick  MISSING (camera does not see it)
  wall_9     brick  MISSING (camera does not see it)
  obj_4      block  MISSING (camera does not see it)
  obj_1      block  MISSING (camera does not see it)
  robot      start  MISSING (camera does not see it)
----------------------------------------------------------------
OK band: +/-2.0cm, +/-10deg (display only). Enter = run checksum. Ctrl+C = quit.
  no checksum columns on this sheet, cannot verify the build.
[2J[Hcheck_build  rb_00182_mirror_x   20:44:45
----------------------------------------------------------------
  wall_10    brick  MISSING (camera does not see it)
  wall_11    brick  MISSING (camera does not see it)
  wall_9     brick  MISSING (camera does not see it)
  obj_4      block  MISSING (camera does not see it)
  obj_1      block  MISSING (camera does not see it)
  robot      start  MISSING (camera does not see it)
----------------------------------------------------------------
OK band: +/-2.0cm, +/-10deg (display only). Enter = run checksum. Ctrl+C = quit.
[2J[Hcheck_build  rb_00182_mirror_x   20:44:45
----------------------------------------------------------------
  wall_10    brick  MISSING (camera does not see it)
  wall_11    brick  MISSING (camera does not see it)
  wall_9     brick  MISSING (camera does not see it)
  obj_4      block  MISSING (camera does not see it)
  obj_1      block  MISSING (camera does not see it)
  robot      start  MISSING (camera does not see it)
----------------------------------------------------------------
OK band: +/-2.0cm, +/-10deg (display only). Enter = run checksum. Ctrl+C = quit.
[2J[Hcheck_build  rb_00182_mirror_x   20:44:46
----------------------------------------------------------------
  wall_10    brick  MISSING (camera does not see it)
  wall_11    brick  MISSING (camera does not see it)
  wall_9     brick  MISSING (camera does not see it)
  obj_4      block  MISSING (camera does not see it)
  obj_1      block  MISSING (camera does not see it)
  robot      start  MISSING (camera does not see it)
----------------------------------------------------------------
OK band: +/-2.0cm, +/-10deg (display only). Enter = run checksum. Ctrl+C = quit.
[2J[Hcheck_build  rb_00182_mirror_x   20:44:46
----------------------------------------------------------------
  wall_10    brick  MISSING (camera does not see it)
  wall_11    brick  MISSING (camera does not see it)
  wall_9     brick  MISSING (camera does not see it)
  obj_4      block  MISSING (camera does not see it)
  obj_1      block  MISSING (camera does not see it)
  robot      start  MISSING (camera does not see it)
----------------------------------------------------------------
OK band: +/-2.0cm, +/-10deg (display only). Enter = run checksum. Ctrl+C = quit.
[2J[Hcheck_build  rb_00182_mirror_x   20:44:47
----------------------------------------------------------------
  wall_10    brick  MISSING (camera does not see it)
  wall_11    brick  MISSING (camera does not see it)
  wall_9     brick  MISSING (camera does not see it)
  obj_4      block  MISSING (camera does not see it)
  obj_1      block  MISSING (camera does not see it)
  robot      start  MISSING (camera does not see it)
----------------------------------------------------------------
OK band: +/-2.0cm, +/-10deg (display only). Enter = run checksum. Ctrl+C = quit.
[2J[Hcheck_build  rb_00182_mirror_x   20:44:47
----------------------------------------------------------------
  wall_10    brick  MISSING (camera does not see it)
  wall_11    brick  MISSING (camera does not see it)
  wall_9     brick  MISSING (camera does not see it)
  obj_4      block  MISSING (camera does not see it)
  obj_1      block  MISSING (camera does not see it)
  robot      start  MISSING (camera does not see it)
----------------------------------------------------------------
OK band: +/-2.0cm, +/-10deg (display only). Enter = run checksum. Ctrl+C = quit.
[2J[Hcheck_build  rb_00182_mirror_x   20:44:48
----------------------------------------------------------------
  wall_10    brick  MISSING (camera does not see it)
  wall_11    brick  MISSING (camera does not see it)
  wall_9     brick  MISSING (camera does not see it)
  obj_4      block  MISSING (camera does not see it)
  obj_1      block  MISSING (camera does not see it)
  robot      start  MISSING (camera does not see it)
----------------------------------------------------------------
OK band: +/-2.0cm, +/-10deg (display only). Enter = run checksum. Ctrl+C = quit.
[2J[Hcheck_build  rb_00182_mirror_x   20:44:48
----------------------------------------------------------------
  wall_10    brick  MISSING (camera does not see it)
  wall_11    brick  MISSING (camera does not see it)
  wall_9     brick  MISSING (camera does not see it)
  obj_4      block  MISSING (camera does not see it)
  obj_1      block  MISSING (camera does not see it)
  robot      start  MISSING (camera does not see it)
----------------------------------------------------------------
OK band: +/-2.0cm, +/-10deg (display only). Enter = run checksum. Ctrl+C = quit.
[2J[Hcheck_build  rb_00182_mirror_x   20:44:49
----------------------------------------------------------------
  wall_10    brick  MISSING (camera does not see it)
  wall_11    brick  MISSING (camera does not see it)
  wall_9     brick  MISSING (camera does not see it)
  obj_4      block  MISSING (camera does not see it)
  obj_1      block  MISSING (camera does not see it)
  robot      start  MISSING (camera does not see it)
----------------------------------------------------------------
OK band: +/-2.0cm, +/-10deg (display only). Enter = run checksum. Ctrl+C = quit.
[2J[Hcheck_build  rb_00182_mirror_x   20:44:49
----------------------------------------------------------------
  wall_10    brick  MISSING (camera does not see it)
  wall_11    brick  MISSING (camera does not see it)
  wall_9     brick  MISSING (camera does not see it)
  obj_4      block  MISSING (camera does not see it)
  obj_1      block  MISSING (camera does not see it)
  robot      start  MISSING (camera does not see it)
----------------------------------------------------------------
OK band: +/-2.0cm, +/-10deg (display only). Enter = run checksum. Ctrl+C = quit.
[2J[Hcheck_build  rb_00182_mirror_x   20:44:50
----------------------------------------------------------------
  wall_10    brick  MISSING (camera does not see it)
  wall_11    brick  MISSING (camera does not see it)
  wall_9     brick  MISSING (camera does not see it)
  obj_4      block  MISSING (camera does not see it)
  obj_1      block  MISSING (camera does not see it)
  robot      start  MISSING (camera does not see it)
----------------------------------------------------------------
OK band: +/-2.0cm, +/-10deg (display only). Enter = run checksum. Ctrl+C = quit.
  no checksum columns on this sheet, cannot verify the build.
[2J[Hcheck_build  rb_00182_mirror_x   20:44:50
----------------------------------------------------------------
  wall_10    brick  MISSING (camera does not see it)
  wall_11    brick  MISSING (camera does not see it)
  wall_9     brick  MISSING (camera does not see it)
  obj_4      block  MISSING (camera does not see it)
  obj_1      block  MISSING (camera does not see it)
  robot      start  MISSING (camera does not see it)
----------------------------------------------------------------
OK band: +/-2.0cm, +/-10deg (display only). Enter = run checksum. Ctrl+C = quit.
[2J[Hcheck_build  rb_00182_mirror_x   20:44:51
----------------------------------------------------------------
  wall_10    brick  MISSING (camera does not see it)
  wall_11    brick  MISSING (camera does not see it)
  wall_9     brick  MISSING (camera does not see it)
  obj_4      block  MISSING (camera does not see it)
  obj_1      block  MISSING (camera does not see it)
  robot      start  MISSING (camera does not see it)
----------------------------------------------------------------
OK band: +/-2.0cm, +/-10deg (display only). Enter = run checksum. Ctrl+C = quit.
[2J[Hcheck_build  rb_00182_mirror_x   20:44:51
----------------------------------------------------------------
  wall_10    brick  MISSING (camera does not see it)
  wall_11    brick  MISSING (camera does not see it)
  wall_9     brick  MISSING (camera does not see it)
  obj_4      block  MISSING (camera does not see it)
  obj_1      block  MISSING (camera does not see it)
  robot      start  MISSING (camera does not see it)
----------------------------------------------------------------
OK band: +/-2.0cm, +/-10deg (display only). Enter = run checksum. Ctrl+C = quit.
[2J[Hcheck_build  rb_00182_mirror_x   20:44:52
----------------------------------------------------------------
  wall_10    brick  MISSING (camera does not see it)
  wall_11    brick  MISSING (camera does not see it)
  wall_9     brick  MISSING (camera does not see it)
  obj_4      block  MISSING (camera does not see it)
  obj_1      block  MISSING (camera does not see it)
  robot      start  MISSING (camera does not see it)
----------------------------------------------------------------
OK band: +/-2.0cm, +/-10deg (display only). Enter = run checksum. Ctrl+C = quit.
[2J[Hcheck_build  rb_00182_mirror_x   20:44:52
----------------------------------------------------------------
  wall_10    brick  MISSING (camera does not see it)
  wall_11    brick  MISSING (camera does not see it)
  wall_9     brick  MISSING (camera does not see it)
  obj_4      block  MISSING (camera does not see it)
  obj_1      block  MISSING (camera does not see it)
  robot      start  MISSING (camera does not see it)
----------------------------------------------------------------
OK band: +/-2.0cm, +/-10deg (display only). Enter = run checksum. Ctrl+C = quit.
[2J[Hcheck_build  rb_00182_mirror_x   20:44:53
----------------------------------------------------------------
  wall_10    brick  MISSING (camera does not see it)
  wall_11    brick  MISSING (camera does not see it)
  wall_9     brick  MISSING (camera does not see it)
  obj_4      block  MISSING (camera does not see it)
  obj_1      block  MISSING (camera does not see it)
  robot      start  MISSING (camera does not see it)
----------------------------------------------------------------
OK band: +/-2.0cm, +/-10deg (display only). Enter = run checksum. Ctrl+C = quit.
[2J[Hcheck_build  rb_00182_mirror_x   20:44:53
----------------------------------------------------------------
  wall_10    brick  MISSING (camera does not see it)
  wall_11    brick  MISSING (camera does not see it)
  wall_9     brick  MISSING (camera does not see it)
  obj_4      block  MISSING (camera does not see it)
  obj_1      block  MISSING (camera does not see it)
  robot      start  MISSING (camera does not see it)
----------------------------------------------------------------
OK band: +/-2.0cm, +/-10deg (display only). Enter = run checksum. Ctrl+C = quit.
[2J[Hcheck_build  rb_00182_mirror_x   20:44:54
----------------------------------------------------------------
  wall_10    brick  MISSING (camera does not see it)
  wall_11    brick  MISSING (camera does not see it)
  wall_9     brick  MISSING (camera does not see it)
  obj_4      block  MISSING (camera does not see it)
  obj_1      block  MISSING (camera does not see it)
  robot      start  MISSING (camera does not see it)
----------------------------------------------------------------
OK band: +/-2.0cm, +/-10deg (display only). Enter = run checksum. Ctrl+C = quit.
[2J[Hcheck_build  rb_00182_mirror_x   20:44:54
----------------------------------------------------------------
  wall_10    brick  MISSING (camera does not see it)
  wall_11    brick  MISSING (camera does not see it)
  wall_9     brick  MISSING (camera does not see it)
  obj_4      block  MISSING (camera does not see it)
  obj_1      block  MISSING (camera does not see it)
  robot      start  MISSING (camera does not see it)
----------------------------------------------------------------
OK band: +/-2.0cm, +/-10deg (display only). Enter = run checksum. Ctrl+C = quit.
[2J[Hcheck_build  rb_00182_mirror_x   20:44:55
----------------------------------------------------------------
  wall_10    brick  MISSING (camera does not see it)
  wall_11    brick  MISSING (camera does not see it)
  wall_9     brick  MISSING (camera does not see it)
  obj_4      block  MISSING (camera does not see it)
  obj_1      block  MISSING (camera does not see it)
  robot      start  MISSING (camera does not see it)
----------------------------------------------------------------
OK band: +/-2.0cm, +/-10deg (display only). Enter = run checksum. Ctrl+C = quit.
  no checksum columns on this sheet, cannot verify the build.
[2J[Hcheck_build  rb_00182_mirror_x   20:44:55
----------------------------------------------------------------
  wall_10    brick  MISSING (camera does not see it)
  wall_11    brick  MISSING (camera does not see it)
  wall_9     brick  MISSING (camera does not see it)
  obj_4      block  MISSING (camera does not see it)
  obj_1      block  MISSING (camera does not see it)
  robot      start  MISSING (camera does not see it)
----------------------------------------------------------------
OK band: +/-2.0cm, +/-10deg (display only). Enter = run checksum. Ctrl+C = quit.
[2J[Hcheck_build  rb_00182_mirror_x   20:44:56
----------------------------------------------------------------
  wall_10    brick  MISSING (camera does not see it)
  wall_11    brick  MISSING (camera does not see it)
  wall_9     brick  MISSING (camera does not see it)
  obj_4      block  MISSING (camera does not see it)
  obj_1      block  MISSING (camera does not see it)
  robot      start  MISSING (camera does not see it)
----------------------------------------------------------------
OK band: +/-2.0cm, +/-10deg (display only). Enter = run checksum. Ctrl+C = quit.
[2J[Hcheck_build  rb_00182_mirror_x   20:44:56
----------------------------------------------------------------
  wall_10    brick  MISSING (camera does not see it)
  wall_11    brick  MISSING (camera does not see it)
  wall_9     brick  MISSING (camera does not see it)
  obj_4      block  MISSING (camera does not see it)
  obj_1      block  MISSING (camera does not see it)
  robot      start  MISSING (camera does not see it)
----------------------------------------------------------------
OK band: +/-2.0cm, +/-10deg (display only). Enter = run checksum. Ctrl+C = quit.
[2J[Hcheck_build  rb_00182_mirror_x   20:44:57
----------------------------------------------------------------
  wall_10    brick  MISSING (camera does not see it)
  wall_11    brick  MISSING (camera does not see it)
  wall_9     brick  MISSING (camera does not see it)
  obj_4      block  MISSING (camera does not see it)
  obj_1      block  MISSING (camera does not see it)
  robot      start  MISSING (camera does not see it)
----------------------------------------------------------------
OK band: +/-2.0cm, +/-10deg (display only). Enter = run checksum. Ctrl+C = quit.
[2J[Hcheck_build  rb_00182_mirror_x   20:44:57
----------------------------------------------------------------
  wall_10    brick  MISSING (camera does not see it)
  wall_11    brick  MISSING (camera does not see it)
  wall_9     brick  MISSING (camera does not see it)
  obj_4      block  MISSING (camera does not see it)
  obj_1      block  MISSING (camera does not see it)
  robot      start  MISSING (camera does not see it)
----------------------------------------------------------------
OK band: +/-2.0cm, +/-10deg (display only). Enter = run checksum. Ctrl+C = quit.
[2J[Hcheck_build  rb_00182_mirror_x   20:44:58
----------------------------------------------------------------
  wall_10    brick  MISSING (camera does not see it)
  wall_11    brick  MISSING (camera does not see it)
  wall_9     brick  MISSING (camera does not see it)
  obj_4      block  MISSING (camera does not see it)
  obj_1      block  MISSING (camera does not see it)
  robot      start  MISSING (camera does not see it)
----------------------------------------------------------------
OK band: +/-2.0cm, +/-10deg (display only). Enter = run checksum. Ctrl+C = quit.
[2J[Hcheck_build  rb_00182_mirror_x   20:44:58
----------------------------------------------------------------
  wall_10    brick  MISSING (camera does not see it)
  wall_11    brick  MISSING (camera does not see it)
  wall_9     brick  MISSING (camera does not see it)
  obj_4      block  MISSING (camera does not see it)
  obj_1      block  MISSING (camera does not see it)
  robot      start  MISSING (camera does not see it)
----------------------------------------------------------------
OK band: +/-2.0cm, +/-10deg (display only). Enter = run checksum. Ctrl+C = quit.
[2J[Hcheck_build  rb_00182_mirror_x   20:44:59
----------------------------------------------------------------
  wall_10    brick  MISSING (camera does not see it)
  wall_11    brick  MISSING (camera does not see it)
  wall_9     brick  MISSING (camera does not see it)
  obj_4      block  MISSING (camera does not see it)
  obj_1      block  MISSING (camera does not see it)
  robot      start  MISSING (camera does not see it)
----------------------------------------------------------------
OK band: +/-2.0cm, +/-10deg (display only). Enter = run checksum. Ctrl+C = quit.
[2J[Hcheck_build  rb_00182_mirror_x   20:44:59
----------------------------------------------------------------
  wall_10    brick  MISSING (camera does not see it)
  wall_11    brick  MISSING (camera does not see it)
  wall_9     brick  MISSING (camera does not see it)
  obj_4      block  MISSING (camera does not see it)
  obj_1      block  MISSING (camera does not see it)
  robot      start  MISSING (camera does not see it)
----------------------------------------------------------------
OK band: +/-2.0cm, +/-10deg (display only). Enter = run checksum. Ctrl+C = quit.
[2J[Hcheck_build  rb_00182_mirror_x   20:45:00
----------------------------------------------------------------
  wall_10    brick  MISSING (camera does not see it)
  wall_11    brick  MISSING (camera does not see it)
  wall_9     brick  MISSING (camera does not see it)
  obj_4      block  MISSING (camera does not see it)
  obj_1      block  MISSING (camera does not see it)
  robot      start  MISSING (camera does not see it)
----------------------------------------------------------------
OK band: +/-2.0cm, +/-10deg (display only). Enter = run checksum. Ctrl+C = quit.
[2J[Hcheck_build  rb_00182_mirror_x   20:45:00
----------------------------------------------------------------
  wall_10    brick  MISSING (camera does not see it)
  wall_11    brick  MISSING (camera does not see it)
  wall_9     brick  MISSING (camera does not see it)
  obj_4      block  MISSING (camera does not see it)
  obj_1      block  MISSING (camera does not see it)
  robot      start  MISSING (camera does not see it)
----------------------------------------------------------------
OK band: +/-2.0cm, +/-10deg (display only). Enter = run checksum. Ctrl+C = quit.
  no checksum columns on this sheet, cannot verify the build.
[2J[Hcheck_build  rb_00182_mirror_x   20:45:01
----------------------------------------------------------------
  wall_10    brick  MISSING (camera does not see it)
  wall_11    brick  MISSING (camera does not see it)
  wall_9     brick  MISSING (camera does not see it)
  obj_4      block  MISSING (camera does not see it)
  obj_1      block  MISSING (camera does not see it)
  robot      start  MISSING (camera does not see it)
----------------------------------------------------------------
OK band: +/-2.0cm, +/-10deg (display only). Enter = run checksum. Ctrl+C = quit.
[2J[Hcheck_build  rb_00182_mirror_x   20:45:01
----------------------------------------------------------------
  wall_10    brick  MISSING (camera does not see it)
  wall_11    brick  MISSING (camera does not see it)
  wall_9     brick  MISSING (camera does not see it)
  obj_4      block  MISSING (camera does not see it)
  obj_1      block  MISSING (camera does not see it)
  robot      start  MISSING (camera does not see it)
----------------------------------------------------------------
OK band: +/-2.0cm, +/-10deg (display only). Enter = run checksum. Ctrl+C = quit.
[2J[Hcheck_build  rb_00182_mirror_x   20:45:02
----------------------------------------------------------------
  wall_10    brick  dx= -5.56cm dy= -0.09cm dtheta= -12.1deg  ..
  wall_11    brick  dx= +7.11cm dy= +2.98cm dtheta= +12.8deg  ..
  wall_9     brick  dx=-16.48cm dy= -3.03cm dtheta=  -9.4deg  ..
  obj_4      block  dx=+20.69cm dy=+27.78cm dtheta= +77.1deg  ..
  obj_1      block  dx=+24.90cm dy=+20.93cm dtheta= +58.4deg  ..
  robot      start  dx= +3.81cm dy= -4.18cm dtheta= +81.8deg  ..
----------------------------------------------------------------
OK band: +/-2.0cm, +/-10deg (display only). Enter = run checksum. Ctrl+C = quit.
[2J[Hcheck_build  rb_00182_mirror_x   20:45:02
----------------------------------------------------------------
  wall_10    brick  dx= -5.60cm dy= -0.10cm dtheta= -10.0deg  ..
  wall_11    brick  dx= +7.07cm dy= +3.00cm dtheta= +12.7deg  ..
  wall_9     brick  dx=-16.48cm dy= -3.05cm dtheta=  -9.4deg  ..
  obj_4      block  dx=+20.81cm dy=+27.88cm dtheta= +77.0deg  ..
  obj_1      block  dx=+24.93cm dy=+20.97cm dtheta= +58.3deg  ..
  robot      start  dx= +3.78cm dy= -4.16cm dtheta= +81.6deg  ..
----------------------------------------------------------------
OK band: +/-2.0cm, +/-10deg (display only). Enter = run checksum. Ctrl+C = quit.
[2J[Hcheck_build  rb_00182_mirror_x   20:45:03
----------------------------------------------------------------
  wall_10    brick  dx= -5.60cm dy= -0.10cm dtheta= -10.0deg  ..
  wall_11    brick  dx= +7.07cm dy= +3.00cm dtheta= +12.7deg  ..
  wall_9     brick  dx=-16.48cm dy= -3.05cm dtheta=  -9.4deg  ..
  obj_4      block  dx=+20.81cm dy=+27.88cm dtheta= +77.0deg  ..
  obj_1      block  dx=+24.93cm dy=+20.97cm dtheta= +58.3deg  ..
  robot      start  dx= +3.78cm dy= -4.16cm dtheta= +81.6deg  ..
----------------------------------------------------------------
OK band: +/-2.0cm, +/-10deg (display only). Enter = run checksum. Ctrl+C = quit.
[2J[Hcheck_build  rb_00182_mirror_x   20:45:03
----------------------------------------------------------------
  wall_10    brick  dx= -5.59cm dy= -0.10cm dtheta= -12.3deg  ..
  wall_11    brick  dx= +7.10cm dy= +2.98cm dtheta= +12.9deg  ..
  wall_9     brick  dx=-16.50cm dy= -3.02cm dtheta=  -9.5deg  ..
  obj_4      block  dx=+20.72cm dy=+27.83cm dtheta= +77.9deg  ..
  obj_1      block  dx=+24.95cm dy=+20.99cm dtheta= +58.2deg  ..
  robot      start  dx=+15.57cm dy= +1.77cm dtheta= +72.8deg  ..
----------------------------------------------------------------
OK band: +/-2.0cm, +/-10deg (display only). Enter = run checksum. Ctrl+C = quit.
[2J[Hcheck_build  rb_00182_mirror_x   20:45:04
----------------------------------------------------------------
  wall_10    brick  dx= -5.59cm dy= -0.10cm dtheta= -12.2deg  ..
  wall_11    brick  dx= +7.11cm dy= +2.98cm dtheta= +12.9deg  ..
  wall_9     brick  dx=-16.51cm dy= -3.01cm dtheta=  -9.5deg  ..
  obj_4      block  dx=+20.65cm dy=+27.78cm dtheta= +77.6deg  ..
  obj_1      block  dx=+24.95cm dy=+20.99cm dtheta= +58.4deg  ..
  robot      start  dx=+15.53cm dy= +1.80cm dtheta= +72.9deg  ..
----------------------------------------------------------------
OK band: +/-2.0cm, +/-10deg (display only). Enter = run checksum. Ctrl+C = quit.
[2J[Hcheck_build  rb_00182_mirror_x   20:45:04
----------------------------------------------------------------
  wall_10    brick  dx= -5.60cm dy= -0.10cm dtheta= -10.1deg  ..
  wall_11    brick  dx= +7.04cm dy= +3.00cm dtheta= +13.0deg  ..
  wall_9     brick  dx=-16.52cm dy= -3.00cm dtheta=  -9.5deg  ..
  obj_4      block  dx=+20.87cm dy=+27.97cm dtheta= +75.4deg  ..
  obj_1      block  dx=+24.95cm dy=+20.99cm dtheta= +58.2deg  ..
  robot      start  dx=+15.22cm dy= +2.05cm dtheta= +74.6deg  ..
----------------------------------------------------------------
OK band: +/-2.0cm, +/-10deg (display only). Enter = run checksum. Ctrl+C = quit.
[2J[Hcheck_build  rb_00182_mirror_x   20:45:05
----------------------------------------------------------------
  wall_10    brick  dx= -5.60cm dy= -0.11cm dtheta=  -9.9deg  ..
  wall_11    brick  MISSING (camera does not see it)
  wall_9     brick  dx=-16.51cm dy= -3.00cm dtheta=  -9.5deg  ..
  obj_4      block  dx=+20.67cm dy=+27.79cm dtheta= +77.6deg  ..
  obj_1      block  dx=+24.94cm dy=+20.99cm dtheta= +58.4deg  ..
  robot      start  dx=+15.33cm dy= +1.99cm dtheta= +72.7deg  ..
----------------------------------------------------------------
OK band: +/-2.0cm, +/-10deg (display only). Enter = run checksum. Ctrl+C = quit.
[2J[Hcheck_build  rb_00182_mirror_x   20:45:05
----------------------------------------------------------------
  wall_10    brick  dx= -5.60cm dy= -0.09cm dtheta= -12.5deg  ..
  wall_11    brick  MISSING (camera does not see it)
  wall_9     brick  dx=-16.52cm dy= -3.01cm dtheta=  -9.5deg  ..
  obj_4      block  dx=+20.73cm dy=+27.86cm dtheta= +77.9deg  ..
  obj_1      block  dx=+24.92cm dy=+20.98cm dtheta= +58.1deg  ..
  robot      start  dx=+15.29cm dy= +2.02cm dtheta= +73.2deg  ..
----------------------------------------------------------------
OK band: +/-2.0cm, +/-10deg (display only). Enter = run checksum. Ctrl+C = quit.
  no checksum columns on this sheet, cannot verify the build.
[2J[Hcheck_build  rb_00182_mirror_x   20:45:06
----------------------------------------------------------------
  wall_10    brick  dx= -5.60cm dy= -0.11cm dtheta= -12.2deg  ..
  wall_11    brick  MISSING (camera does not see it)
  wall_9     brick  dx=-16.53cm dy= -3.00cm dtheta=  -9.4deg  ..
  obj_4      block  dx=+20.59cm dy=+27.72cm dtheta= +77.7deg  ..
  obj_1      block  dx=+24.97cm dy=+21.01cm dtheta= +58.3deg  ..
  robot      start  dx=+15.52cm dy= +1.80cm dtheta= +73.0deg  ..
----------------------------------------------------------------
OK band: +/-2.0cm, +/-10deg (display only). Enter = run checksum. Ctrl+C = quit.
[2J[Hcheck_build  rb_00182_mirror_x   20:45:06
----------------------------------------------------------------
  wall_10    brick  dx= -5.63cm dy= -0.11cm dtheta= -12.6deg  ..
  wall_11    brick  MISSING (camera does not see it)
  wall_9     brick  dx=-16.46cm dy= -3.02cm dtheta=  -9.5deg  ..
  obj_4      block  dx=+20.62cm dy=+27.76cm dtheta= +77.7deg  ..
  obj_1      block  dx=+24.95cm dy=+21.01cm dtheta= +58.2deg  ..
  robot      start  dx=+15.52cm dy= +1.81cm dtheta= +73.0deg  ..
----------------------------------------------------------------
OK band: +/-2.0cm, +/-10deg (display only). Enter = run checksum. Ctrl+C = quit.
[2J[Hcheck_build  rb_00182_mirror_x   20:45:07
----------------------------------------------------------------
  wall_10    brick  dx= -5.59cm dy= -0.10cm dtheta= -12.2deg  ..
  wall_11    brick  dx=-14.10cm dy= -5.03cm dtheta=  +5.5deg  ..
  wall_9     brick  dx=-16.47cm dy= -2.99cm dtheta=  -8.6deg  ..
  obj_4      block  dx=+20.69cm dy=+27.82cm dtheta= +78.1deg  ..
  obj_1      block  dx=+24.92cm dy=+20.96cm dtheta= +58.4deg  ..
  robot      start  dx=+15.48cm dy= +1.82cm dtheta= +73.6deg  ..
----------------------------------------------------------------
OK band: +/-2.0cm, +/-10deg (display only). Enter = run checksum. Ctrl+C = quit.
[2J[Hcheck_build  rb_00182_mirror_x   20:45:07
----------------------------------------------------------------
  wall_10    brick  dx= -5.59cm dy= -0.11cm dtheta= -12.1deg  ..
  wall_11    brick  dx=-14.10cm dy= -5.04cm dtheta=  +5.3deg  ..
  wall_9     brick  dx=-16.47cm dy= -2.99cm dtheta=  -8.6deg  ..
  obj_4      block  dx=+20.73cm dy=+27.84cm dtheta= +77.9deg  ..
  obj_1      block  dx=+24.96cm dy=+21.00cm dtheta= +58.2deg  ..
  robot      start  dx=+14.84cm dy= +2.56cm dtheta= +80.6deg  ..
----------------------------------------------------------------
OK band: +/-2.0cm, +/-10deg (display only). Enter = run checksum. Ctrl+C = quit.
[2J[Hcheck_build  rb_00182_mirror_x   20:45:08
----------------------------------------------------------------
  wall_10    brick  dx= -5.61cm dy= -0.11cm dtheta= -10.0deg  ..
  wall_11    brick  dx=-14.09cm dy= -5.05cm dtheta=  +5.4deg  ..
  wall_9     brick  MISSING (camera does not see it)
  obj_4      block  dx=+20.72cm dy=+27.84cm dtheta= +78.0deg  ..
  obj_1      block  dx=+24.89cm dy=+20.93cm dtheta= +58.4deg  ..
  robot      start  dx=+15.13cm dy= +2.11cm dtheta= +73.9deg  ..
----------------------------------------------------------------
OK band: +/-2.0cm, +/-10deg (display only). Enter = run checksum. Ctrl+C = quit.
[2J[Hcheck_build  rb_00182_mirror_x   20:45:08
----------------------------------------------------------------
  wall_10    brick  dx= -5.59cm dy= -0.09cm dtheta= -12.3deg  ..
  wall_11    brick  dx=-14.10cm dy= -5.03cm dtheta=  +5.4deg  ..
  wall_9     brick  dx= -0.40cm dy= +1.90cm dtheta=  -3.1deg  OK
  obj_4      block  dx=+20.56cm dy=+27.71cm dtheta= +77.6deg  ..
  obj_1      block  dx=+24.92cm dy=+20.96cm dtheta= +58.4deg  ..
  robot      start  dx=+15.32cm dy= +1.90cm dtheta= +69.8deg  ..
----------------------------------------------------------------
OK band: +/-2.0cm, +/-10deg (display only). Enter = run checksum. Ctrl+C = quit.
[2J[Hcheck_build  rb_00182_mirror_x   20:45:09
----------------------------------------------------------------
  wall_10    brick  dx= -5.59cm dy= -0.10cm dtheta= -12.2deg  ..
  wall_11    brick  dx=-14.10cm dy= -5.06cm dtheta=  +5.4deg  ..
  wall_9     brick  dx= -0.41cm dy= +1.90cm dtheta=  -2.9deg  OK
  obj_4      block  dx=+20.76cm dy=+27.86cm dtheta= +77.9deg  ..
  obj_1      block  dx=+24.93cm dy=+20.97cm dtheta= +58.3deg  ..
  robot      start  dx=+14.96cm dy= +2.18cm dtheta= +56.3deg  ..
----------------------------------------------------------------
OK band: +/-2.0cm, +/-10deg (display only). Enter = run checksum. Ctrl+C = quit.
[2J[Hcheck_build  rb_00182_mirror_x   20:45:09
----------------------------------------------------------------
  wall_10    brick  dx= -5.60cm dy= -0.10cm dtheta= -12.2deg  ..
  wall_11    brick  dx=-14.10cm dy= -5.03cm dtheta=  +5.4deg  ..
  wall_9     brick  dx= -0.50cm dy= +1.93cm dtheta= -11.8deg  ..
  obj_4      block  dx=+20.82cm dy=+27.92cm dtheta= +77.9deg  ..
  obj_1      block  dx=+24.94cm dy=+20.98cm dtheta= +58.3deg  ..
  robot      start  dx=+15.13cm dy= +2.12cm dtheta= +73.0deg  ..
----------------------------------------------------------------
OK band: +/-2.0cm, +/-10deg (display only). Enter = run checksum. Ctrl+C = quit.
[2J[Hcheck_build  rb_00182_mirror_x   20:45:10
----------------------------------------------------------------
  wall_10    brick  dx= -5.61cm dy= -0.11cm dtheta= -10.0deg  ..
  wall_11    brick  dx=-14.10cm dy= -5.05cm dtheta=  +5.5deg  ..
  wall_9     brick  MISSING (camera does not see it)
  obj_4      block  dx=+20.78cm dy=+27.89cm dtheta= +78.0deg  ..
  obj_1      block  dx=+24.92cm dy=+20.97cm dtheta= +58.5deg  ..
  robot      start  dx=+15.28cm dy= +1.97cm dtheta= +72.9deg  ..
----------------------------------------------------------------
OK band: +/-2.0cm, +/-10deg (display only). Enter = run checksum. Ctrl+C = quit.
[2J[Hcheck_build  rb_00182_mirror_x   20:45:10
----------------------------------------------------------------
  wall_10    brick  dx= -5.60cm dy= -0.11cm dtheta= -12.2deg  ..
  wall_11    brick  dx=-14.10cm dy= -5.04cm dtheta=  +5.4deg  ..
  wall_9     brick  MISSING (camera does not see it)
  obj_4      block  dx=+20.74cm dy=+27.88cm dtheta= +84.5deg  ..  FLIPPED?
  obj_1      block  dx=+24.90cm dy=+20.93cm dtheta= +58.4deg  ..
  robot      start  dx=+15.10cm dy= +2.15cm dtheta= +73.2deg  ..
----------------------------------------------------------------
OK band: +/-2.0cm, +/-10deg (display only). Enter = run checksum. Ctrl+C = quit.
[2J[Hcheck_build  rb_00182_mirror_x   20:45:11
----------------------------------------------------------------
  wall_10    brick  dx= -5.59cm dy= -0.10cm dtheta= -12.4deg  ..
  wall_11    brick  dx=-14.10cm dy= -5.03cm dtheta=  +5.4deg  ..
  wall_9     brick  dx= -1.29cm dy= +0.46cm dtheta=  +6.2deg  OK
  obj_4      block  dx=+20.75cm dy=+27.86cm dtheta= +77.9deg  ..
  obj_1      block  dx=+24.89cm dy=+20.92cm dtheta= +58.4deg  ..
  robot      start  dx=+15.16cm dy= +2.09cm dtheta= +73.2deg  ..
----------------------------------------------------------------
OK band: +/-2.0cm, +/-10deg (display only). Enter = run checksum. Ctrl+C = quit.
  no checksum columns on this sheet, cannot verify the build.
[2J[Hcheck_build  rb_00182_mirror_x   20:45:11
----------------------------------------------------------------
  wall_10    brick  dx= -5.61cm dy= -0.11cm dtheta= -10.0deg  ..
  wall_11    brick  dx=-14.10cm dy= -5.04cm dtheta=  +5.4deg  ..
  wall_9     brick  dx= -1.24cm dy= +0.43cm dtheta=  +6.2deg  OK
  obj_4      block  dx=+20.73cm dy=+27.85cm dtheta= +77.9deg  ..
  obj_1      block  dx=+24.90cm dy=+20.93cm dtheta= +58.4deg  ..
  robot      start  dx=+15.32cm dy= +1.95cm dtheta= +72.7deg  ..
----------------------------------------------------------------
OK band: +/-2.0cm, +/-10deg (display only). Enter = run checksum. Ctrl+C = quit.
[2J[Hcheck_build  rb_00182_mirror_x   20:45:12
----------------------------------------------------------------
  wall_10    brick  dx= -5.60cm dy= -0.11cm dtheta= -12.2deg  ..
  wall_11    brick  dx=-14.10cm dy= -5.04cm dtheta=  +5.3deg  ..
  wall_9     brick  dx= -0.89cm dy= -0.14cm dtheta=  +3.9deg  OK
  obj_4      block  dx=+20.66cm dy=+27.78cm dtheta= +77.8deg  ..
  obj_1      block  dx=+24.95cm dy=+20.99cm dtheta= +58.5deg  ..
  robot      start  dx=+15.24cm dy= +2.01cm dtheta= +73.1deg  ..
----------------------------------------------------------------
OK band: +/-2.0cm, +/-10deg (display only). Enter = run checksum. Ctrl+C = quit.
[2J[Hcheck_build  rb_00182_mirror_x   20:45:12
----------------------------------------------------------------
  wall_10    brick  dx= -5.59cm dy= -0.09cm dtheta= -12.2deg  ..
  wall_11    brick  dx=-14.10cm dy= -5.02cm dtheta=  +5.4deg  ..
  wall_9     brick  dx= -0.98cm dy= -0.16cm dtheta=  +3.9deg  OK
  obj_4      block  dx=+20.75cm dy=+27.86cm dtheta= +77.9deg  ..
  obj_1      block  dx=+24.93cm dy=+20.97cm dtheta= +58.4deg  ..
  robot      start  dx=+15.24cm dy= +2.01cm dtheta= +73.4deg  ..
----------------------------------------------------------------
OK band: +/-2.0cm, +/-10deg (display only). Enter = run checksum. Ctrl+C = quit.
[2J[Hcheck_build  rb_00182_mirror_x   20:45:13
----------------------------------------------------------------
  wall_10    brick  dx= -5.61cm dy= -0.11cm dtheta=  -9.9deg  ..
  wall_11    brick  dx=-14.10cm dy= -5.05cm dtheta=  +5.4deg  ..
  wall_9     brick  dx= -0.85cm dy= -0.28cm dtheta=  +3.2deg  OK
  obj_4      block  dx=+20.55cm dy=+27.69cm dtheta= +77.8deg  ..
  obj_1      block  dx=+24.92cm dy=+20.96cm dtheta= +58.3deg  ..
  robot      start  dx=+15.27cm dy= +1.98cm dtheta= +73.4deg  ..
----------------------------------------------------------------
OK band: +/-2.0cm, +/-10deg (display only). Enter = run checksum. Ctrl+C = quit.
[2J[Hcheck_build  rb_00182_mirror_x   20:45:13
----------------------------------------------------------------
  wall_10    brick  dx= -5.59cm dy= -0.09cm dtheta= -12.1deg  ..
  wall_11    brick  dx=-14.10cm dy= -5.06cm dtheta=  +5.4deg  ..
  wall_9     brick  dx= -1.06cm dy= -0.60cm dtheta=  -0.5deg  OK
  obj_4      block  dx=+20.78cm dy=+27.91cm dtheta= +84.3deg  ..  FLIPPED?
  obj_1      block  dx=+24.92cm dy=+20.97cm dtheta= +58.3deg  ..
  robot      start  dx=+15.29cm dy= +1.98cm dtheta= +72.8deg  ..
----------------------------------------------------------------
OK band: +/-2.0cm, +/-10deg (display only). Enter = run checksum. Ctrl+C = quit.
[2J[Hcheck_build  rb_00182_mirror_x   20:45:14
----------------------------------------------------------------
  wall_10    brick  dx= -5.60cm dy= -0.11cm dtheta=  -9.9deg  ..
  wall_11    brick  dx=-14.10cm dy= -5.07cm dtheta=  +5.4deg  ..
  wall_9     brick  dx= -0.75cm dy= -0.07cm dtheta=  -8.0deg  OK
  obj_4      block  dx=+20.76cm dy=+27.87cm dtheta= +77.9deg  ..
  obj_1      block  dx=+24.93cm dy=+20.97cm dtheta= +58.3deg  ..
  robot      start  dx=+15.29cm dy= +1.97cm dtheta= +72.7deg  ..
----------------------------------------------------------------
OK band: +/-2.0cm, +/-10deg (display only). Enter = run checksum. Ctrl+C = quit.
[2J[Hcheck_build  rb_00182_mirror_x   20:45:14
----------------------------------------------------------------
  wall_10    brick  dx= -5.58cm dy= -0.09cm dtheta= -12.2deg  ..
  wall_11    brick  dx=-14.09cm dy= -5.04cm dtheta=  +5.5deg  ..
  wall_9     brick  dx= -0.54cm dy= +0.30cm dtheta=  -1.2deg  OK
  obj_4      block  dx=+20.73cm dy=+27.84cm dtheta= +77.9deg  ..
  obj_1      block  dx=+24.92cm dy=+20.95cm dtheta= +58.3deg  ..
  robot      start  dx=+15.28cm dy= +1.98cm dtheta= +73.3deg  ..
----------------------------------------------------------------
OK band: +/-2.0cm, +/-10deg (display only). Enter = run checksum. Ctrl+C = quit.
[2J[Hcheck_build  rb_00182_mirror_x   20:45:15
----------------------------------------------------------------
  wall_10    brick  dx= -5.58cm dy= -0.09cm dtheta= -12.2deg  ..
  wall_11    brick  dx=-14.10cm dy= -5.03cm dtheta=  +5.4deg  ..
  wall_9     brick  dx= -0.56cm dy= +0.31cm dtheta=  -1.2deg  OK
  obj_4      block  dx=+20.56cm dy=+27.70cm dtheta= +77.8deg  ..
  obj_1      block  dx=+24.94cm dy=+20.99cm dtheta= +58.3deg  ..
  robot      start  dx=+15.31cm dy= +1.95cm dtheta= +73.1deg  ..
----------------------------------------------------------------
OK band: +/-2.0cm, +/-10deg (display only). Enter = run checksum. Ctrl+C = quit.
[2J[Hcheck_build  rb_00182_mirror_x   20:45:15
----------------------------------------------------------------
  wall_10    brick  dx= -5.60cm dy= -0.11cm dtheta= -12.1deg  ..
  wall_11    brick  dx=-14.10cm dy= -5.04cm dtheta=  +5.4deg  ..
  wall_9     brick  dx= -0.57cm dy= +0.31cm dtheta=  -1.2deg  OK
  obj_4      block  dx=+20.78cm dy=+27.88cm dtheta= +77.9deg  ..
  obj_1      block  dx=+24.92cm dy=+20.96cm dtheta= +58.3deg  ..
  robot      start  dx=+15.20cm dy= +2.04cm dtheta= +73.6deg  ..
----------------------------------------------------------------
OK band: +/-2.0cm, +/-10deg (display only). Enter = run checksum. Ctrl+C = quit.
[2J[Hcheck_build  rb_00182_mirror_x   20:45:16
----------------------------------------------------------------
  wall_10    brick  dx= -5.61cm dy= -0.11cm dtheta=  -9.9deg  ..
  wall_11    brick  dx=-14.10cm dy= -5.04cm dtheta=  +5.4deg  ..
  wall_9     brick  dx= -0.26cm dy= -0.03cm dtheta=  -1.2deg  OK
  obj_4      block  dx=+20.81cm dy=+27.91cm dtheta= +78.0deg  ..
  obj_1      block  dx=+24.90cm dy=+20.94cm dtheta= +58.2deg  ..
  robot      start  dx=+15.25cm dy= +2.01cm dtheta= +73.1deg  ..
----------------------------------------------------------------
OK band: +/-2.0cm, +/-10deg (display only). Enter = run checksum. Ctrl+C = quit.
[2J[Hcheck_build  rb_00182_mirror_x   20:45:16
----------------------------------------------------------------
  wall_10    brick  dx= -5.60cm dy= -0.11cm dtheta=  -9.9deg  ..
  wall_11    brick  dx=-14.09cm dy= -5.04cm dtheta=  +5.4deg  ..
  wall_9     brick  dx= -0.27cm dy= -0.02cm dtheta=  -1.2deg  OK
  obj_4      block  dx=+20.68cm dy=+27.80cm dtheta= +77.7deg  ..
  obj_1      block  dx=+24.89cm dy=+20.93cm dtheta= +58.4deg  ..
  robot      start  dx=+15.21cm dy= +2.05cm dtheta= +73.3deg  ..
----------------------------------------------------------------
OK band: +/-2.0cm, +/-10deg (display only). Enter = run checksum. Ctrl+C = quit.
  no checksum columns on this sheet, cannot verify the build.
[2J[Hcheck_build  rb_00182_mirror_x   20:45:17
----------------------------------------------------------------
  wall_10    brick  dx= -5.60cm dy= -0.10cm dtheta= -12.4deg  ..
  wall_11    brick  dx=-14.11cm dy= -5.09cm dtheta=  +5.5deg  ..
  wall_9     brick  dx= -0.30cm dy= -0.02cm dtheta=  -1.4deg  OK
  obj_4      block  dx=+20.59cm dy=+27.74cm dtheta= +77.9deg  ..
  obj_1      block  dx=+24.93cm dy=+20.98cm dtheta= +58.2deg  ..
  robot      start  dx=+15.40cm dy= +1.86cm dtheta= +72.6deg  ..
----------------------------------------------------------------
OK band: +/-2.0cm, +/-10deg (display only). Enter = run checksum. Ctrl+C = quit.
[2J[Hcheck_build  rb_00182_mirror_x   20:45:17
----------------------------------------------------------------
  wall_10    brick  dx= -5.59cm dy= -0.09cm dtheta= -12.2deg  ..
  wall_11    brick  dx=-14.10cm dy= -4.97cm dtheta=  +6.0deg  ..
  wall_9     brick  dx= -0.34cm dy= +0.00cm dtheta=  -1.2deg  OK
  obj_4      block  dx=+20.69cm dy=+27.82cm dtheta= +77.8deg  ..
  obj_1      block  dx=+24.87cm dy=+20.91cm dtheta= +58.5deg  ..
  robot      start  dx=+15.38cm dy= +1.89cm dtheta= +73.2deg  ..
----------------------------------------------------------------
OK band: +/-2.0cm, +/-10deg (display only). Enter = run checksum. Ctrl+C = quit.
[2J[Hcheck_build  rb_00182_mirror_x   20:45:18
----------------------------------------------------------------
  wall_10    brick  dx= -5.59cm dy= -0.09cm dtheta= -12.2deg  ..
  wall_11    brick  dx=-14.10cm dy= -4.97cm dtheta=  +6.0deg  ..
  wall_9     brick  dx= -0.34cm dy= +0.00cm dtheta=  -1.2deg  OK
  obj_4      block  dx=+20.69cm dy=+27.82cm dtheta= +77.8deg  ..
  obj_1      block  dx=+24.87cm dy=+20.91cm dtheta= +58.5deg  ..
  robot      start  dx=+15.38cm dy= +1.89cm dtheta= +73.2deg  ..
----------------------------------------------------------------
OK band: +/-2.0cm, +/-10deg (display only). Enter = run checksum. Ctrl+C = quit.
[2J[Hcheck_build  rb_00182_mirror_x   20:45:18
----------------------------------------------------------------
  wall_10    brick  dx= -5.59cm dy= -0.09cm dtheta= -12.2deg  ..
  wall_11    brick  dx=-14.10cm dy= -4.97cm dtheta=  +6.0deg  ..
  wall_9     brick  dx= -0.34cm dy= +0.00cm dtheta=  -1.2deg  OK
  obj_4      block  dx=+20.69cm dy=+27.82cm dtheta= +77.8deg  ..
  obj_1      block  dx=+24.87cm dy=+20.91cm dtheta= +58.5deg  ..
  robot      start  dx=+15.38cm dy= +1.89cm dtheta= +73.2deg  ..
----------------------------------------------------------------
OK band: +/-2.0cm, +/-10deg (display only). Enter = run checksum. Ctrl+C = quit.
[2J[Hcheck_build  rb_00182_mirror_x   20:45:19
----------------------------------------------------------------
  wall_10    brick  dx= -5.59cm dy= -0.09cm dtheta= -12.2deg  ..
  wall_11    brick  dx=-14.10cm dy= -4.97cm dtheta=  +6.0deg  ..
  wall_9     brick  dx= -0.34cm dy= +0.00cm dtheta=  -1.2deg  OK
  obj_4      block  dx=+20.69cm dy=+27.82cm dtheta= +77.8deg  ..
  obj_1      block  dx=+24.87cm dy=+20.91cm dtheta= +58.5deg  ..
  robot      start  dx=+15.38cm dy= +1.89cm dtheta= +73.2deg  ..
----------------------------------------------------------------
OK band: +/-2.0cm, +/-10deg (display only). Enter = run checksum. Ctrl+C = quit.
[2J[Hcheck_build  rb_00182_mirror_x   20:45:19
----------------------------------------------------------------
  wall_10    brick  dx= -5.60cm dy= -0.10cm dtheta= -10.1deg  ..
  wall_11    brick  dx= -5.48cm dy= +1.20cm dtheta=  +4.1deg  ..
  wall_9     brick  dx= -0.33cm dy= -0.01cm dtheta=  -1.3deg  OK
  obj_4      block  dx=+20.67cm dy=+27.81cm dtheta= +78.0deg  ..
  obj_1      block  dx=+24.92cm dy=+20.97cm dtheta= +58.2deg  ..
  robot      start  dx=+15.37cm dy= +1.89cm dtheta= +73.1deg  ..
----------------------------------------------------------------
OK band: +/-2.0cm, +/-10deg (display only). Enter = run checksum. Ctrl+C = quit.
[2J[Hcheck_build  rb_00182_mirror_x   20:45:20
----------------------------------------------------------------
  wall_10    brick  dx= -5.60cm dy= -0.10cm dtheta= -10.0deg  ..
  wall_11    brick  dx= -5.45cm dy= +1.17cm dtheta=  +3.8deg  ..
  wall_9     brick  dx= -0.32cm dy= -0.01cm dtheta=  -1.1deg  OK
  obj_4      block  dx=+20.72cm dy=+27.84cm dtheta= +77.9deg  ..
  obj_1      block  dx=+24.91cm dy=+20.96cm dtheta= +58.4deg  ..
  robot      start  dx=+15.39cm dy= +1.87cm dtheta= +72.9deg  ..
----------------------------------------------------------------
OK band: +/-2.0cm, +/-10deg (display only). Enter = run checksum. Ctrl+C = quit.
[2J[Hcheck_build  rb_00182_mirror_x   20:45:20
----------------------------------------------------------------
  wall_10    brick  dx= -5.61cm dy= -0.10cm dtheta= -12.4deg  ..
  wall_11    brick  dx= -5.46cm dy= +1.16cm dtheta=  +3.9deg  ..
  wall_9     brick  dx= -0.22cm dy= -0.05cm dtheta=  -1.3deg  OK
  obj_4      block  dx=+20.57cm dy=+27.72cm dtheta= +77.9deg  ..
  obj_1      block  dx=+24.92cm dy=+20.98cm dtheta= +58.2deg  ..
  robot      start  dx=+15.40cm dy= +1.86cm dtheta= +72.6deg  ..
----------------------------------------------------------------
OK band: +/-2.0cm, +/-10deg (display only). Enter = run checksum. Ctrl+C = quit.
[2J[Hcheck_build  rb_00182_mirror_x   20:45:21
----------------------------------------------------------------
  wall_10    brick  dx= -5.61cm dy= -0.10cm dtheta= -10.0deg  ..
  wall_11    brick  dx= -5.46cm dy= +1.17cm dtheta=  +3.9deg  ..
  wall_9     brick  dx= -0.21cm dy= -0.06cm dtheta=  -1.3deg  OK
  obj_4      block  dx=+20.59cm dy=+27.74cm dtheta= +77.7deg  ..
  obj_1      block  dx=+24.92cm dy=+20.97cm dtheta= +58.2deg  ..
  robot      start  dx=+15.29cm dy= +2.04cm dtheta= +77.8deg  ..
----------------------------------------------------------------
OK band: +/-2.0cm, +/-10deg (display only). Enter = run checksum. Ctrl+C = quit.
[2J[Hcheck_build  rb_00182_mirror_x   20:45:21
----------------------------------------------------------------
  wall_10    brick  dx= -5.60cm dy= -0.09cm dtheta= -12.4deg  ..
  wall_11    brick  dx= -5.46cm dy= +1.17cm dtheta=  +4.0deg  ..
  wall_9     brick  dx= -0.17cm dy= -0.07cm dtheta=  -1.3deg  OK
  obj_4      block  dx=+20.49cm dy=+27.67cm dtheta= +77.7deg  ..
  obj_1      block  dx=+24.94cm dy=+21.00cm dtheta= +58.2deg  ..
  robot      start  dx=+15.36cm dy= +1.90cm dtheta= +72.9deg  ..
----------------------------------------------------------------
OK band: +/-2.0cm, +/-10deg (display only). Enter = run checksum. Ctrl+C = quit.
[2J[Hcheck_build  rb_00182_mirror_x   20:45:22
----------------------------------------------------------------
  wall_10    brick  dx= -5.61cm dy= -0.11cm dtheta= -10.0deg  ..
  wall_11    brick  dx= -5.46cm dy= +1.18cm dtheta=  +3.9deg  ..
  wall_9     brick  dx= -0.21cm dy= -0.06cm dtheta=  -1.3deg  OK
  obj_4      block  dx=+20.59cm dy=+27.73cm dtheta= +77.8deg  ..
  obj_1      block  dx=+24.94cm dy=+20.99cm dtheta= +58.4deg  ..
  robot      start  dx=+15.37cm dy= +1.95cm dtheta= +76.7deg  ..
----------------------------------------------------------------
OK band: +/-2.0cm, +/-10deg (display only). Enter = run checksum. Ctrl+C = quit.
  no checksum columns on this sheet, cannot verify the build.
[2J[Hcheck_build  rb_00182_mirror_x   20:45:22
----------------------------------------------------------------
  wall_10    brick  dx= -5.61cm dy= -0.11cm dtheta= -10.0deg  ..
  wall_11    brick  dx= -5.46cm dy= +1.18cm dtheta=  +3.9deg  ..
  wall_9     brick  dx= -0.21cm dy= -0.06cm dtheta=  -1.3deg  OK
  obj_4      block  dx=+20.59cm dy=+27.73cm dtheta= +77.8deg  ..
  obj_1      block  dx=+24.94cm dy=+20.99cm dtheta= +58.4deg  ..
  robot      start  dx=+15.37cm dy= +1.95cm dtheta= +76.7deg  ..
----------------------------------------------------------------
OK band: +/-2.0cm, +/-10deg (display only). Enter = run checksum. Ctrl+C = quit.
[2J[Hcheck_build  rb_00182_mirror_x   20:45:23
----------------------------------------------------------------
  wall_10    brick  dx= -5.61cm dy= -0.11cm dtheta= -10.0deg  ..
  wall_11    brick  dx= -5.46cm dy= +1.18cm dtheta=  +3.9deg  ..
  wall_9     brick  dx= -0.21cm dy= -0.06cm dtheta=  -1.3deg  OK
  obj_4      block  dx=+20.59cm dy=+27.73cm dtheta= +77.8deg  ..
  obj_1      block  dx=+24.94cm dy=+20.99cm dtheta= +58.4deg  ..
  robot      start  dx=+15.37cm dy= +1.95cm dtheta= +76.7deg  ..
----------------------------------------------------------------
OK band: +/-2.0cm, +/-10deg (display only). Enter = run checksum. Ctrl+C = quit.
[2J[Hcheck_build  rb_00182_mirror_x   20:45:23
----------------------------------------------------------------
  wall_10    brick  dx= -5.61cm dy= -0.11cm dtheta= -10.0deg  ..
  wall_11    brick  dx= -5.46cm dy= +1.18cm dtheta=  +3.9deg  ..
  wall_9     brick  dx= -0.21cm dy= -0.06cm dtheta=  -1.3deg  OK
  obj_4      block  dx=+20.59cm dy=+27.73cm dtheta= +77.8deg  ..
  obj_1      block  dx=+24.94cm dy=+20.99cm dtheta= +58.4deg  ..
  robot      start  dx=+15.37cm dy= +1.95cm dtheta= +76.7deg  ..
----------------------------------------------------------------
OK band: +/-2.0cm, +/-10deg (display only). Enter = run checksum. Ctrl+C = quit.
[2J[Hcheck_build  rb_00182_mirror_x   20:45:24
----------------------------------------------------------------
  wall_10    brick  dx= -5.61cm dy= -0.11cm dtheta= -10.0deg  ..
  wall_11    brick  dx= -5.46cm dy= +1.18cm dtheta=  +3.9deg  ..
  wall_9     brick  dx= -0.21cm dy= -0.06cm dtheta=  -1.3deg  OK
  obj_4      block  dx=+20.59cm dy=+27.73cm dtheta= +77.8deg  ..
  obj_1      block  dx=+24.94cm dy=+20.99cm dtheta= +58.4deg  ..
  robot      start  dx=+15.37cm dy= +1.95cm dtheta= +76.7deg  ..
----------------------------------------------------------------
OK band: +/-2.0cm, +/-10deg (display only). Enter = run checksum. Ctrl+C = quit.
[2J[Hcheck_build  rb_00182_mirror_x   20:45:24
----------------------------------------------------------------
  wall_10    brick  dx= -5.61cm dy= -0.11cm dtheta= -10.0deg  ..
  wall_11    brick  dx= -5.46cm dy= +1.18cm dtheta=  +3.9deg  ..
  wall_9     brick  dx= -0.21cm dy= -0.06cm dtheta=  -1.3deg  OK
  obj_4      block  dx=+20.59cm dy=+27.73cm dtheta= +77.8deg  ..
  obj_1      block  dx=+24.94cm dy=+20.99cm dtheta= +58.4deg  ..
  robot      start  dx=+15.37cm dy= +1.95cm dtheta= +76.7deg  ..
----------------------------------------------------------------
OK band: +/-2.0cm, +/-10deg (display only). Enter = run checksum. Ctrl+C = quit.
[2J[Hcheck_build  rb_00182_mirror_x   20:45:25
----------------------------------------------------------------
  wall_10    brick  dx= -5.61cm dy= -0.11cm dtheta= -10.0deg  ..
  wall_11    brick  dx= -5.46cm dy= +1.18cm dtheta=  +3.9deg  ..
  wall_9     brick  dx= -0.21cm dy= -0.06cm dtheta=  -1.3deg  OK
  obj_4      block  dx=+20.59cm dy=+27.73cm dtheta= +77.8deg  ..
  obj_1      block  dx=+24.94cm dy=+20.99cm dtheta= +58.4deg  ..
  robot      start  dx=+15.37cm dy= +1.95cm dtheta= +76.7deg  ..
----------------------------------------------------------------
OK band: +/-2.0cm, +/-10deg (display only). Enter = run checksum. Ctrl+C = quit.
[2J[Hcheck_build  rb_00182_mirror_x   20:45:25
----------------------------------------------------------------
  wall_10    brick  dx= -5.61cm dy= -0.11cm dtheta= -10.0deg  ..
  wall_11    brick  dx= -5.46cm dy= +1.18cm dtheta=  +3.9deg  ..
  wall_9     brick  dx= -0.21cm dy= -0.06cm dtheta=  -1.3deg  OK
  obj_4      block  dx=+20.59cm dy=+27.73cm dtheta= +77.8deg  ..
  obj_1      block  dx=+24.94cm dy=+20.99cm dtheta= +58.4deg  ..
  robot      start  dx=+15.37cm dy= +1.95cm dtheta= +76.7deg  ..
----------------------------------------------------------------
OK band: +/-2.0cm, +/-10deg (display only). Enter = run checksum. Ctrl+C = quit.
[2J[Hcheck_build  rb_00182_mirror_x   20:45:26
----------------------------------------------------------------
  wall_10    brick  dx= -5.61cm dy= -0.11cm dtheta= -10.0deg  ..
  wall_11    brick  dx= -5.46cm dy= +1.18cm dtheta=  +3.9deg  ..
  wall_9     brick  dx= -0.21cm dy= -0.06cm dtheta=  -1.3deg  OK
  obj_4      block  dx=+20.59cm dy=+27.73cm dtheta= +77.8deg  ..
  obj_1      block  dx=+24.94cm dy=+20.99cm dtheta= +58.4deg  ..
  robot      start  dx=+15.37cm dy= +1.95cm dtheta= +76.7deg  ..
----------------------------------------------------------------
OK band: +/-2.0cm, +/-10deg (display only). Enter = run checksum. Ctrl+C = quit.
[2J[Hcheck_build  rb_00182_mirror_x   20:45:26
----------------------------------------------------------------
  wall_10    brick  dx= -5.61cm dy= -0.11cm dtheta= -10.0deg  ..
  wall_11    brick  dx= -5.46cm dy= +1.18cm dtheta=  +3.9deg  ..
  wall_9     brick  dx= -0.21cm dy= -0.06cm dtheta=  -1.3deg  OK
  obj_4      block  dx=+20.59cm dy=+27.73cm dtheta= +77.8deg  ..
  obj_1      block  dx=+24.94cm dy=+20.99cm dtheta= +58.4deg  ..
  robot      start  dx=+15.37cm dy= +1.95cm dtheta= +76.7deg  ..
----------------------------------------------------------------
OK band: +/-2.0cm, +/-10deg (display only). Enter = run checksum. Ctrl+C = quit.
[2J[Hcheck_build  rb_00182_mirror_x   20:45:27
----------------------------------------------------------------
  wall_10    brick  dx= -5.61cm dy= -0.11cm dtheta= -10.0deg  ..
  wall_11    brick  dx= -5.46cm dy= +1.18cm dtheta=  +3.9deg  ..
  wall_9     brick  dx= -0.21cm dy= -0.06cm dtheta=  -1.3deg  OK
  obj_4      block  dx=+20.59cm dy=+27.73cm dtheta= +77.8deg  ..
  obj_1      block  dx=+24.94cm dy=+20.99cm dtheta= +58.4deg  ..
  robot      start  dx=+15.37cm dy= +1.95cm dtheta= +76.7deg  ..
----------------------------------------------------------------
OK band: +/-2.0cm, +/-10deg (display only). Enter = run checksum. Ctrl+C = quit.
[2J[Hcheck_build  rb_00182_mirror_x   20:45:27
----------------------------------------------------------------
  wall_10    brick  dx= -5.61cm dy= -0.11cm dtheta= -10.0deg  ..
  wall_11    brick  dx= -5.46cm dy= +1.18cm dtheta=  +3.9deg  ..
  wall_9     brick  dx= -0.21cm dy= -0.06cm dtheta=  -1.3deg  OK
  obj_4      block  dx=+20.59cm dy=+27.73cm dtheta= +77.8deg  ..
  obj_1      block  dx=+24.94cm dy=+20.99cm dtheta= +58.4deg  ..
  robot      start  dx=+15.37cm dy= +1.95cm dtheta= +76.7deg  ..
----------------------------------------------------------------
OK band: +/-2.0cm, +/-10deg (display only). Enter = run checksum. Ctrl+C = quit.
  no checksum columns on this sheet, cannot verify the build.
[2J[Hcheck_build  rb_00182_mirror_x   20:45:28
----------------------------------------------------------------
  wall_10    brick  dx= -5.61cm dy= -0.11cm dtheta= -10.0deg  ..
  wall_11    brick  dx= -5.46cm dy= +1.18cm dtheta=  +3.9deg  ..
  wall_9     brick  dx= -0.21cm dy= -0.06cm dtheta=  -1.3deg  OK
  obj_4      block  dx=+20.59cm dy=+27.73cm dtheta= +77.8deg  ..
  obj_1      block  dx=+24.94cm dy=+20.99cm dtheta= +58.4deg  ..
  robot      start  dx=+15.37cm dy= +1.95cm dtheta= +76.7deg  ..
----------------------------------------------------------------
OK band: +/-2.0cm, +/-10deg (display only). Enter = run checksum. Ctrl+C = quit.
[2J[Hcheck_build  rb_00182_mirror_x   20:45:28
----------------------------------------------------------------
  wall_10    brick  dx= -5.61cm dy= -0.11cm dtheta= -10.0deg  ..
  wall_11    brick  dx= -5.46cm dy= +1.18cm dtheta=  +3.9deg  ..
  wall_9     brick  dx= -0.21cm dy= -0.06cm dtheta=  -1.3deg  OK
  obj_4      block  dx=+20.59cm dy=+27.73cm dtheta= +77.8deg  ..
  obj_1      block  dx=+24.94cm dy=+20.99cm dtheta= +58.4deg  ..
  robot      start  dx=+15.37cm dy= +1.95cm dtheta= +76.7deg  ..
----------------------------------------------------------------
OK band: +/-2.0cm, +/-10deg (display only). Enter = run checksum. Ctrl+C = quit.
[2J[Hcheck_build  rb_00182_mirror_x   20:45:29
----------------------------------------------------------------
  wall_10    brick  dx= -5.61cm dy= -0.11cm dtheta= -10.0deg  ..
  wall_11    brick  dx= -5.46cm dy= +1.18cm dtheta=  +3.9deg  ..
  wall_9     brick  dx= -0.21cm dy= -0.06cm dtheta=  -1.3deg  OK
  obj_4      block  dx=+20.59cm dy=+27.73cm dtheta= +77.8deg  ..
  obj_1      block  dx=+24.94cm dy=+20.99cm dtheta= +58.4deg  ..
  robot      start  dx=+15.37cm dy= +1.95cm dtheta= +76.7deg  ..
----------------------------------------------------------------
OK band: +/-2.0cm, +/-10deg (display only). Enter = run checksum. Ctrl+C = quit.
[2J[Hcheck_build  rb_00182_mirror_x   20:45:29
----------------------------------------------------------------
  wall_10    brick  dx= -5.61cm dy= -0.11cm dtheta= -10.0deg  ..
  wall_11    brick  dx= -5.46cm dy= +1.18cm dtheta=  +3.9deg  ..
  wall_9     brick  dx= -0.21cm dy= -0.06cm dtheta=  -1.3deg  OK
  obj_4      block  dx=+20.59cm dy=+27.73cm dtheta= +77.8deg  ..
  obj_1      block  dx=+24.94cm dy=+20.99cm dtheta= +58.4deg  ..
  robot      start  dx=+15.37cm dy= +1.95cm dtheta= +76.7deg  ..
----------------------------------------------------------------
OK band: +/-2.0cm, +/-10deg (display only). Enter = run checksum. Ctrl+C = quit.
[2J[Hcheck_build  rb_00182_mirror_x   20:45:30
----------------------------------------------------------------
  wall_10    brick  dx= -5.61cm dy= -0.11cm dtheta= -10.0deg  ..
  wall_11    brick  dx= -5.46cm dy= +1.18cm dtheta=  +3.9deg  ..
  wall_9     brick  dx= -0.21cm dy= -0.06cm dtheta=  -1.3deg  OK
  obj_4      block  dx=+20.59cm dy=+27.73cm dtheta= +77.8deg  ..
  obj_1      block  dx=+24.94cm dy=+20.99cm dtheta= +58.4deg  ..
  robot      start  dx=+15.37cm dy= +1.95cm dtheta= +76.7deg  ..
----------------------------------------------------------------
OK band: +/-2.0cm, +/-10deg (display only). Enter = run checksum. Ctrl+C = quit.
[2J[Hcheck_build  rb_00182_mirror_x   20:45:30
----------------------------------------------------------------
  wall_10    brick  dx= -5.60cm dy= -0.09cm dtheta= -12.3deg  ..
  wall_11    brick  dx= -7.58cm dy= +2.34cm dtheta=  +5.4deg  ..
  wall_9     brick  dx= -0.29cm dy= -0.02cm dtheta=  -1.3deg  OK
  obj_4      block  dx=+20.61cm dy=+27.75cm dtheta= +77.8deg  ..
  obj_1      block  dx=+25.13cm dy=+21.23cm dtheta= +58.4deg  ..
  robot      start  dx=+15.41cm dy= +1.84cm dtheta= +72.5deg  ..
----------------------------------------------------------------
OK band: +/-2.0cm, +/-10deg (display only). Enter = run checksum. Ctrl+C = quit.
[2J[Hcheck_build  rb_00182_mirror_x   20:45:31
----------------------------------------------------------------
  wall_10    brick  dx= -5.61cm dy= -0.10cm dtheta= -10.2deg  ..
  wall_11    brick  dx= -7.59cm dy= +2.34cm dtheta=  +5.3deg  ..
  wall_9     brick  dx= -0.31cm dy= -0.01cm dtheta=  -1.3deg  OK
  obj_4      block  dx=+20.57cm dy=+27.73cm dtheta= +77.8deg  ..
  obj_1      block  dx=+24.96cm dy=+21.02cm dtheta= +57.9deg  ..
  robot      start  dx=+15.37cm dy= +1.88cm dtheta= +72.9deg  ..
----------------------------------------------------------------
OK band: +/-2.0cm, +/-10deg (display only). Enter = run checksum. Ctrl+C = quit.
[2J[Hcheck_build  rb_00182_mirror_x   20:45:31
----------------------------------------------------------------
  wall_10    brick  dx= -5.60cm dy= -0.09cm dtheta= -12.4deg  ..
  wall_11    brick  dx= -7.59cm dy= +2.34cm dtheta=  +5.3deg  ..
  wall_9     brick  dx= -0.31cm dy= -0.01cm dtheta=  -1.3deg  OK
  obj_4      block  dx=+20.45cm dy=+27.64cm dtheta= +77.6deg  ..
  obj_1      block  dx=+24.84cm dy=+20.90cm dtheta= +59.0deg  ..
  robot      start  dx=+15.42cm dy= +1.83cm dtheta= +72.6deg  ..
----------------------------------------------------------------
OK band: +/-2.0cm, +/-10deg (display only). Enter = run checksum. Ctrl+C = quit.
[2J[Hcheck_build  rb_00182_mirror_x   20:45:32
----------------------------------------------------------------
  wall_10    brick  dx= -5.61cm dy= -0.09cm dtheta= -12.5deg  ..
  wall_11    brick  dx= -7.59cm dy= +2.35cm dtheta=  +5.3deg  ..
  wall_9     brick  dx= -0.20cm dy= -0.06cm dtheta=  -1.3deg  OK
  obj_4      block  dx=+20.61cm dy=+27.75cm dtheta= +77.7deg  ..
  obj_1      block  dx=+24.95cm dy=+21.01cm dtheta= +58.1deg  ..
  robot      start  dx=+15.44cm dy= +1.82cm dtheta= +72.5deg  ..
----------------------------------------------------------------
OK band: +/-2.0cm, +/-10deg (display only). Enter = run checksum. Ctrl+C = quit.
[2J[Hcheck_build  rb_00182_mirror_x   20:45:32
----------------------------------------------------------------
  wall_10    brick  dx= -5.61cm dy= -0.10cm dtheta= -12.3deg  ..
  wall_11    brick  dx= -7.58cm dy= +2.34cm dtheta=  +5.4deg  ..
  wall_9     brick  dx= -0.32cm dy= -0.01cm dtheta=  -1.3deg  OK
  obj_4      block  dx=+20.72cm dy=+27.85cm dtheta= +78.0deg  ..
  obj_1      block  dx=+24.93cm dy=+20.97cm dtheta= +58.4deg  ..
  robot      start  dx=+15.40cm dy= +1.85cm dtheta= +72.7deg  ..
----------------------------------------------------------------
OK band: +/-2.0cm, +/-10deg (display only). Enter = run checksum. Ctrl+C = quit.
[2J[Hcheck_build  rb_00182_mirror_x   20:45:33
----------------------------------------------------------------
  wall_10    brick  dx= -5.61cm dy= -0.09cm dtheta= -12.4deg  ..
  wall_11    brick  dx= -7.59cm dy= +2.34cm dtheta=  +5.3deg  ..
  wall_9     brick  dx= -0.21cm dy= -0.06cm dtheta=  -1.3deg  OK
  obj_4      block  dx=+20.59cm dy=+27.74cm dtheta= +77.8deg  ..
  obj_1      block  dx=+24.95cm dy=+21.03cm dtheta= +57.7deg  ..
  robot      start  dx=+15.35cm dy= +1.90cm dtheta= +73.0deg  ..
----------------------------------------------------------------
OK band: +/-2.0cm, +/-10deg (display only). Enter = run checksum. Ctrl+C = quit.
  no checksum columns on this sheet, cannot verify the build.
[2J[Hcheck_build  rb_00182_mirror_x   20:45:33
----------------------------------------------------------------
  wall_10    brick  dx= -5.60cm dy= -0.09cm dtheta= -12.4deg  ..
  wall_11    brick  dx= -7.59cm dy= +2.35cm dtheta=  +5.3deg  ..
  wall_9     brick  dx= -0.29cm dy= -0.02cm dtheta=  -1.4deg  OK
  obj_4      block  dx=+20.58cm dy=+27.74cm dtheta= +77.9deg  ..
  obj_1      block  dx=+24.93cm dy=+20.97cm dtheta= +58.3deg  ..
  robot      start  dx=+15.38cm dy= +1.87cm dtheta= +72.6deg  ..
----------------------------------------------------------------
OK band: +/-2.0cm, +/-10deg (display only). Enter = run checksum. Ctrl+C = quit.
[2J[Hcheck_build  rb_00182_mirror_x   20:45:34
----------------------------------------------------------------
  wall_10    brick  dx= -5.61cm dy= -0.09cm dtheta= -12.4deg  ..
  wall_11    brick  dx= -7.59cm dy= +2.34cm dtheta=  +5.3deg  ..
  wall_9     brick  dx= -0.22cm dy= -0.06cm dtheta=  -1.2deg  OK
  obj_4      block  dx=+20.65cm dy=+27.79cm dtheta= +77.8deg  ..
  obj_1      block  dx=+24.95cm dy=+21.00cm dtheta= +58.2deg  ..
  robot      start  dx=+15.37cm dy= +1.88cm dtheta= +72.9deg  ..
----------------------------------------------------------------
OK band: +/-2.0cm, +/-10deg (display only). Enter = run checksum. Ctrl+C = quit.
[2J[Hcheck_build  rb_00182_mirror_x   20:45:34
----------------------------------------------------------------
  wall_10    brick  dx= -5.61cm dy= -0.09cm dtheta= -12.4deg  ..
  wall_11    brick  dx= -7.59cm dy= +2.35cm dtheta=  +5.4deg  ..
  wall_9     brick  dx= -0.19cm dy= -0.07cm dtheta=  -1.2deg  OK
  obj_4      block  dx=+20.56cm dy=+27.72cm dtheta= +77.8deg  ..
  obj_1      block  dx=+24.93cm dy=+20.99cm dtheta= +58.3deg  ..
  robot      start  dx=+15.39cm dy= +1.86cm dtheta= +72.9deg  ..
----------------------------------------------------------------
OK band: +/-2.0cm, +/-10deg (display only). Enter = run checksum. Ctrl+C = quit.
[2J[Hcheck_build  rb_00182_mirror_x   20:45:35
----------------------------------------------------------------
  wall_10    brick  dx= -5.62cm dy= -0.10cm dtheta= -12.6deg  ..
  wall_11    brick  dx= -7.57cm dy= +2.34cm dtheta=  +5.5deg  ..
  wall_9     brick  dx= -0.19cm dy= -0.07cm dtheta=  -1.3deg  OK
  obj_4      block  dx=+20.54cm dy=+27.70cm dtheta= +77.5deg  ..
  obj_1      block  dx=+24.93cm dy=+20.98cm dtheta= +58.5deg  ..
  robot      start  dx=+15.07cm dy= +2.30cm dtheta= +79.5deg  ..
----------------------------------------------------------------
OK band: +/-2.0cm, +/-10deg (display only). Enter = run checksum. Ctrl+C = quit.
[2J[Hcheck_build  rb_00182_mirror_x   20:45:35
----------------------------------------------------------------
  wall_10    brick  dx= -5.62cm dy= -0.10cm dtheta= -12.6deg  ..
  wall_11    brick  dx= -7.57cm dy= +2.34cm dtheta=  +5.5deg  ..
  wall_9     brick  dx= -0.19cm dy= -0.07cm dtheta=  -1.3deg  OK
  obj_4      block  dx=+20.54cm dy=+27.70cm dtheta= +77.5deg  ..
  obj_1      block  dx=+24.93cm dy=+20.98cm dtheta= +58.5deg  ..
  robot      start  dx=+15.07cm dy= +2.30cm dtheta= +79.5deg  ..
----------------------------------------------------------------
OK band: +/-2.0cm, +/-10deg (display only). Enter = run checksum. Ctrl+C = quit.
[2J[Hcheck_build  rb_00182_mirror_x   20:45:36
----------------------------------------------------------------
  wall_10    brick  dx= -5.57cm dy= -0.09cm dtheta= -12.1deg  ..
  wall_11    brick  dx= +2.21cm dy= -2.66cm dtheta= +10.3deg  ..
  wall_9     brick  dx= -0.23cm dy= -0.05cm dtheta=  -1.2deg  OK
  obj_4      block  dx=+20.64cm dy=+27.76cm dtheta= +77.8deg  ..
  obj_1      block  dx=+24.93cm dy=+20.97cm dtheta= +58.3deg  ..
  robot      start  dx=+16.03cm dy= +1.35cm dtheta= +61.9deg  ..
----------------------------------------------------------------
OK band: +/-2.0cm, +/-10deg (display only). Enter = run checksum. Ctrl+C = quit.
[2J[Hcheck_build  rb_00182_mirror_x   20:45:36
----------------------------------------------------------------
  wall_10    brick  dx= -5.57cm dy= -0.09cm dtheta= -12.1deg  ..
  wall_11    brick  dx= +2.24cm dy= -2.67cm dtheta= +10.3deg  ..
  wall_9     brick  dx= -0.24cm dy= -0.04cm dtheta=  -1.3deg  OK
  obj_4      block  dx=+20.59cm dy=+27.71cm dtheta= +77.8deg  ..
  obj_1      block  dx=+24.95cm dy=+20.98cm dtheta= +58.4deg  ..
  robot      start  dx=+16.06cm dy= +1.34cm dtheta= +61.6deg  ..
----------------------------------------------------------------
OK band: +/-2.0cm, +/-10deg (display only). Enter = run checksum. Ctrl+C = quit.
[2J[Hcheck_build  rb_00182_mirror_x   20:45:37
----------------------------------------------------------------
  wall_10    brick  dx= -5.56cm dy= -0.10cm dtheta= -12.0deg  ..
  wall_11    brick  dx= +2.20cm dy= -2.64cm dtheta= +10.3deg  ..
  wall_9     brick  dx= -0.17cm dy= -0.08cm dtheta=  -1.2deg  OK
  obj_4      block  dx=+20.68cm dy=+27.77cm dtheta= +77.2deg  ..
  obj_1      block  dx=+24.86cm dy=+20.87cm dtheta= +57.7deg  ..
  robot      start  dx=+16.04cm dy= +1.35cm dtheta= +61.9deg  ..
----------------------------------------------------------------
OK band: +/-2.0cm, +/-10deg (display only). Enter = run checksum. Ctrl+C = quit.
[2J[Hcheck_build  rb_00182_mirror_x   20:45:37
----------------------------------------------------------------
  wall_10    brick  dx= -5.57cm dy= -0.10cm dtheta= -12.0deg  ..
  wall_11    brick  dx= +2.20cm dy= -2.64cm dtheta= +10.3deg  ..
  wall_9     brick  dx= -0.16cm dy= -0.08cm dtheta=  -1.2deg  OK
  obj_4      block  dx=+20.59cm dy=+27.72cm dtheta= +77.9deg  ..
  obj_1      block  dx=+24.93cm dy=+20.96cm dtheta= +58.4deg  ..
  robot      start  dx=+16.05cm dy= +1.34cm dtheta= +61.8deg  ..
----------------------------------------------------------------
OK band: +/-2.0cm, +/-10deg (display only). Enter = run checksum. Ctrl+C = quit.
[2J[Hcheck_build  rb_00182_mirror_x   20:45:38
----------------------------------------------------------------
  wall_10    brick  dx= -5.56cm dy= -0.09cm dtheta= -12.1deg  ..
  wall_11    brick  dx= +2.19cm dy= -2.62cm dtheta= +10.3deg  ..
  wall_9     brick  dx= -0.15cm dy= -0.08cm dtheta=  -1.2deg  OK
  obj_4      block  dx=+20.67cm dy=+27.77cm dtheta= +77.0deg  ..
  obj_1      block  dx=+24.90cm dy=+20.93cm dtheta= +58.3deg  ..
  robot      start  dx=+16.04cm dy= +1.37cm dtheta= +61.6deg  ..
----------------------------------------------------------------
OK band: +/-2.0cm, +/-10deg (display only). Enter = run checksum. Ctrl+C = quit.
  no checksum columns on this sheet, cannot verify the build.
[2J[Hcheck_build  rb_00182_mirror_x   20:45:38
----------------------------------------------------------------
  wall_10    brick  dx= -5.56cm dy= -0.09cm dtheta= -12.1deg  ..
  wall_11    brick  dx= +2.21cm dy= -2.64cm dtheta= +10.3deg  ..
  wall_9     brick  dx= -0.17cm dy= -0.07cm dtheta=  -1.2deg  OK
  obj_4      block  dx=+20.69cm dy=+27.78cm dtheta= +77.3deg  ..
  obj_1      block  dx=+24.94cm dy=+20.97cm dtheta= +58.4deg  ..
  robot      start  dx=+16.05cm dy= +1.35cm dtheta= +61.7deg  ..
----------------------------------------------------------------
OK band: +/-2.0cm, +/-10deg (display only). Enter = run checksum. Ctrl+C = quit.
[2J[Hcheck_build  rb_00182_mirror_x   20:45:39
----------------------------------------------------------------
  wall_10    brick  dx= -5.57cm dy= -0.10cm dtheta= -12.0deg  ..
  wall_11    brick  dx= +2.19cm dy= -2.63cm dtheta= +10.3deg  ..
  wall_9     brick  dx= -0.17cm dy= -0.07cm dtheta=  -1.2deg  OK
  obj_4      block  dx=+20.64cm dy=+27.74cm dtheta= +77.2deg  ..
  obj_1      block  dx=+24.93cm dy=+20.96cm dtheta= +58.4deg  ..
  robot      start  dx=+16.05cm dy= +1.35cm dtheta= +62.0deg  ..
----------------------------------------------------------------
OK band: +/-2.0cm, +/-10deg (display only). Enter = run checksum. Ctrl+C = quit.
[2J[Hcheck_build  rb_00182_mirror_x   20:45:39
----------------------------------------------------------------
  wall_10    brick  dx= -5.57cm dy= -0.10cm dtheta= -12.1deg  ..
  wall_11    brick  dx= +2.19cm dy= -2.63cm dtheta= +10.3deg  ..
  wall_9     brick  dx= -0.13cm dy= -0.09cm dtheta=  -1.3deg  OK
  obj_4      block  dx=+20.55cm dy=+27.69cm dtheta= +77.8deg  ..
  obj_1      block  dx=+24.92cm dy=+20.95cm dtheta= +58.4deg  ..
  robot      start  dx=+16.08cm dy= +1.32cm dtheta= +61.9deg  ..
----------------------------------------------------------------
OK band: +/-2.0cm, +/-10deg (display only). Enter = run checksum. Ctrl+C = quit.
[2J[Hcheck_build  rb_00182_mirror_x   20:45:40
----------------------------------------------------------------
  wall_10    brick  dx= -5.56cm dy= -0.09cm dtheta= -12.1deg  ..
  wall_11    brick  dx= +2.20cm dy= -2.64cm dtheta= +10.3deg  ..
  wall_9     brick  dx= -0.16cm dy= -0.07cm dtheta=  -1.1deg  OK
  obj_4      block  dx=+20.71cm dy=+27.79cm dtheta= +77.1deg  ..
  obj_1      block  dx=+24.91cm dy=+20.94cm dtheta= +58.4deg  ..
  robot      start  dx=+16.08cm dy= +1.32cm dtheta= +62.0deg  ..
----------------------------------------------------------------
OK band: +/-2.0cm, +/-10deg (display only). Enter = run checksum. Ctrl+C = quit.
[2J[Hcheck_build  rb_00182_mirror_x   20:45:40
----------------------------------------------------------------
  wall_10    brick  dx= -5.56cm dy= -0.09cm dtheta= -12.1deg  ..
  wall_11    brick  dx= +2.21cm dy= -2.65cm dtheta= +10.3deg  ..
  wall_9     brick  dx= -0.12cm dy= -0.09cm dtheta=  -1.3deg  OK
  obj_4      block  dx=+20.58cm dy=+27.71cm dtheta= +77.9deg  ..
  obj_1      block  dx=+24.95cm dy=+20.98cm dtheta= +58.4deg  ..
  robot      start  dx=+16.07cm dy= +1.33cm dtheta= +61.7deg  ..
----------------------------------------------------------------
OK band: +/-2.0cm, +/-10deg (display only). Enter = run checksum. Ctrl+C = quit.
[2J[Hcheck_build  rb_00182_mirror_x   20:45:41
----------------------------------------------------------------
  wall_10    brick  dx= -5.57cm dy= -0.10cm dtheta= -12.1deg  ..
  wall_11    brick  dx= +2.21cm dy= -2.64cm dtheta= +10.3deg  ..
  wall_9     brick  dx= -0.18cm dy= -0.07cm dtheta=  -1.1deg  OK
  obj_4      block  dx=+20.55cm dy=+27.68cm dtheta= +77.9deg  ..
  obj_1      block  dx=+24.89cm dy=+20.91cm dtheta= +58.4deg  ..
  robot      start  dx=+16.08cm dy= +1.32cm dtheta= +61.6deg  ..
----------------------------------------------------------------
OK band: +/-2.0cm, +/-10deg (display only). Enter = run checksum. Ctrl+C = quit.
[2J[Hcheck_build  rb_00182_mirror_x   20:45:41
----------------------------------------------------------------
  wall_10    brick  dx= -5.57cm dy= -0.09cm dtheta= -12.2deg  ..
  wall_11    brick  dx= +2.20cm dy= -2.63cm dtheta= +10.2deg  ..
  wall_9     brick  dx= -0.20cm dy= -0.06cm dtheta=  -1.2deg  OK
  obj_4      block  dx=+20.69cm dy=+27.78cm dtheta= +77.2deg  ..
  obj_1      block  dx=+24.93cm dy=+20.97cm dtheta= +58.3deg  ..
  robot      start  dx=+16.05cm dy= +1.35cm dtheta= +62.1deg  ..
----------------------------------------------------------------
OK band: +/-2.0cm, +/-10deg (display only). Enter = run checksum. Ctrl+C = quit.
[2J[Hcheck_build  rb_00182_mirror_x   20:45:42
----------------------------------------------------------------
  wall_10    brick  dx= -5.57cm dy= -0.10cm dtheta= -12.1deg  ..
  wall_11    brick  dx= +2.20cm dy= -2.64cm dtheta= +10.3deg  ..
  wall_9     brick  dx= -0.15cm dy= -0.08cm dtheta=  -1.2deg  OK
  obj_4      block  dx=+20.59cm dy=+27.71cm dtheta= +77.8deg  ..
  obj_1      block  dx=+24.93cm dy=+20.97cm dtheta= +58.3deg  ..
  robot      start  dx=+16.07cm dy= +1.33cm dtheta= +62.0deg  ..
----------------------------------------------------------------
OK band: +/-2.0cm, +/-10deg (display only). Enter = run checksum. Ctrl+C = quit.
[2J[Hcheck_build  rb_00182_mirror_x   20:45:42
----------------------------------------------------------------
  wall_10    brick  dx= -5.57cm dy= -0.10cm dtheta= -12.1deg  ..
  wall_11    brick  dx= +2.20cm dy= -2.64cm dtheta= +10.3deg  ..
  wall_9     brick  dx= -0.16cm dy= -0.08cm dtheta=  -1.2deg  OK
  obj_4      block  dx=+20.69cm dy=+27.78cm dtheta= +77.1deg  ..
  obj_1      block  dx=+24.93cm dy=+20.96cm dtheta= +58.4deg  ..
  robot      start  dx=+16.06cm dy= +1.34cm dtheta= +61.9deg  ..
----------------------------------------------------------------
OK band: +/-2.0cm, +/-10deg (display only). Enter = run checksum. Ctrl+C = quit.
[2J[Hcheck_build  rb_00182_mirror_x   20:45:43
----------------------------------------------------------------
  wall_10    brick  dx= -5.57cm dy= -0.10cm dtheta= -12.1deg  ..
  wall_11    brick  dx= +2.19cm dy= -2.62cm dtheta= +10.2deg  ..
  wall_9     brick  dx= -0.17cm dy= -0.07cm dtheta=  -1.3deg  OK
  obj_4      block  dx=+20.72cm dy=+27.81cm dtheta= +77.1deg  ..
  obj_1      block  dx=+24.93cm dy=+20.96cm dtheta= +58.4deg  ..
  robot      start  dx=+16.07cm dy= +1.33cm dtheta= +61.8deg  ..
----------------------------------------------------------------
OK band: +/-2.0cm, +/-10deg (display only). Enter = run checksum. Ctrl+C = quit.
[2J[Hcheck_build  rb_00182_mirror_x   20:45:43
----------------------------------------------------------------
  wall_10    brick  dx= -5.56cm dy= -0.09cm dtheta= -12.1deg  ..
  wall_11    brick  dx= +2.21cm dy= -2.64cm dtheta= +10.3deg  ..
  wall_9     brick  dx= -0.16cm dy= -0.08cm dtheta=  -1.2deg  OK
  obj_4      block  dx=+20.70cm dy=+27.79cm dtheta= +77.0deg  ..
  obj_1      block  dx=+24.90cm dy=+20.92cm dtheta= +58.5deg  ..
  robot      start  dx=+16.07cm dy= +1.33cm dtheta= +61.8deg  ..
----------------------------------------------------------------
OK band: +/-2.0cm, +/-10deg (display only). Enter = run checksum. Ctrl+C = quit.
  no checksum columns on this sheet, cannot verify the build.
[2J[Hcheck_build  rb_00182_mirror_x   20:45:44
----------------------------------------------------------------
  wall_10    brick  dx= -5.56cm dy= -0.09cm dtheta= -12.1deg  ..
  wall_11    brick  dx= +2.21cm dy= -2.64cm dtheta= +10.2deg  ..
  wall_9     brick  dx= -0.17cm dy= -0.08cm dtheta=  -1.2deg  OK
  obj_4      block  dx=+20.56cm dy=+27.70cm dtheta= +77.9deg  ..
  obj_1      block  dx=+24.92cm dy=+20.95cm dtheta= +58.4deg  ..
  robot      start  dx=+16.10cm dy= +1.31cm dtheta= +61.8deg  ..
----------------------------------------------------------------
OK band: +/-2.0cm, +/-10deg (display only). Enter = run checksum. Ctrl+C = quit.
[2J[Hcheck_build  rb_00182_mirror_x   20:45:44
----------------------------------------------------------------
  wall_10    brick  dx= -5.56cm dy= -0.10cm dtheta= -12.2deg  ..
  wall_11    brick  dx= +2.21cm dy= -2.64cm dtheta= +10.2deg  ..
  wall_9     brick  dx= -0.18cm dy= -0.07cm dtheta=  -1.2deg  OK
  obj_4      block  dx=+20.66cm dy=+27.76cm dtheta= +77.2deg  ..
  obj_1      block  dx=+24.92cm dy=+20.95cm dtheta= +58.4deg  ..
  robot      start  dx=+16.07cm dy= +1.33cm dtheta= +62.1deg  ..
----------------------------------------------------------------
OK band: +/-2.0cm, +/-10deg (display only). Enter = run checksum. Ctrl+C = quit.
[2J[Hcheck_build  rb_00182_mirror_x   20:45:45
----------------------------------------------------------------
  wall_10    brick  dx= -5.57cm dy= -0.10cm dtheta= -12.2deg  ..
  wall_11    brick  dx= +2.19cm dy= -2.63cm dtheta= +10.2deg  ..
  wall_9     brick  dx= -0.18cm dy= -0.07cm dtheta=  -1.3deg  OK
  obj_4      block  dx=+20.69cm dy=+27.78cm dtheta= +77.1deg  ..
  obj_1      block  dx=+24.93cm dy=+20.96cm dtheta= +58.3deg  ..
  robot      start  dx=+16.08cm dy= +1.32cm dtheta= +62.0deg  ..
----------------------------------------------------------------
OK band: +/-2.0cm, +/-10deg (display only). Enter = run checksum. Ctrl+C = quit.
[2J[Hcheck_build  rb_00182_mirror_x   20:45:45
----------------------------------------------------------------
  wall_10    brick  dx= -5.56cm dy= -0.09cm dtheta= -12.1deg  ..
  wall_11    brick  dx= +2.20cm dy= -2.63cm dtheta= +10.2deg  ..
  wall_9     brick  dx= -0.16cm dy= -0.08cm dtheta=  -1.2deg  OK
  obj_4      block  dx=+20.60cm dy=+27.72cm dtheta= +77.8deg  ..
  obj_1      block  dx=+24.93cm dy=+20.96cm dtheta= +58.3deg  ..
  robot      start  dx=+16.05cm dy= +1.35cm dtheta= +62.4deg  ..
----------------------------------------------------------------
OK band: +/-2.0cm, +/-10deg (display only). Enter = run checksum. Ctrl+C = quit.
[2J[Hcheck_build  rb_00182_mirror_x   20:45:46
----------------------------------------------------------------
  wall_10    brick  dx= -5.57cm dy= -0.09cm dtheta= -12.1deg  ..
  wall_11    brick  dx= +2.17cm dy= -2.61cm dtheta= +10.3deg  ..
  wall_9     brick  dx= -0.15cm dy= -0.08cm dtheta=  -1.2deg  OK
  obj_4      block  dx=+20.70cm dy=+27.79cm dtheta= +77.2deg  ..
  obj_1      block  dx=+24.94cm dy=+20.97cm dtheta= +58.4deg  ..
  robot      start  dx=+16.02cm dy= +1.38cm dtheta= +61.8deg  ..
----------------------------------------------------------------
OK band: +/-2.0cm, +/-10deg (display only). Enter = run checksum. Ctrl+C = quit.
[2J[Hcheck_build  rb_00182_mirror_x   20:45:46
----------------------------------------------------------------
  wall_10    brick  dx= -5.56cm dy= -0.09cm dtheta= -12.2deg  ..
  wall_11    brick  dx= +2.19cm dy= -2.62cm dtheta= +10.2deg  ..
  wall_9     brick  dx= -0.14cm dy= -0.09cm dtheta=  -1.2deg  OK
  obj_4      block  dx=+20.68cm dy=+27.77cm dtheta= +77.3deg  ..
  obj_1      block  dx=+24.93cm dy=+20.96cm dtheta= +58.4deg  ..
  robot      start  dx=+16.06cm dy= +1.35cm dtheta= +62.0deg  ..
----------------------------------------------------------------
OK band: +/-2.0cm, +/-10deg (display only). Enter = run checksum. Ctrl+C = quit.
[2J[Hcheck_build  rb_00182_mirror_x   20:45:47
----------------------------------------------------------------
  wall_10    brick  dx= -5.57cm dy= -0.10cm dtheta= -12.1deg  ..
  wall_11    brick  dx= +2.22cm dy= -2.65cm dtheta= +10.2deg  ..
  wall_9     brick  dx= -0.18cm dy= -0.07cm dtheta=  -1.2deg  OK
  obj_4      block  dx=+20.66cm dy=+27.76cm dtheta= +77.2deg  ..
  obj_1      block  dx=+24.92cm dy=+20.95cm dtheta= +58.3deg  ..
  robot      start  dx=+16.08cm dy= +1.33cm dtheta= +61.7deg  ..
----------------------------------------------------------------
OK band: +/-2.0cm, +/-10deg (display only). Enter = run checksum. Ctrl+C = quit.
[2J[Hcheck_build  rb_00182_mirror_x   20:45:47
----------------------------------------------------------------
  wall_10    brick  dx= -5.57cm dy= -0.10cm dtheta= -12.1deg  ..
  wall_11    brick  dx= +2.20cm dy= -2.63cm dtheta= +10.2deg  ..
  wall_9     brick  dx= -0.15cm dy= -0.08cm dtheta=  -1.2deg  OK
  obj_4      block  dx=+20.71cm dy=+27.79cm dtheta= +77.3deg  ..
  obj_1      block  dx=+24.94cm dy=+20.98cm dtheta= +58.3deg  ..
  robot      start  dx=+16.04cm dy= +1.37cm dtheta= +61.8deg  ..
----------------------------------------------------------------
OK band: +/-2.0cm, +/-10deg (display only). Enter = run checksum. Ctrl+C = quit.
[2J[Hcheck_build  rb_00182_mirror_x   20:45:48
----------------------------------------------------------------
  wall_10    brick  dx= -5.57cm dy= -0.10cm dtheta= -12.2deg  ..
  wall_11    brick  dx= +2.21cm dy= -2.64cm dtheta= +10.2deg  ..
  wall_9     brick  dx= -0.14cm dy= -0.08cm dtheta=  -1.2deg  OK
  obj_4      block  dx=+20.69cm dy=+27.78cm dtheta= +77.1deg  ..
  obj_1      block  dx=+24.91cm dy=+20.94cm dtheta= +58.3deg  ..
  robot      start  dx=+16.08cm dy= +1.32cm dtheta= +61.7deg  ..
----------------------------------------------------------------
OK band: +/-2.0cm, +/-10deg (display only). Enter = run checksum. Ctrl+C = quit.
[2J[Hcheck_build  rb_00182_mirror_x   20:45:48
----------------------------------------------------------------
  wall_10    brick  dx= -5.56cm dy= -0.09cm dtheta= -12.2deg  ..
  wall_11    brick  dx= +2.20cm dy= -2.63cm dtheta= +10.3deg  ..
  wall_9     brick  dx= -0.17cm dy= -0.07cm dtheta=  -1.3deg  OK
  obj_4      block  dx=+20.57cm dy=+27.71cm dtheta= +77.8deg  ..
  obj_1      block  dx=+24.89cm dy=+20.91cm dtheta= +58.4deg  ..
  robot      start  dx=+16.12cm dy= +1.29cm dtheta= +61.9deg  ..
----------------------------------------------------------------
OK band: +/-2.0cm, +/-10deg (display only). Enter = run checksum. Ctrl+C = quit.
[2J[Hcheck_build  rb_00182_mirror_x   20:45:49
----------------------------------------------------------------
  wall_10    brick  dx= -5.56cm dy= -0.09cm dtheta= -12.1deg  ..
  wall_11    brick  dx= +2.20cm dy= -2.63cm dtheta= +10.3deg  ..
  wall_9     brick  dx= -0.15cm dy= -0.08cm dtheta=  -1.2deg  OK
  obj_4      block  dx=+20.67cm dy=+27.76cm dtheta= +77.2deg  ..
  obj_1      block  dx=+24.94cm dy=+20.98cm dtheta= +58.2deg  ..
  robot      start  dx=+16.04cm dy= +1.36cm dtheta= +62.0deg  ..
----------------------------------------------------------------
OK band: +/-2.0cm, +/-10deg (display only). Enter = run checksum. Ctrl+C = quit.
  no checksum columns on this sheet, cannot verify the build.
[2J[Hcheck_build  rb_00182_mirror_x   20:45:49
----------------------------------------------------------------
  wall_10    brick  dx= -5.57cm dy= -0.10cm dtheta= -12.1deg  ..
  wall_11    brick  dx= +2.20cm dy= -2.63cm dtheta= +10.3deg  ..
  wall_9     brick  dx= -0.15cm dy= -0.08cm dtheta=  -1.2deg  OK
  obj_4      block  dx=+20.64cm dy=+27.74cm dtheta= +77.2deg  ..
  obj_1      block  dx=+24.92cm dy=+20.95cm dtheta= +58.4deg  ..
  robot      start  dx=+16.10cm dy= +1.31cm dtheta= +62.0deg  ..
----------------------------------------------------------------
OK band: +/-2.0cm, +/-10deg (display only). Enter = run checksum. Ctrl+C = quit.
[2J[Hcheck_build  rb_00182_mirror_x   20:45:50
----------------------------------------------------------------
  wall_10    brick  dx= -5.57cm dy= -0.10cm dtheta= -12.2deg  ..
  wall_11    brick  dx= +2.18cm dy= -2.62cm dtheta= +10.3deg  ..
  wall_9     brick  dx= -0.17cm dy= -0.07cm dtheta=  -1.1deg  OK
  obj_4      block  dx=+20.55cm dy=+27.69cm dtheta= +77.9deg  ..
  obj_1      block  dx=+24.94cm dy=+20.97cm dtheta= +58.4deg  ..
  robot      start  dx=+16.05cm dy= +1.35cm dtheta= +62.0deg  ..
----------------------------------------------------------------
OK band: +/-2.0cm, +/-10deg (display only). Enter = run checksum. Ctrl+C = quit.
[2J[Hcheck_build  rb_00182_mirror_x   20:45:50
----------------------------------------------------------------
  wall_10    brick  dx= -5.57cm dy= -0.10cm dtheta= -12.1deg  ..
  wall_11    brick  dx= +2.20cm dy= -2.63cm dtheta= +10.3deg  ..
  wall_9     brick  dx= -0.14cm dy= -0.09cm dtheta=  -1.2deg  OK
  obj_4      block  dx=+20.72cm dy=+27.80cm dtheta= +77.1deg  ..
  obj_1      block  dx=+24.94cm dy=+20.97cm dtheta= +58.3deg  ..
  robot      start  dx=+16.07cm dy= +1.33cm dtheta= +61.9deg  ..
----------------------------------------------------------------
OK band: +/-2.0cm, +/-10deg (display only). Enter = run checksum. Ctrl+C = quit.
[2J[Hcheck_build  rb_00182_mirror_x   20:45:51
----------------------------------------------------------------
  wall_10    brick  dx= -5.57cm dy= -0.10cm dtheta= -12.1deg  ..
  wall_11    brick  dx= +2.19cm dy= -2.62cm dtheta= +10.3deg  ..
  wall_9     brick  dx= -0.15cm dy= -0.08cm dtheta=  -1.2deg  OK
  obj_4      block  dx=+20.69cm dy=+27.78cm dtheta= +77.1deg  ..
  obj_1      block  dx=+24.91cm dy=+20.94cm dtheta= +58.4deg  ..
  robot      start  dx=+16.07cm dy= +1.33cm dtheta= +61.8deg  ..
----------------------------------------------------------------
OK band: +/-2.0cm, +/-10deg (display only). Enter = run checksum. Ctrl+C = quit.
[2J[Hcheck_build  rb_00182_mirror_x   20:45:51
----------------------------------------------------------------
  wall_10    brick  dx= -5.57cm dy= -0.10cm dtheta= -12.2deg  ..
  wall_11    brick  dx= +2.23cm dy= -2.66cm dtheta= +10.4deg  ..
  wall_9     brick  dx= -0.17cm dy= -0.07cm dtheta=  -1.2deg  OK
  obj_4      block  dx=+20.58cm dy=+27.71cm dtheta= +77.6deg  ..
  obj_1      block  dx=+24.94cm dy=+20.98cm dtheta= +58.3deg  ..
  robot      start  dx=+16.07cm dy= +1.34cm dtheta= +62.1deg  ..
----------------------------------------------------------------
OK band: +/-2.0cm, +/-10deg (display only). Enter = run checksum. Ctrl+C = quit.
[2J[Hcheck_build  rb_00182_mirror_x   20:45:52
----------------------------------------------------------------
  wall_10    brick  dx= -5.57cm dy= -0.10cm dtheta= -12.1deg  ..
  wall_11    brick  dx= +2.20cm dy= -2.64cm dtheta= +10.3deg  ..
  wall_9     brick  dx= -0.18cm dy= -0.06cm dtheta=  -1.3deg  OK
  obj_4      block  dx=+20.67cm dy=+27.77cm dtheta= +77.1deg  ..
  obj_1      block  dx=+24.93cm dy=+20.96cm dtheta= +58.4deg  ..
  robot      start  dx=+16.07cm dy= +1.34cm dtheta= +62.3deg  ..
----------------------------------------------------------------
OK band: +/-2.0cm, +/-10deg (display only). Enter = run checksum. Ctrl+C = quit.
[2J[Hcheck_build  rb_00182_mirror_x   20:45:52
----------------------------------------------------------------
  wall_10    brick  dx= -5.56cm dy= -0.09cm dtheta= -12.2deg  ..
  wall_11    brick  dx= +2.22cm dy= -2.65cm dtheta= +10.3deg  ..
  wall_9     brick  dx= -0.21cm dy= -0.05cm dtheta=  -1.1deg  OK
  obj_4      block  dx=+20.69cm dy=+27.78cm dtheta= +77.3deg  ..
  obj_1      block  dx=+24.91cm dy=+20.93cm dtheta= +58.3deg  ..
  robot      start  dx=+16.03cm dy= +1.37cm dtheta= +61.8deg  ..
----------------------------------------------------------------
OK band: +/-2.0cm, +/-10deg (display only). Enter = run checksum. Ctrl+C = quit.
[2J[Hcheck_build  rb_00182_mirror_x   20:45:53
----------------------------------------------------------------
  wall_10    brick  dx= -5.56cm dy= -0.09cm dtheta= -12.1deg  ..
  wall_11    brick  dx= +2.19cm dy= -2.62cm dtheta= +10.3deg  ..
  wall_9     brick  dx= -0.21cm dy= -0.05cm dtheta=  -1.1deg  OK
  obj_4      block  dx=+20.57cm dy=+27.70cm dtheta= +77.9deg  ..
  obj_1      block  dx=+25.01cm dy=+21.05cm dtheta= +58.3deg  ..
  robot      start  dx=+16.05cm dy= +1.35cm dtheta= +62.1deg  ..
----------------------------------------------------------------
OK band: +/-2.0cm, +/-10deg (display only). Enter = run checksum. Ctrl+C = quit.
[2J[Hcheck_build  rb_00182_mirror_x   20:45:53
----------------------------------------------------------------
  wall_10    brick  dx= -5.57cm dy= -0.09cm dtheta= -12.1deg  ..
  wall_11    brick  dx= +2.22cm dy= -2.65cm dtheta= +10.3deg  ..
  wall_9     brick  dx= -0.18cm dy= -0.07cm dtheta=  -1.2deg  OK
  obj_4      block  dx=+20.63cm dy=+27.74cm dtheta= +77.2deg  ..
  obj_1      block  dx=+24.93cm dy=+20.96cm dtheta= +58.3deg  ..
  robot      start  dx=+16.05cm dy= +1.35cm dtheta= +62.2deg  ..
----------------------------------------------------------------
OK band: +/-2.0cm, +/-10deg (display only). Enter = run checksum. Ctrl+C = quit.
[2J[Hcheck_build  rb_00182_mirror_x   20:45:54
----------------------------------------------------------------
  wall_10    brick  dx= -5.57cm dy= -0.10cm dtheta= -12.1deg  ..
  wall_11    brick  dx= +2.20cm dy= -2.64cm dtheta= +10.3deg  ..
  wall_9     brick  dx= -0.15cm dy= -0.08cm dtheta=  -1.3deg  OK
  obj_4      block  dx=+20.71cm dy=+27.80cm dtheta= +77.1deg  ..
  obj_1      block  dx=+24.94cm dy=+20.97cm dtheta= +58.5deg  ..
  robot      start  dx=+16.10cm dy= +1.30cm dtheta= +61.7deg  ..
----------------------------------------------------------------
OK band: +/-2.0cm, +/-10deg (display only). Enter = run checksum. Ctrl+C = quit.
  no checksum columns on this sheet, cannot verify the build.
[2J[Hcheck_build  rb_00182_mirror_x   20:45:54
----------------------------------------------------------------
  wall_10    brick  dx= -5.56cm dy= -0.09cm dtheta= -12.1deg  ..
  wall_11    brick  dx= +2.20cm dy= -2.64cm dtheta= +10.3deg  ..
  wall_9     brick  dx= -0.15cm dy= -0.08cm dtheta=  -1.3deg  OK
  obj_4      block  dx=+20.67cm dy=+27.77cm dtheta= +77.1deg  ..
  obj_1      block  dx=+24.92cm dy=+20.96cm dtheta= +58.4deg  ..
  robot      start  dx=+16.06cm dy= +1.35cm dtheta= +62.0deg  ..
----------------------------------------------------------------
OK band: +/-2.0cm, +/-10deg (display only). Enter = run checksum. Ctrl+C = quit.
[2J[Hcheck_build  rb_00182_mirror_x   20:45:55
----------------------------------------------------------------
  wall_10    brick  dx= -5.57cm dy= -0.10cm dtheta= -12.1deg  ..
  wall_11    brick  dx= +2.20cm dy= -2.63cm dtheta= +10.3deg  ..
  wall_9     brick  dx= -0.15cm dy= -0.08cm dtheta=  -1.3deg  OK
  obj_4      block  dx=+20.58cm dy=+27.71cm dtheta= +77.8deg  ..
  obj_1      block  dx=+24.92cm dy=+20.95cm dtheta= +58.4deg  ..
  robot      start  dx=+16.10cm dy= +1.30cm dtheta= +61.9deg  ..
----------------------------------------------------------------
OK band: +/-2.0cm, +/-10deg (display only). Enter = run checksum. Ctrl+C = quit.
[2J[Hcheck_build  rb_00182_mirror_x   20:45:55
----------------------------------------------------------------
  wall_10    brick  dx= -5.56cm dy= -0.09cm dtheta= -12.1deg  ..
  wall_11    brick  dx= +2.18cm dy= -2.61cm dtheta= +10.2deg  ..
  wall_9     brick  dx= -0.33cm dy= +0.02cm dtheta=  -0.4deg  OK
  obj_4      block  dx=+20.64cm dy=+27.75cm dtheta= +77.9deg  ..
  obj_1      block  dx=+24.90cm dy=+20.92cm dtheta= +58.3deg  ..
  robot      start  dx=+16.07cm dy= +1.34cm dtheta= +62.0deg  ..
----------------------------------------------------------------
OK band: +/-2.0cm, +/-10deg (display only). Enter = run checksum. Ctrl+C = quit.
[2J[Hcheck_build  rb_00182_mirror_x   20:45:56
----------------------------------------------------------------
  wall_10    brick  dx= -5.57cm dy= -0.10cm dtheta= -12.1deg  ..
  wall_11    brick  dx= +2.19cm dy= -2.63cm dtheta= +10.3deg  ..
  wall_9     brick  dx= -0.16cm dy= -0.08cm dtheta=  -1.3deg  OK
  obj_4      block  dx=+20.70cm dy=+27.79cm dtheta= +77.1deg  ..
  obj_1      block  dx=+24.90cm dy=+20.92cm dtheta= +58.3deg  ..
  robot      start  dx=+16.06cm dy= +1.34cm dtheta= +61.8deg  ..
----------------------------------------------------------------
OK band: +/-2.0cm, +/-10deg (display only). Enter = run checksum. Ctrl+C = quit.
[2J[Hcheck_build  rb_00182_mirror_x   20:45:56
----------------------------------------------------------------
  wall_10    brick  dx= -5.57cm dy= -0.10cm dtheta= -12.1deg  ..
  wall_11    brick  dx= +2.20cm dy= -2.64cm dtheta= +10.3deg  ..
  wall_9     brick  dx= -0.17cm dy= -0.07cm dtheta=  -1.2deg  OK
  obj_4      block  dx=+20.70cm dy=+27.79cm dtheta= +77.1deg  ..
  obj_1      block  dx=+24.92cm dy=+20.95cm dtheta= +58.4deg  ..
  robot      start  dx=+16.05cm dy= +1.35cm dtheta= +61.7deg  ..
----------------------------------------------------------------
OK band: +/-2.0cm, +/-10deg (display only). Enter = run checksum. Ctrl+C = quit.
[2J[Hcheck_build  rb_00182_mirror_x   20:45:57
----------------------------------------------------------------
  wall_10    brick  dx= -5.56cm dy= -0.09cm dtheta= -12.1deg  ..
  wall_11    brick  dx= +2.19cm dy= -2.62cm dtheta= +10.3deg  ..
  wall_9     brick  dx= -0.15cm dy= -0.08cm dtheta=  -1.2deg  OK
  obj_4      block  dx=+20.71cm dy=+27.80cm dtheta= +77.1deg  ..
  obj_1      block  dx=+24.93cm dy=+20.96cm dtheta= +58.3deg  ..
  robot      start  dx=+16.05cm dy= +1.35cm dtheta= +61.9deg  ..
----------------------------------------------------------------
OK band: +/-2.0cm, +/-10deg (display only). Enter = run checksum. Ctrl+C = quit.
[2J[Hcheck_build  rb_00182_mirror_x   20:45:57
----------------------------------------------------------------
  wall_10    brick  dx= -5.57cm dy= -0.10cm dtheta= -12.1deg  ..
  wall_11    brick  dx= +2.19cm dy= -2.62cm dtheta= +10.2deg  ..
  wall_9     brick  dx= -0.15cm dy= -0.08cm dtheta=  -1.2deg  OK
  obj_4      block  dx=+20.69cm dy=+27.78cm dtheta= +77.2deg  ..
  obj_1      block  dx=+24.91cm dy=+20.93cm dtheta= +58.4deg  ..
  robot      start  dx=+16.07cm dy= +1.33cm dtheta= +62.2deg  ..
----------------------------------------------------------------
OK band: +/-2.0cm, +/-10deg (display only). Enter = run checksum. Ctrl+C = quit.
[2J[Hcheck_build  rb_00182_mirror_x   20:45:58
----------------------------------------------------------------
  wall_10    brick  dx= -5.57cm dy= -0.10cm dtheta= -12.1deg  ..
  wall_11    brick  dx= +2.21cm dy= -2.64cm dtheta= +10.2deg  ..
  wall_9     brick  dx= -0.16cm dy= -0.08cm dtheta=  -1.2deg  OK
  obj_4      block  dx=+20.67cm dy=+27.76cm dtheta= +77.2deg  ..
  obj_1      block  dx=+24.87cm dy=+20.90cm dtheta= +57.6deg  ..
  robot      start  dx=+16.08cm dy= +1.32cm dtheta= +62.2deg  ..
----------------------------------------------------------------
OK band: +/-2.0cm, +/-10deg (display only). Enter = run checksum. Ctrl+C = quit.
[2J[Hcheck_build  rb_00182_mirror_x   20:45:58
----------------------------------------------------------------
  wall_10    brick  dx= -5.57cm dy= -0.10cm dtheta= -12.1deg  ..
  wall_11    brick  dx= +2.21cm dy= -2.64cm dtheta= +10.2deg  ..
  wall_9     brick  dx= -0.16cm dy= -0.08cm dtheta=  -1.1deg  OK
  obj_4      block  dx=+20.58cm dy=+27.71cm dtheta= +77.8deg  ..
  obj_1      block  dx=+24.92cm dy=+20.95cm dtheta= +58.3deg  ..
  robot      start  dx=+16.07cm dy= +1.34cm dtheta= +61.7deg  ..
----------------------------------------------------------------
OK band: +/-2.0cm, +/-10deg (display only). Enter = run checksum. Ctrl+C = quit.
[2J[Hcheck_build  rb_00182_mirror_x   20:45:59
----------------------------------------------------------------
  wall_10    brick  dx= -5.57cm dy= -0.09cm dtheta= -12.1deg  ..
  wall_11    brick  dx= +2.18cm dy= -2.62cm dtheta= +10.2deg  ..
  wall_9     brick  dx= -0.16cm dy= -0.07cm dtheta=  -1.3deg  OK
  obj_4      block  dx=+20.66cm dy=+27.76cm dtheta= +77.2deg  ..
  obj_1      block  dx=+24.92cm dy=+20.94cm dtheta= +58.2deg  ..
  robot      start  dx=+16.09cm dy= +1.32cm dtheta= +62.0deg  ..
----------------------------------------------------------------
OK band: +/-2.0cm, +/-10deg (display only). Enter = run checksum. Ctrl+C = quit.
[2J[Hcheck_build  rb_00182_mirror_x   20:45:59
----------------------------------------------------------------
  wall_10    brick  dx= -5.58cm dy= -0.11cm dtheta= -12.1deg  ..
  wall_11    brick  dx= +2.21cm dy= -2.64cm dtheta= +10.3deg  ..
  wall_9     brick  dx= -0.18cm dy= -0.07cm dtheta=  -1.1deg  OK
  obj_4      block  dx=+20.60cm dy=+27.73cm dtheta= +77.8deg  ..
  obj_1      block  dx=+24.92cm dy=+20.94cm dtheta= +58.3deg  ..
  robot      start  dx=+16.07cm dy= +1.34cm dtheta= +61.9deg  ..
----------------------------------------------------------------
OK band: +/-2.0cm, +/-10deg (display only). Enter = run checksum. Ctrl+C = quit.
  no checksum columns on this sheet, cannot verify the build.
[2J[Hcheck_build  rb_00182_mirror_x   20:46:00
----------------------------------------------------------------
  wall_10    brick  dx= -5.56cm dy= -0.09cm dtheta= -12.1deg  ..
  wall_11    brick  dx= +2.19cm dy= -2.62cm dtheta= +10.3deg  ..
  wall_9     brick  dx= -0.13cm dy= -0.09cm dtheta=  -1.2deg  OK
  obj_4      block  dx=+20.70cm dy=+27.79cm dtheta= +77.2deg  ..
  obj_1      block  dx=+24.92cm dy=+20.95cm dtheta= +58.4deg  ..
  robot      start  dx=+16.05cm dy= +1.36cm dtheta= +62.0deg  ..
----------------------------------------------------------------
OK band: +/-2.0cm, +/-10deg (display only). Enter = run checksum. Ctrl+C = quit.
[2J[Hcheck_build  rb_00182_mirror_x   20:46:00
----------------------------------------------------------------
  wall_10    brick  dx= -5.56cm dy= -0.09cm dtheta= -12.1deg  ..
  wall_11    brick  dx= +2.19cm dy= -2.62cm dtheta= +10.2deg  ..
  wall_9     brick  dx= -0.18cm dy= -0.06cm dtheta=  -1.1deg  OK
  obj_4      block  dx=+20.69cm dy=+27.78cm dtheta= +77.0deg  ..
  obj_1      block  dx=+24.90cm dy=+20.92cm dtheta= +58.2deg  ..
  robot      start  dx=+16.06cm dy= +1.34cm dtheta= +62.1deg  ..
----------------------------------------------------------------
OK band: +/-2.0cm, +/-10deg (display only). Enter = run checksum. Ctrl+C = quit.
[2J[Hcheck_build  rb_00182_mirror_x   20:46:01
----------------------------------------------------------------
  wall_10    brick  dx= -5.57cm dy= -0.10cm dtheta= -12.1deg  ..
  wall_11    brick  dx= +2.20cm dy= -2.64cm dtheta= +10.3deg  ..
  wall_9     brick  dx= -0.16cm dy= -0.08cm dtheta=  -1.3deg  OK
  obj_4      block  dx=+20.71cm dy=+27.80cm dtheta= +77.1deg  ..
  obj_1      block  dx=+24.89cm dy=+20.92cm dtheta= +58.4deg  ..
  robot      start  dx=+16.06cm dy= +1.34cm dtheta= +62.1deg  ..
----------------------------------------------------------------
OK band: +/-2.0cm, +/-10deg (display only). Enter = run checksum. Ctrl+C = quit.
[2J[Hcheck_build  rb_00182_mirror_x   20:46:01
----------------------------------------------------------------
  wall_10    brick  dx= -5.56cm dy= -0.09cm dtheta= -12.1deg  ..
  wall_11    brick  dx= +2.20cm dy= -2.63cm dtheta= +10.3deg  ..
  wall_9     brick  dx= -0.17cm dy= -0.07cm dtheta=  -1.3deg  OK
  obj_4      block  dx=+20.70cm dy=+27.79cm dtheta= +77.2deg  ..
  obj_1      block  dx=+24.89cm dy=+20.92cm dtheta= +58.3deg  ..
  robot      start  dx=+16.05cm dy= +1.35cm dtheta= +61.8deg  ..
----------------------------------------------------------------
OK band: +/-2.0cm, +/-10deg (display only). Enter = run checksum. Ctrl+C = quit.
[2J[Hcheck_build  rb_00182_mirror_x   20:46:02
----------------------------------------------------------------
  wall_10    brick  dx= -5.57cm dy= -0.10cm dtheta= -12.1deg  ..
  wall_11    brick  dx= +2.21cm dy= -2.64cm dtheta= +10.3deg  ..
  wall_9     brick  dx= -0.16cm dy= -0.08cm dtheta=  -1.2deg  OK
  obj_4      block  dx=+20.67cm dy=+27.77cm dtheta= +77.3deg  ..
  obj_1      block  dx=+24.93cm dy=+20.97cm dtheta= +58.3deg  ..
  robot      start  dx=+16.05cm dy= +1.35cm dtheta= +61.8deg  ..
----------------------------------------------------------------
OK band: +/-2.0cm, +/-10deg (display only). Enter = run checksum. Ctrl+C = quit.
[2J[Hcheck_build  rb_00182_mirror_x   20:46:02
----------------------------------------------------------------
  wall_10    brick  dx= -5.58cm dy= -0.10cm dtheta= -12.1deg  ..
  wall_11    brick  dx= +2.21cm dy= -2.65cm dtheta= +10.2deg  ..
  wall_9     brick  dx= -0.17cm dy= -0.07cm dtheta=  -1.2deg  OK
  obj_4      block  dx=+20.66cm dy=+27.76cm dtheta= +77.1deg  ..
  obj_1      block  dx=+24.93cm dy=+20.96cm dtheta= +58.3deg  ..
  robot      start  dx=+16.02cm dy= +1.38cm dtheta= +61.7deg  ..
----------------------------------------------------------------
OK band: +/-2.0cm, +/-10deg (display only). Enter = run checksum. Ctrl+C = quit.
[2J[Hcheck_build  rb_00182_mirror_x   20:46:03
----------------------------------------------------------------
  wall_10    brick  dx= -5.56cm dy= -0.09cm dtheta= -12.1deg  ..
  wall_11    brick  dx= +2.21cm dy= -2.63cm dtheta= +10.2deg  ..
  wall_9     brick  dx= -0.20cm dy= -0.06cm dtheta=  -1.1deg  OK
  obj_4      block  dx=+20.72cm dy=+27.81cm dtheta= +77.1deg  ..
  obj_1      block  dx=+24.92cm dy=+20.95cm dtheta= +58.4deg  ..
  robot      start  dx=+16.03cm dy= +1.38cm dtheta= +62.0deg  ..
----------------------------------------------------------------
OK band: +/-2.0cm, +/-10deg (display only). Enter = run checksum. Ctrl+C = quit.
[2J[Hcheck_build  rb_00182_mirror_x   20:46:03
----------------------------------------------------------------
  wall_10    brick  dx= -5.56cm dy= -0.09cm dtheta= -12.1deg  ..
  wall_11    brick  dx= +2.19cm dy= -2.63cm dtheta= +10.3deg  ..
  wall_9     brick  dx= -0.15cm dy= -0.08cm dtheta=  -1.3deg  OK
  obj_4      block  dx=+20.60cm dy=+27.73cm dtheta= +77.8deg  ..
  obj_1      block  dx=+24.90cm dy=+20.92cm dtheta= +58.4deg  ..
  robot      start  dx=+16.04cm dy= +1.36cm dtheta= +61.8deg  ..
----------------------------------------------------------------
OK band: +/-2.0cm, +/-10deg (display only). Enter = run checksum. Ctrl+C = quit.
[2J[Hcheck_build  rb_00182_mirror_x   20:46:04
----------------------------------------------------------------
  wall_10    brick  dx= -5.57cm dy= -0.10cm dtheta= -12.1deg  ..
  wall_11    brick  dx= +2.21cm dy= -2.64cm dtheta= +10.3deg  ..
  wall_9     brick  dx= -0.14cm dy= -0.08cm dtheta=  -1.3deg  OK
  obj_4      block  dx=+20.67cm dy=+27.76cm dtheta= +77.2deg  ..
  obj_1      block  dx=+24.93cm dy=+20.96cm dtheta= +58.3deg  ..
  robot      start  dx=+16.05cm dy= +1.35cm dtheta= +61.9deg  ..
----------------------------------------------------------------
OK band: +/-2.0cm, +/-10deg (display only). Enter = run checksum. Ctrl+C = quit.
[2J[Hcheck_build  rb_00182_mirror_x   20:46:04
----------------------------------------------------------------
  wall_10    brick  dx= -5.57cm dy= -0.10cm dtheta= -12.1deg  ..
  wall_11    brick  dx= +2.21cm dy= -2.64cm dtheta= +10.3deg  ..
  wall_9     brick  dx= -0.20cm dy= -0.06cm dtheta=  -1.2deg  OK
  obj_4      block  dx=+20.68cm dy=+27.77cm dtheta= +77.2deg  ..
  obj_1      block  dx=+24.92cm dy=+20.95cm dtheta= +58.4deg  ..
  robot      start  dx=+16.08cm dy= +1.33cm dtheta= +61.9deg  ..
----------------------------------------------------------------
OK band: +/-2.0cm, +/-10deg (display only). Enter = run checksum. Ctrl+C = quit.
  no checksum columns on this sheet, cannot verify the build.
[2J[Hcheck_build  rb_00182_mirror_x   20:46:04
----------------------------------------------------------------
  wall_10    brick  dx= -5.57cm dy= -0.10cm dtheta= -12.1deg  ..
  wall_11    brick  dx= +2.21cm dy= -2.64cm dtheta= +10.3deg  ..
  wall_9     brick  dx= -0.20cm dy= -0.06cm dtheta=  -1.2deg  OK
  obj_4      block  dx=+20.68cm dy=+27.77cm dtheta= +77.2deg  ..
  obj_1      block  dx=+24.92cm dy=+20.95cm dtheta= +58.4deg  ..
  robot      start  dx=+16.08cm dy= +1.33cm dtheta= +61.9deg  ..
----------------------------------------------------------------
OK band: +/-2.0cm, +/-10deg (display only). Enter = run checksum. Ctrl+C = quit.
[2J[Hcheck_build  rb_00182_mirror_x   20:46:05
----------------------------------------------------------------
  wall_10    brick  dx= -5.56cm dy= -0.09cm dtheta= -12.1deg  ..
  wall_11    brick  dx= +2.20cm dy= -2.63cm dtheta= +10.2deg  ..
  wall_9     brick  dx= -0.17cm dy= -0.07cm dtheta=  -1.2deg  OK
  obj_4      block  dx=+20.71cm dy=+27.80cm dtheta= +77.1deg  ..
  obj_1      block  dx=+24.93cm dy=+20.96cm dtheta= +58.3deg  ..
  robot      start  dx=+16.04cm dy= +1.36cm dtheta= +62.0deg  ..
----------------------------------------------------------------
OK band: +/-2.0cm, +/-10deg (display only). Enter = run checksum. Ctrl+C = quit.
[2J[Hcheck_build  rb_00182_mirror_x   20:46:05
----------------------------------------------------------------
  wall_10    brick  dx= -5.57cm dy= -0.10cm dtheta= -12.1deg  ..
  wall_11    brick  dx= +2.20cm dy= -2.64cm dtheta= +10.4deg  ..
  wall_9     brick  dx= -0.15cm dy= -0.08cm dtheta=  -1.1deg  OK
  obj_4      block  dx=+20.66cm dy=+27.76cm dtheta= +77.3deg  ..
  obj_1      block  dx=+24.94cm dy=+20.98cm dtheta= +58.3deg  ..
  robot      start  dx=+16.04cm dy= +1.36cm dtheta= +61.8deg  ..
----------------------------------------------------------------
OK band: +/-2.0cm, +/-10deg (display only). Enter = run checksum. Ctrl+C = quit.
[2J[Hcheck_build  rb_00182_mirror_x   20:46:06
----------------------------------------------------------------
  wall_10    brick  dx= -5.56cm dy= -0.09cm dtheta= -12.0deg  ..
  wall_11    brick  dx= +2.20cm dy= -2.63cm dtheta= +10.2deg  ..
  wall_9     brick  dx= -0.13cm dy= -0.09cm dtheta=  -1.2deg  OK
  obj_4      block  dx=+20.62cm dy=+27.74cm dtheta= +77.8deg  ..
  obj_1      block  dx=+24.94cm dy=+20.97cm dtheta= +58.3deg  ..
  robot      start  dx=+16.09cm dy= +1.31cm dtheta= +62.0deg  ..
----------------------------------------------------------------
OK band: +/-2.0cm, +/-10deg (display only). Enter = run checksum. Ctrl+C = quit.
[2J[Hcheck_build  rb_00182_mirror_x   20:46:06
----------------------------------------------------------------
  wall_10    brick  dx= -5.57cm dy= -0.10cm dtheta= -12.1deg  ..
  wall_11    brick  dx= +2.20cm dy= -2.63cm dtheta= +10.2deg  ..
  wall_9     brick  dx= -0.19cm dy= -0.06cm dtheta=  -1.1deg  OK
  obj_4      block  dx=+20.58cm dy=+27.71cm dtheta= +77.7deg  ..
  obj_1      block  dx=+24.95cm dy=+20.99cm dtheta= +58.3deg  ..
  robot      start  dx=+16.07cm dy= +1.34cm dtheta= +61.8deg  ..
----------------------------------------------------------------
OK band: +/-2.0cm, +/-10deg (display only). Enter = run checksum. Ctrl+C = quit.
[2J[Hcheck_build  rb_00182_mirror_x   20:46:07
----------------------------------------------------------------
  wall_10    brick  dx= -5.57cm dy= -0.10cm dtheta= -12.1deg  ..
  wall_11    brick  dx= +2.22cm dy= -2.66cm dtheta= +10.2deg  ..
  wall_9     brick  dx= -0.18cm dy= -0.07cm dtheta=  -1.2deg  OK
  obj_4      block  dx=+20.69cm dy=+27.77cm dtheta= +77.3deg  ..
  obj_1      block  dx=+24.92cm dy=+20.95cm dtheta= +58.4deg  ..
  robot      start  dx=+15.98cm dy= +1.42cm dtheta= +62.0deg  ..
----------------------------------------------------------------
OK band: +/-2.0cm, +/-10deg (display only). Enter = run checksum. Ctrl+C = quit.
[2J[Hcheck_build  rb_00182_mirror_x   20:46:07
----------------------------------------------------------------
  wall_10    brick  dx= -5.57cm dy= -0.10cm dtheta= -12.1deg  ..
  wall_11    brick  dx= +2.22cm dy= -2.66cm dtheta= +10.2deg  ..
  wall_9     brick  dx= -0.18cm dy= -0.07cm dtheta=  -1.2deg  OK
  obj_4      block  dx=+20.69cm dy=+27.77cm dtheta= +77.3deg  ..
  obj_1      block  dx=+24.92cm dy=+20.95cm dtheta= +58.4deg  ..
  robot      start  dx=+15.98cm dy= +1.42cm dtheta= +62.0deg  ..
----------------------------------------------------------------
OK band: +/-2.0cm, +/-10deg (display only). Enter = run checksum. Ctrl+C = quit.
[2J[Hcheck_build  rb_00182_mirror_x   20:46:08
----------------------------------------------------------------
  wall_10    brick  dx= -5.57cm dy= -0.10cm dtheta= -12.1deg  ..
  wall_11    brick  dx= +2.22cm dy= -2.66cm dtheta= +10.2deg  ..
  wall_9     brick  dx= -0.18cm dy= -0.07cm dtheta=  -1.2deg  OK
  obj_4      block  dx=+20.69cm dy=+27.77cm dtheta= +77.3deg  ..
  obj_1      block  dx=+24.92cm dy=+20.95cm dtheta= +58.4deg  ..
  robot      start  dx=+15.98cm dy= +1.42cm dtheta= +62.0deg  ..
----------------------------------------------------------------
OK band: +/-2.0cm, +/-10deg (display only). Enter = run checksum. Ctrl+C = quit.
[2J[Hcheck_build  rb_00182_mirror_x   20:46:08
----------------------------------------------------------------
  wall_10    brick  dx= -5.57cm dy= -0.10cm dtheta= -12.1deg  ..
  wall_11    brick  dx= +2.22cm dy= -2.66cm dtheta= +10.2deg  ..
  wall_9     brick  dx= -0.18cm dy= -0.07cm dtheta=  -1.2deg  OK
  obj_4      block  dx=+20.69cm dy=+27.77cm dtheta= +77.3deg  ..
  obj_1      block  dx=+24.92cm dy=+20.95cm dtheta= +58.4deg  ..
  robot      start  dx=+15.98cm dy= +1.42cm dtheta= +62.0deg  ..
----------------------------------------------------------------
OK band: +/-2.0cm, +/-10deg (display only). Enter = run checksum. Ctrl+C = quit.
[2J[Hcheck_build  rb_00182_mirror_x   20:46:09
----------------------------------------------------------------
  wall_10    brick  dx= -5.57cm dy= -0.10cm dtheta= -12.1deg  ..
  wall_11    brick  dx= +2.22cm dy= -2.66cm dtheta= +10.2deg  ..
  wall_9     brick  dx= -0.18cm dy= -0.07cm dtheta=  -1.2deg  OK
  obj_4      block  dx=+20.69cm dy=+27.77cm dtheta= +77.3deg  ..
  obj_1      block  dx=+24.92cm dy=+20.95cm dtheta= +58.4deg  ..
  robot      start  dx=+15.98cm dy= +1.42cm dtheta= +62.0deg  ..
----------------------------------------------------------------
OK band: +/-2.0cm, +/-10deg (display only). Enter = run checksum. Ctrl+C = quit.
[2J[Hcheck_build  rb_00182_mirror_x   20:46:09
----------------------------------------------------------------
  wall_10    brick  dx= -5.57cm dy= -0.10cm dtheta= -12.1deg  ..
  wall_11    brick  dx= +2.22cm dy= -2.66cm dtheta= +10.2deg  ..
  wall_9     brick  dx= -0.18cm dy= -0.07cm dtheta=  -1.2deg  OK
  obj_4      block  dx=+20.69cm dy=+27.77cm dtheta= +77.3deg  ..
  obj_1      block  dx=+24.92cm dy=+20.95cm dtheta= +58.4deg  ..
  robot      start  dx=+15.98cm dy= +1.42cm dtheta= +62.0deg  ..
----------------------------------------------------------------
OK band: +/-2.0cm, +/-10deg (display only). Enter = run checksum. Ctrl+C = quit.
  no checksum columns on this sheet, cannot verify the build.
[2J[Hcheck_build  rb_00182_mirror_x   20:46:10
----------------------------------------------------------------
  wall_10    brick  dx= -5.57cm dy= -0.10cm dtheta= -12.1deg  ..
  wall_11    brick  dx= +0.17cm dy= -1.26cm dtheta=  +8.5deg  OK
  wall_9     brick  dx= -0.18cm dy= -0.07cm dtheta=  -1.3deg  OK
  obj_4      block  dx=+20.53cm dy=+27.67cm dtheta= +77.9deg  ..
  obj_1      block  dx=+24.93cm dy=+20.96cm dtheta= +58.3deg  ..
  robot      start  dx=+15.23cm dy= +2.05cm dtheta= +73.0deg  ..
----------------------------------------------------------------
OK band: +/-2.0cm, +/-10deg (display only). Enter = run checksum. Ctrl+C = quit.
[2J[Hcheck_build  rb_00182_mirror_x   20:46:10
----------------------------------------------------------------
  wall_10    brick  dx= -5.57cm dy= -0.09cm dtheta= -12.1deg  ..
  wall_11    brick  dx= +0.17cm dy= -1.26cm dtheta=  +8.5deg  OK
  wall_9     brick  dx= -0.22cm dy= -0.05cm dtheta=  -1.3deg  OK
  obj_4      block  dx=+20.65cm dy=+27.75cm dtheta= +77.2deg  ..
  obj_1      block  dx=+24.91cm dy=+20.93cm dtheta= +58.4deg  ..
  robot      start  dx=+15.49cm dy= +1.81cm dtheta= +72.7deg  ..
----------------------------------------------------------------
OK band: +/-2.0cm, +/-10deg (display only). Enter = run checksum. Ctrl+C = quit.
[2J[Hcheck_build  rb_00182_mirror_x   20:46:11
----------------------------------------------------------------
  wall_10    brick  dx= -5.56cm dy= -0.09cm dtheta= -12.1deg  ..
  wall_11    brick  dx= +0.16cm dy= -1.25cm dtheta=  +8.5deg  OK
  wall_9     brick  dx= -0.20cm dy= -0.06cm dtheta=  -1.2deg  OK
  obj_4      block  dx=+20.64cm dy=+27.75cm dtheta= +77.6deg  ..
  obj_1      block  dx=+24.90cm dy=+20.93cm dtheta= +58.4deg  ..
  robot      start  dx=+15.30cm dy= +1.98cm dtheta= +72.9deg  ..
----------------------------------------------------------------
OK band: +/-2.0cm, +/-10deg (display only). Enter = run checksum. Ctrl+C = quit.
[2J[Hcheck_build  rb_00182_mirror_x   20:46:11
----------------------------------------------------------------
  wall_10    brick  dx= -5.56cm dy= -0.09cm dtheta= -12.1deg  ..
  wall_11    brick  dx= +0.16cm dy= -1.25cm dtheta=  +8.5deg  OK
  wall_9     brick  dx= -0.20cm dy= -0.06cm dtheta=  -1.2deg  OK
  obj_4      block  dx=+20.64cm dy=+27.75cm dtheta= +77.6deg  ..
  obj_1      block  dx=+24.90cm dy=+20.93cm dtheta= +58.4deg  ..
  robot      start  dx=+15.30cm dy= +1.98cm dtheta= +72.9deg  ..
----------------------------------------------------------------
OK band: +/-2.0cm, +/-10deg (display only). Enter = run checksum. Ctrl+C = quit.
[2J[Hcheck_build  rb_00182_mirror_x   20:46:12
----------------------------------------------------------------
  wall_10    brick  dx= -5.56cm dy= -0.09cm dtheta= -12.1deg  ..
  wall_11    brick  dx= +0.16cm dy= -1.25cm dtheta=  +8.5deg  OK
  wall_9     brick  dx= -0.20cm dy= -0.06cm dtheta=  -1.2deg  OK
  obj_4      block  dx=+20.64cm dy=+27.75cm dtheta= +77.6deg  ..
  obj_1      block  dx=+24.90cm dy=+20.93cm dtheta= +58.4deg  ..
  robot      start  dx=+15.30cm dy= +1.98cm dtheta= +72.9deg  ..
----------------------------------------------------------------
OK band: +/-2.0cm, +/-10deg (display only). Enter = run checksum. Ctrl+C = quit.
[2J[Hcheck_build  rb_00182_mirror_x   20:46:12
----------------------------------------------------------------
  wall_10    brick  dx= -5.57cm dy= -0.10cm dtheta= -12.1deg  ..
  wall_11    brick  dx= -0.43cm dy= -1.02cm dtheta=  +3.7deg  OK
  wall_9     brick  dx= -0.22cm dy= -0.05cm dtheta=  -1.0deg  OK
  obj_4      block  dx=+20.68cm dy=+27.78cm dtheta= +77.1deg  ..
  obj_1      block  dx=+24.93cm dy=+20.96cm dtheta= +58.3deg  ..
  robot      start  dx=+15.45cm dy= +1.84cm dtheta= +73.0deg  ..
----------------------------------------------------------------
OK band: +/-2.0cm, +/-10deg (display only). Enter = run checksum. Ctrl+C = quit.
[2J[Hcheck_build  rb_00182_mirror_x   20:46:13
----------------------------------------------------------------
  wall_10    brick  dx= -5.58cm dy= -0.10cm dtheta= -12.1deg  ..
  wall_11    brick  dx= -0.43cm dy= -1.02cm dtheta=  +3.7deg  OK
  wall_9     brick  dx= -0.15cm dy= -0.08cm dtheta=  -1.2deg  OK
  obj_4      block  dx=+20.59cm dy=+27.72cm dtheta= +77.8deg  ..
  obj_1      block  dx=+24.92cm dy=+20.95cm dtheta= +58.4deg  ..
  robot      start  dx=+15.49cm dy= +1.80cm dtheta= +72.7deg  ..
----------------------------------------------------------------
OK band: +/-2.0cm, +/-10deg (display only). Enter = run checksum. Ctrl+C = quit.
[2J[Hcheck_build  rb_00182_mirror_x   20:46:13
----------------------------------------------------------------
  wall_10    brick  dx= -5.57cm dy= -0.09cm dtheta= -12.1deg  ..
  wall_11    brick  dx= -0.42cm dy= -1.03cm dtheta=  +3.5deg  OK
  wall_9     brick  dx= -0.14cm dy= -0.09cm dtheta=  -1.3deg  OK
  obj_4      block  dx=+20.68cm dy=+27.78cm dtheta= +77.1deg  ..
  obj_1      block  dx=+24.93cm dy=+20.96cm dtheta= +58.4deg  ..
  robot      start  dx=+15.46cm dy= +1.83cm dtheta= +72.9deg  ..
----------------------------------------------------------------
OK band: +/-2.0cm, +/-10deg (display only). Enter = run checksum. Ctrl+C = quit.
[2J[Hcheck_build  rb_00182_mirror_x   20:46:14
----------------------------------------------------------------
  wall_10    brick  dx= -5.57cm dy= -0.09cm dtheta= -12.1deg  ..
  wall_11    brick  dx= -0.44cm dy= -1.01cm dtheta=  +3.7deg  OK
  wall_9     brick  dx= -0.19cm dy= -0.06cm dtheta=  -1.1deg  OK
  obj_4      block  dx=+20.55cm dy=+27.69cm dtheta= +77.9deg  ..
  obj_1      block  dx=+24.93cm dy=+20.96cm dtheta= +58.3deg  ..
  robot      start  dx=+15.45cm dy= +1.84cm dtheta= +72.8deg  ..
----------------------------------------------------------------
OK band: +/-2.0cm, +/-10deg (display only). Enter = run checksum. Ctrl+C = quit.
[2J[Hcheck_build  rb_00182_mirror_x   20:46:14
----------------------------------------------------------------
  wall_10    brick  dx= -5.57cm dy= -0.10cm dtheta= -12.1deg  ..
  wall_11    brick  dx= -0.43cm dy= -1.02cm dtheta=  +3.7deg  OK
  wall_9     brick  dx= -0.20cm dy= -0.06cm dtheta=  -1.2deg  OK
  obj_4      block  dx=+20.54cm dy=+27.68cm dtheta= +77.8deg  ..
  obj_1      block  dx=+24.93cm dy=+20.96cm dtheta= +58.3deg  ..
  robot      start  dx=+15.17cm dy= +2.17cm dtheta= +78.0deg  ..
----------------------------------------------------------------
OK band: +/-2.0cm, +/-10deg (display only). Enter = run checksum. Ctrl+C = quit.
[2J[Hcheck_build  rb_00182_mirror_x   20:46:15
----------------------------------------------------------------
  wall_10    brick  dx= -5.57cm dy= -0.09cm dtheta= -12.1deg  ..
  wall_11    brick  dx= -0.44cm dy= -1.00cm dtheta=  +3.7deg  OK
  wall_9     brick  dx= -0.19cm dy= -0.06cm dtheta=  -1.2deg  OK
  obj_4      block  dx=+20.60cm dy=+27.73cm dtheta= +77.9deg  ..
  obj_1      block  dx=+24.96cm dy=+21.00cm dtheta= +58.2deg  ..
  robot      start  dx=+15.45cm dy= +1.84cm dtheta= +72.8deg  ..
----------------------------------------------------------------
OK band: +/-2.0cm, +/-10deg (display only). Enter = run checksum. Ctrl+C = quit.
  no checksum columns on this sheet, cannot verify the build.
[2J[Hcheck_build  rb_00182_mirror_x   20:46:15
----------------------------------------------------------------
  wall_10    brick  dx= -5.57cm dy= -0.09cm dtheta= -12.1deg  ..
  wall_11    brick  dx= -1.03cm dy= -0.44cm dtheta=  -0.6deg  OK
  wall_9     brick  dx= -0.23cm dy= -0.04cm dtheta=  -1.1deg  OK
  obj_4      block  dx=+20.60cm dy=+27.73cm dtheta= +77.6deg  ..
  obj_1      block  dx=+24.93cm dy=+20.96cm dtheta= +58.4deg  ..
  robot      start  dx=+15.45cm dy= +1.84cm dtheta= +73.0deg  ..
----------------------------------------------------------------
OK band: +/-2.0cm, +/-10deg (display only). Enter = run checksum. Ctrl+C = quit.
[2J[Hcheck_build  rb_00182_mirror_x   20:46:16
----------------------------------------------------------------
  wall_10    brick  dx= -5.56cm dy= -0.09cm dtheta= -12.1deg  ..
  wall_11    brick  dx= -1.04cm dy= -0.44cm dtheta=  -0.6deg  OK
  wall_9     brick  dx= -0.18cm dy= -0.07cm dtheta=  -1.2deg  OK
  obj_4      block  dx=+20.70cm dy=+27.78cm dtheta= +77.2deg  ..
  obj_1      block  dx=+24.92cm dy=+20.95cm dtheta= +58.3deg  ..
  robot      start  dx=+15.42cm dy= +1.87cm dtheta= +73.2deg  ..
----------------------------------------------------------------
OK band: +/-2.0cm, +/-10deg (display only). Enter = run checksum. Ctrl+C = quit.
[2J[Hcheck_build  rb_00182_mirror_x   20:46:16
----------------------------------------------------------------
  wall_10    brick  dx= -5.57cm dy= -0.09cm dtheta= -12.0deg  ..
  wall_11    brick  dx= -1.07cm dy= -0.41cm dtheta=  -0.6deg  OK
  wall_9     brick  dx= -0.16cm dy= -0.08cm dtheta=  -1.3deg  OK
  obj_4      block  dx=+20.60cm dy=+27.72cm dtheta= +77.8deg  ..
  obj_1      block  dx=+24.93cm dy=+20.96cm dtheta= +58.3deg  ..
  robot      start  dx=+15.50cm dy= +1.80cm dtheta= +72.7deg  ..
----------------------------------------------------------------
OK band: +/-2.0cm, +/-10deg (display only). Enter = run checksum. Ctrl+C = quit.
[2J[Hcheck_build  rb_00182_mirror_x   20:46:17
----------------------------------------------------------------
  wall_10    brick  dx= -5.57cm dy= -0.09cm dtheta= -12.2deg  ..
  wall_11    brick  dx= -0.77cm dy= -0.22cm dtheta=  -0.6deg  OK
  wall_9     brick  dx= -0.16cm dy= -0.07cm dtheta=  -1.2deg  OK
  obj_4      block  dx=+20.73cm dy=+27.81cm dtheta= +77.1deg  ..
  obj_1      block  dx=+24.93cm dy=+20.96cm dtheta= +58.3deg  ..
  robot      start  dx=+15.46cm dy= +1.84cm dtheta= +72.9deg  ..
----------------------------------------------------------------
OK band: +/-2.0cm, +/-10deg (display only). Enter = run checksum. Ctrl+C = quit.
[2J[Hcheck_build  rb_00182_mirror_x   20:46:17
----------------------------------------------------------------
  wall_10    brick  dx= -5.56cm dy= -0.09cm dtheta= -12.1deg  ..
  wall_11    brick  dx= -0.70cm dy= +0.05cm dtheta=  +0.2deg  OK
  wall_9     brick  dx= -0.17cm dy= -0.07cm dtheta=  -1.2deg  OK
  obj_4      block  dx=+20.66cm dy=+27.76cm dtheta= +77.2deg  ..
  obj_1      block  dx=+24.93cm dy=+20.97cm dtheta= +58.4deg  ..
  robot      start  dx=+15.47cm dy= +1.82cm dtheta= +72.8deg  ..
----------------------------------------------------------------
OK band: +/-2.0cm, +/-10deg (display only). Enter = run checksum. Ctrl+C = quit.
[2J[Hcheck_build  rb_00182_mirror_x   20:46:18
----------------------------------------------------------------
  wall_10    brick  dx= -5.56cm dy= -0.09cm dtheta= -12.1deg  ..
  wall_11    brick  dx= -0.72cm dy= +0.07cm dtheta=  +0.4deg  OK
  wall_9     brick  dx= -0.17cm dy= -0.07cm dtheta=  -1.2deg  OK
  obj_4      block  dx=+20.66cm dy=+27.76cm dtheta= +77.3deg  ..
  obj_1      block  dx=+24.91cm dy=+20.93cm dtheta= +58.4deg  ..
  robot      start  dx=+15.46cm dy= +1.83cm dtheta= +73.0deg  ..
----------------------------------------------------------------
OK band: +/-2.0cm, +/-10deg (display only). Enter = run checksum. Ctrl+C = quit.
[2J[Hcheck_build  rb_00182_mirror_x   20:46:18
----------------------------------------------------------------
  wall_10    brick  dx= -5.57cm dy= -0.10cm dtheta= -12.0deg  ..
  wall_11    brick  dx= -0.68cm dy= +0.03cm dtheta=  +0.1deg  OK
  wall_9     brick  dx= -0.16cm dy= -0.08cm dtheta=  -1.2deg  OK
  obj_4      block  dx=+20.58cm dy=+27.72cm dtheta= +77.8deg  ..
  obj_1      block  dx=+24.93cm dy=+20.96cm dtheta= +58.3deg  ..
  robot      start  dx=+15.44cm dy= +1.86cm dtheta= +73.2deg  ..
----------------------------------------------------------------
OK band: +/-2.0cm, +/-10deg (display only). Enter = run checksum. Ctrl+C = quit.
[2J[Hcheck_build  rb_00182_mirror_x   20:46:19
----------------------------------------------------------------
  wall_10    brick  dx= -5.57cm dy= -0.09cm dtheta= -12.1deg  ..
  wall_11    brick  dx= -0.67cm dy= +0.02cm dtheta=  +0.1deg  OK
  wall_9     brick  dx= -0.14cm dy= -0.09cm dtheta=  -1.3deg  OK
  obj_4      block  dx=+20.68cm dy=+27.78cm dtheta= +77.1deg  ..
  obj_1      block  dx=+24.92cm dy=+20.95cm dtheta= +58.4deg  ..
  robot      start  dx=+15.48cm dy= +1.82cm dtheta= +72.7deg  ..
----------------------------------------------------------------
OK band: +/-2.0cm, +/-10deg (display only). Enter = run checksum. Ctrl+C = quit.
[2J[Hcheck_build  rb_00182_mirror_x   20:46:19
----------------------------------------------------------------
  wall_10    brick  dx= -5.57cm dy= -0.09cm dtheta= -12.1deg  ..
  wall_11    brick  dx= -0.34cm dy= +0.48cm dtheta=  -2.9deg  OK
  wall_9     brick  dx= -0.19cm dy= -0.06cm dtheta=  -1.2deg  OK
  obj_4      block  dx=+20.70cm dy=+27.79cm dtheta= +77.1deg  ..
  obj_1      block  dx=+24.92cm dy=+20.95cm dtheta= +58.3deg  ..
  robot      start  dx=+15.42cm dy= +1.88cm dtheta= +73.0deg  ..
----------------------------------------------------------------
OK band: +/-2.0cm, +/-10deg (display only). Enter = run checksum. Ctrl+C = quit.
[2J[Hcheck_build  rb_00182_mirror_x   20:46:20
----------------------------------------------------------------
  wall_10    brick  dx= -5.57cm dy= -0.10cm dtheta= -12.1deg  ..
  wall_11    brick  dx= -0.33cm dy= +0.46cm dtheta=  -2.8deg  OK
  wall_9     brick  dx= -0.16cm dy= -0.08cm dtheta=  -1.2deg  OK
  obj_4      block  dx=+20.66cm dy=+27.76cm dtheta= +77.2deg  ..
  obj_1      block  dx=+24.91cm dy=+20.94cm dtheta= +58.3deg  ..
  robot      start  dx=+15.43cm dy= +1.87cm dtheta= +73.3deg  ..
----------------------------------------------------------------
OK band: +/-2.0cm, +/-10deg (display only). Enter = run checksum. Ctrl+C = quit.
[2J[Hcheck_build  rb_00182_mirror_x   20:46:20
----------------------------------------------------------------
  wall_10    brick  dx= -5.58cm dy= -0.10cm dtheta= -12.1deg  ..
  wall_11    brick  dx= -0.43cm dy= +0.57cm dtheta=  -2.0deg  OK
  wall_9     brick  dx= -0.18cm dy= -0.07cm dtheta=  -1.3deg  OK
  obj_4      block  dx=+20.58cm dy=+27.71cm dtheta= +77.8deg  ..
  obj_1      block  dx=+24.92cm dy=+20.96cm dtheta= +58.4deg  ..
  robot      start  dx=+15.44cm dy= +1.85cm dtheta= +73.1deg  ..
----------------------------------------------------------------
OK band: +/-2.0cm, +/-10deg (display only). Enter = run checksum. Ctrl+C = quit.
  no checksum columns on this sheet, cannot verify the build.
[2J[Hcheck_build  rb_00182_mirror_x   20:46:21
----------------------------------------------------------------
  wall_10    brick  dx= -5.57cm dy= -0.09cm dtheta= -12.1deg  ..
  wall_11    brick  dx= -0.35cm dy= +0.48cm dtheta=  -2.8deg  OK
  wall_9     brick  dx= -0.18cm dy= -0.07cm dtheta=  -1.2deg  OK
  obj_4      block  dx=+20.54cm dy=+27.68cm dtheta= +77.9deg  ..
  obj_1      block  dx=+24.99cm dy=+21.03cm dtheta= +58.3deg  ..
  robot      start  dx=+15.45cm dy= +1.84cm dtheta= +72.8deg  ..
----------------------------------------------------------------
OK band: +/-2.0cm, +/-10deg (display only). Enter = run checksum. Ctrl+C = quit.
[2J[Hcheck_build  rb_00182_mirror_x   20:46:21
----------------------------------------------------------------
  wall_10    brick  dx= -5.57cm dy= -0.10cm dtheta= -12.1deg  ..
  wall_11    brick  dx= -0.36cm dy= +0.48cm dtheta=  -2.7deg  OK
  wall_9     brick  dx= -0.22cm dy= -0.05cm dtheta=  -1.4deg  OK
  obj_4      block  dx=+20.63cm dy=+27.75cm dtheta= +77.6deg  ..
  obj_1      block  dx=+24.97cm dy=+21.00cm dtheta= +58.4deg  ..
  robot      start  dx=+15.49cm dy= +1.81cm dtheta= +72.5deg  ..
----------------------------------------------------------------
OK band: +/-2.0cm, +/-10deg (display only). Enter = run checksum. Ctrl+C = quit.
[2J[Hcheck_build  rb_00182_mirror_x   20:46:22
----------------------------------------------------------------
  wall_10    brick  dx= -5.57cm dy= -0.09cm dtheta= -12.2deg  ..
  wall_11    brick  dx= -0.84cm dy= -0.50cm dtheta=  +3.5deg  OK
  wall_9     brick  dx= -0.17cm dy= -0.07cm dtheta=  -1.2deg  OK
  obj_4      block  dx=+20.71cm dy=+27.82cm dtheta= +77.9deg  ..
  obj_1      block  dx=+24.92cm dy=+20.95cm dtheta= +58.4deg  ..
  robot      start  dx=+15.44cm dy= +1.85cm dtheta= +73.0deg  ..
----------------------------------------------------------------
OK band: +/-2.0cm, +/-10deg (display only). Enter = run checksum. Ctrl+C = quit.
[2J[Hcheck_build  rb_00182_mirror_x   20:46:22
----------------------------------------------------------------
  wall_10    brick  dx= -5.57cm dy= -0.09cm dtheta= -12.1deg  ..
  wall_11    brick  dx= -0.84cm dy= -0.49cm dtheta=  +3.5deg  OK
  wall_9     brick  dx= -0.25cm dy= -0.03cm dtheta=  -1.2deg  OK
  obj_4      block  dx=+20.70cm dy=+27.78cm dtheta= +77.0deg  ..
  obj_1      block  dx=+24.93cm dy=+20.97cm dtheta= +58.4deg  ..
  robot      start  dx=+15.44cm dy= +1.85cm dtheta= +73.0deg  ..
----------------------------------------------------------------
OK band: +/-2.0cm, +/-10deg (display only). Enter = run checksum. Ctrl+C = quit.
[2J[Hcheck_build  rb_00182_mirror_x   20:46:23
----------------------------------------------------------------
  wall_10    brick  dx= -5.57cm dy= -0.09cm dtheta= -12.1deg  ..
  wall_11    brick  dx= -0.80cm dy= -0.10cm dtheta=  +1.6deg  OK
  wall_9     brick  dx= -0.15cm dy= -0.08cm dtheta=  -1.2deg  OK
  obj_4      block  dx=+20.68cm dy=+27.77cm dtheta= +77.1deg  ..
  obj_1      block  dx=+24.93cm dy=+20.96cm dtheta= +58.4deg  ..
  robot      start  dx=+15.45cm dy= +1.84cm dtheta= +73.0deg  ..
----------------------------------------------------------------
OK band: +/-2.0cm, +/-10deg (display only). Enter = run checksum. Ctrl+C = quit.
[2J[Hcheck_build  rb_00182_mirror_x   20:46:23
----------------------------------------------------------------
  wall_10    brick  dx= -5.56cm dy= -0.09cm dtheta= -12.1deg  ..
  wall_11    brick  dx= -0.76cm dy= -0.13cm dtheta=  +1.4deg  OK
  wall_9     brick  dx= -0.15cm dy= -0.08cm dtheta=  -1.3deg  OK
  obj_4      block  dx=+20.69cm dy=+27.78cm dtheta= +77.2deg  ..
  obj_1      block  dx=+24.94cm dy=+20.98cm dtheta= +58.4deg  ..
  robot      start  dx=+15.46cm dy= +1.83cm dtheta= +73.1deg  ..
----------------------------------------------------------------
OK band: +/-2.0cm, +/-10deg (display only). Enter = run checksum. Ctrl+C = quit.
[2J[Hcheck_build  rb_00182_mirror_x   20:46:24
----------------------------------------------------------------
  wall_10    brick  dx= -5.57cm dy= -0.09cm dtheta= -12.1deg  ..
  wall_11    brick  dx= -0.79cm dy= -0.11cm dtheta=  +1.6deg  OK
  wall_9     brick  dx= -0.21cm dy= -0.06cm dtheta=  -1.2deg  OK
  obj_4      block  dx=+20.67cm dy=+27.77cm dtheta= +77.3deg  ..
  obj_1      block  dx=+24.94cm dy=+20.97cm dtheta= +58.4deg  ..
  robot      start  dx=+15.45cm dy= +1.84cm dtheta= +72.9deg  ..
----------------------------------------------------------------
OK band: +/-2.0cm, +/-10deg (display only). Enter = run checksum. Ctrl+C = quit.
[2J[Hcheck_build  rb_00182_mirror_x   20:46:24
----------------------------------------------------------------
  wall_10    brick  dx= -5.57cm dy= -0.10cm dtheta= -12.1deg  ..
  wall_11    brick  dx= -0.77cm dy= -0.12cm dtheta=  +1.4deg  OK
  wall_9     brick  dx= -0.20cm dy= -0.06cm dtheta=  -1.2deg  OK
  obj_4      block  dx=+20.58cm dy=+27.71cm dtheta= +77.7deg  ..
  obj_1      block  dx=+24.94cm dy=+20.97cm dtheta= +58.4deg  ..
  robot      start  dx=+15.41cm dy= +1.87cm dtheta= +73.1deg  ..
----------------------------------------------------------------
OK band: +/-2.0cm, +/-10deg (display only). Enter = run checksum. Ctrl+C = quit.
[2J[Hcheck_build  rb_00182_mirror_x   20:46:25
----------------------------------------------------------------
  wall_10    brick  dx= -5.57cm dy= -0.09cm dtheta= -12.1deg  ..
  wall_11    brick  dx= -0.77cm dy= -0.10cm dtheta=  +1.5deg  OK
  wall_9     brick  dx= -0.18cm dy= -0.07cm dtheta=  -1.2deg  OK
  obj_4      block  dx=+20.57cm dy=+27.71cm dtheta= +77.8deg  ..
  obj_1      block  dx=+24.92cm dy=+20.95cm dtheta= +58.3deg  ..
  robot      start  dx=+15.47cm dy= +1.82cm dtheta= +72.8deg  ..
----------------------------------------------------------------
OK band: +/-2.0cm, +/-10deg (display only). Enter = run checksum. Ctrl+C = quit.
[2J[Hcheck_build  rb_00182_mirror_x   20:46:25
----------------------------------------------------------------
  wall_10    brick  dx= -5.59cm dy= -0.10cm dtheta= -12.1deg  ..
  wall_11    brick  dx= -0.76cm dy= -0.10cm dtheta=  +1.4deg  OK
  wall_9     brick  dx= -0.19cm dy= -0.06cm dtheta=  -1.3deg  OK
  obj_4      block  dx=+20.69cm dy=+27.78cm dtheta= +77.1deg  ..
  obj_1      block  dx=+24.92cm dy=+20.96cm dtheta= +58.3deg  ..
  robot      start  dx=+15.44cm dy= +1.85cm dtheta= +73.0deg  ..
----------------------------------------------------------------
OK band: +/-2.0cm, +/-10deg (display only). Enter = run checksum. Ctrl+C = quit.
  no checksum columns on this sheet, cannot verify the build.
[2J[Hcheck_build  rb_00182_mirror_x   20:46:26
----------------------------------------------------------------
  wall_10    brick  dx= -5.57cm dy= -0.09cm dtheta= -12.1deg  ..
  wall_11    brick  dx= -0.70cm dy= -0.01cm dtheta=  +1.1deg  OK
  wall_9     brick  dx= -0.17cm dy= -0.07cm dtheta=  -1.3deg  OK
  obj_4      block  dx=+20.68cm dy=+27.78cm dtheta= +77.1deg  ..
  obj_1      block  dx=+24.92cm dy=+20.96cm dtheta= +58.4deg  ..
  robot      start  dx=+15.44cm dy= +1.85cm dtheta= +73.1deg  ..
----------------------------------------------------------------
OK band: +/-2.0cm, +/-10deg (display only). Enter = run checksum. Ctrl+C = quit.
[2J[Hcheck_build  rb_00182_mirror_x   20:46:26
----------------------------------------------------------------
  wall_10    brick  dx= -5.56cm dy= -0.09cm dtheta= -12.1deg  ..
  wall_11    brick  dx= -0.69cm dy= -0.02cm dtheta=  +1.0deg  OK
  wall_9     brick  dx= -0.15cm dy= -0.08cm dtheta=  -1.3deg  OK
  obj_4      block  dx=+20.57cm dy=+27.71cm dtheta= +77.8deg  ..
  obj_1      block  dx=+24.92cm dy=+20.96cm dtheta= +58.4deg  ..
  robot      start  dx=+15.46cm dy= +1.83cm dtheta= +72.9deg  ..
----------------------------------------------------------------
OK band: +/-2.0cm, +/-10deg (display only). Enter = run checksum. Ctrl+C = quit.
[2J[Hcheck_build  rb_00182_mirror_x   20:46:27
----------------------------------------------------------------
  wall_10    brick  dx= -5.57cm dy= -0.09cm dtheta= -12.1deg  ..
  wall_11    brick  dx= -0.70cm dy= -0.01cm dtheta=  +1.0deg  OK
  wall_9     brick  dx= -0.20cm dy= -0.06cm dtheta=  -1.3deg  OK
  obj_4      block  dx=+20.65cm dy=+27.76cm dtheta= +77.2deg  ..
  obj_1      block  dx=+24.92cm dy=+20.95cm dtheta= +58.4deg  ..
  robot      start  dx=+15.44cm dy= +1.85cm dtheta= +73.1deg  ..
----------------------------------------------------------------
OK band: +/-2.0cm, +/-10deg (display only). Enter = run checksum. Ctrl+C = quit.
[2J[Hcheck_build  rb_00182_mirror_x   20:46:27
----------------------------------------------------------------
  wall_10    brick  dx= -5.56cm dy= -0.09cm dtheta= -12.1deg  ..
  wall_11    brick  dx= -0.53cm dy= +0.24cm dtheta=  -1.0deg  OK
  wall_9     brick  dx= -0.14cm dy= -0.08cm dtheta=  -1.3deg  OK
  obj_4      block  dx=+20.54cm dy=+27.68cm dtheta= +77.8deg  ..
  obj_1      block  dx=+24.95cm dy=+20.98cm dtheta= +58.2deg  ..
  robot      start  dx=+15.46cm dy= +1.83cm dtheta= +72.9deg  ..
----------------------------------------------------------------
OK band: +/-2.0cm, +/-10deg (display only). Enter = run checksum. Ctrl+C = quit.
[2J[Hcheck_build  rb_00182_mirror_x   20:46:28
----------------------------------------------------------------
  wall_10    brick  dx= -5.57cm dy= -0.09cm dtheta= -12.1deg  ..
  wall_11    brick  dx= -0.50cm dy= +0.23cm dtheta=  -0.9deg  OK
  wall_9     brick  dx= -0.17cm dy= -0.07cm dtheta=  -1.2deg  OK
  obj_4      block  dx=+20.55cm dy=+27.69cm dtheta= +77.9deg  ..
  obj_1      block  dx=+24.92cm dy=+20.95cm dtheta= +58.3deg  ..
  robot      start  dx=+15.43cm dy= +1.86cm dtheta= +73.1deg  ..
----------------------------------------------------------------
OK band: +/-2.0cm, +/-10deg (display only). Enter = run checksum. Ctrl+C = quit.
[2J[Hcheck_build  rb_00182_mirror_x   20:46:28
----------------------------------------------------------------
  wall_10    brick  dx= -5.57cm dy= -0.09cm dtheta= -12.1deg  ..
  wall_11    brick  dx= -0.51cm dy= +0.23cm dtheta=  -0.8deg  OK
  wall_9     brick  dx= -0.19cm dy= -0.06cm dtheta=  -1.3deg  OK
  obj_4      block  dx=+20.71cm dy=+27.80cm dtheta= +77.1deg  ..
  obj_1      block  dx=+25.01cm dy=+21.06cm dtheta= +58.4deg  ..
  robot      start  dx=+15.43cm dy= +1.86cm dtheta= +73.0deg  ..
----------------------------------------------------------------
OK band: +/-2.0cm, +/-10deg (display only). Enter = run checksum. Ctrl+C = quit.
[2J[Hcheck_build  rb_00182_mirror_x   20:46:29
----------------------------------------------------------------
  wall_10    brick  dx= -5.56cm dy= -0.09cm dtheta= -12.1deg  ..
  wall_11    brick  dx= -0.53cm dy= +0.24cm dtheta=  -1.0deg  OK
  wall_9     brick  dx= -0.18cm dy= -0.07cm dtheta=  -1.2deg  OK
  obj_4      block  dx=+20.58cm dy=+27.70cm dtheta= +77.8deg  ..
  obj_1      block  dx=+24.92cm dy=+20.95cm dtheta= +58.2deg  ..
  robot      start  dx=+15.43cm dy= +1.86cm dtheta= +73.3deg  ..
----------------------------------------------------------------
OK band: +/-2.0cm, +/-10deg (display only). Enter = run checksum. Ctrl+C = quit.
[2J[Hcheck_build  rb_00182_mirror_x   20:46:29
----------------------------------------------------------------
  wall_10    brick  dx= -5.57cm dy= -0.09cm dtheta= -12.2deg  ..
  wall_11    brick  dx= -0.43cm dy= +0.06cm dtheta=  -0.5deg  OK
  wall_9     brick  dx= -0.17cm dy= -0.07cm dtheta=  -1.2deg  OK
  obj_4      block  dx=+20.59cm dy=+27.72cm dtheta= +77.8deg  ..
  obj_1      block  dx=+24.94cm dy=+20.97cm dtheta= +58.3deg  ..
  robot      start  dx=+15.48cm dy= +1.82cm dtheta= +72.9deg  ..
----------------------------------------------------------------
OK band: +/-2.0cm, +/-10deg (display only). Enter = run checksum. Ctrl+C = quit.
[2J[Hcheck_build  rb_00182_mirror_x   20:46:30
----------------------------------------------------------------
  wall_10    brick  dx= -5.57cm dy= -0.09cm dtheta= -12.1deg  ..
  wall_11    brick  dx= -0.41cm dy= +0.06cm dtheta=  -0.4deg  OK
  wall_9     brick  dx= -0.24cm dy= -0.04cm dtheta=  -1.1deg  OK
  obj_4      block  dx=+20.62cm dy=+27.73cm dtheta= +77.2deg  ..
  obj_1      block  dx=+24.90cm dy=+20.92cm dtheta= +58.4deg  ..
  robot      start  dx=+15.48cm dy= +1.81cm dtheta= +73.0deg  ..
----------------------------------------------------------------
OK band: +/-2.0cm, +/-10deg (display only). Enter = run checksum. Ctrl+C = quit.
[2J[Hcheck_build  rb_00182_mirror_x   20:46:30
----------------------------------------------------------------
  wall_10    brick  dx= -5.57cm dy= -0.10cm dtheta= -12.1deg  ..
  wall_11    brick  dx= -0.42cm dy= +0.05cm dtheta=  -0.4deg  OK
  wall_9     brick  dx= -0.16cm dy= -0.07cm dtheta=  -1.2deg  OK
  obj_4      block  dx=+20.68cm dy=+27.77cm dtheta= +77.3deg  ..
  obj_1      block  dx=+24.94cm dy=+20.97cm dtheta= +58.4deg  ..
  robot      start  dx=+15.47cm dy= +1.83cm dtheta= +72.9deg  ..
----------------------------------------------------------------
OK band: +/-2.0cm, +/-10deg (display only). Enter = run checksum. Ctrl+C = quit.
[2J[Hcheck_build  rb_00182_mirror_x   20:46:31
----------------------------------------------------------------
  wall_10    brick  dx= -5.57cm dy= -0.10cm dtheta= -12.1deg  ..
  wall_11    brick  dx= -0.44cm dy= +0.07cm dtheta=  -0.5deg  OK
  wall_9     brick  dx= -0.18cm dy= -0.07cm dtheta=  -1.2deg  OK
  obj_4      block  dx=+20.68cm dy=+27.76cm dtheta= +77.4deg  ..
  obj_1      block  dx=+24.92cm dy=+20.95cm dtheta= +58.2deg  ..
  robot      start  dx=+15.47cm dy= +1.83cm dtheta= +72.9deg  ..
----------------------------------------------------------------
OK band: +/-2.0cm, +/-10deg (display only). Enter = run checksum. Ctrl+C = quit.
  no checksum columns on this sheet, cannot verify the build.
[2J[Hcheck_build  rb_00182_mirror_x   20:46:31
----------------------------------------------------------------
  wall_10    brick  dx= -5.58cm dy= -0.11cm dtheta= -12.1deg  ..
  wall_11    brick  dx= -0.44cm dy= +0.08cm dtheta=  -0.4deg  OK
  wall_9     brick  dx= -0.22cm dy= -0.05cm dtheta=  -1.1deg  OK
  obj_4      block  dx=+20.65cm dy=+27.75cm dtheta= +77.1deg  ..
  obj_1      block  dx=+24.90cm dy=+20.92cm dtheta= +58.3deg  ..
  robot      start  dx=+15.48cm dy= +1.81cm dtheta= +72.8deg  ..
----------------------------------------------------------------
OK band: +/-2.0cm, +/-10deg (display only). Enter = run checksum. Ctrl+C = quit.
[2J[Hcheck_build  rb_00182_mirror_x   20:46:32
----------------------------------------------------------------
  wall_10    brick  dx= -5.61cm dy= -0.11cm dtheta= -12.3deg  ..
  wall_11    brick  dx= -0.48cm dy= +0.07cm dtheta=  -0.3deg  OK
  wall_9     brick  dx= -0.34cm dy= -0.01cm dtheta=  -1.3deg  OK
  obj_4      block  dx=+20.60cm dy=+27.74cm dtheta= +77.7deg  ..
  obj_1      block  dx=+24.91cm dy=+20.96cm dtheta= +58.4deg  ..
  robot      start  dx=+15.21cm dy= +2.01cm dtheta= +71.9deg  ..
----------------------------------------------------------------
OK band: +/-2.0cm, +/-10deg (display only). Enter = run checksum. Ctrl+C = quit.
[2J[Hcheck_build  rb_00182_mirror_x   20:46:32
----------------------------------------------------------------
  wall_10    brick  dx= -5.07cm dy= -0.53cm dtheta= -13.2deg  ..
  wall_11    brick  dx= -0.47cm dy= +0.06cm dtheta=  -0.3deg  OK
  wall_9     brick  dx= -0.40cm dy= +0.02cm dtheta=  -8.9deg  OK
  obj_4      block  dx=+20.61cm dy=+27.74cm dtheta= +77.7deg  ..
  obj_1      block  dx=+24.90cm dy=+20.94cm dtheta= +58.2deg  ..
  robot      start  dx=+15.09cm dy= +2.13cm dtheta= +72.4deg  ..
----------------------------------------------------------------
OK band: +/-2.0cm, +/-10deg (display only). Enter = run checksum. Ctrl+C = quit.
[2J[Hcheck_build  rb_00182_mirror_x   20:46:33
----------------------------------------------------------------
  wall_10    brick  dx= -0.59cm dy= -2.44cm dtheta=  +2.2deg  ..
  wall_11    brick  dx= -0.47cm dy= +0.06cm dtheta=  -0.3deg  OK
  wall_9     brick  dx= -0.24cm dy= -0.05cm dtheta=  -1.3deg  OK
  obj_4      block  dx=+20.61cm dy=+27.75cm dtheta= +77.9deg  ..
  obj_1      block  dx=+24.93cm dy=+20.98cm dtheta= +58.2deg  ..
  robot      start  dx=+15.07cm dy= +2.16cm dtheta= +73.5deg  ..
----------------------------------------------------------------
OK band: +/-2.0cm, +/-10deg (display only). Enter = run checksum. Ctrl+C = quit.
[2J[Hcheck_build  rb_00182_mirror_x   20:46:33
----------------------------------------------------------------
  wall_10    brick  dx= +0.26cm dy= -2.15cm dtheta=  +9.1deg  ..
  wall_11    brick  dx= -0.47cm dy= +0.06cm dtheta=  -0.4deg  OK
  wall_9     brick  dx= -0.25cm dy= -0.05cm dtheta=  -8.2deg  OK
  obj_4      block  dx=+20.57cm dy=+27.72cm dtheta= +77.8deg  ..
  obj_1      block  dx=+24.91cm dy=+20.95cm dtheta= +58.3deg  ..
  robot      start  dx=+15.00cm dy= +2.19cm dtheta= +73.1deg  ..
----------------------------------------------------------------
OK band: +/-2.0cm, +/-10deg (display only). Enter = run checksum. Ctrl+C = quit.
[2J[Hcheck_build  rb_00182_mirror_x   20:46:34
----------------------------------------------------------------
  wall_10    brick  dx= +0.62cm dy= -2.05cm dtheta= +13.4deg  ..
  wall_11    brick  dx= -0.45cm dy= +0.05cm dtheta=  -0.4deg  OK
  wall_9     brick  dx= -0.22cm dy= -0.06cm dtheta=  -8.5deg  OK
  obj_4      block  dx=+20.56cm dy=+27.71cm dtheta= +77.8deg  ..
  obj_1      block  dx=+24.94cm dy=+20.99cm dtheta= +58.1deg  ..
  robot      start  dx=+15.02cm dy= +2.20cm dtheta= +73.5deg  ..
----------------------------------------------------------------
OK band: +/-2.0cm, +/-10deg (display only). Enter = run checksum. Ctrl+C = quit.
[2J[Hcheck_build  rb_00182_mirror_x   20:46:34
----------------------------------------------------------------
  wall_10    brick  dx= +0.61cm dy= -2.06cm dtheta= +13.3deg  ..
  wall_11    brick  dx= -0.47cm dy= +0.06cm dtheta=  -0.4deg  OK
  wall_9     brick  dx= -0.27cm dy= -0.04cm dtheta=  -8.2deg  OK
  obj_4      block  dx=+20.58cm dy=+27.73cm dtheta= +77.8deg  ..
  obj_1      block  dx=+24.84cm dy=+20.89cm dtheta= +59.1deg  ..
  robot      start  dx=+15.09cm dy= +2.14cm dtheta= +72.6deg  ..
----------------------------------------------------------------
OK band: +/-2.0cm, +/-10deg (display only). Enter = run checksum. Ctrl+C = quit.
[2J[Hcheck_build  rb_00182_mirror_x   20:46:35
----------------------------------------------------------------
  wall_10    brick  dx= +0.10cm dy= -0.71cm dtheta=  +6.5deg  OK
  wall_11    brick  dx= -0.46cm dy= +0.06cm dtheta=  -0.4deg  OK
  wall_9     brick  dx= -0.38cm dy= +0.02cm dtheta=  -8.9deg  OK
  obj_4      block  dx=+20.58cm dy=+27.74cm dtheta= +77.8deg  ..
  obj_1      block  dx=+24.88cm dy=+20.95cm dtheta= +58.8deg  ..
  robot      start  dx=+15.07cm dy= +2.16cm dtheta= +73.8deg  ..
----------------------------------------------------------------
OK band: +/-2.0cm, +/-10deg (display only). Enter = run checksum. Ctrl+C = quit.
[2J[Hcheck_build  rb_00182_mirror_x   20:46:35
----------------------------------------------------------------
  wall_10    brick  dx= -0.00cm dy= -0.70cm dtheta=  +7.0deg  OK
  wall_11    brick  dx= -0.47cm dy= +0.06cm dtheta=  -0.4deg  OK
  wall_9     brick  dx= -0.40cm dy= +0.03cm dtheta=  -8.9deg  OK
  obj_4      block  dx=+20.79cm dy=+27.90cm dtheta= +77.8deg  ..
  obj_1      block  dx=+24.94cm dy=+21.00cm dtheta= +58.1deg  ..
  robot      start  dx=+14.99cm dy= +2.22cm dtheta= +73.4deg  ..
----------------------------------------------------------------
OK band: +/-2.0cm, +/-10deg (display only). Enter = run checksum. Ctrl+C = quit.
[2J[Hcheck_build  rb_00182_mirror_x   20:46:36
----------------------------------------------------------------
  wall_10    brick  dx= -0.05cm dy= -0.56cm dtheta=  +5.4deg  OK
  wall_11    brick  dx= -0.48cm dy= +0.07cm dtheta=  -0.4deg  OK
  wall_9     brick  dx= -0.49cm dy= +0.07cm dtheta=  -1.5deg  OK
  obj_4      block  dx=+20.74cm dy=+27.87cm dtheta= +78.0deg  ..
  obj_1      block  dx=+24.94cm dy=+20.99cm dtheta= +58.1deg  ..
  robot      start  dx=+15.16cm dy= +2.07cm dtheta= +72.2deg  ..
----------------------------------------------------------------
OK band: +/-2.0cm, +/-10deg (display only). Enter = run checksum. Ctrl+C = quit.
  no checksum columns on this sheet, cannot verify the build.
[2J[Hcheck_build  rb_00182_mirror_x   20:46:36
----------------------------------------------------------------
  wall_10    brick  dx= -0.09cm dy= +0.03cm dtheta=  -0.2deg  OK
  wall_11    brick  dx= -0.47cm dy= +0.06cm dtheta=  -0.4deg  OK
  wall_9     brick  dx= -0.32cm dy= -0.02cm dtheta=  -1.5deg  OK
  obj_4      block  dx=+20.63cm dy=+27.76cm dtheta= +77.7deg  ..
  obj_1      block  dx=+24.92cm dy=+20.97cm dtheta= +58.3deg  ..
  robot      start  dx=+15.16cm dy= +2.07cm dtheta= +72.2deg  ..
----------------------------------------------------------------
OK band: +/-2.0cm, +/-10deg (display only). Enter = run checksum. Ctrl+C = quit.
[2J[Hcheck_build  rb_00182_mirror_x   20:46:37
----------------------------------------------------------------
  wall_10    brick  dx= -0.18cm dy= +0.57cm dtheta=  -5.2deg  OK
  wall_11    brick  dx= -0.47cm dy= +0.06cm dtheta=  -0.4deg  OK
  wall_9     brick  dx= -0.49cm dy= +0.07cm dtheta=  -1.3deg  OK
  obj_4      block  dx=+20.54cm dy=+27.70cm dtheta= +77.9deg  ..
  obj_1      block  dx=+24.94cm dy=+21.00cm dtheta= +58.2deg  ..
  robot      start  dx=+15.13cm dy= +2.10cm dtheta= +72.8deg  ..
----------------------------------------------------------------
OK band: +/-2.0cm, +/-10deg (display only). Enter = run checksum. Ctrl+C = quit.
[2J[Hcheck_build  rb_00182_mirror_x   20:46:37
----------------------------------------------------------------
  wall_10    brick  dx= -0.19cm dy= +0.56cm dtheta=  -5.2deg  OK
  wall_11    brick  dx= -0.46cm dy= +0.06cm dtheta=  -0.4deg  OK
  wall_9     brick  dx= -0.46cm dy= +0.06cm dtheta=  -1.5deg  OK
  obj_4      block  dx=+20.60cm dy=+27.74cm dtheta= +77.7deg  ..
  obj_1      block  dx=+24.88cm dy=+20.94cm dtheta= +58.8deg  ..
  robot      start  dx=+15.09cm dy= +2.13cm dtheta= +72.9deg  ..
----------------------------------------------------------------
OK band: +/-2.0cm, +/-10deg (display only). Enter = run checksum. Ctrl+C = quit.
[2J[Hcheck_build  rb_00182_mirror_x   20:46:38
----------------------------------------------------------------
  wall_10    brick  dx= -0.11cm dy= +0.39cm dtheta=  -3.4deg  OK
  wall_11    brick  dx= -0.46cm dy= +0.06cm dtheta=  -0.4deg  OK
  wall_9     brick  dx= +0.16cm dy= -0.21cm dtheta=  -0.9deg  OK
  obj_4      block  dx=+20.61cm dy=+27.75cm dtheta= +77.7deg  ..
  obj_1      block  dx=+24.91cm dy=+20.96cm dtheta= +58.3deg  ..
  robot      start  dx=+15.14cm dy= +2.07cm dtheta= +72.7deg  ..
----------------------------------------------------------------
OK band: +/-2.0cm, +/-10deg (display only). Enter = run checksum. Ctrl+C = quit.
[2J[Hcheck_build  rb_00182_mirror_x   20:46:38
----------------------------------------------------------------
  wall_10    brick  dx= -0.28cm dy= +0.13cm dtheta=  -1.8deg  OK
  wall_11    brick  dx= -0.45cm dy= +0.05cm dtheta=  -0.4deg  OK
  wall_9     brick  dx= +0.24cm dy= -0.25cm dtheta=  -0.8deg  OK
  obj_4      block  dx=+20.59cm dy=+27.74cm dtheta= +77.7deg  ..
  obj_1      block  dx=+24.92cm dy=+20.97cm dtheta= +58.3deg  ..
  robot      start  dx=+15.02cm dy= +2.22cm dtheta= +59.8deg  ..
----------------------------------------------------------------
OK band: +/-2.0cm, +/-10deg (display only). Enter = run checksum. Ctrl+C = quit.
[2J[Hcheck_build  rb_00182_mirror_x   20:46:39
----------------------------------------------------------------
  wall_10    brick  dx= -0.29cm dy= -0.08cm dtheta=  -0.1deg  OK
  wall_11    brick  dx= -0.46cm dy= +0.05cm dtheta=  -0.4deg  OK
  wall_9     brick  dx= -0.29cm dy= -0.03cm dtheta=  -8.5deg  OK
  obj_4      block  dx=+20.61cm dy=+27.75cm dtheta= +77.6deg  ..
  obj_1      block  dx=+24.94cm dy=+20.99cm dtheta= +58.2deg  ..
  robot      start  dx=+14.99cm dy= +2.21cm dtheta= +72.8deg  ..
----------------------------------------------------------------
OK band: +/-2.0cm, +/-10deg (display only). Enter = run checksum. Ctrl+C = quit.
[2J[Hcheck_build  rb_00182_mirror_x   20:46:39
----------------------------------------------------------------
  wall_10    brick  dx= -0.26cm dy= -0.06cm dtheta=  -0.2deg  OK
  wall_11    brick  dx= -0.46cm dy= +0.05cm dtheta=  -0.3deg  OK
  wall_9     brick  dx= -0.45cm dy= +0.04cm dtheta=  -8.6deg  OK
  obj_4      block  dx=+20.45cm dy=+27.64cm dtheta= +78.4deg  ..
  obj_1      block  dx=+24.95cm dy=+21.00cm dtheta= +58.3deg  ..
  robot      start  dx=+14.98cm dy= +2.22cm dtheta= +72.5deg  ..
----------------------------------------------------------------
OK band: +/-2.0cm, +/-10deg (display only). Enter = run checksum. Ctrl+C = quit.
[2J[Hcheck_build  rb_00182_mirror_x   20:46:40
----------------------------------------------------------------
  wall_10    brick  dx= -0.27cm dy= -0.06cm dtheta=  -0.2deg  OK
  wall_11    brick  dx= -0.46cm dy= +0.05cm dtheta=  -0.4deg  OK
  wall_9     brick  dx= -0.42cm dy= +0.03cm dtheta=  -9.0deg  OK
  obj_4      block  dx=+20.57cm dy=+27.72cm dtheta= +77.7deg  ..
  obj_1      block  dx=+24.94cm dy=+20.99cm dtheta= +58.4deg  ..
  robot      start  dx=+15.18cm dy= +2.05cm dtheta= +72.5deg  ..
----------------------------------------------------------------
OK band: +/-2.0cm, +/-10deg (display only). Enter = run checksum. Ctrl+C = quit.
[2J[Hcheck_build  rb_00182_mirror_x   20:46:40
----------------------------------------------------------------
  wall_10    brick  dx= -0.28cm dy= -0.07cm dtheta=  -0.3deg  OK
  wall_11    brick  dx= -0.51cm dy= +0.09cm dtheta=  -0.3deg  OK
  wall_9     brick  dx= -0.31cm dy= -0.02cm dtheta=  -1.4deg  OK
  obj_4      block  dx=+20.61cm dy=+27.75cm dtheta= +77.8deg  ..
  obj_1      block  dx=+24.91cm dy=+20.96cm dtheta= +58.2deg  ..
  robot      start  dx=+14.93cm dy= +2.28cm dtheta= +73.9deg  ..
----------------------------------------------------------------
OK band: +/-2.0cm, +/-10deg (display only). Enter = run checksum. Ctrl+C = quit.
[2J[Hcheck_build  rb_00182_mirror_x   20:46:41
----------------------------------------------------------------
  wall_10    brick  dx= -0.28cm dy= -0.07cm dtheta=  -0.3deg  OK
  wall_11    brick  dx= -0.47cm dy= +0.07cm dtheta=  -0.4deg  OK
  wall_9     brick  dx= -0.25cm dy= -0.04cm dtheta=  -1.3deg  OK
  obj_4      block  dx=+20.52cm dy=+27.68cm dtheta= +77.9deg  ..
  obj_1      block  dx=+24.94cm dy=+20.98cm dtheta= +58.2deg  ..
  robot      start  dx=+15.38cm dy= +1.88cm dtheta= +72.6deg  ..
----------------------------------------------------------------
OK band: +/-2.0cm, +/-10deg (display only). Enter = run checksum. Ctrl+C = quit.
[2J[Hcheck_build  rb_00182_mirror_x   20:46:41
----------------------------------------------------------------
  wall_10    brick  dx= -0.27cm dy= -0.07cm dtheta=  -0.3deg  OK
  wall_11    brick  dx= -0.45cm dy= +0.05cm dtheta=  -0.3deg  OK
  wall_9     brick  dx= -0.32cm dy= -0.01cm dtheta=  -1.3deg  OK
  obj_4      block  dx=+20.56cm dy=+27.71cm dtheta= +77.8deg  ..
  obj_1      block  dx=+24.92cm dy=+20.96cm dtheta= +58.3deg  ..
  robot      start  dx=+15.38cm dy= +1.87cm dtheta= +72.8deg  ..
----------------------------------------------------------------
OK band: +/-2.0cm, +/-10deg (display only). Enter = run checksum. Ctrl+C = quit.
  no checksum columns on this sheet, cannot verify the build.
[2J[Hcheck_build  rb_00182_mirror_x   20:46:42
----------------------------------------------------------------
  wall_10    brick  dx= -0.27cm dy= -0.07cm dtheta=  -0.2deg  OK
  wall_11    brick  dx= -0.46cm dy= +0.06cm dtheta=  -0.4deg  OK
  wall_9     brick  dx= -0.28cm dy= -0.03cm dtheta=  -1.2deg  OK
  obj_4      block  dx=+20.64cm dy=+27.77cm dtheta= +78.0deg  ..
  obj_1      block  dx=+24.92cm dy=+20.97cm dtheta= +58.2deg  ..
  robot      start  dx=+15.12cm dy= +2.09cm dtheta= +73.1deg  ..
----------------------------------------------------------------
OK band: +/-2.0cm, +/-10deg (display only). Enter = run checksum. Ctrl+C = quit.
[2J[Hcheck_build  rb_00182_mirror_x   20:46:42
----------------------------------------------------------------
  wall_10    brick  dx= -0.29cm dy= -0.07cm dtheta=  -0.2deg  OK
  wall_11    brick  dx= -0.46cm dy= +0.06cm dtheta=  -0.3deg  OK
  wall_9     brick  dx= +0.19cm dy= -0.22cm dtheta=  -0.9deg  OK
  obj_4      block  dx=+20.74cm dy=+27.86cm dtheta= +78.2deg  ..
  obj_1      block  dx=+24.85cm dy=+20.88cm dtheta= +58.1deg  ..
  robot      start  dx=+15.19cm dy= +2.04cm dtheta= +72.8deg  ..
----------------------------------------------------------------
OK band: +/-2.0cm, +/-10deg (display only). Enter = run checksum. Ctrl+C = quit.
[2J[Hcheck_build  rb_00182_mirror_x   20:46:43
----------------------------------------------------------------
  wall_10    brick  dx= -0.33cm dy= -0.10cm dtheta=  -0.2deg  OK
  wall_11    brick  dx= -0.47cm dy= +0.07cm dtheta=  -0.3deg  OK
  wall_9     brick  dx= -0.25cm dy= -0.04cm dtheta=  -1.3deg  OK
  obj_4      block  dx=+15.72cm dy=+31.68cm dtheta= +89.7deg  ..  FLIPPED?
  obj_1      block  dx=+16.86cm dy=+27.68cm dtheta= +51.8deg  ..
  robot      start  dx=+15.23cm dy= +2.00cm dtheta= +73.1deg  ..
----------------------------------------------------------------
OK band: +/-2.0cm, +/-10deg (display only). Enter = run checksum. Ctrl+C = quit.
[2J[Hcheck_build  rb_00182_mirror_x   20:46:43
----------------------------------------------------------------
  wall_10    brick  dx= -0.32cm dy= -0.10cm dtheta=  -0.4deg  OK
  wall_11    brick  dx= -0.50cm dy= +0.09cm dtheta=  +2.0deg  OK
  wall_9     brick  dx= +0.12cm dy= -0.24cm dtheta=  -6.9deg  OK
  obj_4      block  dx= +9.26cm dy=+33.67cm dtheta= +74.0deg  ..
  obj_1      block  dx=+16.86cm dy=+27.68cm dtheta= +51.8deg  ..
  robot      start  dx=+15.28cm dy= +1.97cm dtheta= +73.1deg  ..
----------------------------------------------------------------
OK band: +/-2.0cm, +/-10deg (display only). Enter = run checksum. Ctrl+C = quit.
[2J[Hcheck_build  rb_00182_mirror_x   20:46:44
----------------------------------------------------------------
  wall_10    brick  dx= -0.43cm dy= -0.15cm dtheta=  +1.3deg  OK
  wall_11    brick  dx= -0.52cm dy= +0.10cm dtheta=  -0.4deg  OK
  wall_9     brick  dx= -0.12cm dy= -0.11cm dtheta=  -1.8deg  OK
  obj_4      block  MISSING (camera does not see it)
  obj_1      block  MISSING (camera does not see it)
  robot      start  dx=+15.31cm dy= +1.84cm dtheta= +61.3deg  ..
----------------------------------------------------------------
OK band: +/-2.0cm, +/-10deg (display only). Enter = run checksum. Ctrl+C = quit.
[2J[Hcheck_build  rb_00182_mirror_x   20:46:44
----------------------------------------------------------------
  wall_10    brick  dx= -0.29cm dy= -0.08cm dtheta=  -0.2deg  OK
  wall_11    brick  dx= -0.51cm dy= +0.10cm dtheta=  -0.2deg  OK
  wall_9     brick  MISSING (camera does not see it)
  obj_4      block  MISSING (camera does not see it)
  obj_1      block  MISSING (camera does not see it)
  robot      start  dx=+15.39cm dy= +1.86cm dtheta= +72.8deg  ..
----------------------------------------------------------------
OK band: +/-2.0cm, +/-10deg (display only). Enter = run checksum. Ctrl+C = quit.
[2J[Hcheck_build  rb_00182_mirror_x   20:46:45
----------------------------------------------------------------
  wall_10    brick  dx= -0.25cm dy= -0.06cm dtheta=  -0.3deg  OK
  wall_11    brick  dx= -0.51cm dy= +0.10cm dtheta=  -0.3deg  OK
  wall_9     brick  MISSING (camera does not see it)
  obj_4      block  MISSING (camera does not see it)
  obj_1      block  dx= -2.19cm dy=+11.23cm dtheta= -74.7deg  ..
  robot      start  dx=+15.32cm dy= +1.91cm dtheta= +73.3deg  ..
----------------------------------------------------------------
OK band: +/-2.0cm, +/-10deg (display only). Enter = run checksum. Ctrl+C = quit.
[2J[Hcheck_build  rb_00182_mirror_x   20:46:45
----------------------------------------------------------------
  wall_10    brick  dx= -0.25cm dy= -0.06cm dtheta=  -0.3deg  OK
  wall_11    brick  dx= -0.51cm dy= +0.10cm dtheta=  -0.3deg  OK
  wall_9     brick  MISSING (camera does not see it)
  obj_4      block  MISSING (camera does not see it)
  obj_1      block  dx= -2.19cm dy=+11.23cm dtheta= -74.7deg  ..
  robot      start  dx=+15.32cm dy= +1.91cm dtheta= +73.3deg  ..
----------------------------------------------------------------
OK band: +/-2.0cm, +/-10deg (display only). Enter = run checksum. Ctrl+C = quit.
[2J[Hcheck_build  rb_00182_mirror_x   20:46:46
----------------------------------------------------------------
  wall_10    brick  dx= -0.25cm dy= -0.07cm dtheta=  -0.2deg  OK
  wall_11    brick  dx= -0.44cm dy= +0.06cm dtheta=  -0.4deg  OK
  wall_9     brick  dx= -0.23cm dy= -0.04cm dtheta=  -1.3deg  OK
  obj_4      block  dx= -6.42cm dy= -6.65cm dtheta= -46.7deg  ..
  obj_1      block  dx= +0.29cm dy= -3.21cm dtheta= -63.6deg  ..
  robot      start  dx=+15.44cm dy= +1.83cm dtheta= +72.9deg  ..
----------------------------------------------------------------
OK band: +/-2.0cm, +/-10deg (display only). Enter = run checksum. Ctrl+C = quit.
[2J[Hcheck_build  rb_00182_mirror_x   20:46:46
----------------------------------------------------------------
  wall_10    brick  dx= -0.24cm dy= -0.06cm dtheta=  -0.2deg  OK
  wall_11    brick  dx= -0.44cm dy= +0.06cm dtheta=  -0.3deg  OK
  wall_9     brick  dx= -0.16cm dy= -0.08cm dtheta=  -1.3deg  OK
  obj_4      block  dx= -6.42cm dy= -6.66cm dtheta= -46.4deg  ..
  obj_1      block  dx= +0.29cm dy= -3.21cm dtheta= -63.6deg  ..
  robot      start  dx=+15.40cm dy= +1.88cm dtheta= +73.1deg  ..
----------------------------------------------------------------
OK band: +/-2.0cm, +/-10deg (display only). Enter = run checksum. Ctrl+C = quit.
[2J[Hcheck_build  rb_00182_mirror_x   20:46:47
----------------------------------------------------------------
  wall_10    brick  dx= -0.26cm dy= -0.07cm dtheta=  -0.2deg  OK
  wall_11    brick  dx= -0.44cm dy= +0.05cm dtheta=  -0.3deg  OK
  wall_9     brick  dx= -0.19cm dy= -0.07cm dtheta=  -1.2deg  OK
  obj_4      block  dx= -6.41cm dy= -6.58cm dtheta= -46.6deg  ..
  obj_1      block  dx= +0.28cm dy= -3.20cm dtheta= -63.6deg  ..
  robot      start  dx=+15.39cm dy= +1.88cm dtheta= +73.1deg  ..
----------------------------------------------------------------
OK band: +/-2.0cm, +/-10deg (display only). Enter = run checksum. Ctrl+C = quit.
  no checksum columns on this sheet, cannot verify the build.
[2J[Hcheck_build  rb_00182_mirror_x   20:46:47
----------------------------------------------------------------
  wall_10    brick  dx= -0.25cm dy= -0.06cm dtheta=  -0.3deg  OK
  wall_11    brick  dx= -0.46cm dy= +0.06cm dtheta=  -0.3deg  OK
  wall_9     brick  dx= -0.20cm dy= -0.06cm dtheta=  -1.3deg  OK
  obj_4      block  dx= -6.41cm dy= -6.57cm dtheta= -46.5deg  ..
  obj_1      block  dx= +0.28cm dy= -3.20cm dtheta= -63.4deg  ..
  robot      start  dx=+15.42cm dy= +1.84cm dtheta= +72.7deg  ..
----------------------------------------------------------------
OK band: +/-2.0cm, +/-10deg (display only). Enter = run checksum. Ctrl+C = quit.
[2J[Hcheck_build  rb_00182_mirror_x   20:46:48
----------------------------------------------------------------
  wall_10    brick  dx= -0.27cm dy= -0.07cm dtheta=  -0.3deg  OK
  wall_11    brick  dx= -0.45cm dy= +0.06cm dtheta=  -0.4deg  OK
  wall_9     brick  dx= -0.20cm dy= -0.06cm dtheta=  -1.3deg  OK
  obj_4      block  dx= -6.42cm dy= -6.62cm dtheta= -46.5deg  ..
  obj_1      block  dx= +0.56cm dy= -2.90cm dtheta= -18.8deg  ..
  robot      start  dx=+15.43cm dy= +1.84cm dtheta= +72.9deg  ..
----------------------------------------------------------------
OK band: +/-2.0cm, +/-10deg (display only). Enter = run checksum. Ctrl+C = quit.
[2J[Hcheck_build  rb_00182_mirror_x   20:46:48
----------------------------------------------------------------
  wall_10    brick  dx= -0.26cm dy= -0.07cm dtheta=  -0.1deg  OK
  wall_11    brick  dx= -0.45cm dy= +0.06cm dtheta=  -0.3deg  OK
  wall_9     brick  dx= -0.20cm dy= -0.06cm dtheta=  -1.3deg  OK
  obj_4      block  dx= -6.42cm dy= -6.63cm dtheta= -46.6deg  ..
  obj_1      block  dx= +0.17cm dy= -2.95cm dtheta= -20.7deg  ..
  robot      start  dx=+15.39cm dy= +1.88cm dtheta= +73.0deg  ..
----------------------------------------------------------------
OK band: +/-2.0cm, +/-10deg (display only). Enter = run checksum. Ctrl+C = quit.
[2J[Hcheck_build  rb_00182_mirror_x   20:46:49
----------------------------------------------------------------
  wall_10    brick  dx= -0.25cm dy= -0.06cm dtheta=  -0.2deg  OK
  wall_11    brick  dx= -0.44cm dy= +0.06cm dtheta=  -0.3deg  OK
  wall_9     brick  dx= -0.19cm dy= -0.07cm dtheta=  -1.2deg  OK
  obj_4      block  dx= -6.43cm dy= -6.67cm dtheta= -46.4deg  ..
  obj_1      block  dx= -0.63cm dy= -1.80cm dtheta=  -5.0deg  OK
  robot      start  dx=+15.40cm dy= +1.87cm dtheta= +73.0deg  ..
----------------------------------------------------------------
OK band: +/-2.0cm, +/-10deg (display only). Enter = run checksum. Ctrl+C = quit.
[2J[Hcheck_build  rb_00182_mirror_x   20:46:49
----------------------------------------------------------------
  wall_10    brick  dx= -0.25cm dy= -0.06cm dtheta=  -0.2deg  OK
  wall_11    brick  dx= -0.44cm dy= +0.05cm dtheta=  -0.4deg  OK
  wall_9     brick  dx= -0.23cm dy= -0.04cm dtheta=  -1.2deg  OK
  obj_4      block  dx= -6.42cm dy= -6.64cm dtheta= -46.4deg  ..
  obj_1      block  dx= -0.53cm dy= -1.85cm dtheta=  -2.2deg  OK
  robot      start  dx=+15.42cm dy= +1.85cm dtheta= +73.0deg  ..
----------------------------------------------------------------
OK band: +/-2.0cm, +/-10deg (display only). Enter = run checksum. Ctrl+C = quit.
[2J[Hcheck_build  rb_00182_mirror_x   20:46:50
----------------------------------------------------------------
  wall_10    brick  dx= -0.26cm dy= -0.07cm dtheta=  -0.2deg  OK
  wall_11    brick  dx= +0.02cm dy= -0.24cm dtheta=  -1.7deg  OK
  wall_9     brick  dx= -0.16cm dy= -0.08cm dtheta=  -1.3deg  OK
  obj_4      block  dx= -6.42cm dy= -6.64cm dtheta= -46.6deg  ..
  obj_1      block  dx= +0.40cm dy= -0.60cm dtheta=  +1.9deg  OK
  robot      start  dx=+14.73cm dy= +2.66cm dtheta= +80.5deg  ..
----------------------------------------------------------------
OK band: +/-2.0cm, +/-10deg (display only). Enter = run checksum. Ctrl+C = quit.
[2J[Hcheck_build  rb_00182_mirror_x   20:46:50
----------------------------------------------------------------
  wall_10    brick  dx= -0.26cm dy= -0.07cm dtheta=  -0.2deg  OK
  wall_11    brick  dx= +0.02cm dy= -0.24cm dtheta=  -1.7deg  OK
  wall_9     brick  dx= -0.16cm dy= -0.08cm dtheta=  -1.3deg  OK
  obj_4      block  dx= -6.42cm dy= -6.64cm dtheta= -46.6deg  ..
  obj_1      block  dx= +0.40cm dy= -0.60cm dtheta=  +1.9deg  OK
  robot      start  dx=+14.73cm dy= +2.66cm dtheta= +80.5deg  ..
----------------------------------------------------------------
OK band: +/-2.0cm, +/-10deg (display only). Enter = run checksum. Ctrl+C = quit.
[2J[Hcheck_build  rb_00182_mirror_x   20:46:51
----------------------------------------------------------------
  wall_10    brick  dx= -0.26cm dy= -0.07cm dtheta=  -0.2deg  OK
  wall_11    brick  dx= +0.02cm dy= -0.24cm dtheta=  -1.7deg  OK
  wall_9     brick  dx= -0.16cm dy= -0.08cm dtheta=  -1.3deg  OK
  obj_4      block  dx= -6.42cm dy= -6.64cm dtheta= -46.6deg  ..
  obj_1      block  dx= +0.40cm dy= -0.60cm dtheta=  +1.9deg  OK
  robot      start  dx=+14.73cm dy= +2.66cm dtheta= +80.5deg  ..
----------------------------------------------------------------
OK band: +/-2.0cm, +/-10deg (display only). Enter = run checksum. Ctrl+C = quit.
[2J[Hcheck_build  rb_00182_mirror_x   20:46:51
----------------------------------------------------------------
  wall_10    brick  dx= -0.26cm dy= -0.07cm dtheta=  -0.2deg  OK
  wall_11    brick  dx= +0.02cm dy= -0.24cm dtheta=  -1.7deg  OK
  wall_9     brick  dx= -0.16cm dy= -0.08cm dtheta=  -1.3deg  OK
  obj_4      block  dx= -6.42cm dy= -6.64cm dtheta= -46.6deg  ..
  obj_1      block  dx= +0.40cm dy= -0.60cm dtheta=  +1.9deg  OK
  robot      start  dx=+14.73cm dy= +2.66cm dtheta= +80.5deg  ..
----------------------------------------------------------------
OK band: +/-2.0cm, +/-10deg (display only). Enter = run checksum. Ctrl+C = quit.
[2J[Hcheck_build  rb_00182_mirror_x   20:46:52
----------------------------------------------------------------
  wall_10    brick  dx= -0.26cm dy= -0.07cm dtheta=  -0.2deg  OK
  wall_11    brick  dx= +0.02cm dy= -0.24cm dtheta=  -1.7deg  OK
  wall_9     brick  dx= -0.16cm dy= -0.08cm dtheta=  -1.3deg  OK
  obj_4      block  dx= -6.42cm dy= -6.64cm dtheta= -46.6deg  ..
  obj_1      block  dx= +0.40cm dy= -0.60cm dtheta=  +1.9deg  OK
  robot      start  dx=+14.73cm dy= +2.66cm dtheta= +80.5deg  ..
----------------------------------------------------------------
OK band: +/-2.0cm, +/-10deg (display only). Enter = run checksum. Ctrl+C = quit.
[2J[Hcheck_build  rb_00182_mirror_x   20:46:52
----------------------------------------------------------------
  wall_10    brick  dx= -0.26cm dy= -0.07cm dtheta=  -0.2deg  OK
  wall_11    brick  dx= +0.02cm dy= -0.24cm dtheta=  -1.7deg  OK
  wall_9     brick  dx= -0.16cm dy= -0.08cm dtheta=  -1.3deg  OK
  obj_4      block  dx= -6.42cm dy= -6.64cm dtheta= -46.6deg  ..
  obj_1      block  dx= +0.40cm dy= -0.60cm dtheta=  +1.9deg  OK
  robot      start  dx=+14.73cm dy= +2.66cm dtheta= +80.5deg  ..
----------------------------------------------------------------
OK band: +/-2.0cm, +/-10deg (display only). Enter = run checksum. Ctrl+C = quit.
  no checksum columns on this sheet, cannot verify the build.
[2J[Hcheck_build  rb_00182_mirror_x   20:46:53
----------------------------------------------------------------
  wall_10    brick  dx= -0.26cm dy= -0.07cm dtheta=  -0.2deg  OK
  wall_11    brick  dx= +0.02cm dy= -0.24cm dtheta=  -1.7deg  OK
  wall_9     brick  dx= -0.16cm dy= -0.08cm dtheta=  -1.3deg  OK
  obj_4      block  dx= -6.42cm dy= -6.64cm dtheta= -46.6deg  ..
  obj_1      block  dx= +0.40cm dy= -0.60cm dtheta=  +1.9deg  OK
  robot      start  dx=+14.73cm dy= +2.66cm dtheta= +80.5deg  ..
----------------------------------------------------------------
OK band: +/-2.0cm, +/-10deg (display only). Enter = run checksum. Ctrl+C = quit.
[2J[Hcheck_build  rb_00182_mirror_x   20:46:53
----------------------------------------------------------------
  wall_10    brick  dx= -0.26cm dy= -0.07cm dtheta=  -0.2deg  OK
  wall_11    brick  dx= +0.02cm dy= -0.24cm dtheta=  -1.7deg  OK
  wall_9     brick  dx= -0.16cm dy= -0.08cm dtheta=  -1.3deg  OK
  obj_4      block  dx= -6.42cm dy= -6.64cm dtheta= -46.6deg  ..
  obj_1      block  dx= +0.40cm dy= -0.60cm dtheta=  +1.9deg  OK
  robot      start  dx=+14.73cm dy= +2.66cm dtheta= +80.5deg  ..
----------------------------------------------------------------
OK band: +/-2.0cm, +/-10deg (display only). Enter = run checksum. Ctrl+C = quit.
[2J[Hcheck_build  rb_00182_mirror_x   20:46:54
----------------------------------------------------------------
  wall_10    brick  dx= -0.23cm dy= -0.05cm dtheta=  -0.3deg  OK
  wall_11    brick  dx= -0.44cm dy= +0.06cm dtheta=  -0.3deg  OK
  wall_9     brick  dx= -0.25cm dy= -0.04cm dtheta=  -1.3deg  OK
  obj_4      block  dx= -6.42cm dy= -6.64cm dtheta= -46.6deg  ..
  obj_1      block  dx= -0.01cm dy= +0.12cm dtheta=  +1.1deg  OK
  robot      start  dx=+15.50cm dy= +1.79cm dtheta= +72.6deg  ..
----------------------------------------------------------------
OK band: +/-2.0cm, +/-10deg (display only). Enter = run checksum. Ctrl+C = quit.
[2J[Hcheck_build  rb_00182_mirror_x   20:46:54
----------------------------------------------------------------
  wall_10    brick  dx= -0.22cm dy= -0.05cm dtheta=  -0.3deg  OK
  wall_11    brick  dx= -0.43cm dy= +0.05cm dtheta=  -0.3deg  OK
  wall_9     brick  dx= -0.26cm dy= -0.03cm dtheta=  -1.2deg  OK
  obj_4      block  dx= +0.12cm dy= -5.43cm dtheta= -30.7deg  ..
  obj_1      block  dx= -0.03cm dy= +0.13cm dtheta=  +1.0deg  OK
  robot      start  dx=+15.41cm dy= +1.86cm dtheta= +72.8deg  ..
----------------------------------------------------------------
OK band: +/-2.0cm, +/-10deg (display only). Enter = run checksum. Ctrl+C = quit.
[2J[Hcheck_build  rb_00182_mirror_x   20:46:55
----------------------------------------------------------------
  wall_10    brick  dx= -0.26cm dy= -0.07cm dtheta=  -0.3deg  OK
  wall_11    brick  dx= -0.44cm dy= +0.06cm dtheta=  -0.3deg  OK
  wall_9     brick  dx= -0.25cm dy= -0.03cm dtheta=  -1.3deg  OK
  obj_4      block  dx= +0.23cm dy= -5.30cm dtheta= -29.9deg  ..
  obj_1      block  dx= -0.02cm dy= +0.12cm dtheta=  +1.1deg  OK
  robot      start  dx=+15.36cm dy= +1.91cm dtheta= +73.3deg  ..
----------------------------------------------------------------
OK band: +/-2.0cm, +/-10deg (display only). Enter = run checksum. Ctrl+C = quit.
[2J[Hcheck_build  rb_00182_mirror_x   20:46:55
----------------------------------------------------------------
  wall_10    brick  dx= -0.25cm dy= -0.06cm dtheta=  -0.1deg  OK
  wall_11    brick  dx= -0.46cm dy= +0.08cm dtheta=  -0.4deg  OK
  wall_9     brick  dx= -0.17cm dy= -0.08cm dtheta=  -1.3deg  OK
  obj_4      block  MISSING (camera does not see it)
  obj_1      block  dx= -0.02cm dy= +0.12cm dtheta=  +1.1deg  OK
  robot      start  dx=+15.39cm dy= +1.88cm dtheta= +72.9deg  ..
----------------------------------------------------------------
OK band: +/-2.0cm, +/-10deg (display only). Enter = run checksum. Ctrl+C = quit.
[2J[Hcheck_build  rb_00182_mirror_x   20:46:56
----------------------------------------------------------------
  wall_10    brick  dx= -0.26cm dy= -0.07cm dtheta=  -0.1deg  OK
  wall_11    brick  dx= -0.45cm dy= +0.07cm dtheta=  -0.4deg  OK
  wall_9     brick  dx= -0.26cm dy= -0.03cm dtheta=  -1.3deg  OK
  obj_4      block  dx= -0.33cm dy= -1.97cm dtheta= -12.4deg  ..
  obj_1      block  dx= -0.02cm dy= +0.12cm dtheta=  +1.0deg  OK
  robot      start  dx=+15.42cm dy= +1.86cm dtheta= +72.7deg  ..
----------------------------------------------------------------
OK band: +/-2.0cm, +/-10deg (display only). Enter = run checksum. Ctrl+C = quit.
[2J[Hcheck_build  rb_00182_mirror_x   20:46:56
----------------------------------------------------------------
  wall_10    brick  dx= -0.23cm dy= -0.05cm dtheta=  -0.3deg  OK
  wall_11    brick  dx= -0.43cm dy= +0.05cm dtheta=  -0.3deg  OK
  wall_9     brick  dx= -0.27cm dy= -0.03cm dtheta=  -1.2deg  OK
  obj_4      block  dx= -0.44cm dy= -1.39cm dtheta=  -5.6deg  OK
  obj_1      block  dx= -0.02cm dy= +0.12cm dtheta=  +1.0deg  OK
  robot      start  dx=+15.44cm dy= +1.84cm dtheta= +72.8deg  ..
----------------------------------------------------------------
OK band: +/-2.0cm, +/-10deg (display only). Enter = run checksum. Ctrl+C = quit.
[2J[Hcheck_build  rb_00182_mirror_x   20:46:57
----------------------------------------------------------------
  wall_10    brick  dx= -0.24cm dy= -0.05cm dtheta=  -0.2deg  OK
  wall_11    brick  dx= -0.43cm dy= +0.05cm dtheta=  -0.4deg  OK
  wall_9     brick  dx= -0.17cm dy= -0.07cm dtheta=  -1.2deg  OK
  obj_4      block  dx= -0.46cm dy= -1.36cm dtheta=  -6.6deg  OK
  obj_1      block  dx= -0.03cm dy= +0.13cm dtheta=  +1.1deg  OK
  robot      start  dx=+15.39cm dy= +1.87cm dtheta= +73.1deg  ..
----------------------------------------------------------------
OK band: +/-2.0cm, +/-10deg (display only). Enter = run checksum. Ctrl+C = quit.
[2J[Hcheck_build  rb_00182_mirror_x   20:46:57
----------------------------------------------------------------
  wall_10    brick  dx= -0.24cm dy= -0.06cm dtheta=  -0.2deg  OK
  wall_11    brick  dx= -0.44cm dy= +0.06cm dtheta=  -0.4deg  OK
  wall_9     brick  dx= -0.27cm dy= -0.03cm dtheta=  -1.3deg  OK
  obj_4      block  dx= -0.45cm dy= -1.36cm dtheta=  -6.5deg  OK
  obj_1      block  dx= -0.02cm dy= +0.12cm dtheta=  +1.0deg  OK
  robot      start  dx=+15.44cm dy= +1.84cm dtheta= +72.8deg  ..
----------------------------------------------------------------
OK band: +/-2.0cm, +/-10deg (display only). Enter = run checksum. Ctrl+C = quit.
  no checksum columns on this sheet, cannot verify the build.
[2J[Hcheck_build  rb_00182_mirror_x   20:46:58
----------------------------------------------------------------
  wall_10    brick  dx= -0.26cm dy= -0.07cm dtheta=  -0.1deg  OK
  wall_11    brick  dx= -0.46cm dy= +0.08cm dtheta=  -0.4deg  OK
  wall_9     brick  dx= -0.23cm dy= -0.04cm dtheta=  -1.2deg  OK
  obj_4      block  dx= +0.54cm dy= -0.35cm dtheta=  -2.3deg  OK
  obj_1      block  dx= -0.02cm dy= +0.12cm dtheta=  +1.1deg  OK
  robot      start  dx=+15.37cm dy= +1.90cm dtheta= +73.2deg  ..
----------------------------------------------------------------
OK band: +/-2.0cm, +/-10deg (display only). Enter = run checksum. Ctrl+C = quit.
[2J[Hcheck_build  rb_00182_mirror_x   20:46:58
----------------------------------------------------------------
  wall_10    brick  dx= -0.26cm dy= -0.07cm dtheta=  -0.2deg  OK
  wall_11    brick  dx= -0.44cm dy= +0.06cm dtheta=  -0.4deg  OK
  wall_9     brick  dx= -0.16cm dy= -0.08cm dtheta=  -1.3deg  OK
  obj_4      block  dx= +0.53cm dy= -0.35cm dtheta=  -1.2deg  OK
  obj_1      block  dx= -0.02cm dy= +0.12cm dtheta=  +1.0deg  OK
  robot      start  dx=+15.39cm dy= +1.87cm dtheta= +73.1deg  ..
----------------------------------------------------------------
OK band: +/-2.0cm, +/-10deg (display only). Enter = run checksum. Ctrl+C = quit.
[2J[Hcheck_build  rb_00182_mirror_x   20:46:59
----------------------------------------------------------------
  wall_10    brick  dx= -0.25cm dy= -0.07cm dtheta=  -0.1deg  OK
  wall_11    brick  dx= -0.45cm dy= +0.07cm dtheta=  -0.4deg  OK
  wall_9     brick  dx= -0.20cm dy= -0.06cm dtheta=  -1.1deg  OK
  obj_4      block  dx= -0.14cm dy= -0.20cm dtheta=  +1.9deg  OK
  obj_1      block  dx= -0.02cm dy= +0.12cm dtheta=  +1.0deg  OK
  robot      start  dx=+15.40cm dy= +1.87cm dtheta= +73.1deg  ..
----------------------------------------------------------------
OK band: +/-2.0cm, +/-10deg (display only). Enter = run checksum. Ctrl+C = quit.
[2J[Hcheck_build  rb_00182_mirror_x   20:46:59
----------------------------------------------------------------
  wall_10    brick  dx= -0.24cm dy= -0.06cm dtheta=  -0.2deg  OK
  wall_11    brick  dx= -0.46cm dy= +0.07cm dtheta=  -0.4deg  OK
  wall_9     brick  dx= -0.21cm dy= -0.06cm dtheta=  -1.4deg  OK
  obj_4      block  dx= -0.15cm dy= -0.11cm dtheta=  +0.0deg  OK
  obj_1      block  dx= -0.03cm dy= +0.12cm dtheta=  +1.0deg  OK
  robot      start  dx=+15.42cm dy= +1.84cm dtheta= +73.0deg  ..
----------------------------------------------------------------
OK band: +/-2.0cm, +/-10deg (display only). Enter = run checksum. Ctrl+C = quit.
[2J[Hcheck_build  rb_00182_mirror_x   20:47:00
----------------------------------------------------------------
  wall_10    brick  dx= -0.24cm dy= -0.06cm dtheta=  -0.3deg  OK
  wall_11    brick  dx= -0.44cm dy= +0.06cm dtheta=  -0.4deg  OK
  wall_9     brick  dx= -0.26cm dy= -0.03cm dtheta=  -1.4deg  OK
  obj_4      block  dx= -0.16cm dy= -0.17cm dtheta=  -0.0deg  OK
  obj_1      block  dx= -0.02cm dy= +0.12cm dtheta=  +1.1deg  OK
  robot      start  dx=+15.47cm dy= +1.81cm dtheta= +72.7deg  ..
----------------------------------------------------------------
OK band: +/-2.0cm, +/-10deg (display only). Enter = run checksum. Ctrl+C = quit.
[2J[Hcheck_build  rb_00182_mirror_x   20:47:00
----------------------------------------------------------------
  wall_10    brick  dx= -0.25cm dy= -0.06cm dtheta=  -0.2deg  OK
  wall_11    brick  dx= -0.46cm dy= +0.06cm dtheta=  -0.4deg  OK
  wall_9     brick  dx= -0.20cm dy= -0.06cm dtheta=  -1.2deg  OK
  obj_4      block  dx= -0.15cm dy= -0.21cm dtheta=  +1.3deg  OK
  obj_1      block  dx= -0.02cm dy= +0.12cm dtheta=  +1.1deg  OK
  robot      start  dx=+15.39cm dy= +1.87cm dtheta= +73.0deg  ..
----------------------------------------------------------------
OK band: +/-2.0cm, +/-10deg (display only). Enter = run checksum. Ctrl+C = quit.
[2J[Hcheck_build  rb_00182_mirror_x   20:47:01
----------------------------------------------------------------
  wall_10    brick  dx= -0.21cm dy= -0.05cm dtheta=  -0.3deg  OK
  wall_11    brick  dx= -0.42cm dy= +0.05cm dtheta=  -0.4deg  OK
  wall_9     brick  dx= -0.15cm dy= -0.08cm dtheta=  -1.4deg  OK
  obj_4      block  dx= -0.13cm dy= -0.11cm dtheta=  +0.1deg  OK
  obj_1      block  dx= -0.01cm dy= +0.13cm dtheta=  +0.9deg  OK
  robot      start  dx=+15.43cm dy= +1.86cm dtheta= +73.0deg  ..
----------------------------------------------------------------
OK band: +/-2.0cm, +/-10deg (display only). Enter = run checksum. Ctrl+C = quit.
[2J[Hcheck_build  rb_00182_mirror_x   20:47:01
----------------------------------------------------------------
  wall_10    brick  dx= -0.28cm dy= -0.06cm dtheta=  -0.3deg  OK
  wall_11    brick  dx= -0.48cm dy= +0.10cm dtheta=  -0.2deg  OK
  wall_9     brick  dx= -0.28cm dy= -0.01cm dtheta=  -1.3deg  OK
  obj_4      block  dx= -0.15cm dy= -0.16cm dtheta=  +1.7deg  OK
  obj_1      block  dx= -0.02cm dy= +0.13cm dtheta=  +1.1deg  OK
  robot      start  dx=+15.43cm dy= +1.85cm dtheta= +72.6deg  ..
----------------------------------------------------------------
OK band: +/-2.0cm, +/-10deg (display only). Enter = run checksum. Ctrl+C = quit.
[2J[Hcheck_build  rb_00182_mirror_x   20:47:02
----------------------------------------------------------------
  wall_10    brick  dx= -0.22cm dy= -0.06cm dtheta=  -0.2deg  OK
  wall_11    brick  dx= -0.43cm dy= +0.07cm dtheta=  -0.4deg  OK
  wall_9     brick  dx= -0.18cm dy= -0.06cm dtheta=  -1.2deg  OK
  obj_4      block  dx= -0.14cm dy= -0.19cm dtheta=  +1.6deg  OK
  obj_1      block  dx= +0.01cm dy= +0.10cm dtheta=  +0.2deg  OK
  robot      start  dx=+15.49cm dy= +1.81cm dtheta= +72.9deg  ..
----------------------------------------------------------------
OK band: +/-2.0cm, +/-10deg (display only). Enter = run checksum. Ctrl+C = quit.
[2J[Hcheck_build  rb_00182_mirror_x   20:47:02
----------------------------------------------------------------
  wall_10    brick  dx= -0.24cm dy= -0.07cm dtheta=  -0.2deg  OK
  wall_11    brick  dx= -0.42cm dy= +0.05cm dtheta=  -0.5deg  OK
  wall_9     brick  dx= -0.23cm dy= -0.04cm dtheta=  -1.1deg  OK
  obj_4      block  dx= -0.12cm dy= -0.23cm dtheta=  +0.9deg  OK
  obj_1      block  dx= +0.00cm dy= +0.10cm dtheta=  +0.1deg  OK
  robot      start  dx=+15.46cm dy= +1.83cm dtheta= +73.0deg  ..
----------------------------------------------------------------
OK band: +/-2.0cm, +/-10deg (display only). Enter = run checksum. Ctrl+C = quit.
[2J[Hcheck_build  rb_00182_mirror_x   20:47:03
----------------------------------------------------------------
  wall_10    brick  dx= -0.26cm dy= -0.08cm dtheta=  -0.2deg  OK
  wall_11    brick  dx= -0.43cm dy= +0.06cm dtheta=  -0.5deg  OK
  wall_9     brick  dx= -0.18cm dy= -0.06cm dtheta=  -1.1deg  OK
  obj_4      block  dx= -0.12cm dy= -0.22cm dtheta=  +0.8deg  OK
  obj_1      block  dx= +0.00cm dy= +0.11cm dtheta=  +0.8deg  OK
  robot      start  dx=+15.47cm dy= +1.82cm dtheta= +72.9deg  ..
----------------------------------------------------------------
OK band: +/-2.0cm, +/-10deg (display only). Enter = run checksum. Ctrl+C = quit.
  no checksum columns on this sheet, cannot verify the build.
[2J[Hcheck_build  rb_00182_mirror_x   20:47:03
----------------------------------------------------------------
  wall_10    brick  dx= -0.25cm dy= -0.08cm dtheta=  -0.2deg  OK
  wall_11    brick  dx= -0.43cm dy= +0.06cm dtheta=  -0.5deg  OK
  wall_9     brick  dx= -0.15cm dy= -0.08cm dtheta=  -1.2deg  OK
  obj_4      block  dx= -0.11cm dy= -0.19cm dtheta=  +0.1deg  OK
  obj_1      block  dx= +0.00cm dy= +0.10cm dtheta=  +0.2deg  OK
  robot      start  dx=+15.46cm dy= +1.84cm dtheta= +73.0deg  ..
----------------------------------------------------------------
OK band: +/-2.0cm, +/-10deg (display only). Enter = run checksum. Ctrl+C = quit.
[2J[Hcheck_build  rb_00182_mirror_x   20:47:04
----------------------------------------------------------------
  wall_10    brick  dx= -0.24cm dy= -0.07cm dtheta=  -0.2deg  OK
  wall_11    brick  dx= -0.44cm dy= +0.07cm dtheta=  -0.4deg  OK
  wall_9     brick  dx= -0.24cm dy= -0.04cm dtheta=  -1.2deg  OK
  obj_4      block  dx= -0.12cm dy= -0.18cm dtheta=  -0.2deg  OK
  obj_1      block  dx= +0.01cm dy= +0.09cm dtheta=  -0.0deg  OK
  robot      start  dx=+15.47cm dy= +1.83cm dtheta= +73.0deg  ..
----------------------------------------------------------------
OK band: +/-2.0cm, +/-10deg (display only). Enter = run checksum. Ctrl+C = quit.
[2J[Hcheck_build  rb_00182_mirror_x   20:47:04
----------------------------------------------------------------
  wall_10    brick  dx= -0.25cm dy= -0.08cm dtheta=  -0.3deg  OK
  wall_11    brick  dx= -0.44cm dy= +0.07cm dtheta=  -0.5deg  OK
  wall_9     brick  dx= -0.18cm dy= -0.07cm dtheta=  -1.3deg  OK
  obj_4      block  dx= -0.12cm dy= -0.18cm dtheta=  -0.0deg  OK
  obj_1      block  dx= +0.00cm dy= +0.11cm dtheta=  +0.8deg  OK
  robot      start  dx=+15.13cm dy= +2.17cm dtheta= +59.6deg  ..
----------------------------------------------------------------
OK band: +/-2.0cm, +/-10deg (display only). Enter = run checksum. Ctrl+C = quit.
[2J[Hcheck_build  rb_00182_mirror_x   20:47:05
----------------------------------------------------------------
  wall_10    brick  dx= -0.25cm dy= -0.08cm dtheta=  -0.3deg  OK
  wall_11    brick  dx= -0.44cm dy= +0.07cm dtheta=  -0.5deg  OK
  wall_9     brick  dx= -0.18cm dy= -0.07cm dtheta=  -1.3deg  OK
  obj_4      block  dx= -0.12cm dy= -0.18cm dtheta=  -0.0deg  OK
  obj_1      block  dx= +0.00cm dy= +0.11cm dtheta=  +0.8deg  OK
  robot      start  dx=+15.13cm dy= +2.17cm dtheta= +59.6deg  ..
----------------------------------------------------------------
OK band: +/-2.0cm, +/-10deg (display only). Enter = run checksum. Ctrl+C = quit.
[2J[Hcheck_build  rb_00182_mirror_x   20:47:05
----------------------------------------------------------------
  wall_10    brick  dx= -0.25cm dy= -0.08cm dtheta=  -0.3deg  OK
  wall_11    brick  dx= -0.44cm dy= +0.07cm dtheta=  -0.5deg  OK
  wall_9     brick  dx= -0.18cm dy= -0.07cm dtheta=  -1.3deg  OK
  obj_4      block  dx= -0.12cm dy= -0.18cm dtheta=  -0.0deg  OK
  obj_1      block  dx= +0.00cm dy= +0.11cm dtheta=  +0.8deg  OK
  robot      start  dx=+15.13cm dy= +2.17cm dtheta= +59.6deg  ..
----------------------------------------------------------------
OK band: +/-2.0cm, +/-10deg (display only). Enter = run checksum. Ctrl+C = quit.
[2J[Hcheck_build  rb_00182_mirror_x   20:47:06
----------------------------------------------------------------
  wall_10    brick  dx= -0.25cm dy= -0.08cm dtheta=  -0.3deg  OK
  wall_11    brick  dx= -0.44cm dy= +0.07cm dtheta=  -0.5deg  OK
  wall_9     brick  dx= -0.18cm dy= -0.07cm dtheta=  -1.3deg  OK
  obj_4      block  dx= -0.12cm dy= -0.18cm dtheta=  -0.0deg  OK
  obj_1      block  dx= +0.00cm dy= +0.11cm dtheta=  +0.8deg  OK
  robot      start  dx=+15.13cm dy= +2.17cm dtheta= +59.6deg  ..
----------------------------------------------------------------
OK band: +/-2.0cm, +/-10deg (display only). Enter = run checksum. Ctrl+C = quit.
[2J[Hcheck_build  rb_00182_mirror_x   20:47:06
----------------------------------------------------------------
  wall_10    brick  dx= -0.25cm dy= -0.08cm dtheta=  -0.3deg  OK
  wall_11    brick  dx= -0.44cm dy= +0.07cm dtheta=  -0.5deg  OK
  wall_9     brick  dx= -0.18cm dy= -0.07cm dtheta=  -1.3deg  OK
  obj_4      block  dx= -0.12cm dy= -0.18cm dtheta=  -0.0deg  OK
  obj_1      block  dx= +0.00cm dy= +0.11cm dtheta=  +0.8deg  OK
  robot      start  dx=+15.13cm dy= +2.17cm dtheta= +59.6deg  ..
----------------------------------------------------------------
OK band: +/-2.0cm, +/-10deg (display only). Enter = run checksum. Ctrl+C = quit.
[2J[Hcheck_build  rb_00182_mirror_x   20:47:07
----------------------------------------------------------------
  wall_10    brick  dx= -0.25cm dy= -0.08cm dtheta=  -0.3deg  OK
  wall_11    brick  dx= -0.44cm dy= +0.07cm dtheta=  -0.5deg  OK
  wall_9     brick  dx= -0.18cm dy= -0.07cm dtheta=  -1.3deg  OK
  obj_4      block  dx= -0.12cm dy= -0.18cm dtheta=  -0.0deg  OK
  obj_1      block  dx= +0.00cm dy= +0.11cm dtheta=  +0.8deg  OK
  robot      start  dx=+15.13cm dy= +2.17cm dtheta= +59.6deg  ..
----------------------------------------------------------------
OK band: +/-2.0cm, +/-10deg (display only). Enter = run checksum. Ctrl+C = quit.
[2J[Hcheck_build  rb_00182_mirror_x   20:47:07
----------------------------------------------------------------
  wall_10    brick  dx= -0.25cm dy= -0.08cm dtheta=  -0.3deg  OK
  wall_11    brick  dx= -0.44cm dy= +0.07cm dtheta=  -0.5deg  OK
  wall_9     brick  dx= -0.18cm dy= -0.07cm dtheta=  -1.3deg  OK
  obj_4      block  dx= -0.12cm dy= -0.18cm dtheta=  -0.0deg  OK
  obj_1      block  dx= +0.00cm dy= +0.11cm dtheta=  +0.8deg  OK
  robot      start  dx=+15.13cm dy= +2.17cm dtheta= +59.6deg  ..
----------------------------------------------------------------
OK band: +/-2.0cm, +/-10deg (display only). Enter = run checksum. Ctrl+C = quit.
[2J[Hcheck_build  rb_00182_mirror_x   20:47:08
----------------------------------------------------------------
  wall_10    brick  dx= -0.25cm dy= -0.08cm dtheta=  -0.3deg  OK
  wall_11    brick  dx= -0.44cm dy= +0.07cm dtheta=  -0.5deg  OK
  wall_9     brick  dx= -0.18cm dy= -0.07cm dtheta=  -1.3deg  OK
  obj_4      block  dx= -0.12cm dy= -0.18cm dtheta=  -0.0deg  OK
  obj_1      block  dx= +0.00cm dy= +0.11cm dtheta=  +0.8deg  OK
  robot      start  dx=+15.13cm dy= +2.17cm dtheta= +59.6deg  ..
----------------------------------------------------------------
OK band: +/-2.0cm, +/-10deg (display only). Enter = run checksum. Ctrl+C = quit.
[2J[Hcheck_build  rb_00182_mirror_x   20:47:08
----------------------------------------------------------------
  wall_10    brick  dx= -0.25cm dy= -0.08cm dtheta=  -0.3deg  OK
  wall_11    brick  dx= -0.44cm dy= +0.07cm dtheta=  -0.5deg  OK
  wall_9     brick  dx= -0.18cm dy= -0.07cm dtheta=  -1.3deg  OK
  obj_4      block  dx= -0.12cm dy= -0.18cm dtheta=  -0.0deg  OK
  obj_1      block  dx= +0.00cm dy= +0.11cm dtheta=  +0.8deg  OK
  robot      start  dx=+15.13cm dy= +2.17cm dtheta= +59.6deg  ..
----------------------------------------------------------------
OK band: +/-2.0cm, +/-10deg (display only). Enter = run checksum. Ctrl+C = quit.
  no checksum columns on this sheet, cannot verify the build.
[2J[Hcheck_build  rb_00182_mirror_x   20:47:09
----------------------------------------------------------------
  wall_10    brick  dx= -0.25cm dy= -0.08cm dtheta=  -0.3deg  OK
  wall_11    brick  dx= -0.44cm dy= +0.07cm dtheta=  -0.5deg  OK
  wall_9     brick  dx= -0.18cm dy= -0.07cm dtheta=  -1.3deg  OK
  obj_4      block  dx= -0.12cm dy= -0.18cm dtheta=  -0.0deg  OK
  obj_1      block  dx= +0.00cm dy= +0.11cm dtheta=  +0.8deg  OK
  robot      start  dx=+15.13cm dy= +2.17cm dtheta= +59.6deg  ..
----------------------------------------------------------------
OK band: +/-2.0cm, +/-10deg (display only). Enter = run checksum. Ctrl+C = quit.
[2J[Hcheck_build  rb_00182_mirror_x   20:47:09
----------------------------------------------------------------
  wall_10    brick  dx= -0.25cm dy= -0.08cm dtheta=  -0.3deg  OK
  wall_11    brick  dx= -0.44cm dy= +0.07cm dtheta=  -0.5deg  OK
  wall_9     brick  dx= -0.18cm dy= -0.07cm dtheta=  -1.3deg  OK
  obj_4      block  dx= -0.12cm dy= -0.18cm dtheta=  -0.0deg  OK
  obj_1      block  dx= +0.00cm dy= +0.11cm dtheta=  +0.8deg  OK
  robot      start  dx=+15.13cm dy= +2.17cm dtheta= +59.6deg  ..
----------------------------------------------------------------
OK band: +/-2.0cm, +/-10deg (display only). Enter = run checksum. Ctrl+C = quit.
[2J[Hcheck_build  rb_00182_mirror_x   20:47:10
----------------------------------------------------------------
  wall_10    brick  dx= -0.25cm dy= -0.08cm dtheta=  -0.3deg  OK
  wall_11    brick  dx= -0.44cm dy= +0.07cm dtheta=  -0.5deg  OK
  wall_9     brick  dx= -0.18cm dy= -0.07cm dtheta=  -1.3deg  OK
  obj_4      block  dx= -0.12cm dy= -0.18cm dtheta=  -0.0deg  OK
  obj_1      block  dx= +0.00cm dy= +0.11cm dtheta=  +0.8deg  OK
  robot      start  dx=+15.13cm dy= +2.17cm dtheta= +59.6deg  ..
----------------------------------------------------------------
OK band: +/-2.0cm, +/-10deg (display only). Enter = run checksum. Ctrl+C = quit.
[2J[Hcheck_build  rb_00182_mirror_x   20:47:10
----------------------------------------------------------------
  wall_10    brick  dx= -0.25cm dy= -0.08cm dtheta=  -0.3deg  OK
  wall_11    brick  dx= -0.44cm dy= +0.07cm dtheta=  -0.5deg  OK
  wall_9     brick  dx= -0.18cm dy= -0.07cm dtheta=  -1.3deg  OK
  obj_4      block  dx= -0.12cm dy= -0.18cm dtheta=  -0.0deg  OK
  obj_1      block  dx= +0.00cm dy= +0.11cm dtheta=  +0.8deg  OK
  robot      start  dx=+15.13cm dy= +2.17cm dtheta= +59.6deg  ..
----------------------------------------------------------------
OK band: +/-2.0cm, +/-10deg (display only). Enter = run checksum. Ctrl+C = quit.
[2J[Hcheck_build  rb_00182_mirror_x   20:47:11
----------------------------------------------------------------
  wall_10    brick  dx= -0.25cm dy= -0.08cm dtheta=  -0.3deg  OK
  wall_11    brick  dx= -0.44cm dy= +0.07cm dtheta=  -0.5deg  OK
  wall_9     brick  dx= -0.18cm dy= -0.07cm dtheta=  -1.3deg  OK
  obj_4      block  dx= -0.12cm dy= -0.18cm dtheta=  -0.0deg  OK
  obj_1      block  dx= +0.00cm dy= +0.11cm dtheta=  +0.8deg  OK
  robot      start  dx=+15.13cm dy= +2.17cm dtheta= +59.6deg  ..
----------------------------------------------------------------
OK band: +/-2.0cm, +/-10deg (display only). Enter = run checksum. Ctrl+C = quit.
[2J[Hcheck_build  rb_00182_mirror_x   20:47:11
----------------------------------------------------------------
  wall_10    brick  dx= -0.25cm dy= -0.08cm dtheta=  -0.3deg  OK
  wall_11    brick  dx= -0.44cm dy= +0.07cm dtheta=  -0.5deg  OK
  wall_9     brick  dx= -0.18cm dy= -0.07cm dtheta=  -1.3deg  OK
  obj_4      block  dx= -0.12cm dy= -0.18cm dtheta=  -0.0deg  OK
  obj_1      block  dx= +0.00cm dy= +0.11cm dtheta=  +0.8deg  OK
  robot      start  dx=+15.13cm dy= +2.17cm dtheta= +59.6deg  ..
----------------------------------------------------------------
OK band: +/-2.0cm, +/-10deg (display only). Enter = run checksum. Ctrl+C = quit.
[2J[Hcheck_build  rb_00182_mirror_x   20:47:12
----------------------------------------------------------------
  wall_10    brick  dx= -0.25cm dy= -0.08cm dtheta=  -0.3deg  OK
  wall_11    brick  dx= -0.44cm dy= +0.07cm dtheta=  -0.5deg  OK
  wall_9     brick  dx= -0.18cm dy= -0.07cm dtheta=  -1.3deg  OK
  obj_4      block  dx= -0.12cm dy= -0.18cm dtheta=  -0.0deg  OK
  obj_1      block  dx= +0.00cm dy= +0.11cm dtheta=  +0.8deg  OK
  robot      start  dx=+15.13cm dy= +2.17cm dtheta= +59.6deg  ..
----------------------------------------------------------------
OK band: +/-2.0cm, +/-10deg (display only). Enter = run checksum. Ctrl+C = quit.
[2J[Hcheck_build  rb_00182_mirror_x   20:47:12
----------------------------------------------------------------
  wall_10    brick  dx= -0.25cm dy= -0.08cm dtheta=  -0.3deg  OK
  wall_11    brick  dx= -0.44cm dy= +0.07cm dtheta=  -0.5deg  OK
  wall_9     brick  dx= -0.18cm dy= -0.07cm dtheta=  -1.3deg  OK
  obj_4      block  dx= -0.12cm dy= -0.18cm dtheta=  -0.0deg  OK
  obj_1      block  dx= +0.00cm dy= +0.11cm dtheta=  +0.8deg  OK
  robot      start  dx=+15.13cm dy= +2.17cm dtheta= +59.6deg  ..
----------------------------------------------------------------
OK band: +/-2.0cm, +/-10deg (display only). Enter = run checksum. Ctrl+C = quit.
[2J[Hcheck_build  rb_00182_mirror_x   20:47:13
----------------------------------------------------------------
  wall_10    brick  dx= -0.25cm dy= -0.08cm dtheta=  -0.3deg  OK
  wall_11    brick  dx= -0.44cm dy= +0.07cm dtheta=  -0.5deg  OK
  wall_9     brick  dx= -0.18cm dy= -0.07cm dtheta=  -1.3deg  OK
  obj_4      block  dx= -0.12cm dy= -0.18cm dtheta=  -0.0deg  OK
  obj_1      block  dx= +0.00cm dy= +0.11cm dtheta=  +0.8deg  OK
  robot      start  dx=+15.13cm dy= +2.17cm dtheta= +59.6deg  ..
----------------------------------------------------------------
OK band: +/-2.0cm, +/-10deg (display only). Enter = run checksum. Ctrl+C = quit.
[2J[Hcheck_build  rb_00182_mirror_x   20:47:13
----------------------------------------------------------------
  wall_10    brick  dx= -0.25cm dy= -0.08cm dtheta=  -0.3deg  OK
  wall_11    brick  dx= -0.44cm dy= +0.07cm dtheta=  -0.5deg  OK
  wall_9     brick  dx= -0.18cm dy= -0.07cm dtheta=  -1.3deg  OK
  obj_4      block  dx= -0.12cm dy= -0.18cm dtheta=  -0.0deg  OK
  obj_1      block  dx= +0.00cm dy= +0.11cm dtheta=  +0.8deg  OK
  robot      start  dx=+15.13cm dy= +2.17cm dtheta= +59.6deg  ..
----------------------------------------------------------------
OK band: +/-2.0cm, +/-10deg (display only). Enter = run checksum. Ctrl+C = quit.
  no checksum columns on this sheet, cannot verify the build.
[2J[Hcheck_build  rb_00182_mirror_x   20:47:14
----------------------------------------------------------------
  wall_10    brick  dx= -0.25cm dy= -0.08cm dtheta=  -0.3deg  OK
  wall_11    brick  dx= -0.44cm dy= +0.07cm dtheta=  -0.5deg  OK
  wall_9     brick  dx= -0.18cm dy= -0.07cm dtheta=  -1.3deg  OK
  obj_4      block  dx= -0.12cm dy= -0.18cm dtheta=  -0.0deg  OK
  obj_1      block  dx= +0.00cm dy= +0.11cm dtheta=  +0.8deg  OK
  robot      start  dx=+15.13cm dy= +2.17cm dtheta= +59.6deg  ..
----------------------------------------------------------------
OK band: +/-2.0cm, +/-10deg (display only). Enter = run checksum. Ctrl+C = quit.
[2J[Hcheck_build  rb_00182_mirror_x   20:47:14
----------------------------------------------------------------
  wall_10    brick  dx= -0.25cm dy= -0.08cm dtheta=  -0.2deg  OK
  wall_11    brick  dx= -0.44cm dy= +0.07cm dtheta=  -0.5deg  OK
  wall_9     brick  dx= -0.16cm dy= -0.08cm dtheta=  -1.2deg  OK
  obj_4      block  dx= -0.12cm dy= -0.17cm dtheta=  -0.1deg  OK
  obj_1      block  dx= +0.00cm dy= +0.11cm dtheta=  +0.8deg  OK
  robot      start  dx=-10.67cm dy= -1.21cm dtheta= -87.3deg  ..
----------------------------------------------------------------
OK band: +/-2.0cm, +/-10deg (display only). Enter = run checksum. Ctrl+C = quit.
[2J[Hcheck_build  rb_00182_mirror_x   20:47:15
----------------------------------------------------------------
  wall_10    brick  dx= -0.25cm dy= -0.08cm dtheta=  -0.2deg  OK
  wall_11    brick  dx= -0.44cm dy= +0.07cm dtheta=  -0.4deg  OK
  wall_9     brick  dx= -0.18cm dy= -0.07cm dtheta=  -1.2deg  OK
  obj_4      block  dx= -0.12cm dy= -0.16cm dtheta=  -0.2deg  OK
  obj_1      block  dx= +0.01cm dy= +0.09cm dtheta=  +0.1deg  OK
  robot      start  dx=-10.64cm dy= -1.38cm dtheta= -89.2deg  ..
----------------------------------------------------------------
OK band: +/-2.0cm, +/-10deg (display only). Enter = run checksum. Ctrl+C = quit.
[2J[Hcheck_build  rb_00182_mirror_x   20:47:15
----------------------------------------------------------------
  wall_10    brick  dx= -0.27cm dy= -0.09cm dtheta=  -0.2deg  OK
  wall_11    brick  dx= -0.43cm dy= +0.07cm dtheta=  -0.5deg  OK
  wall_9     brick  dx= -0.17cm dy= -0.07cm dtheta=  -1.2deg  OK
  obj_4      block  dx= -0.13cm dy= -0.21cm dtheta=  +1.3deg  OK
  obj_1      block  dx= +0.01cm dy= +0.09cm dtheta=  +0.1deg  OK
  robot      start  dx= -9.99cm dy= -1.99cm dtheta=-104.2deg  ..
----------------------------------------------------------------
OK band: +/-2.0cm, +/-10deg (display only). Enter = run checksum. Ctrl+C = quit.
[2J[Hcheck_build  rb_00182_mirror_x   20:47:16
----------------------------------------------------------------
  wall_10    brick  dx= -0.25cm dy= -0.08cm dtheta=  -0.2deg  OK
  wall_11    brick  dx= -0.43cm dy= +0.06cm dtheta=  -0.5deg  OK
  wall_9     brick  dx= -0.16cm dy= -0.08cm dtheta=  -1.2deg  OK
  obj_4      block  dx= -0.12cm dy= -0.17cm dtheta=  +0.1deg  OK
  obj_1      block  dx= -0.00cm dy= +0.11cm dtheta=  +0.9deg  OK
  robot      start  dx= -4.55cm dy= -3.51cm dtheta=-135.4deg  ..
----------------------------------------------------------------
OK band: +/-2.0cm, +/-10deg (display only). Enter = run checksum. Ctrl+C = quit.
[2J[Hcheck_build  rb_00182_mirror_x   20:47:16
----------------------------------------------------------------
  wall_10    brick  dx= -0.26cm dy= -0.09cm dtheta=  -0.2deg  OK
  wall_11    brick  dx= -0.43cm dy= +0.06cm dtheta=  -0.4deg  OK
  wall_9     brick  dx= -0.18cm dy= -0.06cm dtheta=  -1.2deg  OK
  obj_4      block  dx= -0.12cm dy= -0.18cm dtheta=  -0.1deg  OK
  obj_1      block  dx= +0.00cm dy= +0.11cm dtheta=  +0.8deg  OK
  robot      start  dx= -5.18cm dy= -1.41cm dtheta=-134.7deg  ..
----------------------------------------------------------------
OK band: +/-2.0cm, +/-10deg (display only). Enter = run checksum. Ctrl+C = quit.
[2J[Hcheck_build  rb_00182_mirror_x   20:47:17
----------------------------------------------------------------
  wall_10    brick  dx= -0.25cm dy= -0.08cm dtheta=  -0.2deg  OK
  wall_11    brick  dx= -0.43cm dy= +0.06cm dtheta=  -0.5deg  OK
  wall_9     brick  dx= -0.16cm dy= -0.08cm dtheta=  -1.2deg  OK
  obj_4      block  dx= -0.12cm dy= -0.17cm dtheta=  +0.1deg  OK
  obj_1      block  dx= +0.01cm dy= +0.10cm dtheta=  +0.8deg  OK
  robot      start  dx= -3.19cm dy= +0.11cm dtheta=-135.7deg  ..
----------------------------------------------------------------
OK band: +/-2.0cm, +/-10deg (display only). Enter = run checksum. Ctrl+C = quit.
[2J[Hcheck_build  rb_00182_mirror_x   20:47:17
----------------------------------------------------------------
  wall_10    brick  dx= -0.25cm dy= -0.08cm dtheta=  -0.2deg  OK
  wall_11    brick  dx= -0.42cm dy= +0.05cm dtheta=  -0.5deg  OK
  wall_9     brick  dx= -0.16cm dy= -0.08cm dtheta=  -1.1deg  OK
  obj_4      block  dx= -0.12cm dy= -0.17cm dtheta=  -0.3deg  OK
  obj_1      block  dx= +0.00cm dy= +0.10cm dtheta=  +0.1deg  OK
  robot      start  dx= -3.39cm dy= -0.13cm dtheta=-137.0deg  ..
----------------------------------------------------------------
OK band: +/-2.0cm, +/-10deg (display only). Enter = run checksum. Ctrl+C = quit.
[2J[Hcheck_build  rb_00182_mirror_x   20:47:18
----------------------------------------------------------------
  wall_10    brick  dx= -0.25cm dy= -0.08cm dtheta=  -0.2deg  OK
  wall_11    brick  dx= -0.42cm dy= +0.05cm dtheta=  -0.5deg  OK
  wall_9     brick  dx= -0.16cm dy= -0.08cm dtheta=  -1.1deg  OK
  obj_4      block  dx= -0.12cm dy= -0.17cm dtheta=  -0.3deg  OK
  obj_1      block  dx= +0.00cm dy= +0.10cm dtheta=  +0.1deg  OK
  robot      start  dx= -3.39cm dy= -0.13cm dtheta=-137.0deg  ..
----------------------------------------------------------------
OK band: +/-2.0cm, +/-10deg (display only). Enter = run checksum. Ctrl+C = quit.
[2J[Hcheck_build  rb_00182_mirror_x   20:47:18
----------------------------------------------------------------
  wall_10    brick  dx= -0.25cm dy= -0.08cm dtheta=  -0.2deg  OK
  wall_11    brick  dx= -0.44cm dy= +0.07cm dtheta=  -0.5deg  OK
  wall_9     brick  dx= -0.20cm dy= -0.06cm dtheta=  -1.2deg  OK
  obj_4      block  dx= -0.12cm dy= -0.23cm dtheta=  +1.2deg  OK
  obj_1      block  dx= -0.00cm dy= +0.11cm dtheta=  +0.8deg  OK
  robot      start  dx= -2.18cm dy= +0.36cm dtheta=-141.6deg  ..
----------------------------------------------------------------
OK band: +/-2.0cm, +/-10deg (display only). Enter = run checksum. Ctrl+C = quit.
[2J[Hcheck_build  rb_00182_mirror_x   20:47:19
----------------------------------------------------------------
  wall_10    brick  dx= -0.26cm dy= -0.08cm dtheta=  -0.3deg  OK
  wall_11    brick  dx= -0.44cm dy= +0.07cm dtheta=  -0.5deg  OK
  wall_9     brick  dx= -0.18cm dy= -0.07cm dtheta=  -1.3deg  OK
  obj_4      block  dx= -0.12cm dy= -0.19cm dtheta=  -0.0deg  OK
  obj_1      block  dx= +0.01cm dy= +0.10cm dtheta=  +0.1deg  OK
  robot      start  dx= -1.82cm dy= -0.45cm dtheta=-144.8deg  ..
----------------------------------------------------------------
OK band: +/-2.0cm, +/-10deg (display only). Enter = run checksum. Ctrl+C = quit.
  no checksum columns on this sheet, cannot verify the build.
[2J[Hcheck_build  rb_00182_mirror_x   20:47:19
----------------------------------------------------------------
  wall_10    brick  dx= -0.24cm dy= -0.07cm dtheta=  -0.2deg  OK
  wall_11    brick  dx= -0.44cm dy= +0.07cm dtheta=  -0.5deg  OK
  wall_9     brick  dx= -0.17cm dy= -0.07cm dtheta=  -1.2deg  OK
  obj_4      block  dx= -0.12cm dy= -0.17cm dtheta=  -0.2deg  OK
  obj_1      block  dx= +0.01cm dy= +0.10cm dtheta=  +0.7deg  OK
  robot      start  dx= -1.54cm dy= -1.05cm dtheta=-141.8deg  ..
----------------------------------------------------------------
OK band: +/-2.0cm, +/-10deg (display only). Enter = run checksum. Ctrl+C = quit.
[2J[Hcheck_build  rb_00182_mirror_x   20:47:20
----------------------------------------------------------------
  wall_10    brick  dx= -0.26cm dy= -0.08cm dtheta=  -0.2deg  OK
  wall_11    brick  dx= -0.44cm dy= +0.07cm dtheta=  -0.4deg  OK
  wall_9     brick  dx= -0.14cm dy= -0.08cm dtheta=  -1.2deg  OK
  obj_4      block  dx= -0.12cm dy= -0.22cm dtheta=  +1.0deg  OK
  obj_1      block  dx= +0.00cm dy= +0.11cm dtheta=  +0.8deg  OK
  robot      start  dx= -1.17cm dy= +0.17cm dtheta=-143.0deg  ..
----------------------------------------------------------------
OK band: +/-2.0cm, +/-10deg (display only). Enter = run checksum. Ctrl+C = quit.
[2J[Hcheck_build  rb_00182_mirror_x   20:47:20
----------------------------------------------------------------
  wall_10    brick  dx= -0.27cm dy= -0.09cm dtheta=  -0.2deg  OK
  wall_11    brick  dx= -0.45cm dy= +0.07cm dtheta=  -0.4deg  OK
  wall_9     brick  dx= -0.17cm dy= -0.07cm dtheta=  -1.2deg  OK
  obj_4      block  dx= -0.12cm dy= -0.17cm dtheta=  -0.1deg  OK
  obj_1      block  dx= +0.01cm dy= +0.10cm dtheta=  +0.1deg  OK
  robot      start  dx= -0.64cm dy= -0.91cm dtheta=-142.0deg  ..
----------------------------------------------------------------
OK band: +/-2.0cm, +/-10deg (display only). Enter = run checksum. Ctrl+C = quit.
[2J[Hcheck_build  rb_00182_mirror_x   20:47:21
----------------------------------------------------------------
  wall_10    brick  dx= -0.27cm dy= -0.09cm dtheta=  -0.2deg  OK
  wall_11    brick  dx= -0.45cm dy= +0.07cm dtheta=  -0.4deg  OK
  wall_9     brick  dx= -0.17cm dy= -0.07cm dtheta=  -1.2deg  OK
  obj_4      block  dx= -0.12cm dy= -0.17cm dtheta=  -0.1deg  OK
  obj_1      block  dx= +0.01cm dy= +0.10cm dtheta=  +0.1deg  OK
  robot      start  dx= -0.64cm dy= -0.91cm dtheta=-142.0deg  ..
----------------------------------------------------------------
OK band: +/-2.0cm, +/-10deg (display only). Enter = run checksum. Ctrl+C = quit.
[2J[Hcheck_build  rb_00182_mirror_x   20:47:21
----------------------------------------------------------------
  wall_10    brick  dx= -0.27cm dy= -0.09cm dtheta=  -0.2deg  OK
  wall_11    brick  dx= -0.45cm dy= +0.07cm dtheta=  -0.4deg  OK
  wall_9     brick  dx= -0.17cm dy= -0.07cm dtheta=  -1.2deg  OK
  obj_4      block  dx= -0.12cm dy= -0.17cm dtheta=  -0.1deg  OK
  obj_1      block  dx= +0.01cm dy= +0.10cm dtheta=  +0.1deg  OK
  robot      start  dx= -0.64cm dy= -0.91cm dtheta=-142.0deg  ..
----------------------------------------------------------------
OK band: +/-2.0cm, +/-10deg (display only). Enter = run checksum. Ctrl+C = quit.
[2J[Hcheck_build  rb_00182_mirror_x   20:47:22
----------------------------------------------------------------
  wall_10    brick  dx= -0.24cm dy= -0.07cm dtheta=  -0.2deg  OK
  wall_11    brick  dx= -0.44cm dy= +0.07cm dtheta=  -0.5deg  OK
  wall_9     brick  dx= -0.19cm dy= -0.06cm dtheta=  -1.2deg  OK
  obj_4      block  dx= -0.12cm dy= -0.16cm dtheta=  -0.2deg  OK
  obj_1      block  dx= +0.00cm dy= +0.10cm dtheta=  +0.1deg  OK
  robot      start  dx= +0.28cm dy= +0.32cm dtheta=-142.9deg  ..
----------------------------------------------------------------
OK band: +/-2.0cm, +/-10deg (display only). Enter = run checksum. Ctrl+C = quit.
[2J[Hcheck_build  rb_00182_mirror_x   20:47:22
----------------------------------------------------------------
  wall_10    brick  dx= -0.26cm dy= -0.08cm dtheta=  -0.3deg  OK
  wall_11    brick  dx= -0.44cm dy= +0.07cm dtheta=  -0.4deg  OK
  wall_9     brick  dx= -0.23cm dy= -0.04cm dtheta=  -1.2deg  OK
  obj_4      block  dx= -0.12cm dy= -0.18cm dtheta=  +0.0deg  OK
  obj_1      block  dx= +0.01cm dy= +0.09cm dtheta=  +0.0deg  OK
  robot      start  dx= +0.29cm dy= +0.31cm dtheta=-143.0deg  ..
----------------------------------------------------------------
OK band: +/-2.0cm, +/-10deg (display only). Enter = run checksum. Ctrl+C = quit.
[2J[Hcheck_build  rb_00182_mirror_x   20:47:23
----------------------------------------------------------------
  wall_10    brick  dx= -0.25cm dy= -0.08cm dtheta=  -0.2deg  OK
  wall_11    brick  dx= -0.44cm dy= +0.07cm dtheta=  -0.4deg  OK
  wall_9     brick  dx= -0.19cm dy= -0.06cm dtheta=  -1.2deg  OK
  obj_4      block  dx= -0.12cm dy= -0.17cm dtheta=  -0.2deg  OK
  obj_1      block  dx= +0.00cm dy= +0.11cm dtheta=  +0.8deg  OK
  robot      start  dx= +0.27cm dy= +0.35cm dtheta=-143.1deg  ..
----------------------------------------------------------------
OK band: +/-2.0cm, +/-10deg (display only). Enter = run checksum. Ctrl+C = quit.
[2J[Hcheck_build  rb_00182_mirror_x   20:47:23
----------------------------------------------------------------
  wall_10    brick  dx= -0.24cm dy= -0.07cm dtheta=  -0.2deg  OK
  wall_11    brick  dx= -0.41cm dy= +0.05cm dtheta=  -0.4deg  OK
  wall_9     brick  dx= -0.16cm dy= -0.08cm dtheta=  -1.1deg  OK
  obj_4      block  dx= -0.12cm dy= -0.17cm dtheta=  +1.1deg  OK
  obj_1      block  dx= -0.00cm dy= +0.11cm dtheta=  +0.1deg  OK
  robot      start  dx= +0.29cm dy= +0.29cm dtheta=-143.0deg  ..
----------------------------------------------------------------
OK band: +/-2.0cm, +/-10deg (display only). Enter = run checksum. Ctrl+C = quit.
[2J[Hcheck_build  rb_00182_mirror_x   20:47:24
----------------------------------------------------------------
  wall_10    brick  dx= -0.22cm dy= -0.06cm dtheta=  -0.2deg  OK
  wall_11    brick  dx= -0.42cm dy= +0.06cm dtheta=  -0.4deg  OK
  wall_9     brick  dx= -0.18cm dy= -0.07cm dtheta=  -1.1deg  OK
  obj_4      block  dx= -0.12cm dy= -0.24cm dtheta=  +1.0deg  OK
  obj_1      block  dx= -0.01cm dy= +0.11cm dtheta=  +0.8deg  OK
  robot      start  dx= +0.29cm dy= +0.30cm dtheta=-143.0deg  ..
----------------------------------------------------------------
OK band: +/-2.0cm, +/-10deg (display only). Enter = run checksum. Ctrl+C = quit.
[2J[Hcheck_build  rb_00182_mirror_x   20:47:24
----------------------------------------------------------------
  wall_10    brick  dx= -0.22cm dy= -0.06cm dtheta=  -0.2deg  OK
  wall_11    brick  dx= -0.42cm dy= +0.06cm dtheta=  -0.4deg  OK
  wall_9     brick  dx= -0.17cm dy= -0.07cm dtheta=  -1.2deg  OK
  obj_4      block  dx= -0.12cm dy= -0.23cm dtheta=  +1.0deg  OK
  obj_1      block  dx= +0.01cm dy= +0.11cm dtheta=  +0.8deg  OK
  robot      start  dx= +0.29cm dy= +0.30cm dtheta=-143.0deg  ..
----------------------------------------------------------------
OK band: +/-2.0cm, +/-10deg (display only). Enter = run checksum. Ctrl+C = quit.
  no checksum columns on this sheet, cannot verify the build.
[2J[Hcheck_build  rb_00182_mirror_x   20:47:25
----------------------------------------------------------------
  wall_10    brick  dx= -0.24cm dy= -0.07cm dtheta=  -0.2deg  OK
  wall_11    brick  dx= -0.42cm dy= +0.06cm dtheta=  -0.4deg  OK
  wall_9     brick  dx= -0.17cm dy= -0.07cm dtheta=  -1.3deg  OK
  obj_4      block  dx= -0.12cm dy= -0.17cm dtheta=  -0.2deg  OK
  obj_1      block  dx= -0.00cm dy= +0.11cm dtheta=  +0.8deg  OK
  robot      start  dx= +0.29cm dy= +0.29cm dtheta=-143.0deg  ..
----------------------------------------------------------------
OK band: +/-2.0cm, +/-10deg (display only). Enter = run checksum. Ctrl+C = quit.
[2J[Hcheck_build  rb_00182_mirror_x   20:47:25
----------------------------------------------------------------
  wall_10    brick  dx= -0.24cm dy= -0.07cm dtheta=  -0.3deg  OK
  wall_11    brick  dx= -0.42cm dy= +0.05cm dtheta=  -0.5deg  OK
  wall_9     brick  dx= -0.15cm dy= -0.08cm dtheta=  -1.3deg  OK
  obj_4      block  dx= -0.12cm dy= -0.21cm dtheta=  +1.3deg  OK
  obj_1      block  dx= +0.00cm dy= +0.11cm dtheta=  +0.8deg  OK
  robot      start  dx= +0.31cm dy= +0.27cm dtheta=-142.9deg  ..
----------------------------------------------------------------
OK band: +/-2.0cm, +/-10deg (display only). Enter = run checksum. Ctrl+C = quit.
[2J[Hcheck_build  rb_00182_mirror_x   20:47:26
----------------------------------------------------------------
  wall_10    brick  dx= -0.24cm dy= -0.07cm dtheta=  -0.2deg  OK
  wall_11    brick  dx= -0.42cm dy= +0.05cm dtheta=  -0.5deg  OK
  wall_9     brick  dx= -0.18cm dy= -0.06cm dtheta=  -1.2deg  OK
  obj_4      block  dx= -0.14cm dy= -0.19cm dtheta=  +1.7deg  OK
  obj_1      block  dx= -0.00cm dy= +0.11cm dtheta=  +0.8deg  OK
  robot      start  dx= +0.30cm dy= +0.27cm dtheta=-142.9deg  ..
----------------------------------------------------------------
OK band: +/-2.0cm, +/-10deg (display only). Enter = run checksum. Ctrl+C = quit.
[2J[Hcheck_build  rb_00182_mirror_x   20:47:26
----------------------------------------------------------------
  wall_10    brick  dx= -0.23cm dy= -0.07cm dtheta=  -0.2deg  OK
  wall_11    brick  dx= -0.42cm dy= +0.05cm dtheta=  -0.5deg  OK
  wall_9     brick  dx= -0.20cm dy= -0.06cm dtheta=  -1.1deg  OK
  obj_4      block  dx= -0.12cm dy= -0.24cm dtheta=  +0.9deg  OK
  obj_1      block  dx= +0.00cm dy= +0.11cm dtheta=  +0.8deg  OK
  robot      start  dx= +0.32cm dy= +0.25cm dtheta=-143.0deg  ..
----------------------------------------------------------------
OK band: +/-2.0cm, +/-10deg (display only). Enter = run checksum. Ctrl+C = quit.
[2J[Hcheck_build  rb_00182_mirror_x   20:47:27
----------------------------------------------------------------
  wall_10    brick  dx= -0.22cm dy= -0.06cm dtheta=  -0.2deg  OK
  wall_11    brick  dx= -0.42cm dy= +0.06cm dtheta=  -0.4deg  OK
  wall_9     brick  dx= -0.16cm dy= -0.08cm dtheta=  -1.1deg  OK
  obj_4      block  dx= -0.11cm dy= -0.23cm dtheta=  +0.5deg  OK
  obj_1      block  dx= -0.00cm dy= +0.11cm dtheta=  +0.8deg  OK
  robot      start  dx= +0.29cm dy= +0.29cm dtheta=-142.9deg  ..
----------------------------------------------------------------
OK band: +/-2.0cm, +/-10deg (display only). Enter = run checksum. Ctrl+C = quit.
[2J[Hcheck_build  rb_00182_mirror_x   20:47:27
----------------------------------------------------------------
  wall_10    brick  dx= -0.24cm dy= -0.07cm dtheta=  -0.3deg  OK
  wall_11    brick  dx= -0.42cm dy= +0.06cm dtheta=  -0.5deg  OK
  wall_9     brick  dx= -0.20cm dy= -0.06cm dtheta=  -1.1deg  OK
  obj_4      block  dx= -0.12cm dy= -0.18cm dtheta=  -0.2deg  OK
  obj_1      block  dx= -0.00cm dy= +0.11cm dtheta=  +0.8deg  OK
  robot      start  dx= +0.29cm dy= +0.29cm dtheta=-143.0deg  ..
----------------------------------------------------------------
OK band: +/-2.0cm, +/-10deg (display only). Enter = run checksum. Ctrl+C = quit.
[2J[Hcheck_build  rb_00182_mirror_x   20:47:28
----------------------------------------------------------------
  wall_10    brick  dx= -0.23cm dy= -0.07cm dtheta=  -0.2deg  OK
  wall_11    brick  dx= -0.42cm dy= +0.06cm dtheta=  -0.5deg  OK
  wall_9     brick  dx= -0.16cm dy= -0.07cm dtheta=  -1.2deg  OK
  obj_4      block  dx= -0.12cm dy= -0.22cm dtheta=  -0.4deg  OK
  obj_1      block  dx= -0.00cm dy= +0.10cm dtheta=  +0.2deg  OK
  robot      start  dx= +0.29cm dy= +0.31cm dtheta=-143.1deg  ..
----------------------------------------------------------------
OK band: +/-2.0cm, +/-10deg (display only). Enter = run checksum. Ctrl+C = quit.
[2J[Hcheck_build  rb_00182_mirror_x   20:47:28
----------------------------------------------------------------
  wall_10    brick  dx= -0.23cm dy= -0.07cm dtheta=  -0.3deg  OK
  wall_11    brick  dx= -0.41cm dy= +0.05cm dtheta=  -0.5deg  OK
  wall_9     brick  dx= -0.15cm dy= -0.08cm dtheta=  -1.3deg  OK
  obj_4      block  dx= -0.12cm dy= -0.23cm dtheta=  +1.3deg  OK
  obj_1      block  dx= -0.00cm dy= +0.10cm dtheta=  +0.1deg  OK
  robot      start  dx= +0.31cm dy= +0.26cm dtheta=-142.9deg  ..
----------------------------------------------------------------
OK band: +/-2.0cm, +/-10deg (display only). Enter = run checksum. Ctrl+C = quit.
[2J[Hcheck_build  rb_00182_mirror_x   20:47:29
----------------------------------------------------------------
  wall_10    brick  dx= -0.23cm dy= -0.07cm dtheta=  -0.2deg  OK
  wall_11    brick  dx= -0.42cm dy= +0.05cm dtheta=  -0.5deg  OK
  wall_9     brick  dx= -0.19cm dy= -0.06cm dtheta=  -1.2deg  OK
  obj_4      block  dx= -0.12cm dy= -0.18cm dtheta=  -0.3deg  OK
  obj_1      block  dx= -0.00cm dy= +0.11cm dtheta=  +0.8deg  OK
  robot      start  dx= +0.30cm dy= +0.28cm dtheta=-143.0deg  ..
----------------------------------------------------------------
OK band: +/-2.0cm, +/-10deg (display only). Enter = run checksum. Ctrl+C = quit.
[2J[Hcheck_build  rb_00182_mirror_x   20:47:29
----------------------------------------------------------------
  wall_10    brick  dx= -0.24cm dy= -0.07cm dtheta=  -0.2deg  OK
  wall_11    brick  dx= -0.42cm dy= +0.05cm dtheta=  -0.5deg  OK
  wall_9     brick  dx= -0.15cm dy= -0.08cm dtheta=  -1.2deg  OK
  obj_4      block  dx= -0.12cm dy= -0.22cm dtheta=  -0.3deg  OK
  obj_1      block  dx= +0.01cm dy= +0.10cm dtheta=  +0.8deg  OK
  robot      start  dx= +0.30cm dy= +0.28cm dtheta=-142.9deg  ..
----------------------------------------------------------------
OK band: +/-2.0cm, +/-10deg (display only). Enter = run checksum. Ctrl+C = quit.
[2J[Hcheck_build  rb_00182_mirror_x   20:47:30
----------------------------------------------------------------
  wall_10    brick  dx= -0.23cm dy= -0.07cm dtheta=  -0.2deg  OK
  wall_11    brick  dx= -0.42cm dy= +0.05cm dtheta=  -0.5deg  OK
  wall_9     brick  dx= -0.17cm dy= -0.07cm dtheta=  -1.2deg  OK
  obj_4      block  dx= -0.12cm dy= -0.18cm dtheta=  +0.0deg  OK
  obj_1      block  dx= +0.00cm dy= +0.11cm dtheta=  +0.9deg  OK
  robot      start  dx= +0.30cm dy= +0.28cm dtheta=-142.9deg  ..
----------------------------------------------------------------
OK band: +/-2.0cm, +/-10deg (display only). Enter = run checksum. Ctrl+C = quit.
  no checksum columns on this sheet, cannot verify the build.
[2J[Hcheck_build  rb_00182_mirror_x   20:47:30
----------------------------------------------------------------
  wall_10    brick  dx= -0.24cm dy= -0.07cm dtheta=  -0.2deg  OK
  wall_11    brick  dx= -0.43cm dy= +0.06cm dtheta=  -0.4deg  OK
  wall_9     brick  dx= -0.17cm dy= -0.07cm dtheta=  -1.3deg  OK
  obj_4      block  dx= -0.12cm dy= -0.17cm dtheta=  -0.1deg  OK
  obj_1      block  dx= +0.00cm dy= +0.11cm dtheta=  +0.8deg  OK
  robot      start  dx= +0.30cm dy= +0.27cm dtheta=-143.0deg  ..
----------------------------------------------------------------
OK band: +/-2.0cm, +/-10deg (display only). Enter = run checksum. Ctrl+C = quit.
[2J[Hcheck_build  rb_00182_mirror_x   20:47:31
----------------------------------------------------------------
  wall_10    brick  dx= -0.24cm dy= -0.07cm dtheta=  -0.2deg  OK
  wall_11    brick  dx= -0.42cm dy= +0.05cm dtheta=  -0.4deg  OK
  wall_9     brick  dx= -0.14cm dy= -0.09cm dtheta=  -1.3deg  OK
  obj_4      block  dx= -0.12cm dy= -0.21cm dtheta=  +0.8deg  OK
  obj_1      block  dx= +0.00cm dy= +0.11cm dtheta=  +0.8deg  OK
  robot      start  dx= +0.30cm dy= +0.29cm dtheta=-143.0deg  ..
----------------------------------------------------------------
OK band: +/-2.0cm, +/-10deg (display only). Enter = run checksum. Ctrl+C = quit.
[2J[Hcheck_build  rb_00182_mirror_x   20:47:31
----------------------------------------------------------------
  wall_10    brick  dx= -0.23cm dy= -0.07cm dtheta=  -0.2deg  OK
  wall_11    brick  dx= -0.41cm dy= +0.05cm dtheta=  -0.4deg  OK
  wall_9     brick  dx= -0.13cm dy= -0.09cm dtheta=  -1.2deg  OK
  obj_4      block  dx= -0.12cm dy= -0.17cm dtheta=  -0.0deg  OK
  obj_1      block  dx= -0.00cm dy= +0.11cm dtheta=  +0.8deg  OK
  robot      start  dx= +0.30cm dy= +0.27cm dtheta=-142.9deg  ..
----------------------------------------------------------------
OK band: +/-2.0cm, +/-10deg (display only). Enter = run checksum. Ctrl+C = quit.
[2J[Hcheck_build  rb_00182_mirror_x   20:47:32
----------------------------------------------------------------
  wall_10    brick  dx= -0.23cm dy= -0.07cm dtheta=  -0.3deg  OK
  wall_11    brick  dx= -0.43cm dy= +0.06cm dtheta=  -0.4deg  OK
  wall_9     brick  dx= -0.15cm dy= -0.08cm dtheta=  -1.3deg  OK
  obj_4      block  dx= -0.12cm dy= -0.18cm dtheta=  -0.1deg  OK
  obj_1      block  dx= +0.00cm dy= +0.10cm dtheta=  -0.1deg  OK
  robot      start  dx= +0.29cm dy= +0.30cm dtheta=-143.0deg  ..
----------------------------------------------------------------
OK band: +/-2.0cm, +/-10deg (display only). Enter = run checksum. Ctrl+C = quit.
[2J[Hcheck_build  rb_00182_mirror_x   20:47:32
----------------------------------------------------------------
  wall_10    brick  dx= -0.24cm dy= -0.07cm dtheta=  -0.4deg  OK
  wall_11    brick  dx= -0.43cm dy= +0.06cm dtheta=  -0.5deg  OK
  wall_9     brick  dx= -0.15cm dy= -0.08cm dtheta=  -1.2deg  OK
  obj_4      block  dx= -0.12cm dy= -0.22cm dtheta=  +1.4deg  OK
  obj_1      block  dx= +0.01cm dy= +0.10cm dtheta=  +0.1deg  OK
  robot      start  dx= +0.29cm dy= +0.30cm dtheta=-142.9deg  ..
----------------------------------------------------------------
OK band: +/-2.0cm, +/-10deg (display only). Enter = run checksum. Ctrl+C = quit.
[2J[Hcheck_build  rb_00182_mirror_x   20:47:33
----------------------------------------------------------------
  wall_10    brick  dx= -0.25cm dy= -0.08cm dtheta=  -0.3deg  OK
  wall_11    brick  dx= -0.42cm dy= +0.05cm dtheta=  -0.5deg  OK
  wall_9     brick  dx= -0.16cm dy= -0.08cm dtheta=  -1.1deg  OK
  obj_4      block  dx= -0.12cm dy= -0.21cm dtheta=  +0.8deg  OK
  obj_1      block  dx= -0.01cm dy= +0.12cm dtheta=  +0.8deg  OK
  robot      start  dx= +0.29cm dy= +0.29cm dtheta=-142.9deg  ..
----------------------------------------------------------------
OK band: +/-2.0cm, +/-10deg (display only). Enter = run checksum. Ctrl+C = quit.
[2J[Hcheck_build  rb_00182_mirror_x   20:47:33
----------------------------------------------------------------
  wall_10    brick  dx= -0.23cm dy= -0.07cm dtheta=  -0.2deg  OK
  wall_11    brick  dx= -0.43cm dy= +0.06cm dtheta=  -0.4deg  OK
  wall_9     brick  dx= -0.16cm dy= -0.08cm dtheta=  -1.2deg  OK
  obj_4      block  dx= -0.11cm dy= -0.22cm dtheta=  +0.5deg  OK
  obj_1      block  dx= +0.00cm dy= +0.11cm dtheta=  +0.8deg  OK
  robot      start  dx= +0.30cm dy= +0.29cm dtheta=-143.0deg  ..
----------------------------------------------------------------
OK band: +/-2.0cm, +/-10deg (display only). Enter = run checksum. Ctrl+C = quit.
[2J[Hcheck_build  rb_00182_mirror_x   20:47:34
----------------------------------------------------------------
  wall_10    brick  dx= -0.23cm dy= -0.07cm dtheta=  -0.3deg  OK
  wall_11    brick  dx= -0.43cm dy= +0.06cm dtheta=  -0.5deg  OK
  wall_9     brick  dx= -0.16cm dy= -0.08cm dtheta=  -1.2deg  OK
  obj_4      block  dx= -0.12cm dy= -0.17cm dtheta=  -0.3deg  OK
  obj_1      block  dx= +0.00cm dy= +0.10cm dtheta=  +0.1deg  OK
  robot      start  dx= +0.31cm dy= +0.27cm dtheta=-142.9deg  ..
----------------------------------------------------------------
OK band: +/-2.0cm, +/-10deg (display only). Enter = run checksum. Ctrl+C = quit.
[2J[Hcheck_build  rb_00182_mirror_x   20:47:34
----------------------------------------------------------------
  wall_10    brick  dx= -0.23cm dy= -0.07cm dtheta=  -0.2deg  OK
  wall_11    brick  dx= -0.43cm dy= +0.06cm dtheta=  -0.5deg  OK
  wall_9     brick  dx= -0.16cm dy= -0.08cm dtheta=  -1.2deg  OK
  obj_4      block  dx= -0.12cm dy= -0.18cm dtheta=  +1.0deg  OK
  obj_1      block  dx= -0.00cm dy= +0.11cm dtheta=  +0.8deg  OK
  robot      start  dx= +0.29cm dy= +0.29cm dtheta=-143.0deg  ..
----------------------------------------------------------------
OK band: +/-2.0cm, +/-10deg (display only). Enter = run checksum. Ctrl+C = quit.
[2J[Hcheck_build  rb_00182_mirror_x   20:47:35
----------------------------------------------------------------
  wall_10    brick  dx= -0.23cm dy= -0.07cm dtheta=  -0.2deg  OK
  wall_11    brick  dx= -0.43cm dy= +0.06cm dtheta=  -0.4deg  OK
  wall_9     brick  dx= -0.18cm dy= -0.06cm dtheta=  -1.3deg  OK
  obj_4      block  dx= -0.12cm dy= -0.18cm dtheta=  -0.1deg  OK
  obj_1      block  dx= +0.00cm dy= +0.10cm dtheta=  +0.1deg  OK
  robot      start  dx= +0.30cm dy= +0.27cm dtheta=-142.9deg  ..
----------------------------------------------------------------
OK band: +/-2.0cm, +/-10deg (display only). Enter = run checksum. Ctrl+C = quit.
[2J[Hcheck_build  rb_00182_mirror_x   20:47:35
----------------------------------------------------------------
  wall_10    brick  dx= -0.23cm dy= -0.07cm dtheta=  -0.2deg  OK
  wall_11    brick  dx= -0.42cm dy= +0.05cm dtheta=  -0.4deg  OK
  wall_9     brick  dx= -0.17cm dy= -0.07cm dtheta=  -1.1deg  OK
  obj_4      block  dx= -0.12cm dy= -0.18cm dtheta=  +0.0deg  OK
  obj_1      block  dx= -0.00cm dy= +0.11cm dtheta=  +0.9deg  OK
  robot      start  dx= +0.30cm dy= +0.28cm dtheta=-143.0deg  ..
----------------------------------------------------------------
OK band: +/-2.0cm, +/-10deg (display only). Enter = run checksum. Ctrl+C = quit.
  no checksum columns on this sheet, cannot verify the build.
[2J[Hcheck_build  rb_00182_mirror_x   20:47:36
----------------------------------------------------------------
  wall_10    brick  dx= -0.23cm dy= -0.06cm dtheta=  -0.2deg  OK
  wall_11    brick  dx= -0.43cm dy= +0.06cm dtheta=  -0.4deg  OK
  wall_9     brick  dx= -0.15cm dy= -0.08cm dtheta=  -1.1deg  OK
  obj_4      block  dx= -0.12cm dy= -0.18cm dtheta=  -0.0deg  OK
  obj_1      block  dx= -0.00cm dy= +0.11cm dtheta=  +0.8deg  OK
  robot      start  dx= +0.31cm dy= +0.26cm dtheta=-142.9deg  ..
----------------------------------------------------------------
OK band: +/-2.0cm, +/-10deg (display only). Enter = run checksum. Ctrl+C = quit.
[2J[Hcheck_build  rb_00182_mirror_x   20:47:36
----------------------------------------------------------------
  wall_10    brick  dx= -0.24cm dy= -0.07cm dtheta=  -0.2deg  OK
  wall_11    brick  dx= -0.41cm dy= +0.04cm dtheta=  -0.4deg  OK
  wall_9     brick  dx= -0.14cm dy= -0.09cm dtheta=  -1.3deg  OK
  obj_4      block  dx= -0.12cm dy= -0.24cm dtheta=  +0.9deg  OK
  obj_1      block  dx= +0.01cm dy= +0.10cm dtheta=  +0.1deg  OK
  robot      start  dx= +0.30cm dy= +0.28cm dtheta=-142.9deg  ..
----------------------------------------------------------------
OK band: +/-2.0cm, +/-10deg (display only). Enter = run checksum. Ctrl+C = quit.
[2J[Hcheck_build  rb_00182_mirror_x   20:47:37
----------------------------------------------------------------
  wall_10    brick  dx= -0.24cm dy= -0.07cm dtheta=  -0.2deg  OK
  wall_11    brick  dx= -0.42cm dy= +0.05cm dtheta=  -0.5deg  OK
  wall_9     brick  dx= -0.14cm dy= -0.09cm dtheta=  -1.2deg  OK
  obj_4      block  dx= -0.13cm dy= -0.19cm dtheta=  +1.5deg  OK
  obj_1      block  dx= +0.01cm dy= +0.10cm dtheta=  +0.8deg  OK
  robot      start  dx= +0.30cm dy= +0.29cm dtheta=-143.0deg  ..
----------------------------------------------------------------
OK band: +/-2.0cm, +/-10deg (display only). Enter = run checksum. Ctrl+C = quit.
[2J[Hcheck_build  rb_00182_mirror_x   20:47:37
----------------------------------------------------------------
  wall_10    brick  dx= -0.24cm dy= -0.07cm dtheta=  -0.2deg  OK
  wall_11    brick  dx= -0.43cm dy= +0.06cm dtheta=  -0.5deg  OK
  wall_9     brick  dx= -0.15cm dy= -0.08cm dtheta=  -1.2deg  OK
  obj_4      block  dx= -0.12cm dy= -0.18cm dtheta=  +0.2deg  OK
  obj_1      block  dx= +0.00cm dy= +0.11cm dtheta=  +0.9deg  OK
  robot      start  dx= +0.31cm dy= +0.25cm dtheta=-143.0deg  ..
----------------------------------------------------------------
OK band: +/-2.0cm, +/-10deg (display only). Enter = run checksum. Ctrl+C = quit.
[2J[Hcheck_build  rb_00182_mirror_x   20:47:38
----------------------------------------------------------------
  wall_10    brick  dx= -0.24cm dy= -0.07cm dtheta=  -0.2deg  OK
  wall_11    brick  dx= -0.43cm dy= +0.07cm dtheta=  -0.5deg  OK
  wall_9     brick  dx= -0.14cm dy= -0.09cm dtheta=  -1.2deg  OK
  obj_4      block  dx= -0.12cm dy= -0.18cm dtheta=  +0.1deg  OK
  obj_1      block  dx= +0.01cm dy= +0.10cm dtheta=  +0.8deg  OK
  robot      start  dx= +0.29cm dy= +0.29cm dtheta=-142.9deg  ..
----------------------------------------------------------------
OK band: +/-2.0cm, +/-10deg (display only). Enter = run checksum. Ctrl+C = quit.
[2J[Hcheck_build  rb_00182_mirror_x   20:47:38
----------------------------------------------------------------
  wall_10    brick  dx= -0.24cm dy= -0.07cm dtheta=  -0.2deg  OK
  wall_11    brick  dx= -0.44cm dy= +0.07cm dtheta=  -0.5deg  OK
  wall_9     brick  dx= -0.18cm dy= -0.07cm dtheta=  -1.2deg  OK
  obj_4      block  dx= -0.12cm dy= -0.18cm dtheta=  -0.2deg  OK
  obj_1      block  dx= -0.00cm dy= +0.11cm dtheta=  +0.8deg  OK
  robot      start  dx= +0.31cm dy= +0.25cm dtheta=-143.1deg  ..
----------------------------------------------------------------
OK band: +/-2.0cm, +/-10deg (display only). Enter = run checksum. Ctrl+C = quit.
[2J[Hcheck_build  rb_00182_mirror_x   20:47:39
----------------------------------------------------------------
  wall_10    brick  dx= -0.23cm dy= -0.07cm dtheta=  -0.3deg  OK
  wall_11    brick  dx= -0.41cm dy= +0.04cm dtheta=  -0.4deg  OK
  wall_9     brick  dx= -0.16cm dy= -0.07cm dtheta=  -1.2deg  OK
  obj_4      block  dx= -0.12cm dy= -0.24cm dtheta=  +0.8deg  OK
  obj_1      block  dx= +0.00cm dy= +0.10cm dtheta=  +0.1deg  OK
  robot      start  dx= +0.29cm dy= +0.29cm dtheta=-143.0deg  ..
----------------------------------------------------------------
OK band: +/-2.0cm, +/-10deg (display only). Enter = run checksum. Ctrl+C = quit.
[2J[Hcheck_build  rb_00182_mirror_x   20:47:39
----------------------------------------------------------------
  wall_10    brick  dx= -0.24cm dy= -0.07cm dtheta=  -0.2deg  OK
  wall_11    brick  dx= -0.42cm dy= +0.06cm dtheta=  -0.4deg  OK
  wall_9     brick  dx= -0.15cm dy= -0.08cm dtheta=  -1.2deg  OK
  obj_4      block  dx= -0.12cm dy= -0.19cm dtheta=  -0.2deg  OK
  obj_1      block  dx= -0.01cm dy= +0.11cm dtheta=  +0.8deg  OK
  robot      start  dx= +0.29cm dy= +0.31cm dtheta=-143.0deg  ..
----------------------------------------------------------------
OK band: +/-2.0cm, +/-10deg (display only). Enter = run checksum. Ctrl+C = quit.
[2J[Hcheck_build  rb_00182_mirror_x   20:47:40
----------------------------------------------------------------
  wall_10    brick  dx= -0.23cm dy= -0.06cm dtheta=  -0.3deg  OK
  wall_11    brick  dx= -0.42cm dy= +0.05cm dtheta=  -0.5deg  OK
  wall_9     brick  dx= -0.16cm dy= -0.08cm dtheta=  -1.4deg  OK
  obj_4      block  dx= -0.12cm dy= -0.17cm dtheta=  -0.1deg  OK
  obj_1      block  dx= +0.00cm dy= +0.11cm dtheta=  +0.9deg  OK
  robot      start  dx= +0.29cm dy= +0.30cm dtheta=-143.1deg  ..
----------------------------------------------------------------
OK band: +/-2.0cm, +/-10deg (display only). Enter = run checksum. Ctrl+C = quit.
[2J[Hcheck_build  rb_00182_mirror_x   20:47:40
----------------------------------------------------------------
  wall_10    brick  dx= -0.25cm dy= -0.08cm dtheta=  -0.3deg  OK
  wall_11    brick  dx= -0.43cm dy= +0.06cm dtheta=  -0.4deg  OK
  wall_9     brick  dx= -0.17cm dy= -0.07cm dtheta=  -1.2deg  OK
  obj_4      block  dx= -0.12cm dy= -0.15cm dtheta=  +1.0deg  OK
  obj_1      block  dx= +0.00cm dy= +0.11cm dtheta=  +0.8deg  OK
  robot      start  dx= +0.30cm dy= +0.27cm dtheta=-142.8deg  ..
----------------------------------------------------------------
OK band: +/-2.0cm, +/-10deg (display only). Enter = run checksum. Ctrl+C = quit.
  no checksum columns on this sheet, cannot verify the build.
[2J[Hcheck_build  rb_00182_mirror_x   20:47:41
----------------------------------------------------------------
  wall_10    brick  dx= -0.24cm dy= -0.07cm dtheta=  -0.2deg  OK
  wall_11    brick  dx= -0.43cm dy= +0.06cm dtheta=  -0.4deg  OK
  wall_9     brick  dx= -0.16cm dy= -0.08cm dtheta=  -1.3deg  OK
  obj_4      block  dx= -0.12cm dy= -0.17cm dtheta=  -0.1deg  OK
  obj_1      block  dx= +0.01cm dy= +0.10cm dtheta=  +0.8deg  OK
  robot      start  dx= +0.29cm dy= +0.29cm dtheta=-143.0deg  ..
----------------------------------------------------------------
OK band: +/-2.0cm, +/-10deg (display only). Enter = run checksum. Ctrl+C = quit.
[2J[Hcheck_build  rb_00182_mirror_x   20:47:41
----------------------------------------------------------------
  wall_10    brick  dx= -0.23cm dy= -0.07cm dtheta=  -0.2deg  OK
  wall_11    brick  dx= -0.43cm dy= +0.06cm dtheta=  -0.4deg  OK
  wall_9     brick  dx= -0.17cm dy= -0.07cm dtheta=  -1.2deg  OK
  obj_4      block  dx= -0.12cm dy= -0.23cm dtheta=  +1.1deg  OK
  obj_1      block  dx= +0.01cm dy= +0.10cm dtheta=  +0.8deg  OK
  robot      start  dx= +0.29cm dy= +0.30cm dtheta=-143.0deg  ..
----------------------------------------------------------------
OK band: +/-2.0cm, +/-10deg (display only). Enter = run checksum. Ctrl+C = quit.
[2J[Hcheck_build  rb_00182_mirror_x   20:47:42
----------------------------------------------------------------
  wall_10    brick  dx= -0.24cm dy= -0.07cm dtheta=  -0.2deg  OK
  wall_11    brick  dx= -0.43cm dy= +0.06cm dtheta=  -0.5deg  OK
  wall_9     brick  dx= -0.21cm dy= -0.06cm dtheta=  -1.1deg  OK
  obj_4      block  dx= -0.12cm dy= -0.23cm dtheta=  +1.3deg  OK
  obj_1      block  dx= +0.00cm dy= +0.11cm dtheta=  +0.8deg  OK
  robot      start  dx= +0.28cm dy= +0.32cm dtheta=-143.0deg  ..
----------------------------------------------------------------
OK band: +/-2.0cm, +/-10deg (display only). Enter = run checksum. Ctrl+C = quit.
[2J[Hcheck_build  rb_00182_mirror_x   20:47:42
----------------------------------------------------------------
  wall_10    brick  dx= -0.24cm dy= -0.07cm dtheta=  -0.1deg  OK
  wall_11    brick  dx= -0.43cm dy= +0.06cm dtheta=  -0.4deg  OK
  wall_9     brick  dx= -0.20cm dy= -0.06cm dtheta=  -1.1deg  OK
  obj_4      block  dx= -0.12cm dy= -0.16cm dtheta=  +0.0deg  OK
  obj_1      block  dx= +0.01cm dy= +0.10cm dtheta=  +0.8deg  OK
  robot      start  dx= +0.27cm dy= +0.33cm dtheta=-143.0deg  ..
----------------------------------------------------------------
OK band: +/-2.0cm, +/-10deg (display only). Enter = run checksum. Ctrl+C = quit.
[2J[Hcheck_build  rb_00182_mirror_x   20:47:43
----------------------------------------------------------------
  wall_10    brick  dx= -0.23cm dy= -0.07cm dtheta=  -0.2deg  OK
  wall_11    brick  dx= -0.43cm dy= +0.06cm dtheta=  -0.5deg  OK
  wall_9     brick  dx= -0.16cm dy= -0.08cm dtheta=  -1.3deg  OK
  obj_4      block  dx= -0.12cm dy= -0.17cm dtheta=  -0.2deg  OK
  obj_1      block  dx= -0.00cm dy= +0.11cm dtheta=  +0.7deg  OK
  robot      start  dx= +0.27cm dy= +0.34cm dtheta=-142.9deg  ..
----------------------------------------------------------------
OK band: +/-2.0cm, +/-10deg (display only). Enter = run checksum. Ctrl+C = quit.
[2J[Hcheck_build  rb_00182_mirror_x   20:47:43
----------------------------------------------------------------
  wall_10    brick  dx= -0.25cm dy= -0.08cm dtheta=  -0.2deg  OK
  wall_11    brick  dx= -0.41cm dy= +0.05cm dtheta=  -0.5deg  OK
  wall_9     brick  dx= -0.17cm dy= -0.07cm dtheta=  -1.2deg  OK
  obj_4      block  dx= -0.12cm dy= -0.14cm dtheta=  +0.1deg  OK
  obj_1      block  dx= +0.01cm dy= +0.10cm dtheta=  +0.8deg  OK
  robot      start  dx= +0.30cm dy= +0.28cm dtheta=-143.0deg  ..
----------------------------------------------------------------
OK band: +/-2.0cm, +/-10deg (display only). Enter = run checksum. Ctrl+C = quit.
[2J[Hcheck_build  rb_00182_mirror_x   20:47:44
----------------------------------------------------------------
  wall_10    brick  dx= -0.25cm dy= -0.08cm dtheta=  -0.2deg  OK
  wall_11    brick  dx= -0.42cm dy= +0.06cm dtheta=  -0.5deg  OK
  wall_9     brick  dx= -0.21cm dy= -0.05cm dtheta=  -1.2deg  OK
  obj_4      block  dx= -0.12cm dy= -0.16cm dtheta=  -0.1deg  OK
  obj_1      block  dx= -0.00cm dy= +0.11cm dtheta=  +0.8deg  OK
  robot      start  dx= +0.29cm dy= +0.30cm dtheta=-143.0deg  ..
----------------------------------------------------------------
OK band: +/-2.0cm, +/-10deg (display only). Enter = run checksum. Ctrl+C = quit.
[2J[Hcheck_build  rb_00182_mirror_x   20:47:44
----------------------------------------------------------------
  wall_10    brick  dx= -0.25cm dy= -0.08cm dtheta=  -0.2deg  OK
  wall_11    brick  dx= -0.43cm dy= +0.06cm dtheta=  -0.5deg  OK
  wall_9     brick  dx= -0.22cm dy= -0.05cm dtheta=  -1.3deg  OK
  obj_4      block  dx= -0.12cm dy= -0.16cm dtheta=  +0.2deg  OK
  obj_1      block  dx= +0.01cm dy= +0.11cm dtheta=  +0.8deg  OK
  robot      start  dx= +0.28cm dy= +0.30cm dtheta=-142.9deg  ..
----------------------------------------------------------------
OK band: +/-2.0cm, +/-10deg (display only). Enter = run checksum. Ctrl+C = quit.
[2J[Hcheck_build  rb_00182_mirror_x   20:47:45
----------------------------------------------------------------
  wall_10    brick  dx= -0.25cm dy= -0.08cm dtheta=  -0.2deg  OK
  wall_11    brick  dx= -0.42cm dy= +0.05cm dtheta=  -0.4deg  OK
  wall_9     brick  dx= -0.17cm dy= -0.07cm dtheta=  -1.2deg  OK
  obj_4      block  dx= -0.12cm dy= -0.23cm dtheta=  +0.0deg  OK
  obj_1      block  dx= +0.01cm dy= +0.10cm dtheta=  +0.0deg  OK
  robot      start  dx= +0.30cm dy= +0.29cm dtheta=-143.0deg  ..
----------------------------------------------------------------
OK band: +/-2.0cm, +/-10deg (display only). Enter = run checksum. Ctrl+C = quit.
[2J[Hcheck_build  rb_00182_mirror_x   20:47:45
----------------------------------------------------------------
  wall_10    brick  dx= -0.26cm dy= -0.08cm dtheta=  -0.2deg  OK
  wall_11    brick  dx= -0.43cm dy= +0.06cm dtheta=  -0.4deg  OK
  wall_9     brick  dx= -0.17cm dy= -0.07cm dtheta=  -1.2deg  OK
  obj_4      block  dx= -0.12cm dy= -0.19cm dtheta=  +0.1deg  OK
  obj_1      block  dx= +0.00cm dy= +0.11cm dtheta=  +0.8deg  OK
  robot      start  dx= +0.28cm dy= +0.31cm dtheta=-143.0deg  ..
----------------------------------------------------------------
OK band: +/-2.0cm, +/-10deg (display only). Enter = run checksum. Ctrl+C = quit.
[2J[Hcheck_build  rb_00182_mirror_x   20:47:46
----------------------------------------------------------------
  wall_10    brick  dx= -0.24cm dy= -0.07cm dtheta=  -0.3deg  OK
  wall_11    brick  dx= -0.43cm dy= +0.06cm dtheta=  -0.5deg  OK
  wall_9     brick  dx= -0.19cm dy= -0.06cm dtheta=  -1.2deg  OK
  obj_4      block  dx= -0.12cm dy= -0.24cm dtheta=  -0.1deg  OK
  obj_1      block  dx= -0.01cm dy= +0.11cm dtheta=  +0.8deg  OK
  robot      start  dx= +0.28cm dy= +0.33cm dtheta=-143.0deg  ..
----------------------------------------------------------------
OK band: +/-2.0cm, +/-10deg (display only). Enter = run checksum. Ctrl+C = quit.
  no checksum columns on this sheet, cannot verify the build.
[2J[Hcheck_build  rb_00182_mirror_x   20:47:46
----------------------------------------------------------------
  wall_10    brick  dx= -0.24cm dy= -0.07cm dtheta=  -0.2deg  OK
  wall_11    brick  dx= -0.42cm dy= +0.05cm dtheta=  -0.5deg  OK
  wall_9     brick  dx= -0.16cm dy= -0.08cm dtheta=  -1.1deg  OK
  obj_4      block  dx= -0.12cm dy= -0.17cm dtheta=  -0.1deg  OK
  obj_1      block  dx= +0.00cm dy= +0.10cm dtheta=  +0.1deg  OK
  robot      start  dx= +0.30cm dy= +0.29cm dtheta=-143.0deg  ..
----------------------------------------------------------------
OK band: +/-2.0cm, +/-10deg (display only). Enter = run checksum. Ctrl+C = quit.
[2J[Hcheck_build  rb_00182_mirror_x   20:47:47
----------------------------------------------------------------
  wall_10    brick  dx= -0.24cm dy= -0.07cm dtheta=  -0.3deg  OK
  wall_11    brick  dx= -0.43cm dy= +0.06cm dtheta=  -0.4deg  OK
  wall_9     brick  dx= -0.15cm dy= -0.08cm dtheta=  -1.2deg  OK
  obj_4      block  dx= -0.12cm dy= -0.16cm dtheta=  -0.2deg  OK
  obj_1      block  dx= -0.00cm dy= +0.11cm dtheta=  +0.8deg  OK
  robot      start  dx= +0.30cm dy= +0.28cm dtheta=-142.9deg  ..
----------------------------------------------------------------
OK band: +/-2.0cm, +/-10deg (display only). Enter = run checksum. Ctrl+C = quit.
[2J[Hcheck_build  rb_00182_mirror_x   20:47:47
----------------------------------------------------------------
  wall_10    brick  dx= -0.25cm dy= -0.07cm dtheta=  -0.2deg  OK
  wall_11    brick  dx= -0.44cm dy= +0.07cm dtheta=  -0.4deg  OK
  wall_9     brick  dx= -0.16cm dy= -0.08cm dtheta=  -1.2deg  OK
  obj_4      block  dx= -0.12cm dy= -0.18cm dtheta=  -0.1deg  OK
  obj_1      block  dx= +0.01cm dy= +0.10cm dtheta=  -0.0deg  OK
  robot      start  dx= +0.29cm dy= +0.30cm dtheta=-142.9deg  ..
----------------------------------------------------------------
OK band: +/-2.0cm, +/-10deg (display only). Enter = run checksum. Ctrl+C = quit.
[2J[Hcheck_build  rb_00182_mirror_x   20:47:48
----------------------------------------------------------------
  wall_10    brick  dx= -0.22cm dy= -0.06cm dtheta=  -0.3deg  OK
  wall_11    brick  dx= -0.42cm dy= +0.05cm dtheta=  -0.4deg  OK
  wall_9     brick  dx= -0.16cm dy= -0.08cm dtheta=  -1.2deg  OK
  obj_4      block  dx= -0.12cm dy= -0.23cm dtheta=  -0.2deg  OK
  obj_1      block  dx= +0.01cm dy= +0.09cm dtheta=  -0.0deg  OK
  robot      start  dx= +0.28cm dy= +0.31cm dtheta=-143.1deg  ..
----------------------------------------------------------------
OK band: +/-2.0cm, +/-10deg (display only). Enter = run checksum. Ctrl+C = quit.
[2J[Hcheck_build  rb_00182_mirror_x   20:47:48
----------------------------------------------------------------
  wall_10    brick  dx= -0.23cm dy= -0.07cm dtheta=  -0.2deg  OK
  wall_11    brick  dx= -0.43cm dy= +0.06cm dtheta=  -0.4deg  OK
  wall_9     brick  dx= -0.15cm dy= -0.08cm dtheta=  -1.3deg  OK
  obj_4      block  dx= -0.12cm dy= -0.17cm dtheta=  -0.3deg  OK
  obj_1      block  dx= -0.00cm dy= +0.11cm dtheta=  +0.8deg  OK
  robot      start  dx= +0.30cm dy= +0.28cm dtheta=-142.9deg  ..
----------------------------------------------------------------
OK band: +/-2.0cm, +/-10deg (display only). Enter = run checksum. Ctrl+C = quit.
