[NAV_PATH] 0.1325,0.1275 0.1325,0.1225
[NAV_END]
[PUSH_PATH] 0 0.1325,0.1225 0.135272,0.242468 0.146821,0.742335
[PUSH_CTRL] 0 3.57133 3.57133 TRACK
[PUSH_CTRL] 1 3.57133 3.57133 TRACK
[PUSH_CTRL] 2 3.57133 3.57133 TRACK
[PUSH_CTRL] 3 3.57133 3.57133 TRACK
[PUSH_CTRL] 4 3.57133 3.57133 TRACK
[PUSH_CTRL] 5 3.57133 3.57133 TRACK
[PUSH_CTRL] 6 3.57133 3.57133 TRACK
[PUSH_CTRL] 7 3.57133 3.57133 TRACK
[PUSH_CTRL] 8 3.57133 3.57133 TRACK
[PUSH_CTRL] 9 3.57133 3.57133 TRACK
[PUSH_CTRL] 10 3.57133 3.57133 TRACK
[PUSH_CTRL] 11 3.57133 3.57133 TRACK
[PUSH_CTRL] 12 3.57133 3.57133 TRACK
[PUSH_CTRL] 13 3.57133 3.57133 TRACK
[PUSH_CTRL] 14 3.57133 3.57133 TRACK
[PUSH_CTRL] 15 3.57133 3.57133 TRACK
[PUSH_CTRL] 16 3.57133 3.57133 TRACK
[PUSH_CTRL] 17 3.57133 3.57133 TRACK
[PUSH_CTRL] 18 3.57133 3.57133 TRACK
[PUSH_CTRL] 19 3.57133 3.57133 TRACK
[PUSH_CTRL] 20 3.57133 3.57133 TRACK
[PUSH_CTRL] 21 3.57133 3.57133 TRACK
[PUSH_CTRL] 22 3.57133 3.57133 TRACK
[PUSH_CTRL] 23 3.57133 3.57133 TRACK
[PUSH_CTRL] 24 3.57133 3.57133 TRACK
[PUSH_CTRL] 25 3.57133 3.57133 TRACK
[PUSH_CTRL] 26 3.57133 3.57133 TRACK
[PUSH_CTRL] 27 3.57133 3.57133 TRACK
[PUSH_CTRL] 28 3.57133 3.57133 TRACK
[PUSH_CTRL] 29 3.57133 3.57133 TRACK
[PUSH_CTRL] 30 3.57133 3.57133 TRACK
[PUSH_CTRL] 31 3.57133 3.57133 TRACK
[PUSH_CTRL] 32 3.57133 3.57133 TRACK
[PUSH_CTRL] 33 3.57133 3.57133 TRACK
[PUSH_CTRL] 34 3.57133 3.57133 TRACK
[PUSH_CTRL] 35 3.57133 3.57133 TRACK
[PUSH_CTRL] 36 3.57133 3.57133 TRACK
[PUSH_CTRL] 37 3.57133 3.57133 TRACK
[PUSH_CTRL] 38 3.57133 3.57133 TRACK
[PUSH_CTRL] 39 3.57133 3.57133 TRACK
[PUSH_CTRL] 40 3.57133 3.57133 TRACK
[PUSH_CTRL] 41 3.57133 3.57133 TRACK
[PUSH_CTRL] 42 3.57133 3.57133 TRACK
[PUSH_CTRL] 43 3.57133 3.57133 TRACK
[PUSH_CTRL] 44 3.57133 3.57133 TRACK
[PUSH_CTRL] 45 3.57133 3.57133 TRACK
[PUSH_CTRL] 46 3.57133 3.57133 TRACK
[PUSH_CTRL] 47 3.57133 3.57133 TRACK
[PUSH_CTRL] 48 3.57133 3.57133 TRACK
[PUSH_CTRL] 49 3.57133 3.57133 TRACK
[PUSH_CTRL] 50 3.57133 3.57133 TRACK
[PUSH_CTRL] 51 3.57133 3.57133 TRACK
[PUSH_CTRL] 52 3.57133 3.57133 TRACK
[PUSH_CTRL] 53 3.57133 3.57133 TRACK
[PUSH_CTRL] 54 3.57133 3.57133 TRACK
[PUSH_CTRL] 55 3.57133 3.57133 TRACK
[PUSH_CTRL] 56 3.57133 3.57133 TRACK
[PUSH_CTRL] 57 3.57133 3.57133 TRACK
[PUSH_CTRL] 58 3.57133 3.57133 TRACK
[PUSH_CTRL] 59 3.57133 3.57133 TRACK
[PUSH_CTRL] 60 3.57133 3.57133 TRACK
[PUSH_CTRL] 61 3.57133 3.57133 TRACK
[PUSH_CTRL] 62 3.57133 3.57133 TRACK
[PUSH_CTRL] 63 3.57133 3.57133 TRACK
[PUSH_CTRL] 64 3.57133 3.57133 TRACK
[PUSH_CTRL] 65 3.57133 3.57133 TRACK
[PUSH_CTRL] 66 3.57133 3.57133 TRACK
[PUSH_CTRL] 67 3.57133 3.57133 TRACK
[PUSH_CTRL] 68 3.57133 3.57133 TRACK
[PUSH_CTRL] 69 3.57133 3.57133 TRACK
[PUSH_CTRL] 70 3.57133 3.57133 TRACK
[PUSH_CTRL] 71 3.57133 3.57133 TRACK
[PUSH_CTRL] 72 3.57133 3.57133 TRACK
[PUSH_CTRL] 73 3.57133 3.57133 TRACK
[PUSH_CTRL] 74 3.57133 3.57133 TRACK
[PUSH_CTRL] 75 3.57133 3.57133 TRACK
[PUSH_CTRL] 76 3.57133 3.57133 TRACK
[PUSH_CTRL] 77 3.57133 3.57133 TRACK
[PUSH_CTRL] 78 3.57133 3.57133 TRACK
[PUSH_CTRL] 79 3.57133 3.57133 TRACK
[PUSH_CTRL] 80 3.57133 3.57133 TRACK
[PUSH_CTRL] 81 3.57133 3.57133 TRACK
[PUSH_CTRL] 82 3.57133 3.57133 TRACK
[PUSH_CTRL] 83 3.57133 3.57133 TRACK
[PUSH_CTRL] 84 3.57133 3.57133 TRACK
[PUSH_CTRL] 85 3.57133 3.57133 TRACK
[PUSH_CTRL] 86 3.57133 3.57133 TRACK
[PUSH_CTRL] 87 3.57133 3.57133 TRACK
[PUSH_CTRL] 88 3.57133 3.57133 TRACK
[PUSH_CTRL] 89 3.57133 3.57133 TRACK
[PUSH_CTRL] 90 3.57133 3.57133 TRACK
[PUSH_CTRL] 91 3.57133 3.57133 TRACK
[PUSH_CTRL] 92 3.57133 3.57133 TRACK
[PUSH_CTRL] 93 3.57133 3.57133 TRACK
[PUSH_CTRL] 94 3.57133 3.57133 TRACK
[PUSH_CTRL] 95 3.57133 3.57133 TRACK
[PUSH_CTRL] 96 3.57133 3.57133 TRACK
[PUSH_CTRL] 97 3.57133 3.57133 TRACK
[PUSH_CTRL] 98 3.57133 3.57133 TRACK
[PUSH_CTRL] 99 3.57133 3.57133 TRACK
[PUSH_CTRL] 100 3.57133 3.57133 TRACK
[PUSH_CTRL] 101 3.57133 3.57133 TRACK
[PUSH_CTRL] 102 3.57133 3.57133 TRACK
[PUSH_CTRL] 103 3.57133 3.57133 TRACK
[PUSH_CTRL] 104 3.57133 3.57133 TRACK
[PUSH_CTRL] 105 3.57133 3.57133 TRACK
[PUSH_CTRL] 106 3.57133 3.57133 TRACK
[PUSH_CTRL] 107 3.57133 3.57133 TRACK
[PUSH_CTRL] 108 3.57133 3.57133 TRACK
[PUSH_CTRL] 109 3.57133 3.57133 TRACK
[PUSH_CTRL] 110 3.57133 3.57133 TRACK
[PUSH_CTRL] 111 3.57133 3.57133 TRACK
[PUSH_CTRL] 112 3.57133 3.57133 TRACK
[PUSH_CTRL] 113 3.57133 3.57133 TRACK
[PUSH_CTRL] 114 3.57133 3.57133 TRACK
[PUSH_CTRL] 115 3.57133 3.57133 TRACK
[PUSH_CTRL] 116 3.57133 3.57133 TRACK
[PUSH_CTRL] 117 3.57133 3.57133 TRACK
[PUSH_CTRL] 118 3.57133 3.57133 TRACK
[PUSH_CTRL] 119 3.57133 3.57133 TRACK
[PUSH_CTRL] 120 3.57133 3.57133 TRACK
[PUSH_CTRL] 121 3.57133 3.57133 TRACK
[PUSH_CTRL] 122 3.57133 3.57133 TRACK
[PUSH_CTRL] 123 3.57133 3.57133 TRACK
[PUSH_CTRL] 124 3.57133 3.57133 TRACK
[PUSH_CTRL] 125 3.57133 3.57133 TRACK
[PUSH_CTRL] 126 3.57133 3.57133 TRACK
[PUSH_CTRL] 127 3.57133 3.57133 TRACK
[PUSH_CTRL] 128 3.57133 3.57133 TRACK
[PUSH_CTRL] 129 3.57133 3.57133 TRACK
[PUSH_CTRL] 130 3.57133 3.57133 TRACK
[PUSH_CTRL] 131 3.57133 3.57133 TRACK
[PUSH_CTRL] 132 3.57133 3.57133 TRACK
[PUSH_CTRL] 133 3.57133 3.57133 TRACK
[PUSH_CTRL] 134 3.57133 3.57133 TRACK
[PUSH_CTRL] 135 3.57133 3.57133 TRACK
[PUSH_CTRL] 136 3.57133 3.57133 TRACK
[PUSH_CTRL] 137 3.57133 3.57133 TRACK
[PUSH_CTRL] 138 3.57133 3.57133 TRACK
[PUSH_CTRL] 139 3.57133 3.57133 TRACK
[PUSH_CTRL] 140 3.57133 3.57133 TRACK
[PUSH_CTRL] 141 3.57133 3.57133 TRACK
[PUSH_CTRL] 142 3.57133 3.57133 TRACK
[PUSH_CTRL] 143 3.57133 3.57133 TRACK
[PUSH_CTRL] 144 3.57133 3.57133 TRACK
[PUSH_CTRL] 145 3.57133 3.57133 TRACK
[PUSH_CTRL] 146 3.57133 3.57133 TRACK
[PUSH_CTRL] 147 3.57133 3.57133 TRACK
[PUSH_CTRL] 148 3.57133 3.57133 TRACK
[PUSH_CTRL] 149 3.57133 3.57133 TRACK
[PUSH_CTRL] 150 3.57133 3.57133 TRACK
[PUSH_CTRL] 151 3.56969 3.57133 TRACK
[PUSH_CTRL] 152 3.56695 3.57133 TRACK
[PUSH_CTRL] 153 3.56331 3.57133 TRACK
[PUSH_CTRL] 154 3.55925 3.57133 TRACK
[PUSH_CTRL] 155 3.55432 3.57133 TRACK
[PUSH_CTRL] 156 3.54807 3.57133 TRACK
[PUSH_CTRL] 157 3.5406 3.57133 TRACK
[PUSH_CTRL] 158 3.53189 3.57133 TRACK
[PUSH_CTRL] 159 3.52244 3.57133 TRACK
[PUSH_CTRL] 160 3.51174 3.57133 TRACK
[PUSH_CTRL] 161 3.50128 3.57133 TRACK
[PUSH_CTRL] 162 3.49167 3.57133 TRACK
[PUSH_CTRL] 163 3.48298 3.57133 TRACK
[PUSH_CTRL] 164 3.47535 3.57133 TRACK
[PUSH_CTRL] 165 3.47145 3.57133 TRACK
[PUSH_CTRL] 166 3.46298 3.57133 TRACK
[PUSH_CTRL] 167 3.45446 3.57133 TRACK
[PUSH_CTRL] 168 3.4467 3.57133 TRACK
[PUSH_CTRL] 169 3.43967 3.57133 TRACK
[PUSH_CTRL] 170 3.43343 3.57133 TRACK
[PUSH_CTRL] 171 3.42745 3.57133 TRACK
[PUSH_CTRL] 172 3.42187 3.57133 TRACK
[PUSH_CTRL] 173 3.41668 3.57133 TRACK
[PUSH_CTRL] 174 3.41187 3.57133 TRACK
[PUSH_CTRL] 175 3.40641 3.57133 TRACK
[PUSH_CTRL] 176 3.40557 3.57133 TRACK
[PUSH_CTRL] 177 3.4011 3.57133 TRACK
[PUSH_CTRL] 178 3.39782 3.57133 TRACK
[PUSH_CTRL] 179 3.39616 3.57133 TRACK
[PUSH_CTRL] 180 3.39638 3.57133 TRACK
[PUSH_CTRL] 181 3.39606 3.57133 TRACK
[PUSH_CTRL] 182 3.39516 3.57133 TRACK
[PUSH_CTRL] 183 3.39403 3.57133 TRACK
[PUSH_CTRL] 184 3.39292 3.57133 TRACK
[PUSH_CTRL] 185 3.38999 3.57133 TRACK
[PUSH_CTRL] 186 3.38527 3.57133 TRACK
[PUSH_CTRL] 187 3.38531 3.57133 TRACK
[PUSH_CTRL] 188 3.38075 3.57133 TRACK
[PUSH_CTRL] 189 3.37738 3.57133 TRACK
[PUSH_CTRL] 190 3.37519 3.57133 TRACK
[PUSH_CTRL] 191 3.37416 3.57133 TRACK
[PUSH_CTRL] 192 3.37366 3.57133 TRACK
[PUSH_CTRL] 193 3.37397 3.57133 TRACK
[PUSH_CTRL] 194 3.37168 3.57133 TRACK
[PUSH_CTRL] 195 3.36745 3.57133 TRACK
[PUSH_CTRL] 196 3.36328 3.57133 TRACK
[PUSH_CTRL] 197 3.35956 3.57133 TRACK
[PUSH_CTRL] 198 3.36239 3.57133 TRACK
[PUSH_CTRL] 199 3.35981 3.57133 TRACK
[PUSH_CTRL] 200 3.3581 3.57133 TRACK
[PUSH_CTRL] 201 3.35667 3.57133 TRACK
[PUSH_CTRL] 202 3.35534 3.57133 TRACK
[PUSH_CTRL] 203 3.35407 3.57133 TRACK
[PUSH_CTRL] 204 3.35282 3.57133 TRACK
[PUSH_CTRL] 205 3.35177 3.57133 TRACK
[PUSH_CTRL] 206 3.35083 3.57133 TRACK
[PUSH_CTRL] 207 3.3494 3.57133 TRACK
[PUSH_CTRL] 208 3.35393 3.57133 TRACK
[PUSH_CTRL] 209 3.35211 3.57133 TRACK
[PUSH_CTRL] 210 3.35003 3.57133 TRACK
[PUSH_CTRL] 211 3.34568 3.57133 TRACK
[PUSH_CTRL] 212 3.34158 3.57133 TRACK
[PUSH_CTRL] 213 3.33798 3.57133 TRACK
[PUSH_CTRL] 214 3.33448 3.57133 TRACK
[PUSH_CTRL] 215 3.33105 3.57133 TRACK
[PUSH_CTRL] 216 3.32768 3.57133 TRACK
[PUSH_CTRL] 217 3.33151 3.57133 TRACK
[PUSH_CTRL] 218 3.32809 3.57133 TRACK
[PUSH_CTRL] 219 3.32459 3.57133 TRACK
[PUSH_CTRL] 220 3.32132 3.57133 TRACK
[PUSH_CTRL] 221 3.3179 3.57133 TRACK
[PUSH_CTRL] 222 3.31477 3.57133 TRACK
[PUSH_CTRL] 223 3.31208 3.57133 TRACK
[PUSH_CTRL] 224 3.30979 3.57133 TRACK
[PUSH_CTRL] 225 3.30786 3.57133 TRACK
[PUSH_CTRL] 226 3.30694 3.57133 TRACK
[PUSH_CTRL] 227 3.31574 3.57133 TRACK
[PUSH_CTRL] 228 3.31867 3.57133 TRACK
[PUSH_CTRL] 229 3.32066 3.57133 TRACK
[PUSH_CTRL] 230 3.3209 3.57133 TRACK
[PUSH_CTRL] 231 3.32004 3.57133 TRACK
[PUSH_CTRL] 232 3.31859 3.57133 TRACK
[PUSH_CTRL] 233 3.3165 3.57133 TRACK
[PUSH_CTRL] 234 3.315 3.57133 TRACK
[PUSH_CTRL] 235 3.3141 3.57133 TRACK
[PUSH_CTRL] 236 3.31069 3.57133 TRACK
[PUSH_CTRL] 237 3.30673 3.57133 TRACK
[PUSH_CTRL] 238 3.31013 3.57133 TRACK
[PUSH_CTRL] 239 3.30681 3.57133 TRACK
[PUSH_CTRL] 240 3.30393 3.57133 TRACK
[PUSH_CTRL] 241 3.30145 3.57133 TRACK
[PUSH_CTRL] 242 3.29878 3.57133 TRACK
[PUSH_CTRL] 243 3.29673 3.57133 TRACK
[PUSH_CTRL] 244 3.29531 3.57133 TRACK
[PUSH_CTRL] 245 3.29203 3.57133 TRACK
[PUSH_CTRL] 246 3.28779 3.57133 TRACK
[PUSH_CTRL] 247 3.29188 3.57133 TRACK
[PUSH_CTRL] 248 3.28836 3.57133 TRACK
[PUSH_CTRL] 249 3.28538 3.57133 TRACK
[PUSH_CTRL] 250 3.28277 3.57133 TRACK
[PUSH_CTRL] 251 3.27956 3.57133 TRACK
[PUSH_CTRL] 252 3.27708 3.57133 TRACK
[PUSH_CTRL] 253 3.27752 3.57133 TRACK
[PUSH_CTRL] 254 3.27718 3.57133 TRACK
[PUSH_CTRL] 255 3.27538 3.57133 TRACK
[PUSH_CTRL] 256 3.27246 3.57133 TRACK
[PUSH_CTRL] 257 3.27765 3.57133 TRACK
[PUSH_CTRL] 258 3.27341 3.57133 TRACK
[PUSH_CTRL] 259 3.26899 3.57133 TRACK
[PUSH_CTRL] 260 3.26431 3.57133 TRACK
[PUSH_CTRL] 261 3.25918 3.57133 TRACK
[PUSH_CTRL] 262 3.25404 3.57133 TRACK
[PUSH_CTRL] 263 3.24902 3.57133 TRACK
[PUSH_CTRL] 264 3.2448 3.57133 TRACK
[PUSH_CTRL] 265 3.24132 3.57133 TRACK
[PUSH_CTRL] 266 3.23892 3.57133 TRACK
[PUSH_CTRL] 267 3.2446 3.57133 TRACK
[PUSH_CTRL] 268 3.23977 3.57133 TRACK
[PUSH_CTRL] 269 3.23492 3.57133 TRACK
[PUSH_CTRL] 270 3.23073 3.57133 TRACK
[PUSH_CTRL] 271 3.22729 3.57133 TRACK
[PUSH_CTRL] 272 3.22433 3.57133 TRACK
[PUSH_CTRL] 273 3.22102 3.57133 TRACK
[PUSH_CTRL] 274 3.21806 3.57133 TRACK
[PUSH_CTRL] 275 3.21613 3.57133 TRACK
[PUSH_CTRL] 276 3.22533 3.57133 TRACK
[PUSH_CTRL] 277 3.22395 3.57133 TRACK
[PUSH_CTRL] 278 3.22147 3.57133 TRACK
[PUSH_CTRL] 279 3.21838 3.57133 TRACK
[PUSH_CTRL] 280 3.21472 3.57133 TRACK
[PUSH_CTRL] 281 3.21016 3.57133 TRACK
[PUSH_CTRL] 282 3.20292 3.57133 TRACK
[PUSH_CTRL] 283 3.19525 3.57133 TRACK
[PUSH_CTRL] 284 3.18764 3.57133 TRACK
[PUSH_CTRL] 285 3.1918 3.57133 TRACK
[PUSH_CTRL] 286 3.18458 3.57133 TRACK
[PUSH_CTRL] 287 3.17751 3.57133 TRACK
[PUSH_CTRL] 288 3.1713 3.57133 TRACK
[PUSH_CTRL] 289 3.16386 3.57133 TRACK
[PUSH_CTRL] 290 3.15662 3.57133 TRACK
[PUSH_CTRL] 291 3.1501 3.57133 TRACK
[PUSH_CTRL] 292 3.14371 3.57133 TRACK
[PUSH_CTRL] 293 3.13815 3.57133 TRACK
[PUSH_CTRL] 294 3.13306 3.57133 TRACK
[PUSH_CTRL] 295 3.14109 3.57133 TRACK
[PUSH_CTRL] 296 3.13573 3.57133 TRACK
[PUSH_CTRL] 297 3.13068 3.57133 TRACK
[PUSH_CTRL] 298 3.12619 3.57133 TRACK
[PUSH_CTRL] 299 3.12228 3.57133 TRACK
[PUSH_CTRL] 300 3.11885 3.57133 TRACK
[PUSH_CTRL] 301 3.11601 3.57133 TRACK
[PUSH_CTRL] 302 3.11419 3.57133 TRACK
[PUSH_CTRL] 303 3.11308 3.57133 TRACK
[PUSH_CTRL] 304 3.12577 3.57133 TRACK
[PUSH_CTRL] 305 3.12297 3.57133 TRACK
[PUSH_CTRL] 306 3.11894 3.57133 TRACK
[PUSH_CTRL] 307 3.11392 3.57133 TRACK
[PUSH_CTRL] 308 3.10805 3.57133 TRACK
[PUSH_CTRL] 309 3.10147 3.57133 TRACK
[PUSH_CTRL] 310 3.09495 3.57133 TRACK
[PUSH_CTRL] 311 3.08837 3.57133 TRACK
[PUSH_CTRL] 312 3.08186 3.57133 TRACK
[PUSH_CTRL] 313 3.07659 3.57133 TRACK
[PUSH_CTRL] 314 3.07207 3.57133 TRACK
[PUSH_CTRL] 315 3.08351 3.57133 TRACK
[PUSH_CTRL] 316 3.07916 3.57133 TRACK
[PUSH_CTRL] 317 3.07449 3.57133 TRACK
[PUSH_CTRL] 318 3.06962 3.57133 TRACK
[PUSH_CTRL] 319 3.06576 3.57133 TRACK
[PUSH_CTRL] 320 3.06345 3.57133 TRACK
[PUSH_CTRL] 321 3.06036 3.57133 TRACK
[PUSH_CTRL] 322 3.05667 3.57133 TRACK
[PUSH_CTRL] 323 3.06837 3.57133 TRACK
[PUSH_CTRL] 324 3.06292 3.57133 TRACK
[PUSH_CTRL] 325 3.0569 3.57133 TRACK
[PUSH_CTRL] 326 3.05066 3.57133 TRACK
[PUSH_CTRL] 327 3.04437 3.57133 TRACK
[PUSH_CTRL] 328 3.03814 3.57133 TRACK
[PUSH_CTRL] 329 3.03204 3.57133 TRACK
[PUSH_CTRL] 330 3.02597 3.57133 TRACK
[PUSH_CTRL] 331 3.01991 3.57133 TRACK
[PUSH_CTRL] 332 3.01351 3.57133 TRACK
[PUSH_CTRL] 333 3.00703 3.57133 TRACK
[PUSH_CTRL] 334 3.01893 3.57133 TRACK
[PUSH_CTRL] 335 3.01313 3.57133 TRACK
[PUSH_CTRL] 336 3.00817 3.57133 TRACK
[PUSH_CTRL] 337 3.00368 3.57133 TRACK
[PUSH_CTRL] 338 2.99939 3.57133 TRACK
[PUSH_CTRL] 339 2.99614 3.57133 TRACK
[PUSH_CTRL] 340 2.99299 3.57133 TRACK
[PUSH_CTRL] 341 2.98937 3.57133 TRACK
[PUSH_CTRL] 342 2.9859 3.57133 TRACK
[PUSH_CTRL] 343 3.00015 3.57133 TRACK
[PUSH_CTRL] 344 2.99458 3.57133 TRACK
[PUSH_CTRL] 345 2.98851 3.57133 TRACK
[PUSH_CTRL] 346 2.9823 3.57133 TRACK
[PUSH_CTRL] 347 2.97614 3.57133 TRACK
[PUSH_CTRL] 348 2.97014 3.57133 TRACK
[PUSH_CTRL] 349 2.96468 3.57133 TRACK
[PUSH_CTRL] 350 2.95911 3.57133 TRACK
[PUSH_CTRL] 351 2.95295 3.57133 TRACK
[PUSH_CTRL] 352 2.94658 3.57133 TRACK
[PUSH_CTRL] 353 2.96118 3.57133 TRACK
[PUSH_CTRL] 354 2.95581 3.57133 TRACK
[PUSH_CTRL] 355 2.95084 3.57133 TRACK
[PUSH_CTRL] 356 2.94627 3.57133 TRACK
[PUSH_CTRL] 357 2.94204 3.57133 TRACK
[PUSH_CTRL] 358 2.93727 3.57133 TRACK
[PUSH_CTRL] 359 2.93106 3.57133 TRACK
[PUSH_CTRL] 360 2.9244 3.57133 TRACK
[PUSH_CTRL] 361 2.91738 3.57133 TRACK
[PUSH_CTRL] 362 2.91017 3.57133 TRACK
[PUSH_CTRL] 363 2.92531 3.57133 TRACK
[PUSH_CTRL] 364 2.91913 3.57133 TRACK
[PUSH_CTRL] 365 2.91342 3.57133 TRACK
[PUSH_CTRL] 366 2.90836 3.57133 TRACK
[PUSH_CTRL] 367 2.90498 3.57133 TRACK
[PUSH_CTRL] 368 2.90213 3.57133 TRACK
[PUSH_CTRL] 369 2.89905 3.57133 TRACK
[PUSH_CTRL] 370 2.89568 3.57133 TRACK
[PUSH_CTRL] 371 2.89189 3.57133 TRACK
[PUSH_CTRL] 372 2.90975 3.57133 TRACK
[PUSH_CTRL] 373 2.90455 3.57133 TRACK
[PUSH_CTRL] 374 2.89854 3.57133 TRACK
[PUSH_CTRL] 375 2.89212 3.57133 TRACK
[PUSH_CTRL] 376 2.88588 3.57133 TRACK
[PUSH_CTRL] 377 2.88097 3.57133 TRACK
[PUSH_CTRL] 378 2.87744 3.57133 TRACK
[PUSH_CTRL] 379 2.87485 3.57133 TRACK
[PUSH_CTRL] 380 2.87243 3.57133 TRACK
[PUSH_CTRL] 381 2.86943 3.57133 TRACK
[PUSH_CTRL] 382 2.88924 3.57133 TRACK
[PUSH_CTRL] 383 2.88443 3.57133 TRACK
[PUSH_CTRL] 384 2.87762 3.57133 TRACK
[PUSH_CTRL] 385 2.87046 3.57133 TRACK
[PUSH_CTRL] 386 2.86308 3.57133 TRACK
[PUSH_CTRL] 387 2.85568 3.57133 TRACK
[PUSH_CTRL] 388 2.84845 3.57133 TRACK
[PUSH_CTRL] 389 2.84199 3.57133 TRACK
[PUSH_CTRL] 390 2.83586 3.57133 TRACK
[PUSH_CTRL] 391 2.83082 3.57133 TRACK
[PUSH_CTRL] 392 2.85056 3.57133 TRACK
[PUSH_CTRL] 393 2.84436 3.57133 TRACK
[PUSH_CTRL] 394 2.83809 3.57133 TRACK
[PUSH_CTRL] 395 2.83173 3.57133 TRACK
[PUSH_CTRL] 396 2.82543 3.57133 TRACK
[PUSH_CTRL] 397 2.81994 3.57133 TRACK
[PUSH_CTRL] 398 2.81518 3.57133 TRACK
[PUSH_CTRL] 399 2.8115 3.57133 TRACK
[PUSH_CTRL] 400 2.80839 3.57133 TRACK
[PUSH_CTRL] 401 2.80484 3.57133 TRACK
[PUSH_CTRL] 402 2.82656 3.57133 TRACK
[PUSH_CTRL] 403 2.82105 3.57133 TRACK
[PUSH_CTRL] 404 2.81477 3.57133 TRACK
[PUSH_CTRL] 405 2.8082 3.57133 TRACK
[PUSH_CTRL] 406 2.80167 3.57133 TRACK
[PUSH_CTRL] 407 2.79525 3.57133 TRACK
[PUSH_CTRL] 408 2.78828 3.57133 TRACK
[PUSH_CTRL] 409 2.78059 3.57133 TRACK
[PUSH_CTRL] 410 2.77271 3.57133 TRACK
[PUSH_CTRL] 411 2.76479 3.57133 TRACK
[PUSH_CTRL] 412 2.75701 3.57133 TRACK
[PUSH_CTRL] 413 2.77718 3.57133 TRACK
[PUSH_CTRL] 414 2.76952 3.57133 TRACK
[PUSH_CTRL] 415 2.76291 3.57133 TRACK
[PUSH_CTRL] 416 2.75721 3.57133 TRACK
[PUSH_CTRL] 417 2.75313 3.57133 TRACK
[PUSH_CTRL] 418 2.74977 3.57133 TRACK
[PUSH_CTRL] 419 2.74708 3.57133 TRACK
[PUSH_CTRL] 420 2.74392 3.57133 TRACK
[PUSH_CTRL] 421 2.74036 3.57133 TRACK
[PUSH_CTRL] 422 2.76471 3.57133 TRACK
[PUSH_CTRL] 423 2.75948 3.57133 TRACK
[PUSH_CTRL] 424 2.75352 3.57133 TRACK
[PUSH_CTRL] 425 2.74705 3.57133 TRACK
[PUSH_CTRL] 426 2.74037 3.57133 TRACK
[PUSH_CTRL] 427 2.73434 3.57133 TRACK
[PUSH_CTRL] 428 2.72918 3.57133 TRACK
[PUSH_CTRL] 429 2.72566 3.57133 TRACK
[PUSH_CTRL] 430 2.72307 3.57133 TRACK
[PUSH_CTRL] 431 2.71992 3.57133 TRACK
[PUSH_CTRL] 432 2.74558 3.57133 TRACK
[PUSH_CTRL] 433 2.7409 3.57133 TRACK
[PUSH_CTRL] 434 2.73539 3.57133 TRACK
[PUSH_CTRL] 435 2.72885 3.57133 TRACK
[PUSH_CTRL] 436 2.72182 3.57133 TRACK
[PUSH_CTRL] 437 2.71497 3.57133 TRACK
[PUSH_CTRL] 438 2.70845 3.57133 TRACK
[PUSH_CTRL] 439 2.70245 3.57133 TRACK
[PUSH_CTRL] 440 2.6974 3.57133 TRACK
[PUSH_CTRL] 441 2.69399 3.57133 TRACK
[PUSH_CTRL] 442 2.72166 3.57133 TRACK
[PUSH_CTRL] 443 2.71753 3.57133 TRACK
[PUSH_CTRL] 444 2.71168 3.57133 TRACK
[PUSH_CTRL] 445 2.70514 3.57133 TRACK
[PUSH_CTRL] 446 2.69828 3.57133 TRACK
[PUSH_CTRL] 447 2.69138 3.57133 TRACK
[PUSH_CTRL] 448 2.68505 3.57133 TRACK
[PUSH_CTRL] 449 2.67929 3.57133 TRACK
[PUSH_CTRL] 450 2.67358 3.57133 TRACK
[PUSH_CTRL] 451 2.6679 3.57133 TRACK
[PUSH_CTRL] 452 2.6942 3.57133 TRACK
[PUSH_CTRL] 453 2.68816 3.57133 TRACK
[PUSH_CTRL] 454 2.68166 3.57133 TRACK
[PUSH_CTRL] 455 2.67517 3.57133 TRACK
[PUSH_CTRL] 456 2.66817 3.57133 TRACK
[PUSH_CTRL] 457 2.66058 3.57133 TRACK
[PUSH_CTRL] 458 2.65298 3.57133 TRACK
[PUSH_CTRL] 459 2.64563 3.57133 TRACK
[PUSH_CTRL] 460 2.63859 3.57133 TRACK
[PUSH_CTRL] 461 2.63198 3.57133 TRACK
[PUSH_CTRL] 462 2.62657 3.57133 TRACK
[PUSH_CTRL] 463 2.65528 3.57133 TRACK
[PUSH_CTRL] 464 2.64958 3.57133 TRACK
[PUSH_CTRL] 465 2.64339 3.57133 TRACK
[PUSH_CTRL] 466 2.63693 3.57133 TRACK
[PUSH_CTRL] 467 2.63045 3.57133 TRACK
[PUSH_CTRL] 468 2.62412 3.57133 TRACK
[PUSH_CTRL] 469 2.61808 3.57133 TRACK
[PUSH_CTRL] 470 2.61235 3.57133 TRACK
[PUSH_CTRL] 471 2.60715 3.57133 TRACK
[PUSH_CTRL] 472 2.60175 3.57133 TRACK
[PUSH_CTRL] 473 2.5962 3.57133 TRACK
[PUSH_CTRL] 474 2.62483 3.57133 TRACK
[PUSH_CTRL] 475 2.61833 3.57133 TRACK
[PUSH_CTRL] 476 2.61151 3.57133 TRACK
[PUSH_CTRL] 477 2.60474 3.57133 TRACK
[PUSH_CTRL] 478 2.59822 3.57133 TRACK
[PUSH_CTRL] 479 2.59206 3.57133 TRACK
[PUSH_CTRL] 480 2.58639 3.57133 TRACK
[PUSH_CTRL] 481 2.5811 3.57133 TRACK
[PUSH_CTRL] 482 2.57543 3.57133 TRACK
[PUSH_CTRL] 483 2.56922 3.57133 TRACK
[PUSH_CTRL] 484 2.56297 3.57133 TRACK
[PUSH_CTRL] 485 2.59214 3.57133 TRACK
[PUSH_CTRL] 486 2.58504 3.57133 TRACK
[PUSH_CTRL] 487 2.57782 3.57133 TRACK
[PUSH_CTRL] 488 2.57114 3.57133 TRACK
[PUSH_CTRL] 489 2.56519 3.57133 TRACK
[PUSH_CTRL] 490 2.56016 3.57133 TRACK
[PUSH_CTRL] 491 2.55682 3.57133 TRACK
[PUSH_CTRL] 492 2.5532 3.57133 TRACK
[PUSH_CTRL] 493 2.5494 3.57133 TRACK
[PUSH_CTRL] 494 2.54631 3.57133 TRACK
[PUSH_CTRL] 495 2.58033 3.57133 TRACK
[PUSH_CTRL] 496 2.57742 3.57133 TRACK
[PUSH_CTRL] 497 2.57346 3.57133 TRACK
[PUSH_CTRL] 498 2.56859 3.57133 TRACK
[PUSH_CTRL] 499 2.56291 3.57133 TRACK
[PUSH_CTRL] 500 2.5567 3.57133 TRACK
[PUSH_CTRL] 501 2.55017 3.57133 TRACK
[PUSH_CTRL] 502 2.54338 3.57133 TRACK
[PUSH_CTRL] 503 2.53678 3.57133 TRACK
[PUSH_CTRL] 504 2.53064 3.57133 TRACK
[PUSH_CTRL] 505 2.5625 3.57133 TRACK
[PUSH_CTRL] 506 2.55615 3.57133 TRACK
[PUSH_CTRL] 507 2.5486 3.57133 TRACK
[PUSH_CTRL] 508 2.54012 3.57133 TRACK
[PUSH_CTRL] 509 2.53175 3.57133 TRACK
[PUSH_CTRL] 510 2.52366 3.57133 TRACK
[PUSH_CTRL] 511 2.51607 3.57133 TRACK
[PUSH_CTRL] 512 2.50983 3.57133 TRACK
[PUSH_CTRL] 513 2.50487 3.57133 TRACK
[PUSH_CTRL] 514 2.50186 3.57133 TRACK
[PUSH_CTRL] 515 2.49979 3.57133 TRACK
[PUSH_CTRL] 516 2.53549 3.57133 TRACK
[PUSH_CTRL] 517 2.53113 3.57133 TRACK
[PUSH_CTRL] 518 2.52581 3.57133 TRACK
[PUSH_CTRL] 519 2.51999 3.57133 TRACK
[PUSH_CTRL] 520 2.51372 3.57133 TRACK
[PUSH_CTRL] 521 2.50681 3.57133 TRACK
[PUSH_CTRL] 522 2.49977 3.57133 TRACK
[PUSH_CTRL] 523 2.49282 3.57133 TRACK
[PUSH_CTRL] 524 2.48634 3.57133 TRACK
[PUSH_CTRL] 525 2.48014 3.57133 TRACK
[PUSH_CTRL] 526 2.51372 3.57133 TRACK
[PUSH_CTRL] 527 2.50719 3.57133 TRACK
[PUSH_CTRL] 528 2.5003 3.57133 TRACK
[PUSH_CTRL] 529 2.49359 3.57133 TRACK
[PUSH_CTRL] 530 2.48733 3.57133 TRACK
[PUSH_CTRL] 531 2.48308 3.57133 TRACK
[PUSH_CTRL] 532 2.47835 3.57133 TRACK
[PUSH_CTRL] 533 2.47317 3.57133 TRACK
[PUSH_CTRL] 534 2.4685 3.57133 TRACK
[PUSH_CTRL] 535 2.46374 3.57133 TRACK
[PUSH_CTRL] 536 2.4993 3.57133 TRACK
[PUSH_CTRL] 537 2.49352 3.57133 TRACK
[PUSH_CTRL] 538 2.48712 3.57133 TRACK
[PUSH_CTRL] 539 2.48004 3.57133 TRACK
[PUSH_CTRL] 540 2.47288 3.57133 TRACK
[PUSH_CTRL] 541 2.46584 3.57133 TRACK
[PUSH_CTRL] 542 2.45911 3.57133 TRACK
[PUSH_CTRL] 543 2.45282 3.57133 TRACK
[PUSH_CTRL] 544 2.447 3.57133 TRACK
[PUSH_CTRL] 545 2.44174 3.57133 TRACK
[PUSH_CTRL] 546 2.43619 3.57133 TRACK
[PUSH_CTRL] 547 2.47205 3.57133 TRACK
[PUSH_CTRL] 548 2.4654 3.57133 TRACK
[PUSH_CTRL] 549 2.45845 3.57133 TRACK
[PUSH_CTRL] 550 2.45213 3.57133 TRACK
[PUSH_CTRL] 551 2.44664 3.57133 TRACK
[PUSH_CTRL] 552 2.44203 3.57133 TRACK
[PUSH_CTRL] 553 2.43759 3.57133 TRACK
[PUSH_CTRL] 554 2.43234 3.57133 TRACK
[PUSH_CTRL] 555 2.4269 3.57133 TRACK
[PUSH_CTRL] 556 2.42142 3.57133 TRACK
[PUSH_CTRL] 557 2.41601 3.57133 TRACK
[PUSH_CTRL] 558 2.45332 3.57133 TRACK
[PUSH_CTRL] 559 2.44721 3.57133 TRACK
[PUSH_CTRL] 560 2.44065 3.57133 TRACK
[PUSH_CTRL] 561 2.43345 3.57133 TRACK
[PUSH_CTRL] 562 2.42668 3.57133 TRACK
[PUSH_CTRL] 563 2.42067 3.57133 TRACK
[PUSH_CTRL] 564 2.4149 3.57133 TRACK
[PUSH_CTRL] 565 2.40924 3.57133 TRACK
[PUSH_CTRL] 566 2.40376 3.57133 TRACK
[PUSH_CTRL] 567 2.39874 3.57133 TRACK
[PUSH_CTRL] 568 2.43808 3.57133 TRACK
[PUSH_CTRL] 569 2.4317 3.57133 TRACK
[PUSH_CTRL] 570 2.42435 3.57133 TRACK
[PUSH_CTRL] 571 2.41668 3.57133 TRACK
[PUSH_CTRL] 572 2.40899 3.57133 TRACK
[PUSH_CTRL] 573 2.40155 3.57133 TRACK
[PUSH_CTRL] 574 2.39458 3.57133 TRACK
[PUSH_CTRL] 575 2.38818 3.57133 TRACK
[PUSH_CTRL] 576 2.38251 3.57133 TRACK
[PUSH_CTRL] 577 2.37748 3.57133 TRACK
[PUSH_CTRL] 578 2.37331 3.57133 TRACK
[PUSH_CTRL] 579 2.41382 3.57133 TRACK
[PUSH_CTRL] 580 2.40806 3.57133 TRACK
[PUSH_CTRL] 581 2.40188 3.57133 TRACK
[PUSH_CTRL] 582 2.39588 3.57133 TRACK
[PUSH_CTRL] 583 2.38986 3.57133 TRACK
[PUSH_CTRL] 584 2.38403 3.57133 TRACK
[PUSH_CTRL] 585 2.37864 3.57133 TRACK
[PUSH_CTRL] 586 2.37388 3.57133 TRACK
[PUSH_CTRL] 587 2.36885 3.57133 TRACK
[PUSH_CTRL] 588 2.36334 3.57133 TRACK
[PUSH_CTRL] 589 2.35757 3.57133 TRACK
[PUSH_CTRL] 590 2.39713 3.57133 TRACK
[PUSH_CTRL] 591 2.38989 3.57133 TRACK
[PUSH_CTRL] 592 2.3822 3.57133 TRACK
[PUSH_CTRL] 593 2.37557 3.57133 TRACK
[PUSH_CTRL] 594 2.36966 3.57133 TRACK
[PUSH_CTRL] 595 2.36416 3.57133 TRACK
[PUSH_CTRL] 596 2.35855 3.57133 TRACK
[PUSH_CTRL] 597 2.35266 3.57133 TRACK
[PUSH_CTRL] 598 2.34701 3.57133 TRACK
[PUSH_CTRL] 599 2.34164 3.57133 TRACK
[PUSH_CTRL] 600 2.33654 3.57133 TRACK
[PUSH_CTRL] 601 2.37832 3.57133 TRACK
[PUSH_CTRL] 602 2.3727 3.57133 TRACK
[PUSH_CTRL] 603 2.36592 3.57133 TRACK
[PUSH_CTRL] 604 2.3583 3.57133 TRACK
[PUSH_CTRL] 605 2.35078 3.57133 TRACK
[PUSH_CTRL] 606 2.34355 3.57133 TRACK
[PUSH_CTRL] 607 2.33688 3.57133 TRACK
[PUSH_CTRL] 608 2.33055 3.57133 TRACK
[PUSH_CTRL] 609 2.32459 3.57133 TRACK
[PUSH_CTRL] 610 2.31901 3.57133 TRACK
[PUSH_CTRL] 611 2.31387 3.57133 TRACK
[PUSH_CTRL] 612 2.35651 3.57133 TRACK
[PUSH_CTRL] 613 2.35113 3.57133 TRACK
[PUSH_CTRL] 614 2.34545 3.57133 TRACK
[PUSH_CTRL] 615 2.33934 3.57133 TRACK
[PUSH_CTRL] 616 2.33247 3.57133 TRACK
[PUSH_CTRL] 617 2.32583 3.57133 TRACK
[PUSH_CTRL] 618 2.31932 3.57133 TRACK
[PUSH_CTRL] 619 2.31274 3.57133 TRACK
[PUSH_CTRL] 620 2.30631 3.57133 TRACK
[PUSH_CTRL] 621 2.30019 3.57133 TRACK
[PUSH_CTRL] 622 2.29443 3.57133 TRACK
[PUSH_CTRL] 623 2.33742 3.57133 TRACK
[PUSH_CTRL] 624 2.3306 3.57133 TRACK
[PUSH_CTRL] 625 2.32322 3.57133 TRACK
[PUSH_CTRL] 626 2.31622 3.57133 TRACK
[PUSH_CTRL] 627 2.3098 3.57133 TRACK
[PUSH_CTRL] 628 2.30346 3.57133 TRACK
[PUSH_CTRL] 629 2.29735 3.57133 TRACK
[PUSH_CTRL] 630 2.29156 3.57133 TRACK
[PUSH_CTRL] 631 2.28593 3.57133 TRACK
[PUSH_CTRL] 632 2.27999 3.57133 TRACK
[PUSH_CTRL] 633 2.27403 3.57133 TRACK
[PUSH_CTRL] 634 2.3172 3.57133 TRACK
[PUSH_CTRL] 635 2.31021 3.57133 TRACK
[PUSH_CTRL] 636 2.30286 3.57133 TRACK
[PUSH_CTRL] 637 2.29566 3.57133 TRACK
[PUSH_CTRL] 638 2.28951 3.57133 TRACK
[PUSH_CTRL] 639 2.28383 3.57133 TRACK
[PUSH_CTRL] 640 2.27923 3.57133 TRACK
[PUSH_CTRL] 641 2.27449 3.57133 TRACK
[PUSH_CTRL] 642 2.26959 3.57133 TRACK
[PUSH_CTRL] 643 2.2653 3.57133 TRACK
[PUSH_CTRL] 644 2.26157 3.57133 TRACK
[PUSH_CTRL] 645 2.30748 3.57133 TRACK
[PUSH_CTRL] 646 2.30114 3.57133 TRACK
[PUSH_CTRL] 647 2.29394 3.57133 TRACK
[PUSH_CTRL] 648 2.28742 3.57133 TRACK
[PUSH_CTRL] 649 2.28075 3.57133 TRACK
[PUSH_CTRL] 650 2.27446 3.57133 TRACK
[PUSH_CTRL] 651 2.26821 3.57133 TRACK
[PUSH_CTRL] 652 2.26198 3.57133 TRACK
[PUSH_CTRL] 653 2.25598 3.57133 TRACK
[PUSH_CTRL] 654 2.25063 3.57133 TRACK
[PUSH_CTRL] 655 2.29645 3.57133 TRACK
[PUSH_CTRL] 656 2.29061 3.57133 TRACK
[PUSH_CTRL] 657 2.28375 3.57133 TRACK
[PUSH_CTRL] 658 2.27631 3.57133 TRACK
[PUSH_CTRL] 659 2.26846 3.57133 TRACK
[PUSH_CTRL] 660 2.26077 3.57133 TRACK
[PUSH_CTRL] 661 2.25381 3.57133 TRACK
[PUSH_CTRL] 662 2.24717 3.57133 TRACK
[PUSH_CTRL] 663 2.24079 3.57133 TRACK
[PUSH_CTRL] 664 2.2348 3.57133 TRACK
[PUSH_CTRL] 665 2.22924 3.57133 TRACK
[PUSH_CTRL] 666 2.22441 3.57133 TRACK
[PUSH_CTRL] 667 2.27238 3.57133 TRACK
[PUSH_CTRL] 668 2.26745 3.57133 TRACK
[PUSH_CTRL] 669 2.26233 3.57133 TRACK
[PUSH_CTRL] 670 2.25791 3.57133 TRACK
[PUSH_CTRL] 671 2.2529 3.57133 TRACK
[PUSH_CTRL] 672 2.24749 3.57133 TRACK
[PUSH_CTRL] 673 2.2418 3.57133 TRACK
[PUSH_CTRL] 674 2.23599 3.57133 TRACK
[PUSH_CTRL] 675 2.23029 3.57133 TRACK
[PUSH_CTRL] 676 2.22481 3.57133 TRACK
[PUSH_CTRL] 677 2.27188 3.57133 TRACK
[PUSH_CTRL] 678 2.26517 3.57133 TRACK
[PUSH_CTRL] 679 2.2576 3.57133 TRACK
[PUSH_CTRL] 680 2.25024 3.57133 TRACK
[PUSH_CTRL] 681 2.24259 3.57133 TRACK
[PUSH_CTRL] 682 2.23493 3.57133 TRACK
[PUSH_CTRL] 683 2.22754 3.57133 TRACK
[PUSH_CTRL] 684 2.22064 3.57133 TRACK
[PUSH_CTRL] 685 2.21433 3.57133 TRACK
[PUSH_CTRL] 686 2.20853 3.57133 TRACK
[PUSH_CTRL] 687 2.20365 3.57133 TRACK
[PUSH_CTRL] 688 2.19863 3.57133 TRACK
[PUSH_CTRL] 689 2.24634 3.57133 TRACK
[PUSH_CTRL] 690 2.23818 3.57133 TRACK
[PUSH_CTRL] 691 2.22902 3.57133 TRACK
[PUSH_CTRL] 692 2.22027 3.57133 TRACK
[PUSH_CTRL] 693 2.21238 3.57133 TRACK
[PUSH_CTRL] 694 2.20602 3.57133 TRACK
[PUSH_CTRL] 695 2.19982 3.57133 TRACK
[PUSH_CTRL] 696 2.19385 3.57133 TRACK
[PUSH_CTRL] 697 2.18823 3.57133 TRACK
[PUSH_CTRL] 698 2.18306 3.57133 TRACK
[PUSH_CTRL] 699 2.17799 3.57133 TRACK
[PUSH_CTRL] 700 2.17308 3.57133 TRACK
[PUSH_CTRL] 701 2.22264 3.57133 TRACK
[PUSH_CTRL] 702 2.21671 3.57133 TRACK
[PUSH_CTRL] 703 2.21031 3.57133 TRACK
[PUSH_CTRL] 704 2.20357 3.57133 TRACK
[PUSH_CTRL] 705 2.19645 3.57133 TRACK
[PUSH_CTRL] 706 2.18931 3.57133 TRACK
[PUSH_CTRL] 707 2.18233 3.57133 TRACK
[PUSH_CTRL] 708 2.17563 3.57133 TRACK
[PUSH_CTRL] 709 2.16967 3.57133 TRACK
[PUSH_CTRL] 710 2.16439 3.57133 TRACK
[PUSH_CTRL] 711 2.1592 3.57133 TRACK
[PUSH_CTRL] 712 2.20909 3.57133 TRACK
[PUSH_CTRL] 713 2.20285 3.57133 TRACK
[PUSH_CTRL] 714 2.19641 3.57133 TRACK
[PUSH_CTRL] 715 2.19044 3.57133 TRACK
[PUSH_CTRL] 716 2.18443 3.57133 TRACK
[PUSH_CTRL] 717 2.17816 3.57133 TRACK
[PUSH_CTRL] 718 2.17197 3.57133 TRACK
[PUSH_CTRL] 719 2.16552 3.57133 TRACK
[PUSH_CTRL] 720 2.15958 3.57133 TRACK
[PUSH_CTRL] 721 2.15422 3.57133 TRACK
[PUSH_CTRL] 722 2.1489 3.57133 TRACK
[PUSH_CTRL] 723 2.19931 3.57133 TRACK
[PUSH_CTRL] 724 2.19236 3.57133 TRACK
[PUSH_CTRL] 725 2.18476 3.57133 TRACK
[PUSH_CTRL] 726 2.17797 3.57133 TRACK
[PUSH_CTRL] 727 2.17214 3.57133 TRACK
[PUSH_CTRL] 728 2.16636 3.57133 TRACK
[PUSH_CTRL] 729 2.16076 3.57133 TRACK
[PUSH_CTRL] 730 2.15569 3.57133 TRACK
[PUSH_CTRL] 731 2.15116 3.57133 TRACK
[PUSH_CTRL] 732 2.14759 3.57133 TRACK
[PUSH_CTRL] 733 2.14471 3.57133 TRACK
[PUSH_CTRL] 734 2.19761 3.57133 TRACK
[PUSH_CTRL] 735 2.19183 3.57133 TRACK
[PUSH_CTRL] 736 2.18476 3.57133 TRACK
[PUSH_CTRL] 737 2.17728 3.57133 TRACK
[PUSH_CTRL] 738 2.16955 3.57133 TRACK
[PUSH_CTRL] 739 2.16169 3.57133 TRACK
[PUSH_CTRL] 740 2.15368 3.57133 TRACK
[PUSH_CTRL] 741 2.1456 3.57133 TRACK
[PUSH_CTRL] 742 2.13769 3.57133 TRACK
[PUSH_CTRL] 743 2.13016 3.57133 TRACK
[PUSH_CTRL] 744 2.12315 3.57133 TRACK
[PUSH_CTRL] 745 2.11673 3.57133 TRACK
[PUSH_CTRL] 746 2.11104 3.57133 TRACK
[PUSH_CTRL] 747 2.16348 3.57133 TRACK
[PUSH_CTRL] 748 2.15637 3.57133 TRACK
[PUSH_CTRL] 749 2.1486 3.57133 TRACK
[PUSH_CTRL] 750 2.14141 3.57133 TRACK
[PUSH_CTRL] 751 2.13438 3.57133 TRACK
[PUSH_CTRL] 752 2.12768 3.57133 TRACK
[PUSH_CTRL] 753 2.12143 3.57133 TRACK
[PUSH_CTRL] 754 2.11565 3.57133 TRACK
[PUSH_CTRL] 755 2.11027 3.57133 TRACK
[PUSH_CTRL] 756 2.10503 3.57133 TRACK
[PUSH_CTRL] 757 2.09968 3.57133 TRACK
[PUSH_CTRL] 758 2.09409 3.57133 TRACK
[PUSH_CTRL] 759 2.14645 3.57133 TRACK
[PUSH_CTRL] 760 2.13934 3.57133 TRACK
[PUSH_CTRL] 761 2.13179 3.57133 TRACK
[PUSH_CTRL] 762 2.12429 3.57133 TRACK
[PUSH_CTRL] 763 2.11681 3.57133 TRACK
[PUSH_CTRL] 764 2.10959 3.57133 TRACK
[PUSH_CTRL] 765 2.10273 3.57133 TRACK
[PUSH_CTRL] 766 2.09645 3.57133 TRACK
[PUSH_CTRL] 767 2.09097 3.57133 TRACK
[PUSH_CTRL] 768 2.08576 3.57133 TRACK
[PUSH_CTRL] 769 2.08106 3.57133 TRACK
[PUSH_CTRL] 770 2.07737 3.57133 TRACK
[PUSH_CTRL] 771 2.13213 3.57133 TRACK
[PUSH_CTRL] 772 2.12561 3.57133 TRACK
[PUSH_CTRL] 773 2.11833 3.57133 TRACK
[PUSH_CTRL] 774 2.11089 3.57133 TRACK
[PUSH_CTRL] 775 2.10366 3.57133 TRACK
[PUSH_CTRL] 776 2.09687 3.57133 TRACK
[PUSH_CTRL] 777 2.09072 3.57133 TRACK
[PUSH_CTRL] 778 2.08473 3.57133 TRACK
[PUSH_CTRL] 779 2.07929 3.57133 TRACK
[PUSH_CTRL] 780 2.07372 3.57133 TRACK
[PUSH_CTRL] 781 2.06817 3.57133 TRACK
[PUSH_CTRL] 782 2.06279 3.57133 TRACK
[PUSH_CTRL] 783 2.11717 3.57133 TRACK
[PUSH_CTRL] 784 2.11015 3.57133 TRACK
[PUSH_CTRL] 785 2.10226 3.57133 TRACK
[PUSH_CTRL] 786 2.09417 3.57133 TRACK
[PUSH_CTRL] 787 2.08608 3.57133 TRACK
[PUSH_CTRL] 788 2.07793 3.57133 TRACK
[PUSH_CTRL] 789 2.06983 3.57133 TRACK
[PUSH_CTRL] 790 2.062 3.57133 TRACK
[PUSH_CTRL] 791 2.05465 3.57133 TRACK
[PUSH_CTRL] 792 2.04843 3.57133 TRACK
[PUSH_CTRL] 793 2.04302 3.57133 TRACK
[PUSH_CTRL] 794 2.03831 3.57133 TRACK
[PUSH_CTRL] 795 2.03398 3.57133 TRACK
[PUSH_CTRL] 796 2.0904 3.57133 TRACK
[PUSH_CTRL] 797 2.0853 3.57133 TRACK
[PUSH_CTRL] 798 2.07975 3.57133 TRACK
[PUSH_CTRL] 799 2.0746 3.57133 TRACK
[PUSH_CTRL] 800 2.0699 3.57133 TRACK
[PUSH_CTRL] 801 2.06533 3.57133 TRACK
[PUSH_CTRL] 802 2.06051 3.57133 TRACK
[PUSH_CTRL] 803 2.05566 3.57133 TRACK
[PUSH_CTRL] 804 2.05064 3.57133 TRACK
[PUSH_CTRL] 805 2.04564 3.57133 TRACK
[PUSH_CTRL] 806 2.0408 3.57133 TRACK
[PUSH_CTRL] 807 2.09744 3.57133 TRACK
[PUSH_CTRL] 808 2.09122 3.57133 TRACK
[PUSH_CTRL] 809 2.08392 3.57133 TRACK
[PUSH_CTRL] 810 2.07634 3.57133 TRACK
[PUSH_CTRL] 811 2.06916 3.57133 TRACK
[PUSH_CTRL] 812 2.06203 3.57133 TRACK
[PUSH_CTRL] 813 2.05485 3.57133 TRACK
[PUSH_CTRL] 814 2.04789 3.57133 TRACK
[PUSH_CTRL] 815 2.04135 3.57133 TRACK
[PUSH_CTRL] 816 2.03531 3.57133 TRACK
[PUSH_CTRL] 817 2.02977 3.57133 TRACK
[PUSH_CTRL] 818 2.08599 3.57133 TRACK
[PUSH_CTRL] 819 2.07906 3.57133 TRACK
[PUSH_CTRL] 820 2.07181 3.57133 TRACK
[PUSH_CTRL] 821 2.0648 3.57133 TRACK
[PUSH_CTRL] 822 2.05826 3.57133 TRACK
[PUSH_CTRL] 823 2.05171 3.57133 TRACK
[PUSH_CTRL] 824 2.04483 3.57133 TRACK
[PUSH_CTRL] 825 2.038 3.57133 TRACK
[PUSH_CTRL] 826 2.03161 3.57133 TRACK
[PUSH_CTRL] 827 2.02574 3.57133 TRACK
[PUSH_CTRL] 828 2.01999 3.57133 TRACK
[PUSH_CTRL] 829 2.0145 3.57133 TRACK
[PUSH_CTRL] 830 2.00933 3.57133 TRACK
[PUSH_CTRL] 831 2.06681 3.57133 TRACK
[PUSH_CTRL] 832 2.06018 3.57133 TRACK
[PUSH_CTRL] 833 2.05303 3.57133 TRACK
[PUSH_CTRL] 834 2.04619 3.57133 TRACK
[PUSH_CTRL] 835 2.04045 3.57133 TRACK
[PUSH_CTRL] 836 2.03495 3.57133 TRACK
[PUSH_CTRL] 837 2.02937 3.57133 TRACK
[PUSH_CTRL] 838 2.02396 3.57133 TRACK
[PUSH_CTRL] 839 2.01908 3.57133 TRACK
[PUSH_CTRL] 840 2.01483 3.57133 TRACK
[PUSH_CTRL] 841 2.01019 3.57133 TRACK
[PUSH_CTRL] 842 2.06804 3.57133 TRACK
[PUSH_CTRL] 843 2.06108 3.57133 TRACK
[PUSH_CTRL] 844 2.05343 3.57133 TRACK
[PUSH_CTRL] 845 2.04591 3.57133 TRACK
[PUSH_CTRL] 846 2.03889 3.57133 TRACK
[PUSH_CTRL] 847 2.03265 3.57133 TRACK
[PUSH_CTRL] 848 2.02682 3.57133 TRACK
[PUSH_CTRL] 849 2.02134 3.57133 TRACK
[PUSH_CTRL] 850 2.01641 3.57133 TRACK
[PUSH_CTRL] 851 2.01241 3.57133 TRACK
[PUSH_CTRL] 852 2.0091 3.57133 TRACK
[PUSH_CTRL] 853 2.00621 3.57133 TRACK
[PUSH_CTRL] 854 2.06711 3.57133 TRACK
[PUSH_CTRL] 855 2.06194 3.57133 TRACK
[PUSH_CTRL] 856 2.05567 3.57133 TRACK
[PUSH_CTRL] 857 2.049 3.57133 TRACK
[PUSH_CTRL] 858 2.04243 3.57133 TRACK
[PUSH_CTRL] 859 2.03554 3.57133 TRACK
[PUSH_CTRL] 860 2.02896 3.57133 TRACK
[PUSH_CTRL] 861 2.02245 3.57133 TRACK
[PUSH_CTRL] 862 2.01628 3.57133 TRACK
[PUSH_CTRL] 863 2.01064 3.57133 TRACK
[PUSH_CTRL] 864 2.00551 3.57133 TRACK
[PUSH_CTRL] 865 2.06465 3.57133 TRACK
[PUSH_CTRL] 866 2.05738 3.57133 TRACK
[PUSH_CTRL] 867 2.049 3.57133 TRACK
[PUSH_CTRL] 868 2.04101 3.57133 TRACK
[PUSH_CTRL] 869 2.03436 3.57133 TRACK
[PUSH_CTRL] 870 2.02833 3.57133 TRACK
[PUSH_CTRL] 871 2.02251 3.57133 TRACK
[PUSH_CTRL] 872 2.017 3.57133 TRACK
[PUSH_CTRL] 873 2.01219 3.57133 TRACK
[PUSH_CTRL] 874 2.00729 3.57133 TRACK
[PUSH_CTRL] 875 2.00208 3.57133 TRACK
[PUSH_CTRL] 876 1.99673 3.57133 TRACK
[PUSH_CTRL] 877 2.05559 3.57133 TRACK
[PUSH_CTRL] 878 2.0476 3.57133 TRACK
[PUSH_CTRL] 879 2.03885 3.57133 TRACK
[PUSH_CTRL] 880 2.03028 3.57133 TRACK
[PUSH_CTRL] 881 2.02236 3.57133 TRACK
[PUSH_CTRL] 882 2.01587 3.57133 TRACK
[PUSH_CTRL] 883 2.00961 3.57133 TRACK
[PUSH_CTRL] 884 2.00366 3.57133 TRACK
[PUSH_CTRL] 885 1.99801 3.57133 TRACK
[PUSH_CTRL] 886 1.99283 3.57133 TRACK
[PUSH_CTRL] 887 1.98813 3.57133 TRACK
[PUSH_CTRL] 888 1.98341 3.57133 TRACK
[PUSH_CTRL] 889 1.97886 3.57133 TRACK
[PUSH_CTRL] 890 2.04025 3.57133 TRACK
[PUSH_CTRL] 891 2.03449 3.57133 TRACK
[PUSH_CTRL] 892 2.02745 3.57133 TRACK
[PUSH_CTRL] 893 2.02001 3.57133 TRACK
[PUSH_CTRL] 894 2.0126 3.57133 TRACK
[PUSH_CTRL] 895 2.00569 3.57133 TRACK
[PUSH_CTRL] 896 1.99997 3.57133 TRACK
[PUSH_CTRL] 897 1.99542 3.57133 TRACK
[PUSH_CTRL] 898 1.99116 3.57133 TRACK
[PUSH_CTRL] 899 1.98711 3.57133 TRACK
[PUSH_CTRL] 900 1.98301 3.57133 TRACK
[PUSH_CTRL] 901 2.04427 3.57133 TRACK
[PUSH_CTRL] 902 2.03865 3.57133 TRACK
[PUSH_CTRL] 903 2.03184 3.57133 TRACK
[PUSH_CTRL] 904 2.02473 3.57133 TRACK
[PUSH_CTRL] 905 2.01785 3.57133 TRACK
[PUSH_CTRL] 906 2.01144 3.57133 TRACK
[PUSH_CTRL] 907 2.00486 3.57133 TRACK
[PUSH_CTRL] 908 1.99719 3.57133 TRACK
[PUSH_CTRL] 909 1.98986 3.57133 TRACK
[PUSH_CTRL] 910 1.98304 3.57133 TRACK
[PUSH_CTRL] 911 1.9767 3.57133 TRACK
[PUSH_CTRL] 912 1.97123 3.57133 TRACK
[PUSH_CTRL] 913 1.96705 3.57133 TRACK
[PUSH_CTRL] 914 2.03 3.57133 TRACK
[PUSH_CTRL] 915 2.02513 3.57133 TRACK
[PUSH_CTRL] 916 2.01972 3.57133 TRACK
[PUSH_CTRL] 917 2.0144 3.57133 TRACK
[PUSH_CTRL] 918 2.00965 3.57133 TRACK
[PUSH_CTRL] 919 2.00588 3.57133 TRACK
[PUSH_CTRL] 920 2.00162 3.57133 TRACK
[PUSH_CTRL] 921 1.99684 3.57133 TRACK
[PUSH_CTRL] 922 1.99175 3.57133 TRACK
[PUSH_CTRL] 923 1.98658 3.57133 TRACK
[PUSH_CTRL] 924 2.04754 3.57133 TRACK
[PUSH_CTRL] 925 2.04048 3.57133 TRACK
[PUSH_CTRL] 926 2.03245 3.57133 TRACK
[PUSH_CTRL] 927 2.02415 3.57133 TRACK
[PUSH_CTRL] 928 2.01605 3.57133 TRACK
[PUSH_CTRL] 929 2.0085 3.57133 TRACK
[PUSH_CTRL] 930 2.0026 3.57133 TRACK
[PUSH_CTRL] 931 1.99745 3.57133 TRACK
[PUSH_CTRL] 932 1.99201 3.57133 TRACK
[PUSH_CTRL] 933 1.9864 3.57133 TRACK
[PUSH_CTRL] 934 1.98083 3.57133 TRACK
[PUSH_CTRL] 935 1.97544 3.57133 TRACK
[PUSH_CTRL] 936 1.97034 3.57133 TRACK
[PUSH_CTRL] 937 2.03222 3.57133 TRACK
[PUSH_CTRL] 938 2.02595 3.57133 TRACK
[PUSH_CTRL] 939 2.01994 3.57133 TRACK
[PUSH_CTRL] 940 2.01428 3.57133 TRACK
[PUSH_CTRL] 941 2.00857 3.57133 TRACK
[PUSH_CTRL] 942 2.00288 3.57133 TRACK
[PUSH_CTRL] 943 1.99736 3.57133 TRACK
[PUSH_CTRL] 944 1.99177 3.57133 TRACK
[PUSH_CTRL] 945 1.98631 3.57133 TRACK
[PUSH_CTRL] 946 1.98109 3.57133 TRACK
[PUSH_CTRL] 947 1.97627 3.57133 TRACK
[PUSH_CTRL] 948 2.03882 3.57133 TRACK
[PUSH_CTRL] 949 2.03368 3.57133 TRACK
[PUSH_CTRL] 950 2.02769 3.57133 TRACK
[PUSH_CTRL] 951 2.021 3.57133 TRACK
[PUSH_CTRL] 952 2.01411 3.57133 TRACK
[PUSH_CTRL] 953 2.00719 3.57133 TRACK
[PUSH_CTRL] 954 2.00056 3.57133 TRACK
[PUSH_CTRL] 955 1.99472 3.57133 TRACK
[PUSH_CTRL] 956 1.98961 3.57133 TRACK
[PUSH_CTRL] 957 1.9851 3.57133 TRACK
[PUSH_CTRL] 958 1.98211 3.57133 TRACK
[PUSH_CTRL] 959 1.98047 3.57133 TRACK
[PUSH_CTRL] 960 2.04624 3.57133 TRACK
[PUSH_CTRL] 961 2.04195 3.57133 TRACK
[PUSH_CTRL] 962 2.03582 3.57133 TRACK
[PUSH_CTRL] 963 2.02892 3.57133 TRACK
[PUSH_CTRL] 964 2.02191 3.57133 TRACK
[PUSH_CTRL] 965 2.01519 3.57133 TRACK
[PUSH_CTRL] 966 2.00904 3.57133 TRACK
[PUSH_CTRL] 967 2.00348 3.57133 TRACK
[PUSH_CTRL] 968 1.9994 3.57133 TRACK
[PUSH_CTRL] 969 1.99532 3.57133 TRACK
[PUSH_CTRL] 970 1.99142 3.57133 TRACK
[PUSH_CTRL] 971 2.0553 3.57133 TRACK
[PUSH_CTRL] 972 2.049 3.57133 TRACK
[PUSH_CTRL] 973 2.04164 3.57133 TRACK
[PUSH_CTRL] 974 2.03417 3.57133 TRACK
[PUSH_CTRL] 975 2.02708 3.57133 TRACK
[PUSH_CTRL] 976 2.02014 3.57133 TRACK
[PUSH_CTRL] 977 2.01322 3.57133 TRACK
[PUSH_CTRL] 978 2.00646 3.57133 TRACK
[PUSH_CTRL] 979 2 3.57133 TRACK
[PUSH_CTRL] 980 1.99397 3.57133 TRACK
[PUSH_CTRL] 981 1.98844 3.57133 TRACK
[PUSH_CTRL] 982 1.98363 3.57133 TRACK
[PUSH_CTRL] 983 2.04684 3.57133 TRACK
[PUSH_CTRL] 984 2.04062 3.57133 TRACK
[PUSH_CTRL] 985 2.0332 3.57133 TRACK
[PUSH_CTRL] 986 2.0251 3.57133 TRACK
[PUSH_CTRL] 987 2.01701 3.57133 TRACK
[PUSH_CTRL] 988 2.00908 3.57133 TRACK
[PUSH_CTRL] 989 2.00155 3.57133 TRACK
[PUSH_CTRL] 990 1.9946 3.57133 TRACK
[PUSH_CTRL] 991 1.98882 3.57133 TRACK
[PUSH_CTRL] 992 1.98341 3.57133 TRACK
[PUSH_CTRL] 993 1.97851 3.57133 TRACK
[PUSH_CTRL] 994 1.97473 3.57133 TRACK
[PUSH_CTRL] 995 2.04006 3.57133 TRACK
[PUSH_CTRL] 996 2.03382 3.57133 TRACK
[PUSH_CTRL] 997 2.02649 3.57133 TRACK
[PUSH_CTRL] 998 2.01951 3.57133 TRACK
[PUSH_CTRL] 999 2.01307 3.57133 TRACK
[PUSH_CTRL] 1000 2.0066 3.57133 TRACK
[PUSH_CTRL] 1001 2.00039 3.57133 TRACK
[PUSH_CTRL] 1002 1.99459 3.57133 TRACK
[PUSH_CTRL] 1003 1.98902 3.57133 TRACK
[PUSH_CTRL] 1004 1.98319 3.57133 TRACK
[PUSH_CTRL] 1005 1.97704 3.57133 TRACK
[PUSH_CTRL] 1006 1.97084 3.57133 TRACK
[PUSH_CTRL] 1007 1.96444 3.57133 TRACK
[PUSH_CTRL] 1008 2.02721 3.57133 TRACK
[PUSH_CTRL] 1009 2.01889 3.57133 TRACK
[PUSH_CTRL] 1010 2.01049 3.57133 TRACK
[PUSH_CTRL] 1011 2.00293 3.57133 TRACK
[PUSH_CTRL] 1012 1.99557 3.57133 TRACK
[PUSH_CTRL] 1013 1.98904 3.57133 TRACK
[PUSH_CTRL] 1014 1.98286 3.57133 TRACK
[PUSH_CTRL] 1015 1.97679 3.57133 TRACK
[PUSH_CTRL] 1016 1.97097 3.57133 TRACK
[PUSH_CTRL] 1017 1.9655 3.57133 TRACK
[PUSH_CTRL] 1018 1.96039 3.57133 TRACK
[PUSH_CTRL] 1019 1.95562 3.57133 TRACK
[PUSH_CTRL] 1020 2.02037 3.57133 TRACK
[PUSH_CTRL] 1021 2.01307 3.57133 TRACK
[PUSH_CTRL] 1022 2.00425 3.57133 TRACK
[PUSH_CTRL] 1023 1.99525 3.57133 TRACK
[PUSH_CTRL] 1024 1.98675 3.57133 TRACK
[PUSH_CTRL] 1025 1.97865 3.57133 TRACK
[PUSH_CTRL] 1026 1.97124 3.57133 TRACK
[PUSH_CTRL] 1027 1.9646 3.57133 TRACK
[PUSH_CTRL] 1028 1.95877 3.57133 TRACK
[PUSH_CTRL] 1029 1.95376 3.57133 TRACK
[PUSH_CTRL] 1030 1.94988 3.57133 TRACK
[PUSH_CTRL] 1031 1.9467 3.57133 TRACK
[PUSH_CTRL] 1032 1.94343 3.57133 TRACK
[PUSH_CTRL] 1033 2.00961 3.57133 TRACK
[PUSH_CTRL] 1034 2.00326 3.57133 TRACK
[PUSH_CTRL] 1035 1.99597 3.57133 TRACK
[PUSH_CTRL] 1036 1.98919 3.57133 TRACK
[PUSH_CTRL] 1037 1.98333 3.57133 TRACK
[PUSH_CTRL] 1038 1.97826 3.57133 TRACK
[PUSH_CTRL] 1039 1.97285 3.57133 TRACK
[PUSH_CTRL] 1040 1.96731 3.57133 TRACK
[PUSH_CTRL] 1041 1.96185 3.57133 TRACK
[PUSH_CTRL] 1042 1.95663 3.57133 TRACK
[PUSH_CTRL] 1043 1.95173 3.57133 TRACK
[PUSH_CTRL] 1044 2.01707 3.57133 TRACK
[PUSH_CTRL] 1045 2.0106 3.57133 TRACK
[PUSH_CTRL] 1046 2.0032 3.57133 TRACK
[PUSH_CTRL] 1047 1.99599 3.57133 TRACK
[PUSH_CTRL] 1048 1.98944 3.57133 TRACK
[PUSH_CTRL] 1049 1.98373 3.57133 TRACK
[PUSH_CTRL] 1050 1.978 3.57133 TRACK
[PUSH_CTRL] 1051 1.97246 3.57133 TRACK
[PUSH_CTRL] 1052 1.96721 3.57133 TRACK
[PUSH_CTRL] 1053 1.96255 3.57133 TRACK
[PUSH_CTRL] 1054 1.95808 3.57133 TRACK
[PUSH_CTRL] 1055 1.95288 3.57133 TRACK
[PUSH_CTRL] 1056 2.01766 3.57133 TRACK
[PUSH_CTRL] 1057 2.00962 3.57133 TRACK
[PUSH_CTRL] 1058 2.00078 3.57133 TRACK
[PUSH_CTRL] 1059 1.99215 3.57133 TRACK
[PUSH_CTRL] 1060 1.9842 3.57133 TRACK
[PUSH_CTRL] 1061 1.97776 3.57133 TRACK
[PUSH_CTRL] 1062 1.97175 3.57133 TRACK
[PUSH_CTRL] 1063 1.96632 3.57133 TRACK
[PUSH_CTRL] 1064 1.96146 3.57133 TRACK
[PUSH_CTRL] 1065 1.95644 3.57133 TRACK
[PUSH_CTRL] 1066 1.95144 3.57133 TRACK
[PUSH_CTRL] 1067 1.94658 3.57133 TRACK
[PUSH_CTRL] 1068 1.94225 3.57133 TRACK
[PUSH_CTRL] 1069 2.00936 3.57133 TRACK
[PUSH_CTRL] 1070 2.00235 3.57133 TRACK
[PUSH_CTRL] 1071 1.9937 3.57133 TRACK
[PUSH_CTRL] 1072 1.9847 3.57133 TRACK
[PUSH_CTRL] 1073 1.97589 3.57133 TRACK
[PUSH_CTRL] 1074 1.96759 3.57133 TRACK
[PUSH_CTRL] 1075 1.9605 3.57133 TRACK
[PUSH_CTRL] 1076 1.954 3.57133 TRACK
[PUSH_CTRL] 1077 1.94815 3.57133 TRACK
[PUSH_CTRL] 1078 1.94298 3.57133 TRACK
[PUSH_CTRL] 1079 1.93905 3.57133 TRACK
[PUSH_CTRL] 1080 1.93518 3.57133 TRACK
[PUSH_CTRL] 1081 2.00293 3.57133 TRACK
[PUSH_CTRL] 1082 1.99747 3.57133 TRACK
[PUSH_CTRL] 1083 1.99071 3.57133 TRACK
[PUSH_CTRL] 1084 1.98375 3.57133 TRACK
[PUSH_CTRL] 1085 1.97773 3.57133 TRACK
[PUSH_CTRL] 1086 1.97266 3.57133 TRACK
[PUSH_CTRL] 1087 1.96748 3.57133 TRACK
[PUSH_CTRL] 1088 1.96238 3.57133 TRACK
[PUSH_CTRL] 1089 1.95718 3.57133 TRACK
[PUSH_CTRL] 1090 1.95186 3.57133 TRACK
[PUSH_CTRL] 1091 1.94657 3.57133 TRACK
[PUSH_CTRL] 1092 1.94146 3.57133 TRACK
[PUSH_CTRL] 1093 2.00817 3.57133 TRACK
[PUSH_CTRL] 1094 2.00122 3.57133 TRACK
[PUSH_CTRL] 1095 1.99327 3.57133 TRACK
[PUSH_CTRL] 1096 1.98483 3.57133 TRACK
[PUSH_CTRL] 1097 1.97646 3.57133 TRACK
[PUSH_CTRL] 1098 1.96868 3.57133 TRACK
[PUSH_CTRL] 1099 1.96134 3.57133 TRACK
[PUSH_CTRL] 1100 1.95459 3.57133 TRACK
[PUSH_CTRL] 1101 1.94847 3.57133 TRACK
[PUSH_CTRL] 1102 1.94296 3.57133 TRACK
[PUSH_CTRL] 1103 1.93807 3.57133 TRACK
[PUSH_CTRL] 1104 1.9338 3.57133 TRACK
[PUSH_CTRL] 1105 2.00281 3.57133 TRACK
[PUSH_CTRL] 1106 1.99659 3.57133 TRACK
[PUSH_CTRL] 1107 1.98853 3.57133 TRACK
[PUSH_CTRL] 1108 1.98039 3.57133 TRACK
[PUSH_CTRL] 1109 1.97283 3.57133 TRACK
[PUSH_CTRL] 1110 1.96578 3.57133 TRACK
[PUSH_CTRL] 1111 1.95904 3.57133 TRACK
[PUSH_CTRL] 1112 1.95277 3.57133 TRACK
[PUSH_CTRL] 1113 1.94703 3.57133 TRACK
[PUSH_CTRL] 1114 1.9419 3.57133 TRACK
[PUSH_CTRL] 1115 1.93728 3.57133 TRACK
[PUSH_CTRL] 1116 1.93375 3.57133 TRACK
[PUSH_CTRL] 1117 2.00246 3.57133 TRACK
[PUSH_CTRL] 1118 1.99525 3.57133 TRACK
[PUSH_CTRL] 1119 1.98745 3.57133 TRACK
[PUSH_CTRL] 1120 1.97959 3.57133 TRACK
[PUSH_CTRL] 1121 1.97182 3.57133 TRACK
[PUSH_CTRL] 1122 1.96449 3.57133 TRACK
[PUSH_CTRL] 1123 1.95777 3.57133 TRACK
[PUSH_CTRL] 1124 1.95171 3.57133 TRACK
[PUSH_CTRL] 1125 1.94625 3.57133 TRACK
[PUSH_CTRL] 1126 1.94132 3.57133 TRACK
[PUSH_CTRL] 1127 1.93715 3.57133 TRACK
[PUSH_CTRL] 1128 1.93285 3.57133 TRACK
[PUSH_CTRL] 1129 2.00065 3.57133 TRACK
[PUSH_CTRL] 1130 1.99237 3.57133 TRACK
[PUSH_CTRL] 1131 1.98239 3.57133 TRACK
[PUSH_CTRL] 1132 1.97256 3.57133 TRACK
[PUSH_CTRL] 1133 1.9631 3.57133 TRACK
[PUSH_CTRL] 1134 1.95472 3.57133 TRACK
[PUSH_CTRL] 1135 1.94709 3.57133 TRACK
[PUSH_CTRL] 1136 1.94027 3.57133 TRACK
[PUSH_CTRL] 1137 1.93423 3.57133 TRACK
[PUSH_CTRL] 1138 1.92886 3.57133 TRACK
[PUSH_CTRL] 1139 1.92413 3.57133 TRACK
[PUSH_CTRL] 1140 1.92047 3.57133 TRACK
[PUSH_CTRL] 1141 1.91795 3.57133 TRACK
[PUSH_CTRL] 1142 1.91504 3.57133 TRACK
[PUSH_CTRL] 1143 1.98506 3.57133 TRACK
[PUSH_CTRL] 1144 1.97933 3.57133 TRACK
[PUSH_CTRL] 1145 1.9728 3.57133 TRACK
[PUSH_CTRL] 1146 1.96643 3.57133 TRACK
[PUSH_CTRL] 1147 1.96074 3.57133 TRACK
[PUSH_CTRL] 1148 1.95639 3.57133 TRACK
[PUSH_CTRL] 1149 1.95353 3.57133 TRACK
[PUSH_CTRL] 1150 1.9502 3.57133 TRACK
[PUSH_CTRL] 1151 1.94644 3.57133 TRACK
[PUSH_CTRL] 1152 1.94242 3.57133 TRACK
[PUSH_CTRL] 1153 2.01114 3.57133 TRACK
[PUSH_CTRL] 1154 2.00513 3.57133 TRACK
[PUSH_CTRL] 1155 1.99798 3.57133 TRACK
[PUSH_CTRL] 1156 1.99021 3.57133 TRACK
[PUSH_CTRL] 1157 1.98292 3.57133 TRACK
[PUSH_CTRL] 1158 1.97647 3.57133 TRACK
[PUSH_CTRL] 1159 1.97161 3.57133 TRACK
[PUSH_CTRL] 1160 1.96661 3.57133 TRACK
[PUSH_CTRL] 1161 1.96172 3.57133 TRACK
[PUSH_CTRL] 1162 1.95641 3.57133 TRACK
[PUSH_CTRL] 1163 1.95087 3.57133 TRACK
[PUSH_CTRL] 1164 1.94539 3.57133 TRACK
[PUSH_CTRL] 1165 1.94102 3.57133 TRACK
[PUSH_CTRL] 1166 2.01103 3.57133 TRACK
[PUSH_CTRL] 1167 2.00527 3.57133 TRACK
[PUSH_CTRL] 1168 1.99951 3.57133 TRACK
[PUSH_CTRL] 1169 1.99409 3.57133 TRACK
[PUSH_CTRL] 1170 1.98862 3.57133 TRACK
[PUSH_CTRL] 1171 1.98304 3.57133 TRACK
[PUSH_CTRL] 1172 1.9778 3.57133 TRACK
[PUSH_CTRL] 1173 1.97234 3.57133 TRACK
[PUSH_CTRL] 1174 1.96665 3.57133 TRACK
[PUSH_CTRL] 1175 1.96096 3.57133 TRACK
[PUSH_CTRL] 1176 1.95534 3.57133 TRACK
[PUSH_CTRL] 1177 2.02423 3.57133 TRACK
[PUSH_CTRL] 1178 2.01796 3.57133 TRACK
[PUSH_CTRL] 1179 2.01117 3.57133 TRACK
[PUSH_CTRL] 1180 2.0039 3.57133 TRACK
[PUSH_CTRL] 1181 1.99641 3.57133 TRACK
[PUSH_CTRL] 1182 1.9893 3.57133 TRACK
[PUSH_CTRL] 1183 1.98278 3.57133 TRACK
[PUSH_CTRL] 1184 1.9777 3.57133 TRACK
[PUSH_CTRL] 1185 1.97371 3.57133 TRACK
[PUSH_CTRL] 1186 1.97063 3.57133 TRACK
[PUSH_CTRL] 1187 1.96828 3.57133 TRACK
[PUSH_CTRL] 1188 2.03996 3.57133 TRACK
[PUSH_CTRL] 1189 2.03431 3.57133 TRACK
[PUSH_CTRL] 1190 2.02723 3.57133 TRACK
[PUSH_CTRL] 1191 2.01983 3.57133 TRACK
[PUSH_CTRL] 1192 2.01234 3.57133 TRACK
[PUSH_CTRL] 1193 2.00515 3.57133 TRACK
[PUSH_CTRL] 1194 1.99849 3.57133 TRACK
[PUSH_CTRL] 1195 1.99277 3.57133 TRACK
[PUSH_CTRL] 1196 1.98784 3.57133 TRACK
[PUSH_CTRL] 1197 1.98309 3.57133 TRACK
[PUSH_CTRL] 1198 1.97822 3.57133 TRACK
[PUSH_CTRL] 1199 2.04632 3.57133 TRACK
[PUSH_CTRL] 1200 2.03827 3.57133 TRACK
[PUSH_CTRL] 1201 2.02939 3.57133 TRACK
[PUSH_CTRL] 1202 2.02068 3.57133 TRACK
[PUSH_CTRL] 1203 2.01308 3.57133 TRACK
[PUSH_CTRL] 1204 2.0067 3.57133 TRACK
[PUSH_CTRL] 1205 2.00177 3.57133 TRACK
[PUSH_CTRL] 1206 1.99849 3.57133 TRACK
[PUSH_CTRL] 1207 1.99576 3.57133 TRACK
[PUSH_CTRL] 1208 1.99357 3.57133 TRACK
[PUSH_CTRL] 1209 1.99105 3.57133 TRACK
[PUSH_CTRL] 1210 1.98824 3.57133 TRACK
[PUSH_CTRL] 1211 2.0589 3.57133 TRACK
[PUSH_CTRL] 1212 2.05365 3.57133 TRACK
[PUSH_CTRL] 1213 2.04677 3.57133 TRACK
[PUSH_CTRL] 1214 2.03907 3.57133 TRACK
[PUSH_CTRL] 1215 2.03134 3.57133 TRACK
[PUSH_CTRL] 1216 2.0239 3.57133 TRACK
[PUSH_CTRL] 1217 2.01652 3.57133 TRACK
[PUSH_CTRL] 1218 2.00947 3.57133 TRACK
[PUSH_CTRL] 1219 2.00285 3.57133 TRACK
[PUSH_CTRL] 1220 1.99722 3.57133 TRACK
[PUSH_CTRL] 1221 1.99204 3.57133 TRACK
[PUSH_CTRL] 1222 1.98821 3.57133 TRACK
[PUSH_CTRL] 1223 2.05913 3.57133 TRACK
[PUSH_CTRL] 1224 2.05383 3.57133 TRACK
[PUSH_CTRL] 1225 2.04845 3.57133 TRACK
[PUSH_CTRL] 1226 2.04249 3.57133 TRACK
[PUSH_CTRL] 1227 2.03665 3.57133 TRACK
[PUSH_CTRL] 1228 2.03041 3.57133 TRACK
[PUSH_CTRL] 1229 2.02414 3.57133 TRACK
[PUSH_CTRL] 1230 2.0181 3.57133 TRACK
[PUSH_CTRL] 1231 2.01241 3.57133 TRACK
[PUSH_CTRL] 1232 2.00713 3.57133 TRACK
[PUSH_CTRL] 1233 2.07574 3.57133 TRACK
[PUSH_CTRL] 1234 2.06854 3.57133 TRACK
[PUSH_CTRL] 1235 2.06064 3.57133 TRACK
[PUSH_CTRL] 1236 2.05304 3.57133 TRACK
[PUSH_CTRL] 1237 2.04504 3.57133 TRACK
[PUSH_CTRL] 1238 2.03711 3.57133 TRACK
[PUSH_CTRL] 1239 2.02928 3.57133 TRACK
[PUSH_CTRL] 1240 2.02173 3.57133 TRACK
[PUSH_CTRL] 1241 2.01465 3.57133 TRACK
[PUSH_CTRL] 1242 2.00816 3.57133 TRACK
[PUSH_CTRL] 1243 2.00228 3.57133 TRACK
[PUSH_CTRL] 1244 1.99773 3.57133 TRACK
[PUSH_CTRL] 1245 1.99474 3.57133 TRACK
[PUSH_CTRL] 1246 2.06599 3.57133 TRACK
[PUSH_CTRL] 1247 2.05988 3.57133 TRACK
[PUSH_CTRL] 1248 2.05228 3.57133 TRACK
[PUSH_CTRL] 1249 2.04422 3.57133 TRACK
[PUSH_CTRL] 1250 2.03633 3.57133 TRACK
[PUSH_CTRL] 1251 2.02897 3.57133 TRACK
[PUSH_CTRL] 1252 2.02228 3.57133 TRACK
[PUSH_CTRL] 1253 2.01635 3.57133 TRACK
[PUSH_CTRL] 1254 2.01091 3.57133 TRACK
[PUSH_CTRL] 1255 2.00535 3.57133 TRACK
[PUSH_CTRL] 1256 1.99963 3.57133 TRACK
[PUSH_CTRL] 1257 1.99385 3.57133 TRACK
[PUSH_CTRL] 1258 2.06224 3.57133 TRACK
[PUSH_CTRL] 1259 2.05448 3.57133 TRACK
[PUSH_CTRL] 1260 2.04687 3.57133 TRACK
[PUSH_CTRL] 1261 2.03979 3.57133 TRACK
[PUSH_CTRL] 1262 2.03272 3.57133 TRACK
[PUSH_CTRL] 1263 2.02584 3.57133 TRACK
[PUSH_CTRL] 1264 2.01903 3.57133 TRACK
[PUSH_CTRL] 1265 2.01252 3.57133 TRACK
[PUSH_CTRL] 1266 2.00643 3.57133 TRACK
[PUSH_CTRL] 1267 2.00082 3.57133 TRACK
[PUSH_CTRL] 1268 1.99674 3.57133 TRACK
[PUSH_CTRL] 1269 1.99379 3.57133 TRACK
[PUSH_CTRL] 1270 2.065 3.57133 TRACK
[PUSH_CTRL] 1271 2.05865 3.57133 TRACK
[PUSH_CTRL] 1272 2.05113 3.57133 TRACK
[PUSH_CTRL] 1273 2.04332 3.57133 TRACK
[PUSH_CTRL] 1274 2.0356 3.57133 TRACK
[PUSH_CTRL] 1275 2.02833 3.57133 TRACK
[PUSH_CTRL] 1276 2.02166 3.57133 TRACK
[PUSH_CTRL] 1277 2.01564 3.57133 TRACK
[PUSH_CTRL] 1278 2.00996 3.57133 TRACK
[PUSH_CTRL] 1279 2.00429 3.57133 TRACK
[PUSH_CTRL] 1280 1.99844 3.57133 TRACK
[PUSH_CTRL] 1281 1.99234 3.57133 TRACK
[PUSH_CTRL] 1282 2.06066 3.57133 TRACK
[PUSH_CTRL] 1283 2.0524 3.57133 TRACK
[PUSH_CTRL] 1284 2.04343 3.57133 TRACK
[PUSH_CTRL] 1285 2.03465 3.57133 TRACK
[PUSH_CTRL] 1286 2.02725 3.57133 TRACK
[PUSH_CTRL] 1287 2.0214 3.57133 TRACK
[PUSH_CTRL] 1288 2.0158 3.57133 TRACK
[PUSH_CTRL] 1289 2.01088 3.57133 TRACK
[PUSH_CTRL] 1290 2.00596 3.57133 TRACK
[PUSH_CTRL] 1291 2.00085 3.57133 TRACK
[PUSH_CTRL] 1292 1.99575 3.57133 TRACK
[PUSH_CTRL] 1293 1.99124 3.57133 TRACK
[PUSH_CTRL] 1294 2.06136 3.57133 TRACK
[PUSH_CTRL] 1295 2.05516 3.57133 TRACK
[PUSH_CTRL] 1296 2.04765 3.57133 TRACK
[PUSH_CTRL] 1297 2.03944 3.57133 TRACK
[PUSH_CTRL] 1298 2.03113 3.57133 TRACK
[PUSH_CTRL] 1299 2.02301 3.57133 TRACK
[PUSH_CTRL] 1300 2.01532 3.57133 TRACK
[PUSH_CTRL] 1301 2.00874 3.57133 TRACK
[PUSH_CTRL] 1302 2.00261 3.57133 TRACK
[PUSH_CTRL] 1303 1.99701 3.57133 TRACK
[PUSH_CTRL] 1304 1.99189 3.57133 TRACK
[PUSH_CTRL] 1305 1.98728 3.57133 TRACK
[PUSH_CTRL] 1306 2.05861 3.57133 TRACK
[PUSH_CTRL] 1307 2.05162 3.57133 TRACK
[PUSH_CTRL] 1308 2.04363 3.57133 TRACK
[PUSH_CTRL] 1309 2.03526 3.57133 TRACK
[PUSH_CTRL] 1310 2.02708 3.57133 TRACK
[PUSH_CTRL] 1311 2.0192 3.57133 TRACK
[PUSH_CTRL] 1312 2.01191 3.57133 TRACK
[PUSH_CTRL] 1313 2.00565 3.57133 TRACK
[PUSH_CTRL] 1314 2.00088 3.57133 TRACK
[PUSH_CTRL] 1315 1.99715 3.57133 TRACK
[PUSH_CTRL] 1316 1.99413 3.57133 TRACK
[PUSH_CTRL] 1317 1.99174 3.57133 TRACK
[PUSH_CTRL] 1318 2.06395 3.57133 TRACK
[PUSH_CTRL] 1319 2.05933 3.57133 TRACK
[PUSH_CTRL] 1320 2.05218 3.57133 TRACK
[PUSH_CTRL] 1321 2.04437 3.57133 TRACK
[PUSH_CTRL] 1322 2.03644 3.57133 TRACK
[PUSH_CTRL] 1323 2.02896 3.57133 TRACK
[PUSH_CTRL] 1324 2.02211 3.57133 TRACK
[PUSH_CTRL] 1325 2.01584 3.57133 TRACK
[PUSH_CTRL] 1326 2.01063 3.57133 TRACK
[PUSH_CTRL] 1327 2.00608 3.57133 TRACK
[PUSH_CTRL] 1328 2.00161 3.57133 TRACK
[PUSH_CTRL] 1329 1.99694 3.57133 TRACK
[PUSH_CTRL] 1330 2.06711 3.57133 TRACK
[PUSH_CTRL] 1331 2.05947 3.57133 TRACK
[PUSH_CTRL] 1332 2.05151 3.57133 TRACK
[PUSH_CTRL] 1333 2.04457 3.57133 TRACK
[PUSH_CTRL] 1334 2.03933 3.57133 TRACK
[PUSH_CTRL] 1335 2.03475 3.57133 TRACK
[PUSH_CTRL] 1336 2.03107 3.57133 TRACK
[PUSH_CTRL] 1337 2.02695 3.57133 TRACK
[PUSH_CTRL] 1338 2.02316 3.57133 TRACK
[PUSH_CTRL] 1339 2.01917 3.57133 TRACK
[PUSH_CTRL] 1340 2.08955 3.57133 TRACK
[PUSH_CTRL] 1341 2.083 3.57133 TRACK
[PUSH_CTRL] 1342 2.07532 3.57133 TRACK
[PUSH_CTRL] 1343 2.06759 3.57133 TRACK
[PUSH_CTRL] 1344 2.06001 3.57133 TRACK
[PUSH_CTRL] 1345 2.05228 3.57133 TRACK
[PUSH_CTRL] 1346 2.04463 3.57133 TRACK
[PUSH_CTRL] 1347 2.03736 3.57133 TRACK
[PUSH_CTRL] 1348 2.03064 3.57133 TRACK
[PUSH_CTRL] 1349 2.02531 3.57133 TRACK
[PUSH_CTRL] 1350 2.022 3.57133 TRACK
[PUSH_CTRL] 1351 2.01978 3.57133 TRACK
[PUSH_CTRL] 1352 2.01792 3.57133 TRACK
[PUSH_CTRL] 1353 2.09193 3.57133 TRACK
[PUSH_CTRL] 1354 2.08768 3.57133 TRACK
[PUSH_CTRL] 1355 2.08175 3.57133 TRACK
[PUSH_CTRL] 1356 2.07587 3.57133 TRACK
[PUSH_CTRL] 1357 2.0699 3.57133 TRACK
[PUSH_CTRL] 1358 2.06403 3.57133 TRACK
[PUSH_CTRL] 1359 2.05791 3.57133 TRACK
[PUSH_CTRL] 1360 2.05183 3.57133 TRACK
[PUSH_CTRL] 1361 2.04599 3.57133 TRACK
[PUSH_CTRL] 1362 2.0405 3.57133 TRACK
[PUSH_CTRL] 1363 2.111 3.57133 TRACK
[PUSH_CTRL] 1364 2.10486 3.57133 TRACK
[PUSH_CTRL] 1365 2.09717 3.57133 TRACK
[PUSH_CTRL] 1366 2.08905 3.57133 TRACK
[PUSH_CTRL] 1367 2.08084 3.57133 TRACK
[PUSH_CTRL] 1368 2.07313 3.57133 TRACK
[PUSH_CTRL] 1369 2.06576 3.57133 TRACK
[PUSH_CTRL] 1370 2.05892 3.57133 TRACK
[PUSH_CTRL] 1371 2.05267 3.57133 TRACK
[PUSH_CTRL] 1372 2.04699 3.57133 TRACK
[PUSH_CTRL] 1373 2.04289 3.57133 TRACK
[PUSH_CTRL] 1374 2.03994 3.57133 TRACK
[PUSH_CTRL] 1375 2.1125 3.57133 TRACK
[PUSH_CTRL] 1376 2.1077 3.57133 TRACK
[PUSH_CTRL] 1377 2.10179 3.57133 TRACK
[PUSH_CTRL] 1378 2.09534 3.57133 TRACK
[PUSH_CTRL] 1379 2.08923 3.57133 TRACK
[PUSH_CTRL] 1380 2.08287 3.57133 TRACK
[PUSH_CTRL] 1381 2.07659 3.57133 TRACK
[PUSH_CTRL] 1382 2.07062 3.57133 TRACK
[PUSH_CTRL] 1383 2.06504 3.57133 TRACK
[PUSH_CTRL] 1384 2.05985 3.57133 TRACK
[PUSH_CTRL] 1385 2.12946 3.57133 TRACK
[PUSH_CTRL] 1386 2.12302 3.57133 TRACK
[PUSH_CTRL] 1387 2.11479 3.57133 TRACK
[PUSH_CTRL] 1388 2.10694 3.57133 TRACK
[PUSH_CTRL] 1389 2.09908 3.57133 TRACK
[PUSH_CTRL] 1390 2.09128 3.57133 TRACK
[PUSH_CTRL] 1391 2.08385 3.57133 TRACK
[PUSH_CTRL] 1392 2.07696 3.57133 TRACK
[PUSH_CTRL] 1393 2.07069 3.57133 TRACK
[PUSH_CTRL] 1394 2.06501 3.57133 TRACK
[PUSH_CTRL] 1395 2.06097 3.57133 TRACK
[PUSH_CTRL] 1396 2.05702 3.57133 TRACK
[PUSH_CTRL] 1397 2.05284 3.57133 TRACK
[PUSH_CTRL] 1398 2.12252 3.57133 TRACK
[PUSH_CTRL] 1399 2.11453 3.57133 TRACK
[PUSH_CTRL] 1400 2.10558 3.57133 TRACK
[PUSH_CTRL] 1401 2.09689 3.57133 TRACK
[PUSH_CTRL] 1402 2.08998 3.57133 TRACK
[PUSH_CTRL] 1403 2.08476 3.57133 TRACK
[PUSH_CTRL] 1404 2.08086 3.57133 TRACK
[PUSH_CTRL] 1405 2.07848 3.57133 TRACK
[PUSH_CTRL] 1406 2.07689 3.57133 TRACK
[PUSH_CTRL] 1407 2.07442 3.57133 TRACK
[PUSH_CTRL] 1408 2.14572 3.57133 TRACK
[PUSH_CTRL] 1409 2.14102 3.57133 TRACK
[PUSH_CTRL] 1410 2.135 3.57133 TRACK
[PUSH_CTRL] 1411 2.12813 3.57133 TRACK
[PUSH_CTRL] 1412 2.1209 3.57133 TRACK
[PUSH_CTRL] 1413 2.1146 3.57133 TRACK
[PUSH_CTRL] 1414 2.10926 3.57133 TRACK
[PUSH_CTRL] 1415 2.10556 3.57133 TRACK
[PUSH_CTRL] 1416 2.10237 3.57133 TRACK
[PUSH_CTRL] 1417 2.09863 3.57133 TRACK
[PUSH_CTRL] 1418 2.09455 3.57133 TRACK
[PUSH_CTRL] 1419 2.16377 3.57133 TRACK
[PUSH_CTRL] 1420 2.15639 3.57133 TRACK
[PUSH_CTRL] 1421 2.14799 3.57133 TRACK
[PUSH_CTRL] 1422 2.14072 3.57133 TRACK
[PUSH_CTRL] 1423 2.13377 3.57133 TRACK
[PUSH_CTRL] 1424 2.12731 3.57133 TRACK
[PUSH_CTRL] 1425 2.12107 3.57133 TRACK
[PUSH_CTRL] 1426 2.11473 3.57133 TRACK
[PUSH_CTRL] 1427 2.10861 3.57133 TRACK
[PUSH_CTRL] 1428 2.10305 3.57133 TRACK
[PUSH_CTRL] 1429 2.09761 3.57133 TRACK
[PUSH_CTRL] 1430 2.09239 3.57133 TRACK
[PUSH_CTRL] 1431 2.16189 3.57133 TRACK
[PUSH_CTRL] 1432 2.15545 3.57133 TRACK
[PUSH_CTRL] 1433 2.1477 3.57133 TRACK
[PUSH_CTRL] 1434 2.13923 3.57133 TRACK
[PUSH_CTRL] 1435 2.13122 3.57133 TRACK
[PUSH_CTRL] 1436 2.12321 3.57133 TRACK
[PUSH_CTRL] 1437 2.11552 3.57133 TRACK
[PUSH_CTRL] 1438 2.10838 3.57133 TRACK
[PUSH_CTRL] 1439 2.10188 3.57133 TRACK
[PUSH_CTRL] 1440 2.0965 3.57133 TRACK
[PUSH_CTRL] 1441 2.09146 3.57133 TRACK
[PUSH_CTRL] 1442 2.16091 3.57133 TRACK
[PUSH_CTRL] 1443 2.15374 3.57133 TRACK
[PUSH_CTRL] 1444 2.1454 3.57133 TRACK
[PUSH_CTRL] 1445 2.13648 3.57133 TRACK
[PUSH_CTRL] 1446 2.12803 3.57133 TRACK
[PUSH_CTRL] 1447 2.1198 3.57133 TRACK
[PUSH_CTRL] 1448 2.11246 3.57133 TRACK
[PUSH_CTRL] 1449 2.10563 3.57133 TRACK
[PUSH_CTRL] 1450 2.09937 3.57133 TRACK
[PUSH_CTRL] 1451 2.09366 3.57133 TRACK
[PUSH_CTRL] 1452 2.08856 3.57133 TRACK
[PUSH_CTRL] 1453 2.08465 3.57133 TRACK
[PUSH_CTRL] 1454 2.155 3.57133 TRACK
[PUSH_CTRL] 1455 2.14795 3.57133 TRACK
[PUSH_CTRL] 1456 2.14022 3.57133 TRACK
[PUSH_CTRL] 1457 2.13232 3.57133 TRACK
[PUSH_CTRL] 1458 2.12483 3.57133 TRACK
[PUSH_CTRL] 1459 2.11803 3.57133 TRACK
[PUSH_CTRL] 1460 2.112 3.57133 TRACK
[PUSH_CTRL] 1461 2.10643 3.57133 TRACK
[PUSH_CTRL] 1462 2.10145 3.57133 TRACK
[PUSH_CTRL] 1463 2.09593 3.57133 TRACK
[PUSH_CTRL] 1464 2.09016 3.57133 TRACK
[PUSH_CTRL] 1465 2.08438 3.57133 TRACK
[PUSH_CTRL] 1466 2.15337 3.57133 TRACK
[PUSH_CTRL] 1467 2.14537 3.57133 TRACK
[PUSH_CTRL] 1468 2.13666 3.57133 TRACK
[PUSH_CTRL] 1469 2.12834 3.57133 TRACK
[PUSH_CTRL] 1470 2.1208 3.57133 TRACK
[PUSH_CTRL] 1471 2.1145 3.57133 TRACK
[PUSH_CTRL] 1472 2.10858 3.57133 TRACK
[PUSH_CTRL] 1473 2.10295 3.57133 TRACK
[PUSH_CTRL] 1474 2.09771 3.57133 TRACK
[PUSH_CTRL] 1475 2.09347 3.57133 TRACK
[PUSH_CTRL] 1476 2.08999 3.57133 TRACK
[PUSH_CTRL] 1477 2.16154 3.57133 TRACK
[PUSH_CTRL] 1478 2.1558 3.57133 TRACK
[PUSH_CTRL] 1479 2.14803 3.57133 TRACK
[PUSH_CTRL] 1480 2.14017 3.57133 TRACK
[PUSH_CTRL] 1481 2.13204 3.57133 TRACK
[PUSH_CTRL] 1482 2.12422 3.57133 TRACK
[PUSH_CTRL] 1483 2.11696 3.57133 TRACK
[PUSH_CTRL] 1484 2.11036 3.57133 TRACK
[PUSH_CTRL] 1485 2.10441 3.57133 TRACK
[PUSH_CTRL] 1486 2.09886 3.57133 TRACK
[PUSH_CTRL] 1487 2.0935 3.57133 TRACK
[PUSH_CTRL] 1488 2.1625 3.57133 TRACK
[PUSH_CTRL] 1489 2.15484 3.57133 TRACK
[PUSH_CTRL] 1490 2.14687 3.57133 TRACK
[PUSH_CTRL] 1491 2.13859 3.57133 TRACK
[PUSH_CTRL] 1492 2.13051 3.57133 TRACK
[PUSH_CTRL] 1493 2.12308 3.57133 TRACK
[PUSH_CTRL] 1494 2.1174 3.57133 TRACK
[PUSH_CTRL] 1495 2.11315 3.57133 TRACK
[PUSH_CTRL] 1496 2.11082 3.57133 TRACK
[PUSH_CTRL] 1497 2.10944 3.57133 TRACK
[PUSH_CTRL] 1498 2.10832 3.57133 TRACK
[PUSH_CTRL] 1499 2.1803 3.57133 TRACK
[PUSH_CTRL] 1500 2.17317 3.57133 TRACK
[PUSH_CTRL] 1501 2.16471 3.57133 TRACK
[PUSH_CTRL] 1502 2.15609 3.57133 TRACK
[PUSH_CTRL] 1503 2.14855 3.57133 TRACK
[PUSH_CTRL] 1504 2.14222 3.57133 TRACK
[PUSH_CTRL] 1505 2.13698 3.57133 TRACK
[PUSH_CTRL] 1506 2.13168 3.57133 TRACK
[PUSH_CTRL] 1507 2.12604 3.57133 TRACK
[PUSH_CTRL] 1508 2.12005 3.57133 TRACK
[PUSH_CTRL] 1509 2.11373 3.57133 TRACK
[PUSH_CTRL] 1510 2.10722 3.57133 TRACK
[PUSH_CTRL] 1511 2.17533 3.57133 TRACK
[PUSH_CTRL] 1512 2.16646 3.57133 TRACK
[PUSH_CTRL] 1513 2.15764 3.57133 TRACK
[PUSH_CTRL] 1514 2.14972 3.57133 TRACK
[PUSH_CTRL] 1515 2.14363 3.57133 TRACK
[PUSH_CTRL] 1516 2.13859 3.57133 TRACK
[PUSH_CTRL] 1517 2.13461 3.57133 TRACK
[PUSH_CTRL] 1518 2.13157 3.57133 TRACK
[PUSH_CTRL] 1519 2.12931 3.57133 TRACK
[PUSH_CTRL] 1520 2.12783 3.57133 TRACK
[PUSH_CTRL] 1521 2.19997 3.57133 TRACK
[PUSH_CTRL] 1522 2.19533 3.57133 TRACK
[PUSH_CTRL] 1523 2.18914 3.57133 TRACK
[PUSH_CTRL] 1524 2.18204 3.57133 TRACK
[PUSH_CTRL] 1525 2.17441 3.57133 TRACK
[PUSH_CTRL] 1526 2.16652 3.57133 TRACK
[PUSH_CTRL] 1527 2.15866 3.57133 TRACK
[PUSH_CTRL] 1528 2.15117 3.57133 TRACK
[PUSH_CTRL] 1529 2.14502 3.57133 TRACK
[PUSH_CTRL] 1530 2.14027 3.57133 TRACK
[PUSH_CTRL] 1531 2.13669 3.57133 TRACK
[PUSH_CTRL] 1532 2.20767 3.57133 TRACK
[PUSH_CTRL] 1533 2.20115 3.57133 TRACK
[PUSH_CTRL] 1534 2.19332 3.57133 TRACK
[PUSH_CTRL] 1535 2.18584 3.57133 TRACK
[PUSH_CTRL] 1536 2.1784 3.57133 TRACK
[PUSH_CTRL] 1537 2.17114 3.57133 TRACK
[PUSH_CTRL] 1538 2.1643 3.57133 TRACK
[PUSH_CTRL] 1539 2.158 3.57133 TRACK
[PUSH_CTRL] 1540 2.15223 3.57133 TRACK
[PUSH_CTRL] 1541 2.14694 3.57133 TRACK
[PUSH_CTRL] 1542 2.14167 3.57133 TRACK
[PUSH_CTRL] 1543 2.2094 3.57133 TRACK
[PUSH_CTRL] 1544 2.19959 3.57133 TRACK
[PUSH_CTRL] 1545 2.19003 3.57133 TRACK
[PUSH_CTRL] 1546 2.18047 3.57133 TRACK
[PUSH_CTRL] 1547 2.17131 3.57133 TRACK
[PUSH_CTRL] 1548 2.16287 3.57133 TRACK
[PUSH_CTRL] 1549 2.15554 3.57133 TRACK
[PUSH_CTRL] 1550 2.14901 3.57133 TRACK
[PUSH_CTRL] 1551 2.14299 3.57133 TRACK
[PUSH_CTRL] 1552 2.13779 3.57133 TRACK
[PUSH_CTRL] 1553 2.13324 3.57133 TRACK
[PUSH_CTRL] 1554 2.12985 3.57133 TRACK
[PUSH_CTRL] 1555 2.12619 3.57133 TRACK
[PUSH_CTRL] 1556 2.19611 3.57133 TRACK
[PUSH_CTRL] 1557 2.18942 3.57133 TRACK
[PUSH_CTRL] 1558 2.18238 3.57133 TRACK
[PUSH_CTRL] 1559 2.17584 3.57133 TRACK
[PUSH_CTRL] 1560 2.16892 3.57133 TRACK
[PUSH_CTRL] 1561 2.16216 3.57133 TRACK
[PUSH_CTRL] 1562 2.15578 3.57133 TRACK
[PUSH_CTRL] 1563 2.14987 3.57133 TRACK
[PUSH_CTRL] 1564 2.14411 3.57133 TRACK
[PUSH_CTRL] 1565 2.13824 3.57133 TRACK
[PUSH_CTRL] 1566 2.13214 3.57133 TRACK
[PUSH_CTRL] 1567 2.19954 3.57133 TRACK
[PUSH_CTRL] 1568 2.191 3.57133 TRACK
[PUSH_CTRL] 1569 2.18159 3.57133 TRACK
[PUSH_CTRL] 1570 2.1717 3.57133 TRACK
[PUSH_CTRL] 1571 2.16274 3.57133 TRACK
[PUSH_CTRL] 1572 2.1552 3.57133 TRACK
[PUSH_CTRL] 1573 2.14847 3.57133 TRACK
[PUSH_CTRL] 1574 2.14404 3.57133 TRACK
[PUSH_CTRL] 1575 2.14065 3.57133 TRACK
[PUSH_CTRL] 1576 2.1379 3.57133 TRACK
[PUSH_CTRL] 1577 2.13644 3.57133 TRACK
[PUSH_CTRL] 1578 2.13402 3.57133 TRACK
[PUSH_CTRL] 1579 2.20446 3.57133 TRACK
[PUSH_CTRL] 1580 2.19851 3.57133 TRACK
[PUSH_CTRL] 1581 2.19062 3.57133 TRACK
[PUSH_CTRL] 1582 2.18207 3.57133 TRACK
[PUSH_CTRL] 1583 2.17341 3.57133 TRACK
[PUSH_CTRL] 1584 2.16532 3.57133 TRACK
[PUSH_CTRL] 1585 2.15764 3.57133 TRACK
[PUSH_CTRL] 1586 2.15055 3.57133 TRACK
[PUSH_CTRL] 1587 2.1441 3.57133 TRACK
[PUSH_CTRL] 1588 2.13825 3.57133 TRACK
[PUSH_CTRL] 1589 2.13366 3.57133 TRACK
[PUSH_CTRL] 1590 2.20254 3.57133 TRACK
[PUSH_CTRL] 1591 2.1949 3.57133 TRACK
[PUSH_CTRL] 1592 2.18645 3.57133 TRACK
[PUSH_CTRL] 1593 2.17784 3.57133 TRACK
[PUSH_CTRL] 1594 2.16968 3.57133 TRACK
[PUSH_CTRL] 1595 2.16287 3.57133 TRACK
[PUSH_CTRL] 1596 2.15653 3.57133 TRACK
[PUSH_CTRL] 1597 2.1513 3.57133 TRACK
[PUSH_CTRL] 1598 2.14696 3.57133 TRACK
[PUSH_CTRL] 1599 2.14353 3.57133 TRACK
[PUSH_CTRL] 1600 2.13976 3.57133 TRACK
[PUSH_CTRL] 1601 2.13575 3.57133 TRACK
[PUSH_CTRL] 1602 2.20457 3.57133 TRACK
[PUSH_CTRL] 1603 2.19743 3.57133 TRACK
[PUSH_CTRL] 1604 2.18918 3.57133 TRACK
[PUSH_CTRL] 1605 2.18082 3.57133 TRACK
[PUSH_CTRL] 1606 2.17388 3.57133 TRACK
[PUSH_CTRL] 1607 2.16836 3.57133 TRACK
[PUSH_CTRL] 1608 2.16365 3.57133 TRACK
[PUSH_CTRL] 1609 2.15905 3.57133 TRACK
[PUSH_CTRL] 1610 2.15392 3.57133 TRACK
[PUSH_CTRL] 1611 2.14857 3.57133 TRACK
[PUSH_CTRL] 1612 2.14321 3.57133 TRACK
[PUSH_CTRL] 1613 2.21145 3.57133 TRACK
[PUSH_CTRL] 1614 2.20379 3.57133 TRACK
[PUSH_CTRL] 1615 2.19553 3.57133 TRACK
[PUSH_CTRL] 1616 2.18843 3.57133 TRACK
[PUSH_CTRL] 1617 2.18134 3.57133 TRACK
[PUSH_CTRL] 1618 2.17414 3.57133 TRACK
[PUSH_CTRL] 1619 2.16702 3.57133 TRACK
[PUSH_CTRL] 1620 2.16011 3.57133 TRACK
[PUSH_CTRL] 1621 2.15361 3.57133 TRACK
[PUSH_CTRL] 1622 2.14762 3.57133 TRACK
[PUSH_CTRL] 1623 2.14215 3.57133 TRACK
[PUSH_CTRL] 1624 2.21048 3.57133 TRACK
[PUSH_CTRL] 1625 2.2032 3.57133 TRACK
[PUSH_CTRL] 1626 2.19515 3.57133 TRACK
[PUSH_CTRL] 1627 2.18787 3.57133 TRACK
[PUSH_CTRL] 1628 2.18137 3.57133 TRACK
[PUSH_CTRL] 1629 2.17496 3.57133 TRACK
[PUSH_CTRL] 1630 2.16833 3.57133 TRACK
[PUSH_CTRL] 1631 2.16167 3.57133 TRACK
[PUSH_CTRL] 1632 2.15516 3.57133 TRACK
[PUSH_CTRL] 1633 2.14907 3.57133 TRACK
[PUSH_CTRL] 1634 2.14347 3.57133 TRACK
[PUSH_CTRL] 1635 2.21161 3.57133 TRACK
[PUSH_CTRL] 1636 2.20481 3.57133 TRACK
[PUSH_CTRL] 1637 2.19749 3.57133 TRACK
[PUSH_CTRL] 1638 2.1902 3.57133 TRACK
[PUSH_CTRL] 1639 2.18336 3.57133 TRACK
[PUSH_CTRL] 1640 2.17729 3.57133 TRACK
[PUSH_CTRL] 1641 2.17114 3.57133 TRACK
[PUSH_CTRL] 1642 2.16516 3.57133 TRACK
[PUSH_CTRL] 1643 2.15958 3.57133 TRACK
[PUSH_CTRL] 1644 2.15454 3.57133 TRACK
[PUSH_CTRL] 1645 2.15036 3.57133 TRACK
[PUSH_CTRL] 1646 2.2188 3.57133 TRACK
[PUSH_CTRL] 1647 2.21133 3.57133 TRACK
[PUSH_CTRL] 1648 2.20277 3.57133 TRACK
[PUSH_CTRL] 1649 2.19445 3.57133 TRACK
[PUSH_CTRL] 1650 2.18748 3.57133 TRACK
[PUSH_CTRL] 1651 2.18196 3.57133 TRACK
[PUSH_CTRL] 1652 2.17847 3.57133 TRACK
[PUSH_CTRL] 1653 2.17649 3.57133 TRACK
[PUSH_CTRL] 1654 2.17393 3.57133 TRACK
[PUSH_CTRL] 1655 2.17099 3.57133 TRACK
[PUSH_CTRL] 1656 2.24015 3.57133 TRACK
[PUSH_CTRL] 1657 2.23399 3.57133 TRACK
[PUSH_CTRL] 1658 2.22638 3.57133 TRACK
[PUSH_CTRL] 1659 2.21808 3.57133 TRACK
[PUSH_CTRL] 1660 2.20965 3.57133 TRACK
[PUSH_CTRL] 1661 2.2015 3.57133 TRACK
[PUSH_CTRL] 1662 2.19398 3.57133 TRACK
[PUSH_CTRL] 1663 2.18758 3.57133 TRACK
[PUSH_CTRL] 1664 2.18121 3.57133 TRACK
[PUSH_CTRL] 1665 2.17506 3.57133 TRACK
[PUSH_CTRL] 1666 2.16917 3.57133 TRACK
[PUSH_CTRL] 1667 2.16369 3.57133 TRACK
[PUSH_CTRL] 1668 2.15822 3.57133 TRACK
[PUSH_CTRL] 1669 2.22619 3.57133 TRACK
[PUSH_CTRL] 1670 2.21886 3.57133 TRACK
[PUSH_CTRL] 1671 2.21127 3.57133 TRACK
[PUSH_CTRL] 1672 2.20436 3.57133 TRACK
[PUSH_CTRL] 1673 2.1975 3.57133 TRACK
[PUSH_CTRL] 1674 2.19088 3.57133 TRACK
[PUSH_CTRL] 1675 2.18456 3.57133 TRACK
[PUSH_CTRL] 1676 2.17927 3.57133 TRACK
[PUSH_CTRL] 1677 2.17494 3.57133 TRACK
[PUSH_CTRL] 1678 2.17111 3.57133 TRACK
[PUSH_CTRL] 1679 2.23946 3.57133 TRACK
[PUSH_CTRL] 1680 2.23275 3.57133 TRACK
[PUSH_CTRL] 1681 2.22476 3.57133 TRACK
[PUSH_CTRL] 1682 2.21659 3.57133 TRACK
[PUSH_CTRL] 1683 2.20824 3.57133 TRACK
[PUSH_CTRL] 1684 2.19998 3.57133 TRACK
[PUSH_CTRL] 1685 2.19198 3.57133 TRACK
[PUSH_CTRL] 1686 2.18447 3.57133 TRACK
[PUSH_CTRL] 1687 2.17755 3.57133 TRACK
[PUSH_CTRL] 1688 2.17175 3.57133 TRACK
[PUSH_CTRL] 1689 2.16627 3.57133 TRACK
[PUSH_CTRL] 1690 2.16117 3.57133 TRACK
[PUSH_CTRL] 1691 2.22937 3.57133 TRACK
[PUSH_CTRL] 1692 2.22319 3.57133 TRACK
[PUSH_CTRL] 1693 2.21651 3.57133 TRACK
[PUSH_CTRL] 1694 2.21007 3.57133 TRACK
[PUSH_CTRL] 1695 2.20298 3.57133 TRACK
[PUSH_CTRL] 1696 2.19613 3.57133 TRACK
[PUSH_CTRL] 1697 2.1891 3.57133 TRACK
[PUSH_CTRL] 1698 2.1822 3.57133 TRACK
[PUSH_CTRL] 1699 2.17588 3.57133 TRACK
[PUSH_CTRL] 1700 2.17039 3.57133 TRACK
[PUSH_CTRL] 1701 2.1651 3.57133 TRACK
[PUSH_CTRL] 1702 2.23282 3.57133 TRACK
[PUSH_CTRL] 1703 2.22555 3.57133 TRACK
[PUSH_CTRL] 1704 2.21812 3.57133 TRACK
[PUSH_CTRL] 1705 2.21132 3.57133 TRACK
[PUSH_CTRL] 1706 2.20459 3.57133 TRACK
[PUSH_CTRL] 1707 2.19757 3.57133 TRACK
[PUSH_CTRL] 1708 2.191 3.57133 TRACK
[PUSH_CTRL] 1709 2.18465 3.57133 TRACK
[PUSH_CTRL] 1710 2.17833 3.57133 TRACK
[PUSH_CTRL] 1711 2.17223 3.57133 TRACK
[PUSH_CTRL] 1712 2.16646 3.57133 TRACK
[PUSH_CTRL] 1713 2.23376 3.57133 TRACK
[PUSH_CTRL] 1714 2.22611 3.57133 TRACK
[PUSH_CTRL] 1715 2.21773 3.57133 TRACK
[PUSH_CTRL] 1716 2.20949 3.57133 TRACK
[PUSH_CTRL] 1717 2.20213 3.57133 TRACK
[PUSH_CTRL] 1718 2.19499 3.57133 TRACK
[PUSH_CTRL] 1719 2.18788 3.57133 TRACK
[PUSH_CTRL] 1720 2.18068 3.57133 TRACK
[PUSH_CTRL] 1721 2.1736 3.57133 TRACK
[PUSH_CTRL] 1722 2.16696 3.57133 TRACK
[PUSH_CTRL] 1723 2.16089 3.57133 TRACK
[PUSH_CTRL] 1724 2.15482 3.57133 TRACK
[PUSH_CTRL] 1725 2.22176 3.57133 TRACK
[PUSH_CTRL] 1726 2.21377 3.57133 TRACK
[PUSH_CTRL] 1727 2.20517 3.57133 TRACK
[PUSH_CTRL] 1728 2.19694 3.57133 TRACK
[PUSH_CTRL] 1729 2.18994 3.57133 TRACK
[PUSH_CTRL] 1730 2.18446 3.57133 TRACK
[PUSH_CTRL] 1731 2.18113 3.57133 TRACK
[PUSH_CTRL] 1732 2.17787 3.57133 TRACK
[PUSH_CTRL] 1733 2.17438 3.57133 TRACK
[PUSH_CTRL] 1734 2.17091 3.57133 TRACK
[PUSH_CTRL] 1735 2.16668 3.57133 TRACK
[PUSH_CTRL] 1736 2.23479 3.57133 TRACK
[PUSH_CTRL] 1737 2.2275 3.57133 TRACK
[PUSH_CTRL] 1738 2.21923 3.57133 TRACK
[PUSH_CTRL] 1739 2.21171 3.57133 TRACK
[PUSH_CTRL] 1740 2.20448 3.57133 TRACK
[PUSH_CTRL] 1741 2.19756 3.57133 TRACK
[PUSH_CTRL] 1742 2.19059 3.57133 TRACK
[PUSH_CTRL] 1743 2.18355 3.57133 TRACK
[PUSH_CTRL] 1744 2.17662 3.57133 TRACK
[PUSH_CTRL] 1745 2.17039 3.57133 TRACK
[PUSH_CTRL] 1746 2.16443 3.57133 TRACK
[PUSH_CTRL] 1747 2.23147 3.57133 TRACK
[PUSH_CTRL] 1748 2.22362 3.57133 TRACK
[PUSH_CTRL] 1749 2.21507 3.57133 TRACK
[PUSH_CTRL] 1750 2.20679 3.57133 TRACK
[PUSH_CTRL] 1751 2.19987 3.57133 TRACK
[PUSH_CTRL] 1752 2.19329 3.57133 TRACK
[PUSH_CTRL] 1753 2.18759 3.57133 TRACK
[PUSH_CTRL] 1754 2.18263 3.57133 TRACK
[PUSH_CTRL] 1755 2.17752 3.57133 TRACK
[PUSH_CTRL] 1756 2.17232 3.57133 TRACK
[PUSH_CTRL] 1757 2.1672 3.57133 TRACK
[PUSH_CTRL] 1758 2.23491 3.57133 TRACK
[PUSH_CTRL] 1759 2.22801 3.57133 TRACK
[PUSH_CTRL] 1760 2.21956 3.57133 TRACK
[PUSH_CTRL] 1761 2.21044 3.57133 TRACK
[PUSH_CTRL] 1762 2.20084 3.57133 TRACK
[PUSH_CTRL] 1763 2.19155 3.57133 TRACK
[PUSH_CTRL] 1764 2.18275 3.57133 TRACK
[PUSH_CTRL] 1765 2.17466 3.57133 TRACK
[PUSH_CTRL] 1766 2.16737 3.57133 TRACK
[PUSH_CTRL] 1767 2.16082 3.57133 TRACK
[PUSH_CTRL] 1768 2.15544 3.57133 TRACK
[PUSH_CTRL] 1769 2.15063 3.57133 TRACK
[PUSH_CTRL] 1770 2.2197 3.57133 TRACK
[PUSH_CTRL] 1771 2.21262 3.57133 TRACK
[PUSH_CTRL] 1772 2.20419 3.57133 TRACK
[PUSH_CTRL] 1773 2.19636 3.57133 TRACK
[PUSH_CTRL] 1774 2.18954 3.57133 TRACK
[PUSH_CTRL] 1775 2.18381 3.57133 TRACK
[PUSH_CTRL] 1776 2.17813 3.57133 TRACK
[PUSH_CTRL] 1777 2.17266 3.57133 TRACK
[PUSH_CTRL] 1778 2.16749 3.57133 TRACK
[PUSH_CTRL] 1779 2.16221 3.57133 TRACK
[PUSH_CTRL] 1780 2.15663 3.57133 TRACK
[PUSH_CTRL] 1781 2.15071 3.57133 TRACK
[PUSH_CTRL] 1782 2.2173 3.57133 TRACK
[PUSH_CTRL] 1783 2.20868 3.57133 TRACK
[PUSH_CTRL] 1784 2.19987 3.57133 TRACK
[PUSH_CTRL] 1785 2.19197 3.57133 TRACK
[PUSH_CTRL] 1786 2.18543 3.57133 TRACK
[PUSH_CTRL] 1787 2.18032 3.57133 TRACK
[PUSH_CTRL] 1788 2.17687 3.57133 TRACK
[PUSH_CTRL] 1789 2.1749 3.57133 TRACK
[PUSH_CTRL] 1790 2.17249 3.57133 TRACK
[PUSH_CTRL] 1791 2.16975 3.57133 TRACK
[PUSH_CTRL] 1792 2.23872 3.57133 TRACK
[PUSH_CTRL] 1793 2.2324 3.57133 TRACK
[PUSH_CTRL] 1794 2.22559 3.57133 TRACK
[PUSH_CTRL] 1795 2.21771 3.57133 TRACK
[PUSH_CTRL] 1796 2.20953 3.57133 TRACK
[PUSH_CTRL] 1797 2.20129 3.57133 TRACK
[PUSH_CTRL] 1798 2.19321 3.57133 TRACK
[PUSH_CTRL] 1799 2.18558 3.57133 TRACK
[PUSH_CTRL] 1800 2.17857 3.57133 TRACK
[PUSH_CTRL] 1801 2.17222 3.57133 TRACK
[PUSH_CTRL] 1802 2.16657 3.57133 TRACK
[PUSH_CTRL] 1803 2.23449 3.57133 TRACK
[PUSH_CTRL] 1804 2.22682 3.57133 TRACK
[PUSH_CTRL] 1805 2.21735 3.57133 TRACK
[PUSH_CTRL] 1806 2.20818 3.57133 TRACK
[PUSH_CTRL] 1807 2.1994 3.57133 TRACK
[PUSH_CTRL] 1808 2.19103 3.57133 TRACK
[PUSH_CTRL] 1809 2.18328 3.57133 TRACK
[PUSH_CTRL] 1810 2.17627 3.57133 TRACK
[PUSH_CTRL] 1811 2.16996 3.57133 TRACK
[PUSH_CTRL] 1812 2.16429 3.57133 TRACK
[PUSH_CTRL] 1813 2.15924 3.57133 TRACK
[PUSH_CTRL] 1814 2.15465 3.57133 TRACK
[PUSH_CTRL] 1815 2.2226 3.57133 TRACK
[PUSH_CTRL] 1816 2.2142 3.57133 TRACK
[PUSH_CTRL] 1817 2.2054 3.57133 TRACK
[PUSH_CTRL] 1818 2.19654 3.57133 TRACK
[PUSH_CTRL] 1819 2.18794 3.57133 TRACK
[PUSH_CTRL] 1820 2.17995 3.57133 TRACK
[PUSH_CTRL] 1821 2.1727 3.57133 TRACK
[PUSH_CTRL] 1822 2.16643 3.57133 TRACK
[PUSH_CTRL] 1823 2.16096 3.57133 TRACK
[PUSH_CTRL] 1824 2.15688 3.57133 TRACK
[PUSH_CTRL] 1825 2.15287 3.57133 TRACK
[PUSH_CTRL] 1826 2.14866 3.57133 TRACK
[PUSH_CTRL] 1827 2.21596 3.57133 TRACK
[PUSH_CTRL] 1828 2.20849 3.57133 TRACK
[PUSH_CTRL] 1829 2.20005 3.57133 TRACK
[PUSH_CTRL] 1830 2.19157 3.57133 TRACK
[PUSH_CTRL] 1831 2.18403 3.57133 TRACK
[PUSH_CTRL] 1832 2.17713 3.57133 TRACK
[PUSH_CTRL] 1833 2.17093 3.57133 TRACK
[PUSH_CTRL] 1834 2.16638 3.57133 TRACK
[PUSH_CTRL] 1835 2.16184 3.57133 TRACK
[PUSH_CTRL] 1836 2.15704 3.57133 TRACK
[PUSH_CTRL] 1837 2.15221 3.57133 TRACK
[PUSH_CTRL] 1838 2.22047 3.57133 TRACK
[PUSH_CTRL] 1839 2.21429 3.57133 TRACK
[PUSH_CTRL] 1840 2.20768 3.57133 TRACK
[PUSH_CTRL] 1841 2.2013 3.57133 TRACK
[PUSH_CTRL] 1842 2.19473 3.57133 TRACK
[PUSH_CTRL] 1843 2.18849 3.57133 TRACK
[PUSH_CTRL] 1844 2.18252 3.57133 TRACK
[PUSH_CTRL] 1845 2.17652 3.57133 TRACK
[PUSH_CTRL] 1846 2.17073 3.57133 TRACK
[PUSH_CTRL] 1847 2.16526 3.57133 TRACK
[PUSH_CTRL] 1848 2.16091 3.57133 TRACK
[PUSH_CTRL] 1849 2.22976 3.57133 TRACK
[PUSH_CTRL] 1850 2.22466 3.57133 TRACK
[PUSH_CTRL] 1851 2.21809 3.57133 TRACK
[PUSH_CTRL] 1852 2.21184 3.57133 TRACK
[PUSH_CTRL] 1853 2.20545 3.57133 TRACK
[PUSH_CTRL] 1854 2.19863 3.57133 TRACK
[PUSH_CTRL] 1855 2.19202 3.57133 TRACK
[PUSH_CTRL] 1856 2.18585 3.57133 TRACK
[PUSH_CTRL] 1857 2.17995 3.57133 TRACK
[PUSH_CTRL] 1858 2.17492 3.57133 TRACK
[PUSH_CTRL] 1859 2.17042 3.57133 TRACK
[PUSH_CTRL] 1860 2.2388 3.57133 TRACK
[PUSH_CTRL] 1861 2.23125 3.57133 TRACK
[PUSH_CTRL] 1862 2.22241 3.57133 TRACK
[PUSH_CTRL] 1863 2.21364 3.57133 TRACK
[PUSH_CTRL] 1864 2.20601 3.57133 TRACK
[PUSH_CTRL] 1865 2.19972 3.57133 TRACK
[PUSH_CTRL] 1866 2.19471 3.57133 TRACK
[PUSH_CTRL] 1867 2.18971 3.57133 TRACK
[PUSH_CTRL] 1868 2.18431 3.57133 TRACK
[PUSH_CTRL] 1869 2.17867 3.57133 TRACK
[PUSH_CTRL] 1870 2.17302 3.57133 TRACK
[PUSH_CTRL] 1871 2.23989 3.57133 TRACK
[PUSH_CTRL] 1872 2.23174 3.57133 TRACK
[PUSH_CTRL] 1873 2.22186 3.57133 TRACK
[PUSH_CTRL] 1874 2.21162 3.57133 TRACK
[PUSH_CTRL] 1875 2.20217 3.57133 TRACK
[PUSH_CTRL] 1876 2.19342 3.57133 TRACK
[PUSH_CTRL] 1877 2.18552 3.57133 TRACK
[PUSH_CTRL] 1878 2.17858 3.57133 TRACK
[PUSH_CTRL] 1879 2.17356 3.57133 TRACK
[PUSH_CTRL] 1880 2.16861 3.57133 TRACK
[PUSH_CTRL] 1881 2.16377 3.57133 TRACK
[PUSH_CTRL] 1882 2.15897 3.57133 TRACK
[PUSH_CTRL] 1883 2.22656 3.57133 TRACK
[PUSH_CTRL] 1884 2.21913 3.57133 TRACK
[PUSH_CTRL] 1885 2.21077 3.57133 TRACK
[PUSH_CTRL] 1886 2.20317 3.57133 TRACK
[PUSH_CTRL] 1887 2.19674 3.57133 TRACK
[PUSH_CTRL] 1888 2.19112 3.57133 TRACK
[PUSH_CTRL] 1889 2.18583 3.57133 TRACK
[PUSH_CTRL] 1890 2.18019 3.57133 TRACK
[PUSH_CTRL] 1891 2.17446 3.57133 TRACK
[PUSH_CTRL] 1892 2.16884 3.57133 TRACK
[PUSH_CTRL] 1893 2.16345 3.57133 TRACK
[PUSH_CTRL] 1894 2.23066 3.57133 TRACK
[PUSH_CTRL] 1895 2.22319 3.57133 TRACK
[PUSH_CTRL] 1896 2.21494 3.57133 TRACK
[PUSH_CTRL] 1897 2.20614 3.57133 TRACK
[PUSH_CTRL] 1898 2.19716 3.57133 TRACK
[PUSH_CTRL] 1899 2.188 3.57133 TRACK
[PUSH_CTRL] 1900 2.179 3.57133 TRACK
[PUSH_CTRL] 1901 2.17053 3.57133 TRACK
[PUSH_CTRL] 1902 2.16275 3.57133 TRACK
[PUSH_CTRL] 1903 2.15617 3.57133 TRACK
[PUSH_CTRL] 1904 2.15011 3.57133 TRACK
[PUSH_CTRL] 1905 2.14465 3.57133 TRACK
[PUSH_CTRL] 1906 2.213 3.57133 TRACK
[PUSH_CTRL] 1907 2.20684 3.57133 TRACK
[PUSH_CTRL] 1908 2.19901 3.57133 TRACK
[PUSH_CTRL] 1909 2.19119 3.57133 TRACK
[PUSH_CTRL] 1910 2.18409 3.57133 TRACK
[PUSH_CTRL] 1911 2.17735 3.57133 TRACK
[PUSH_CTRL] 1912 2.17083 3.57133 TRACK
[PUSH_CTRL] 1913 2.16468 3.57133 TRACK
[PUSH_CTRL] 1914 2.15897 3.57133 TRACK
[PUSH_CTRL] 1915 2.15471 3.57133 TRACK
[PUSH_CTRL] 1916 2.15051 3.57133 TRACK
[PUSH_CTRL] 1917 2.21879 3.57133 TRACK
[PUSH_CTRL] 1918 2.21279 3.57133 TRACK
[PUSH_CTRL] 1919 2.20517 3.57133 TRACK
[PUSH_CTRL] 1920 2.19693 3.57133 TRACK
[PUSH_CTRL] 1921 2.18875 3.57133 TRACK
[PUSH_CTRL] 1922 2.18101 3.57133 TRACK
[PUSH_CTRL] 1923 2.174 3.57133 TRACK
[PUSH_CTRL] 1924 2.16774 3.57133 TRACK
[PUSH_CTRL] 1925 2.16214 3.57133 TRACK
[PUSH_CTRL] 1926 2.15721 3.57133 TRACK
[PUSH_CTRL] 1927 2.15232 3.57133 TRACK
[PUSH_CTRL] 1928 2.14784 3.57133 TRACK
[PUSH_CTRL] 1929 2.21535 3.57133 TRACK
[PUSH_CTRL] 1930 2.20802 3.57133 TRACK
[PUSH_CTRL] 1931 2.1995 3.57133 TRACK
[PUSH_CTRL] 1932 2.19084 3.57133 TRACK
[PUSH_CTRL] 1933 2.18279 3.57133 TRACK
[PUSH_CTRL] 1934 2.17556 3.57133 TRACK
[PUSH_CTRL] 1935 2.16993 3.57133 TRACK
[PUSH_CTRL] 1936 2.16551 3.57133 TRACK
[PUSH_CTRL] 1937 2.16132 3.57133 TRACK
[PUSH_CTRL] 1938 2.15805 3.57133 TRACK
[PUSH_CTRL] 1939 2.15637 3.57133 TRACK
[PUSH_CTRL] 1940 2.22579 3.57133 TRACK
[PUSH_CTRL] 1941 2.22061 3.57133 TRACK
[PUSH_CTRL] 1942 2.21369 3.57133 TRACK
[PUSH_CTRL] 1943 2.20631 3.57133 TRACK
[PUSH_CTRL] 1944 2.19908 3.57133 TRACK
[PUSH_CTRL] 1945 2.19232 3.57133 TRACK
[PUSH_CTRL] 1946 2.18615 3.57133 TRACK
[PUSH_CTRL] 1947 2.1814 3.57133 TRACK
[PUSH_CTRL] 1948 2.17692 3.57133 TRACK
[PUSH_CTRL] 1949 2.17232 3.57133 TRACK
[PUSH_CTRL] 1950 2.16721 3.57133 TRACK
[PUSH_CTRL] 1951 2.23345 3.57133 TRACK
[PUSH_CTRL] 1952 2.22509 3.57133 TRACK
[PUSH_CTRL] 1953 2.21582 3.57133 TRACK
[PUSH_CTRL] 1954 2.20662 3.57133 TRACK
[PUSH_CTRL] 1955 2.1985 3.57133 TRACK
[PUSH_CTRL] 1956 2.19097 3.57133 TRACK
[PUSH_CTRL] 1957 2.18428 3.57133 TRACK
[PUSH_CTRL] 1958 2.17838 3.57133 TRACK
[PUSH_CTRL] 1959 2.17388 3.57133 TRACK
[PUSH_CTRL] 1960 2.16941 3.57133 TRACK
[PUSH_CTRL] 1961 2.16484 3.57133 TRACK
[PUSH_CTRL] 1962 2.23268 3.57133 TRACK
[PUSH_CTRL] 1963 2.22689 3.57133 TRACK
[PUSH_CTRL] 1964 2.21995 3.57133 TRACK
[PUSH_CTRL] 1965 2.2134 3.57133 TRACK
[PUSH_CTRL] 1966 2.20657 3.57133 TRACK
[PUSH_CTRL] 1967 2.20059 3.57133 TRACK
[PUSH_CTRL] 1968 2.19477 3.57133 TRACK
[PUSH_CTRL] 1969 2.18864 3.57133 TRACK
[PUSH_CTRL] 1970 2.1825 3.57133 TRACK
[PUSH_CTRL] 1971 2.17654 3.57133 TRACK
[PUSH_CTRL] 1972 2.17086 3.57133 TRACK
[PUSH_CTRL] 1973 2.2373 3.57133 TRACK
[PUSH_CTRL] 1974 2.22969 3.57133 TRACK
[PUSH_CTRL] 1975 2.221 3.57133 TRACK
[PUSH_CTRL] 1976 2.21261 3.57133 TRACK
[PUSH_CTRL] 1977 2.20434 3.57133 TRACK
[PUSH_CTRL] 1978 2.19618 3.57133 TRACK
[PUSH_CTRL] 1979 2.18843 3.57133 TRACK
[PUSH_CTRL] 1980 2.18127 3.57133 TRACK
[PUSH_CTRL] 1981 2.17477 3.57133 TRACK
[PUSH_CTRL] 1982 2.16888 3.57133 TRACK
[PUSH_CTRL] 1983 2.16352 3.57133 TRACK
[PUSH_CTRL] 1984 2.1586 3.57133 TRACK
[PUSH_CTRL] 1985 2.227 3.57133 TRACK
[PUSH_CTRL] 1986 2.22157 3.57133 TRACK
[PUSH_CTRL] 1987 2.21459 3.57133 TRACK
[PUSH_CTRL] 1988 2.20672 3.57133 TRACK
[PUSH_CTRL] 1989 2.19914 3.57133 TRACK
[PUSH_CTRL] 1990 2.19238 3.57133 TRACK
[PUSH_CTRL] 1991 2.18598 3.57133 TRACK
[PUSH_CTRL] 1992 2.17965 3.57133 TRACK
[PUSH_CTRL] 1993 2.17359 3.57133 TRACK
[PUSH_CTRL] 1994 2.16786 3.57133 TRACK
[PUSH_CTRL] 1995 2.16249 3.57133 TRACK
[PUSH_CTRL] 1996 2.22951 3.57133 TRACK
[PUSH_CTRL] 1997 2.22187 3.57133 TRACK
[PUSH_CTRL] 1998 2.21314 3.57133 TRACK
[PUSH_CTRL] 1999 2.20367 3.57133 TRACK
[PUSH_CTRL] 2000 2.19409 3.57133 TRACK
[PUSH_CTRL] 2001 2.18458 3.57133 TRACK
[PUSH_CTRL] 2002 2.17543 3.57133 TRACK
[PUSH_CTRL] 2003 2.16693 3.57133 TRACK
[PUSH_CTRL] 2004 2.15921 3.57133 TRACK
[PUSH_CTRL] 2005 2.15229 3.57133 TRACK
[PUSH_CTRL] 2006 2.14612 3.57133 TRACK
[PUSH_CTRL] 2007 2.14095 3.57133 TRACK
[PUSH_CTRL] 2008 2.20932 3.57133 TRACK
[PUSH_CTRL] 2009 2.20271 3.57133 TRACK
[PUSH_CTRL] 2010 2.19492 3.57133 TRACK
[PUSH_CTRL] 2011 2.18691 3.57133 TRACK
[PUSH_CTRL] 2012 2.17894 3.57133 TRACK
[PUSH_CTRL] 2013 2.17139 3.57133 TRACK
[PUSH_CTRL] 2014 2.16444 3.57133 TRACK
[PUSH_CTRL] 2015 2.15813 3.57133 TRACK
[PUSH_CTRL] 2016 2.15225 3.57133 TRACK
[PUSH_CTRL] 2017 2.14623 3.57133 TRACK
[PUSH_CTRL] 2018 2.13996 3.57133 TRACK
[PUSH_CTRL] 2019 2.13368 3.57133 TRACK
[PUSH_CTRL] 2020 2.20004 3.57133 TRACK
[PUSH_CTRL] 2021 2.19188 3.57133 TRACK
[PUSH_CTRL] 2022 2.18305 3.57133 TRACK
[PUSH_CTRL] 2023 2.17464 3.57133 TRACK
[PUSH_CTRL] 2024 2.16599 3.57133 TRACK
[PUSH_CTRL] 2025 2.15758 3.57133 TRACK
[PUSH_CTRL] 2026 2.14946 3.57133 TRACK
[PUSH_CTRL] 2027 2.14232 3.57133 TRACK
[PUSH_CTRL] 2028 2.1357 3.57133 TRACK
[PUSH_CTRL] 2029 2.12962 3.57133 TRACK
[PUSH_CTRL] 2030 2.1249 3.57133 TRACK
[PUSH_CTRL] 2031 2.12142 3.57133 TRACK
[PUSH_CTRL] 2032 2.19106 3.57133 TRACK
[PUSH_CTRL] 2033 2.18607 3.57133 TRACK
[PUSH_CTRL] 2034 2.17982 3.57133 TRACK
[PUSH_CTRL] 2035 2.17326 3.57133 TRACK
[PUSH_CTRL] 2036 2.16613 3.57133 TRACK
[PUSH_CTRL] 2037 2.15896 3.57133 TRACK
[PUSH_CTRL] 2038 2.1521 3.57133 TRACK
[PUSH_CTRL] 2039 2.1457 3.57133 TRACK
[PUSH_CTRL] 2040 2.13982 3.57133 TRACK
[PUSH_CTRL] 2041 2.13442 3.57133 TRACK
[PUSH_CTRL] 2042 2.12887 3.57133 TRACK
[PUSH_CTRL] 2043 2.19533 3.57133 TRACK
[PUSH_CTRL] 2044 2.18589 3.57133 TRACK
[PUSH_CTRL] 2045 2.17577 3.57133 TRACK
[PUSH_CTRL] 2046 2.16555 3.57133 TRACK
[PUSH_CTRL] 2047 2.15564 3.57133 TRACK
[PUSH_CTRL] 2048 2.14686 3.57133 TRACK
[PUSH_CTRL] 2049 2.13887 3.57133 TRACK
[PUSH_CTRL] 2050 2.13182 3.57133 TRACK
[PUSH_CTRL] 2051 2.12661 3.57133 TRACK
[PUSH_CTRL] 2052 2.12145 3.57133 TRACK
[PUSH_CTRL] 2053 2.11642 3.57133 TRACK
[PUSH_CTRL] 2054 2.11108 3.57133 TRACK
[PUSH_CTRL] 2055 2.10611 3.57133 TRACK
[PUSH_CTRL] 2056 2.17349 3.57133 TRACK
[PUSH_CTRL] 2057 2.16599 3.57133 TRACK
[PUSH_CTRL] 2058 2.15831 3.57133 TRACK
[PUSH_CTRL] 2059 2.15035 3.57133 TRACK
[PUSH_CTRL] 2060 2.14286 3.57133 TRACK
[PUSH_CTRL] 2061 2.13639 3.57133 TRACK
[PUSH_CTRL] 2062 2.13035 3.57133 TRACK
[PUSH_CTRL] 2063 2.1244 3.57133 TRACK
[PUSH_CTRL] 2064 2.11869 3.57133 TRACK
[PUSH_CTRL] 2065 2.11329 3.57133 TRACK
[PUSH_CTRL] 2066 2.10791 3.57133 TRACK
[PUSH_CTRL] 2067 2.10191 3.57133 TRACK
[PUSH_CTRL] 2068 2.16777 3.57133 TRACK
[PUSH_CTRL] 2069 2.15867 3.57133 TRACK
[PUSH_CTRL] 2070 2.14878 3.57133 TRACK
[PUSH_CTRL] 2071 2.13905 3.57133 TRACK
[PUSH_CTRL] 2072 2.13027 3.57133 TRACK
[PUSH_CTRL] 2073 2.12331 3.57133 TRACK
[PUSH_CTRL] 2074 2.11667 3.57133 TRACK
[PUSH_CTRL] 2075 2.11022 3.57133 TRACK
[PUSH_CTRL] 2076 2.1042 3.57133 TRACK
[PUSH_CTRL] 2077 2.09925 3.57133 TRACK
[PUSH_CTRL] 2078 2.09522 3.57133 TRACK
[PUSH_CTRL] 2079 2.09163 3.57133 TRACK
[PUSH_CTRL] 2080 2.16017 3.57133 TRACK
[PUSH_CTRL] 2081 2.15323 3.57133 TRACK
[PUSH_CTRL] 2082 2.14492 3.57133 TRACK
[PUSH_CTRL] 2083 2.13641 3.57133 TRACK
[PUSH_CTRL] 2084 2.12812 3.57133 TRACK
[PUSH_CTRL] 2085 2.12041 3.57133 TRACK
[PUSH_CTRL] 2086 2.11342 3.57133 TRACK
[PUSH_CTRL] 2087 2.1072 3.57133 TRACK
[PUSH_CTRL] 2088 2.10263 3.57133 TRACK
[PUSH_CTRL] 2089 2.0988 3.57133 TRACK
[PUSH_CTRL] 2090 2.09501 3.57133 TRACK
[PUSH_CTRL] 2091 2.09061 3.57133 TRACK
[PUSH_CTRL] 2092 2.15859 3.57133 TRACK
[PUSH_CTRL] 2093 2.15122 3.57133 TRACK
[PUSH_CTRL] 2094 2.14292 3.57133 TRACK
[PUSH_CTRL] 2095 2.13465 3.57133 TRACK
[PUSH_CTRL] 2096 2.12721 3.57133 TRACK
[PUSH_CTRL] 2097 2.12071 3.57133 TRACK
[PUSH_CTRL] 2098 2.11462 3.57133 TRACK
[PUSH_CTRL] 2099 2.10849 3.57133 TRACK
[PUSH_CTRL] 2100 2.1024 3.57133 TRACK
[PUSH_CTRL] 2101 2.09653 3.57133 TRACK
[PUSH_CTRL] 2102 2.09107 3.57133 TRACK
[PUSH_CTRL] 2103 2.15818 3.57133 TRACK
[PUSH_CTRL] 2104 2.15039 3.57133 TRACK
[PUSH_CTRL] 2105 2.14184 3.57133 TRACK
[PUSH_CTRL] 2106 2.13353 3.57133 TRACK
[PUSH_CTRL] 2107 2.12656 3.57133 TRACK
[PUSH_CTRL] 2108 2.12076 3.57133 TRACK
[PUSH_CTRL] 2109 2.11517 3.57133 TRACK
[PUSH_CTRL] 2110 2.10941 3.57133 TRACK
[PUSH_CTRL] 2111 2.10377 3.57133 TRACK
[PUSH_CTRL] 2112 2.09847 3.57133 TRACK
[PUSH_CTRL] 2113 2.09336 3.57133 TRACK
[PUSH_CTRL] 2114 2.08815 3.57133 TRACK
[PUSH_CTRL] 2115 2.1558 3.57133 TRACK
[PUSH_CTRL] 2116 2.1483 3.57133 TRACK
[PUSH_CTRL] 2117 2.14002 3.57133 TRACK
[PUSH_CTRL] 2118 2.13216 3.57133 TRACK
[PUSH_CTRL] 2119 2.12506 3.57133 TRACK
[PUSH_CTRL] 2120 2.11927 3.57133 TRACK
[PUSH_CTRL] 2121 2.11377 3.57133 TRACK
[PUSH_CTRL] 2122 2.10815 3.57133 TRACK
[PUSH_CTRL] 2123 2.10278 3.57133 TRACK
[PUSH_CTRL] 2124 2.09795 3.57133 TRACK
[PUSH_CTRL] 2125 2.09278 3.57133 TRACK
[PUSH_CTRL] 2126 2.1602 3.57133 TRACK
[PUSH_CTRL] 2127 2.15255 3.57133 TRACK
[PUSH_CTRL] 2128 2.14411 3.57133 TRACK
[PUSH_CTRL] 2129 2.13578 3.57133 TRACK
[PUSH_CTRL] 2130 2.12802 3.57133 TRACK
[PUSH_CTRL] 2131 2.12108 3.57133 TRACK
[PUSH_CTRL] 2132 2.11415 3.57133 TRACK
[PUSH_CTRL] 2133 2.10732 3.57133 TRACK
[PUSH_CTRL] 2134 2.10037 3.57133 TRACK
[PUSH_CTRL] 2135 2.09449 3.57133 TRACK
[PUSH_CTRL] 2136 2.08894 3.57133 TRACK
[PUSH_CTRL] 2137 2.08449 3.57133 TRACK
[PUSH_CTRL] 2138 2.15379 3.57133 TRACK
[PUSH_CTRL] 2139 2.14856 3.57133 TRACK
[PUSH_CTRL] 2140 2.14193 3.57133 TRACK
[PUSH_CTRL] 2141 2.13478 3.57133 TRACK
[PUSH_CTRL] 2142 2.12723 3.57133 TRACK
[PUSH_CTRL] 2143 2.1199 3.57133 TRACK
[PUSH_CTRL] 2144 2.11303 3.57133 TRACK
[PUSH_CTRL] 2145 2.10676 3.57133 TRACK
[PUSH_CTRL] 2146 2.10115 3.57133 TRACK
[PUSH_CTRL] 2147 2.09618 3.57133 TRACK
[PUSH_CTRL] 2148 2.09211 3.57133 TRACK
[PUSH_CTRL] 2149 2.16051 3.57133 TRACK
[PUSH_CTRL] 2150 2.15361 3.57133 TRACK
[PUSH_CTRL] 2151 2.14582 3.57133 TRACK
[PUSH_CTRL] 2152 2.13811 3.57133 TRACK
[PUSH_CTRL] 2153 2.13151 3.57133 TRACK
[PUSH_CTRL] 2154 2.12617 3.57133 TRACK
[PUSH_CTRL] 2155 2.12226 3.57133 TRACK
[PUSH_CTRL] 2156 2.11879 3.57133 TRACK
[PUSH_CTRL] 2157 2.11458 3.57133 TRACK
[PUSH_CTRL] 2158 2.10985 3.57133 TRACK
[PUSH_CTRL] 2159 2.10482 3.57133 TRACK
[PUSH_CTRL] 2160 2.17237 3.57133 TRACK
[PUSH_CTRL] 2161 2.16528 3.57133 TRACK
[PUSH_CTRL] 2162 2.15758 3.57133 TRACK
[PUSH_CTRL] 2163 2.15007 3.57133 TRACK
[PUSH_CTRL] 2164 2.14405 3.57133 TRACK
[PUSH_CTRL] 2165 2.13856 3.57133 TRACK
[PUSH_CTRL] 2166 2.13342 3.57133 TRACK
[PUSH_CTRL] 2167 2.12879 3.57133 TRACK
[PUSH_CTRL] 2168 2.12381 3.57133 TRACK
[PUSH_CTRL] 2169 2.11884 3.57133 TRACK
[PUSH_CTRL] 2170 2.114 3.57133 TRACK
[PUSH_CTRL] 2171 2.18206 3.57133 TRACK
[PUSH_CTRL] 2172 2.17416 3.57133 TRACK
[PUSH_CTRL] 2173 2.16499 3.57133 TRACK
[PUSH_CTRL] 2174 2.15642 3.57133 TRACK
[PUSH_CTRL] 2175 2.14832 3.57133 TRACK
[PUSH_CTRL] 2176 2.14115 3.57133 TRACK
[PUSH_CTRL] 2177 2.13491 3.57133 TRACK
[PUSH_CTRL] 2178 2.13014 3.57133 TRACK
[PUSH_CTRL] 2179 2.12567 3.57133 TRACK
[PUSH_CTRL] 2180 2.12068 3.57133 TRACK
[PUSH_CTRL] 2181 2.11576 3.57133 TRACK
[PUSH_CTRL] 2182 2.11113 3.57133 TRACK
[PUSH_CTRL] 2183 2.17992 3.57133 TRACK
[PUSH_CTRL] 2184 2.17442 3.57133 TRACK
[PUSH_CTRL] 2185 2.16832 3.57133 TRACK
[PUSH_CTRL] 2186 2.16263 3.57133 TRACK
[PUSH_CTRL] 2187 2.15785 3.57133 TRACK
[PUSH_CTRL] 2188 2.15413 3.57133 TRACK
[PUSH_CTRL] 2189 2.14986 3.57133 TRACK
[PUSH_CTRL] 2190 2.14544 3.57133 TRACK
[PUSH_CTRL] 2191 2.14031 3.57133 TRACK
[PUSH_CTRL] 2192 2.13442 3.57133 TRACK
[PUSH_CTRL] 2193 2.20083 3.57133 TRACK
[PUSH_CTRL] 2194 2.19243 3.57133 TRACK
[PUSH_CTRL] 2195 2.18338 3.57133 TRACK
[PUSH_CTRL] 2196 2.17458 3.57133 TRACK
[PUSH_CTRL] 2197 2.16642 3.57133 TRACK
[PUSH_CTRL] 2198 2.15883 3.57133 TRACK
[PUSH_CTRL] 2199 2.15237 3.57133 TRACK
[PUSH_CTRL] 2200 2.14602 3.57133 TRACK
[PUSH_CTRL] 2201 2.13989 3.57133 TRACK
[PUSH_CTRL] 2202 2.13432 3.57133 TRACK
[PUSH_CTRL] 2203 2.12925 3.57133 TRACK
[PUSH_CTRL] 2204 2.12482 3.57133 TRACK
[PUSH_CTRL] 2205 2.19408 3.57133 TRACK
[PUSH_CTRL] 2206 2.18685 3.57133 TRACK
[PUSH_CTRL] 2207 2.17765 3.57133 TRACK
[PUSH_CTRL] 2208 2.16808 3.57133 TRACK
[PUSH_CTRL] 2209 2.15874 3.57133 TRACK
[PUSH_CTRL] 2210 2.15002 3.57133 TRACK
[PUSH_CTRL] 2211 2.14213 3.57133 TRACK
[PUSH_CTRL] 2212 2.13507 3.57133 TRACK
[PUSH_CTRL] 2213 2.12929 3.57133 TRACK
[PUSH_CTRL] 2214 2.12419 3.57133 TRACK
[PUSH_CTRL] 2215 2.1203 3.57133 TRACK
[PUSH_CTRL] 2216 2.11641 3.57133 TRACK
[PUSH_CTRL] 2217 2.18498 3.57133 TRACK
[PUSH_CTRL] 2218 2.17817 3.57133 TRACK
[PUSH_CTRL] 2219 2.17068 3.57133 TRACK
[PUSH_CTRL] 2220 2.16355 3.57133 TRACK
[PUSH_CTRL] 2221 2.15648 3.57133 TRACK
[PUSH_CTRL] 2222 2.14959 3.57133 TRACK
[PUSH_CTRL] 2223 2.1432 3.57133 TRACK
[PUSH_CTRL] 2224 2.13736 3.57133 TRACK
[PUSH_CTRL] 2225 2.13311 3.57133 TRACK
[PUSH_CTRL] 2226 2.13002 3.57133 TRACK
[PUSH_CTRL] 2227 2.12732 3.57133 TRACK
[PUSH_CTRL] 2228 2.19731 3.57133 TRACK
[PUSH_CTRL] 2229 2.19138 3.57133 TRACK
[PUSH_CTRL] 2230 2.18394 3.57133 TRACK
[PUSH_CTRL] 2231 2.17607 3.57133 TRACK
[PUSH_CTRL] 2232 2.1684 3.57133 TRACK
[PUSH_CTRL] 2233 2.16122 3.57133 TRACK
[PUSH_CTRL] 2234 2.15468 3.57133 TRACK
[PUSH_CTRL] 2235 2.14876 3.57133 TRACK
[PUSH_CTRL] 2236 2.14299 3.57133 TRACK
[PUSH_CTRL] 2237 2.13708 3.57133 TRACK
[PUSH_CTRL] 2238 2.13088 3.57133 TRACK
[PUSH_CTRL] 2239 2.19696 3.57133 TRACK
[PUSH_CTRL] 2240 2.18658 3.57133 TRACK
[PUSH_CTRL] 2241 2.17564 3.57133 TRACK
[PUSH_CTRL] 2242 2.16518 3.57133 TRACK
[PUSH_CTRL] 2243 2.15539 3.57133 TRACK
[PUSH_CTRL] 2244 2.14654 3.57133 TRACK
[PUSH_CTRL] 2245 2.13872 3.57133 TRACK
[PUSH_CTRL] 2246 2.13196 3.57133 TRACK
[PUSH_CTRL] 2247 2.12612 3.57133 TRACK
[PUSH_CTRL] 2248 2.12174 3.57133 TRACK
[PUSH_CTRL] 2249 2.11857 3.57133 TRACK
[PUSH_CTRL] 2250 2.11575 3.57133 TRACK
[PUSH_CTRL] 2251 2.11285 3.57133 TRACK
[PUSH_CTRL] 2252 2.18265 3.57133 TRACK
[PUSH_CTRL] 2253 2.17664 3.57133 TRACK
[PUSH_CTRL] 2254 2.16945 3.57133 TRACK
[PUSH_CTRL] 2255 2.16213 3.57133 TRACK
[PUSH_CTRL] 2256 2.15522 3.57133 TRACK
[PUSH_CTRL] 2257 2.14894 3.57133 TRACK
[PUSH_CTRL] 2258 2.14288 3.57133 TRACK
[PUSH_CTRL] 2259 2.13684 3.57133 TRACK
[PUSH_CTRL] 2260 2.13084 3.57133 TRACK
[PUSH_CTRL] 2261 2.12508 3.57133 TRACK
[PUSH_CTRL] 2262 2.11905 3.57133 TRACK
[PUSH_CTRL] 2263 2.18559 3.57133 TRACK
[PUSH_CTRL] 2264 2.1773 3.57133 TRACK
[PUSH_CTRL] 2265 2.16849 3.57133 TRACK
[PUSH_CTRL] 2266 2.16006 3.57133 TRACK
[PUSH_CTRL] 2267 2.15241 3.57133 TRACK
[PUSH_CTRL] 2268 2.14659 3.57133 TRACK
[PUSH_CTRL] 2269 2.14139 3.57133 TRACK
[PUSH_CTRL] 2270 2.13661 3.57133 TRACK
[PUSH_CTRL] 2271 2.13248 3.57133 TRACK
[PUSH_CTRL] 2272 2.12792 3.57133 TRACK
[PUSH_CTRL] 2273 2.12315 3.57133 TRACK
[PUSH_CTRL] 2274 2.19098 3.57133 TRACK
[PUSH_CTRL] 2275 2.18421 3.57133 TRACK
[PUSH_CTRL] 2276 2.17673 3.57133 TRACK
[PUSH_CTRL] 2277 2.17008 3.57133 TRACK
[PUSH_CTRL] 2278 2.16392 3.57133 TRACK
[PUSH_CTRL] 2279 2.15814 3.57133 TRACK
[PUSH_CTRL] 2280 2.15299 3.57133 TRACK
[PUSH_CTRL] 2281 2.14759 3.57133 TRACK
[PUSH_CTRL] 2282 2.14218 3.57133 TRACK
[PUSH_CTRL] 2283 2.13693 3.57133 TRACK
[PUSH_CTRL] 2284 2.13189 3.57133 TRACK
[PUSH_CTRL] 2285 2.19984 3.57133 TRACK
[PUSH_CTRL] 2286 2.1938 3.57133 TRACK
[PUSH_CTRL] 2287 2.18723 3.57133 TRACK
[PUSH_CTRL] 2288 2.18048 3.57133 TRACK
[PUSH_CTRL] 2289 2.17404 3.57133 TRACK
[PUSH_CTRL] 2290 2.16744 3.57133 TRACK
[PUSH_CTRL] 2291 2.16199 3.57133 TRACK
[PUSH_CTRL] 2292 2.15751 3.57133 TRACK
[PUSH_CTRL] 2293 2.15355 3.57133 TRACK
[PUSH_CTRL] 2294 2.15014 3.57133 TRACK
[PUSH_CTRL] 2295 2.14638 3.57133 TRACK
[PUSH_CTRL] 2296 2.21458 3.57133 TRACK
[PUSH_CTRL] 2297 2.20729 3.57133 TRACK
[PUSH_CTRL] 2298 2.19887 3.57133 TRACK
[PUSH_CTRL] 2299 2.19035 3.57133 TRACK
[PUSH_CTRL] 2300 2.1839 3.57133 TRACK
[PUSH_CTRL] 2301 2.17868 3.57133 TRACK
[PUSH_CTRL] 2302 2.17467 3.57133 TRACK
[PUSH_CTRL] 2303 2.17178 3.57133 TRACK
[PUSH_CTRL] 2304 2.1683 3.57133 TRACK
[PUSH_CTRL] 2305 2.16407 3.57133 TRACK
[PUSH_CTRL] 2306 2.23162 3.57133 TRACK
[PUSH_CTRL] 2307 2.22437 3.57133 TRACK
[PUSH_CTRL] 2308 2.21628 3.57133 TRACK
[PUSH_CTRL] 2309 2.20781 3.57133 TRACK
[PUSH_CTRL] 2310 2.1994 3.57133 TRACK
[PUSH_CTRL] 2311 2.19187 3.57133 TRACK
[PUSH_CTRL] 2312 2.18545 3.57133 TRACK
[PUSH_CTRL] 2313 2.18027 3.57133 TRACK
[PUSH_CTRL] 2314 2.17505 3.57133 TRACK
[PUSH_CTRL] 2315 2.17107 3.57133 TRACK
[PUSH_CTRL] 2316 2.16811 3.57133 TRACK
[PUSH_CTRL] 2317 2.2387 3.57133 TRACK
[PUSH_CTRL] 2318 2.23388 3.57133 TRACK
[PUSH_CTRL] 2319 2.22754 3.57133 TRACK
[PUSH_CTRL] 2320 2.22071 3.57133 TRACK
[PUSH_CTRL] 2321 2.21372 3.57133 TRACK
[PUSH_CTRL] 2322 2.20662 3.57133 TRACK
[PUSH_CTRL] 2323 2.19972 3.57133 TRACK
[PUSH_CTRL] 2324 2.19323 3.57133 TRACK
[PUSH_CTRL] 2325 2.18723 3.57133 TRACK
[PUSH_CTRL] 2326 2.18174 3.57133 TRACK
[PUSH_CTRL] 2327 2.1766 3.57133 TRACK
[PUSH_CTRL] 2328 2.24372 3.57133 TRACK
[PUSH_CTRL] 2329 2.23773 3.57133 TRACK
[PUSH_CTRL] 2330 2.23041 3.57133 TRACK
[PUSH_CTRL] 2331 2.22253 3.57133 TRACK
[PUSH_CTRL] 2332 2.21463 3.57133 TRACK
[PUSH_CTRL] 2333 2.20715 3.57133 TRACK
[PUSH_CTRL] 2334 2.20026 3.57133 TRACK
[PUSH_CTRL] 2335 2.19523 3.57133 TRACK
[PUSH_CTRL] 2336 2.19214 3.57133 TRACK
[PUSH_CTRL] 2337 2.18969 3.57133 TRACK
[PUSH_CTRL] 2338 2.18778 3.57133 TRACK
[PUSH_CTRL] 2339 2.25803 3.57133 TRACK
[PUSH_CTRL] 2340 2.25436 3.57133 TRACK
[PUSH_CTRL] 2341 2.24834 3.57133 TRACK
[PUSH_CTRL] 2342 2.24123 3.57133 TRACK
[PUSH_CTRL] 2343 2.23346 3.57133 TRACK
[PUSH_CTRL] 2344 2.22532 3.57133 TRACK
[PUSH_CTRL] 2345 2.21733 3.57133 TRACK
[PUSH_CTRL] 2346 2.20965 3.57133 TRACK
[PUSH_CTRL] 2347 2.20247 3.57133 TRACK
[PUSH_CTRL] 2348 2.1961 3.57133 TRACK
[PUSH_CTRL] 2349 2.19027 3.57133 TRACK
[PUSH_CTRL] 2350 2.25628 3.57133 TRACK
[PUSH_CTRL] 2351 2.24813 3.57133 TRACK
[PUSH_CTRL] 2352 2.23903 3.57133 TRACK
[PUSH_CTRL] 2353 2.23065 3.57133 TRACK
[PUSH_CTRL] 2354 2.22358 3.57133 TRACK
[PUSH_CTRL] 2355 2.21796 3.57133 TRACK
[PUSH_CTRL] 2356 2.21436 3.57133 TRACK
[PUSH_CTRL] 2357 2.21053 3.57133 TRACK
[PUSH_CTRL] 2358 2.2075 3.57133 TRACK
[PUSH_CTRL] 2359 2.20497 3.57133 TRACK
[PUSH_CTRL] 2360 2.20209 3.57133 TRACK
[PUSH_CTRL] 2361 2.27091 3.57133 TRACK
[PUSH_CTRL] 2362 2.26492 3.57133 TRACK
[PUSH_CTRL] 2363 2.25726 3.57133 TRACK
[PUSH_CTRL] 2364 2.24907 3.57133 TRACK
[PUSH_CTRL] 2365 2.24103 3.57133 TRACK
[PUSH_CTRL] 2366 2.2336 3.57133 TRACK
[PUSH_CTRL] 2367 2.22601 3.57133 TRACK
[PUSH_CTRL] 2368 2.21857 3.57133 TRACK
[PUSH_CTRL] 2369 2.21125 3.57133 TRACK
[PUSH_CTRL] 2370 2.2045 3.57133 TRACK
[PUSH_CTRL] 2371 2.19801 3.57133 TRACK
[PUSH_CTRL] 2372 2.26319 3.57133 TRACK
[PUSH_CTRL] 2373 2.2549 3.57133 TRACK
[PUSH_CTRL] 2374 2.24628 3.57133 TRACK
[PUSH_CTRL] 2375 2.23813 3.57133 TRACK
[PUSH_CTRL] 2376 2.23147 3.57133 TRACK
[PUSH_CTRL] 2377 2.22541 3.57133 TRACK
[PUSH_CTRL] 2378 2.21984 3.57133 TRACK
[PUSH_CTRL] 2379 2.21441 3.57133 TRACK
[PUSH_CTRL] 2380 2.20857 3.57133 TRACK
[PUSH_CTRL] 2381 2.20258 3.57133 TRACK
[PUSH_CTRL] 2382 2.19669 3.57133 TRACK
[PUSH_CTRL] 2383 2.19103 3.57133 TRACK
[PUSH_CTRL] 2384 2.25724 3.57133 TRACK
[PUSH_CTRL] 2385 2.2496 3.57133 TRACK
[PUSH_CTRL] 2386 2.24129 3.57133 TRACK
[PUSH_CTRL] 2387 2.23317 3.57133 TRACK
[PUSH_CTRL] 2388 2.2264 3.57133 TRACK
[PUSH_CTRL] 2389 2.22105 3.57133 TRACK
[PUSH_CTRL] 2390 2.21576 3.57133 TRACK
[PUSH_CTRL] 2391 2.21094 3.57133 TRACK
[PUSH_CTRL] 2392 2.20612 3.57133 TRACK
[PUSH_CTRL] 2393 2.20157 3.57133 TRACK
[PUSH_CTRL] 2394 2.26758 3.57133 TRACK
[PUSH_CTRL] 2395 2.25991 3.57133 TRACK
[PUSH_CTRL] 2396 2.25134 3.57133 TRACK
[PUSH_CTRL] 2397 2.24281 3.57133 TRACK
[PUSH_CTRL] 2398 2.23481 3.57133 TRACK
[PUSH_CTRL] 2399 2.22754 3.57133 TRACK
[PUSH_CTRL] 2400 2.22139 3.57133 TRACK
[PUSH_CTRL] 2401 2.21665 3.57133 TRACK
[PUSH_CTRL] 2402 2.21295 3.57133 TRACK
[PUSH_CTRL] 2403 2.20939 3.57133 TRACK
[PUSH_CTRL] 2404 2.20578 3.57133 TRACK
[PUSH_CTRL] 2405 2.27354 3.57133 TRACK
[PUSH_CTRL] 2406 2.26816 3.57133 TRACK
[PUSH_CTRL] 2407 2.26135 3.57133 TRACK
[PUSH_CTRL] 2408 2.254 3.57133 TRACK
[PUSH_CTRL] 2409 2.24678 3.57133 TRACK
[PUSH_CTRL] 2410 2.23947 3.57133 TRACK
[PUSH_CTRL] 2411 2.23217 3.57133 TRACK
[PUSH_CTRL] 2412 2.22479 3.57133 TRACK
[PUSH_CTRL] 2413 2.21718 3.57133 TRACK
[PUSH_CTRL] 2414 2.20957 3.57133 TRACK
[PUSH_CTRL] 2415 2.20221 3.57133 TRACK
[PUSH_CTRL] 2416 2.19529 3.57133 TRACK
[PUSH_CTRL] 2417 2.26046 3.57133 TRACK
[PUSH_CTRL] 2418 2.25255 3.57133 TRACK
[PUSH_CTRL] 2419 2.24507 3.57133 TRACK
[PUSH_CTRL] 2420 2.23711 3.57133 TRACK
[PUSH_CTRL] 2421 2.22886 3.57133 TRACK
[PUSH_CTRL] 2422 2.22087 3.57133 TRACK
[PUSH_CTRL] 2423 2.21332 3.57133 TRACK
[PUSH_CTRL] 2424 2.20637 3.57133 TRACK
[PUSH_CTRL] 2425 2.20087 3.57133 TRACK
[PUSH_CTRL] 2426 2.19578 3.57133 TRACK
[PUSH_CTRL] 2427 2.19184 3.57133 TRACK
[PUSH_CTRL] 2428 2.25887 3.57133 TRACK
[PUSH_CTRL] 2429 2.25266 3.57133 TRACK
[PUSH_CTRL] 2430 2.24527 3.57133 TRACK
[PUSH_CTRL] 2431 2.23819 3.57133 TRACK
[PUSH_CTRL] 2432 2.23213 3.57133 TRACK
[PUSH_CTRL] 2433 2.22713 3.57133 TRACK
[PUSH_CTRL] 2434 2.22188 3.57133 TRACK
[PUSH_CTRL] 2435 2.21666 3.57133 TRACK
[PUSH_CTRL] 2436 2.21084 3.57133 TRACK
[PUSH_CTRL] 2437 2.20431 3.57133 TRACK
[PUSH_CTRL] 2438 2.19768 3.57133 TRACK
[PUSH_CTRL] 2439 2.26206 3.57133 TRACK
[PUSH_CTRL] 2440 2.2532 3.57133 TRACK
[PUSH_CTRL] 2441 2.24364 3.57133 TRACK
[PUSH_CTRL] 2442 2.23528 3.57133 TRACK
[PUSH_CTRL] 2443 2.2272 3.57133 TRACK
[PUSH_CTRL] 2444 2.21926 3.57133 TRACK
[PUSH_CTRL] 2445 2.21171 3.57133 TRACK
[PUSH_CTRL] 2446 2.2047 3.57133 TRACK
[PUSH_CTRL] 2447 2.19872 3.57133 TRACK
[PUSH_CTRL] 2448 2.19415 3.57133 TRACK
[PUSH_CTRL] 2449 2.19065 3.57133 TRACK
[PUSH_CTRL] 2450 2.18793 3.57133 TRACK
[PUSH_CTRL] 2451 2.25788 3.57133 TRACK
[PUSH_CTRL] 2452 2.25354 3.57133 TRACK
[PUSH_CTRL] 2453 2.24718 3.57133 TRACK
[PUSH_CTRL] 2454 2.24015 3.57133 TRACK
[PUSH_CTRL] 2455 2.23277 3.57133 TRACK
[PUSH_CTRL] 2456 2.2252 3.57133 TRACK
[PUSH_CTRL] 2457 2.21769 3.57133 TRACK
[PUSH_CTRL] 2458 2.21047 3.57133 TRACK
[PUSH_CTRL] 2459 2.20424 3.57133 TRACK
[PUSH_CTRL] 2460 2.19932 3.57133 TRACK
[PUSH_CTRL] 2461 2.19511 3.57133 TRACK
[PUSH_CTRL] 2462 2.26273 3.57133 TRACK
[PUSH_CTRL] 2463 2.25697 3.57133 TRACK
[PUSH_CTRL] 2464 2.25001 3.57133 TRACK
[PUSH_CTRL] 2465 2.24212 3.57133 TRACK
[PUSH_CTRL] 2466 2.23399 3.57133 TRACK
[PUSH_CTRL] 2467 2.22611 3.57133 TRACK
[PUSH_CTRL] 2468 2.21876 3.57133 TRACK
[PUSH_CTRL] 2469 2.21205 3.57133 TRACK
[PUSH_CTRL] 2470 2.20591 3.57133 TRACK
[PUSH_CTRL] 2471 2.20082 3.57133 TRACK
[PUSH_CTRL] 2472 2.196 3.57133 TRACK
[PUSH_CTRL] 2473 2.26186 3.57133 TRACK
[PUSH_CTRL] 2474 2.25416 3.57133 TRACK
[PUSH_CTRL] 2475 2.24534 3.57133 TRACK
[PUSH_CTRL] 2476 2.23637 3.57133 TRACK
[PUSH_CTRL] 2477 2.22794 3.57133 TRACK
[PUSH_CTRL] 2478 2.22197 3.57133 TRACK
[PUSH_CTRL] 2479 2.2173 3.57133 TRACK
[PUSH_CTRL] 2480 2.21295 3.57133 TRACK
[PUSH_CTRL] 2481 2.20887 3.57133 TRACK
[PUSH_CTRL] 2482 2.20501 3.57133 TRACK
[PUSH_CTRL] 2483 2.20116 3.57133 TRACK
[PUSH_CTRL] 2484 2.26777 3.57133 TRACK
[PUSH_CTRL] 2485 2.26072 3.57133 TRACK
[PUSH_CTRL] 2486 2.25248 3.57133 TRACK
[PUSH_CTRL] 2487 2.24409 3.57133 TRACK
[PUSH_CTRL] 2488 2.23608 3.57133 TRACK
[PUSH_CTRL] 2489 2.228 3.57133 TRACK
[PUSH_CTRL] 2490 2.21973 3.57133 TRACK
[PUSH_CTRL] 2491 2.21117 3.57133 TRACK
[PUSH_CTRL] 2492 2.20291 3.57133 TRACK
[PUSH_CTRL] 2493 2.19513 3.57133 TRACK
[PUSH_CTRL] 2494 2.18794 3.57133 TRACK
[PUSH_CTRL] 2495 2.1814 3.57133 TRACK
[PUSH_CTRL] 2496 2.24674 3.57133 TRACK
[PUSH_CTRL] 2497 2.23924 3.57133 TRACK
[PUSH_CTRL] 2498 2.23047 3.57133 TRACK
[PUSH_CTRL] 2499 2.22105 3.57133 TRACK
[PUSH_CTRL] 2500 2.2123 3.57133 TRACK
[PUSH_CTRL] 2501 2.20408 3.57133 TRACK
[PUSH_CTRL] 2502 2.19626 3.57133 TRACK
[PUSH_CTRL] 2503 2.18901 3.57133 TRACK
[PUSH_CTRL] 2504 2.18241 3.57133 TRACK
[PUSH_CTRL] 2505 2.17642 3.57133 TRACK
[PUSH_CTRL] 2506 2.17097 3.57133 TRACK
[PUSH_CTRL] 2507 2.16609 3.57133 TRACK
[PUSH_CTRL] 2508 2.23274 3.57133 TRACK
[PUSH_CTRL] 2509 2.22683 3.57133 TRACK
[PUSH_CTRL] 2510 2.21937 3.57133 TRACK
[PUSH_CTRL] 2511 2.21192 3.57133 TRACK
[PUSH_CTRL] 2512 2.20452 3.57133 TRACK
[PUSH_CTRL] 2513 2.19773 3.57133 TRACK
[PUSH_CTRL] 2514 2.1911 3.57133 TRACK
[PUSH_CTRL] 2515 2.18485 3.57133 TRACK
[PUSH_CTRL] 2516 2.17887 3.57133 TRACK
[PUSH_CTRL] 2517 2.17347 3.57133 TRACK
[PUSH_CTRL] 2518 2.16857 3.57133 TRACK
[PUSH_CTRL] 2519 2.23601 3.57133 TRACK
[PUSH_CTRL] 2520 2.23071 3.57133 TRACK
[PUSH_CTRL] 2521 2.22476 3.57133 TRACK
[PUSH_CTRL] 2522 2.21824 3.57133 TRACK
[PUSH_CTRL] 2523 2.21121 3.57133 TRACK
[PUSH_CTRL] 2524 2.20428 3.57133 TRACK
[PUSH_CTRL] 2525 2.19753 3.57133 TRACK
[PUSH_CTRL] 2526 2.19085 3.57133 TRACK
[PUSH_CTRL] 2527 2.18445 3.57133 TRACK
[PUSH_CTRL] 2528 2.17844 3.57133 TRACK
[PUSH_CTRL] 2529 2.17287 3.57133 TRACK
[PUSH_CTRL] 2530 2.23867 3.57133 TRACK
[PUSH_CTRL] 2531 2.2313 3.57133 TRACK
[PUSH_CTRL] 2532 2.22345 3.57133 TRACK
[PUSH_CTRL] 2533 2.21637 3.57133 TRACK
[PUSH_CTRL] 2534 2.20947 3.57133 TRACK
[PUSH_CTRL] 2535 2.20249 3.57133 TRACK
[PUSH_CTRL] 2536 2.19586 3.57133 TRACK
[PUSH_CTRL] 2537 2.19003 3.57133 TRACK
[PUSH_CTRL] 2538 2.18446 3.57133 TRACK
[PUSH_CTRL] 2539 2.17889 3.57133 TRACK
[PUSH_CTRL] 2540 2.17345 3.57133 TRACK
[PUSH_CTRL] 2541 2.23918 3.57133 TRACK
[PUSH_CTRL] 2542 2.23186 3.57133 TRACK
[PUSH_CTRL] 2543 2.22385 3.57133 TRACK
[PUSH_CTRL] 2544 2.21669 3.57133 TRACK
[PUSH_CTRL] 2545 2.20972 3.57133 TRACK
[PUSH_CTRL] 2546 2.20254 3.57133 TRACK
[PUSH_CTRL] 2547 2.19589 3.57133 TRACK
[PUSH_CTRL] 2548 2.18938 3.57133 TRACK
[PUSH_CTRL] 2549 2.18321 3.57133 TRACK
[PUSH_CTRL] 2550 2.17746 3.57133 TRACK
[PUSH_CTRL] 2551 2.17195 3.57133 TRACK
[PUSH_CTRL] 2552 2.16673 3.57133 TRACK
[PUSH_CTRL] 2553 2.23334 3.57133 TRACK
[PUSH_CTRL] 2554 2.22645 3.57133 TRACK
[PUSH_CTRL] 2555 2.21877 3.57133 TRACK
[PUSH_CTRL] 2556 2.21209 3.57133 TRACK
[PUSH_CTRL] 2557 2.20544 3.57133 TRACK
[PUSH_CTRL] 2558 2.19806 3.57133 TRACK
[PUSH_CTRL] 2559 2.19067 3.57133 TRACK
[PUSH_CTRL] 2560 2.18336 3.57133 TRACK
[PUSH_CTRL] 2561 2.17631 3.57133 TRACK
[PUSH_CTRL] 2562 2.16962 3.57133 TRACK
[PUSH_CTRL] 2563 2.16351 3.57133 TRACK
[PUSH_CTRL] 2564 2.2291 3.57133 TRACK
[PUSH_CTRL] 2565 2.22177 3.57133 TRACK
[PUSH_CTRL] 2566 2.21518 3.57133 TRACK
[PUSH_CTRL] 2567 2.20967 3.57133 TRACK
[PUSH_CTRL] 2568 2.20494 3.57133 TRACK
[PUSH_CTRL] 2569 2.20041 3.57133 TRACK
[PUSH_CTRL] 2570 2.1959 3.57133 TRACK
[PUSH_CTRL] 2571 2.19078 3.57133 TRACK
[PUSH_CTRL] 2572 2.18539 3.57133 TRACK
[PUSH_CTRL] 2573 2.17997 3.57133 TRACK
[PUSH_CTRL] 2574 2.17469 3.57133 TRACK
[PUSH_CTRL] 2575 2.24085 3.57133 TRACK
[PUSH_CTRL] 2576 2.23363 3.57133 TRACK
[PUSH_CTRL] 2577 2.22574 3.57133 TRACK
[PUSH_CTRL] 2578 2.21767 3.57133 TRACK
[PUSH_CTRL] 2579 2.20942 3.57133 TRACK
[PUSH_CTRL] 2580 2.20191 3.57133 TRACK
[PUSH_CTRL] 2581 2.19533 3.57133 TRACK
[PUSH_CTRL] 2582 2.18917 3.57133 TRACK
[PUSH_CTRL] 2583 2.18355 3.57133 TRACK
[PUSH_CTRL] 2584 2.17847 3.57133 TRACK
[PUSH_CTRL] 2585 2.17387 3.57133 TRACK
[PUSH_CTRL] 2586 2.24152 3.57133 TRACK
[PUSH_CTRL] 2587 2.2354 3.57133 TRACK
[PUSH_CTRL] 2588 2.2279 3.57133 TRACK
[PUSH_CTRL] 2589 2.21992 3.57133 TRACK
[PUSH_CTRL] 2590 2.21129 3.57133 TRACK
[PUSH_CTRL] 2591 2.20272 3.57133 TRACK
[PUSH_CTRL] 2592 2.1946 3.57133 TRACK
[PUSH_CTRL] 2593 2.18695 3.57133 TRACK
[PUSH_CTRL] 2594 2.17993 3.57133 TRACK
[PUSH_CTRL] 2595 2.17358 3.57133 TRACK
[PUSH_CTRL] 2596 2.16786 3.57133 TRACK
[PUSH_CTRL] 2597 2.23427 3.57133 TRACK
[PUSH_CTRL] 2598 2.22755 3.57133 TRACK
[PUSH_CTRL] 2599 2.22055 3.57133 TRACK
[PUSH_CTRL] 2600 2.21317 3.57133 TRACK
[PUSH_CTRL] 2601 2.20546 3.57133 TRACK
[PUSH_CTRL] 2602 2.1981 3.57133 TRACK
[PUSH_CTRL] 2603 2.19155 3.57133 TRACK
[PUSH_CTRL] 2604 2.18541 3.57133 TRACK
[PUSH_CTRL] 2605 2.17962 3.57133 TRACK
[PUSH_CTRL] 2606 2.17404 3.57133 TRACK
[PUSH_CTRL] 2607 2.16873 3.57133 TRACK
[PUSH_CTRL] 2608 2.23486 3.57133 TRACK
[PUSH_CTRL] 2609 2.22783 3.57133 TRACK
[PUSH_CTRL] 2610 2.22068 3.57133 TRACK
[PUSH_CTRL] 2611 2.21312 3.57133 TRACK
[PUSH_CTRL] 2612 2.20609 3.57133 TRACK
[PUSH_CTRL] 2613 2.19996 3.57133 TRACK
[PUSH_CTRL] 2614 2.19414 3.57133 TRACK
[PUSH_CTRL] 2615 2.18875 3.57133 TRACK
[PUSH_CTRL] 2616 2.18384 3.57133 TRACK
[PUSH_CTRL] 2617 2.18001 3.57133 TRACK
[PUSH_CTRL] 2618 2.17612 3.57133 TRACK
[PUSH_CTRL] 2619 2.24256 3.57133 TRACK
[PUSH_CTRL] 2620 2.23524 3.57133 TRACK
[PUSH_CTRL] 2621 2.22667 3.57133 TRACK
[PUSH_CTRL] 2622 2.21762 3.57133 TRACK
[PUSH_CTRL] 2623 2.20855 3.57133 TRACK
[PUSH_CTRL] 2624 2.1999 3.57133 TRACK
[PUSH_CTRL] 2625 2.19199 3.57133 TRACK
[PUSH_CTRL] 2626 2.18409 3.57133 TRACK
[PUSH_CTRL] 2627 2.17651 3.57133 TRACK
[PUSH_CTRL] 2628 2.16949 3.57133 TRACK
[PUSH_CTRL] 2629 2.16312 3.57133 TRACK
[PUSH_CTRL] 2630 2.15837 3.57133 TRACK
[PUSH_CTRL] 2631 2.15517 3.57133 TRACK
[PUSH_CTRL] 2632 2.22422 3.57133 TRACK
[PUSH_CTRL] 2633 2.21908 3.57133 TRACK
[PUSH_CTRL] 2634 2.21202 3.57133 TRACK
[PUSH_CTRL] 2635 2.20363 3.57133 TRACK
[PUSH_CTRL] 2636 2.19565 3.57133 TRACK
[PUSH_CTRL] 2637 2.18801 3.57133 TRACK
[PUSH_CTRL] 2638 2.18093 3.57133 TRACK
[PUSH_CTRL] 2639 2.17447 3.57133 TRACK
[PUSH_CTRL] 2640 2.16863 3.57133 TRACK
[PUSH_CTRL] 2641 2.16371 3.57133 TRACK
[PUSH_CTRL] 2642 2.15897 3.57133 TRACK
[PUSH_CTRL] 2643 2.22555 3.57133 TRACK
[PUSH_CTRL] 2644 2.21813 3.57133 TRACK
[PUSH_CTRL] 2645 2.20979 3.57133 TRACK
[PUSH_CTRL] 2646 2.20137 3.57133 TRACK
[PUSH_CTRL] 2647 2.19323 3.57133 TRACK
[PUSH_CTRL] 2648 2.18647 3.57133 TRACK
[PUSH_CTRL] 2649 2.18124 3.57133 TRACK
[PUSH_CTRL] 2650 2.17725 3.57133 TRACK
[PUSH_CTRL] 2651 2.17369 3.57133 TRACK
[PUSH_CTRL] 2652 2.17 3.57133 TRACK
[PUSH_CTRL] 2653 2.16557 3.57133 TRACK
[PUSH_CTRL] 2654 2.23175 3.57133 TRACK
[PUSH_CTRL] 2655 2.2243 3.57133 TRACK
[PUSH_CTRL] 2656 2.21593 3.57133 TRACK
[PUSH_CTRL] 2657 2.20758 3.57133 TRACK
[PUSH_CTRL] 2658 2.19974 3.57133 TRACK
[PUSH_CTRL] 2659 2.19271 3.57133 TRACK
[PUSH_CTRL] 2660 2.18621 3.57133 TRACK
[PUSH_CTRL] 2661 2.17975 3.57133 TRACK
[PUSH_CTRL] 2662 2.17323 3.57133 TRACK
[PUSH_CTRL] 2663 2.16707 3.57133 TRACK
[PUSH_CTRL] 2664 2.16094 3.57133 TRACK
[PUSH_CTRL] 2665 2.22597 3.57133 TRACK
[PUSH_CTRL] 2666 2.21793 3.57133 TRACK
[PUSH_CTRL] 2667 2.20922 3.57133 TRACK
[PUSH_CTRL] 2668 2.20143 3.57133 TRACK
[PUSH_CTRL] 2669 2.19519 3.57133 TRACK
[PUSH_CTRL] 2670 2.1902 3.57133 TRACK
[PUSH_CTRL] 2671 2.18526 3.57133 TRACK
[PUSH_CTRL] 2672 2.18054 3.57133 TRACK
[PUSH_CTRL] 2673 2.17624 3.57133 TRACK
[PUSH_CTRL] 2674 2.17242 3.57133 TRACK
[PUSH_CTRL] 2675 2.16831 3.57133 TRACK
[PUSH_CTRL] 2676 2.23519 3.57133 TRACK
[PUSH_CTRL] 2677 2.22862 3.57133 TRACK
[PUSH_CTRL] 2678 2.22043 3.57133 TRACK
[PUSH_CTRL] 2679 2.21135 3.57133 TRACK
[PUSH_CTRL] 2680 2.20179 3.57133 TRACK
[PUSH_CTRL] 2681 2.1927 3.57133 TRACK
[PUSH_CTRL] 2682 2.18427 3.57133 TRACK
[PUSH_CTRL] 2683 2.17664 3.57133 TRACK
[PUSH_CTRL] 2684 2.16988 3.57133 TRACK
[PUSH_CTRL] 2685 2.16494 3.57133 TRACK
[PUSH_CTRL] 2686 2.16141 3.57133 TRACK
[PUSH_CTRL] 2687 2.15891 3.57133 TRACK
[PUSH_CTRL] 2688 2.22887 3.57133 TRACK
[PUSH_CTRL] 2689 2.22535 3.57133 TRACK
[PUSH_CTRL] 2690 2.22065 3.57133 TRACK
[PUSH_CTRL] 2691 2.21512 3.57133 TRACK
[PUSH_CTRL] 2692 2.20925 3.57133 TRACK
[PUSH_CTRL] 2693 2.20308 3.57133 TRACK
[PUSH_CTRL] 2694 2.19667 3.57133 TRACK
[PUSH_CTRL] 2695 2.18994 3.57133 TRACK
[PUSH_CTRL] 2696 2.18321 3.57133 TRACK
[PUSH_CTRL] 2697 2.17674 3.57133 TRACK
[PUSH_CTRL] 2698 2.24219 3.57133 TRACK
[PUSH_CTRL] 2699 2.23558 3.57133 TRACK
[PUSH_CTRL] 2700 2.2284 3.57133 TRACK
[PUSH_CTRL] 2701 2.22118 3.57133 TRACK
[PUSH_CTRL] 2702 2.21365 3.57133 TRACK
[PUSH_CTRL] 2703 2.20626 3.57133 TRACK
[PUSH_CTRL] 2704 2.19929 3.57133 TRACK
[PUSH_CTRL] 2705 2.19287 3.57133 TRACK
[PUSH_CTRL] 2706 2.18806 3.57133 TRACK
[PUSH_CTRL] 2707 2.18514 3.57133 TRACK
[PUSH_CTRL] 2708 2.18284 3.57133 TRACK
[PUSH_CTRL] 2709 2.25171 3.57133 TRACK
[PUSH_CTRL] 2710 2.24592 3.57133 TRACK
[PUSH_CTRL] 2711 2.23852 3.57133 TRACK
[PUSH_CTRL] 2712 2.23089 3.57133 TRACK
[PUSH_CTRL] 2713 2.22326 3.57133 TRACK
[PUSH_CTRL] 2714 2.21598 3.57133 TRACK
[PUSH_CTRL] 2715 2.20925 3.57133 TRACK
[PUSH_CTRL] 2716 2.20312 3.57133 TRACK
[PUSH_CTRL] 2717 2.19793 3.57133 TRACK
[PUSH_CTRL] 2718 2.19265 3.57133 TRACK
[PUSH_CTRL] 2719 2.18754 3.57133 TRACK
[PUSH_CTRL] 2720 2.25304 3.57133 TRACK
[PUSH_CTRL] 2721 2.24577 3.57133 TRACK
[PUSH_CTRL] 2722 2.23729 3.57133 TRACK
[PUSH_CTRL] 2723 2.22863 3.57133 TRACK
[PUSH_CTRL] 2724 2.22034 3.57133 TRACK
[PUSH_CTRL] 2725 2.21269 3.57133 TRACK
[PUSH_CTRL] 2726 2.20573 3.57133 TRACK
[PUSH_CTRL] 2727 2.19971 3.57133 TRACK
[PUSH_CTRL] 2728 2.19446 3.57133 TRACK
[PUSH_CTRL] 2729 2.19079 3.57133 TRACK
[PUSH_CTRL] 2730 2.18764 3.57133 TRACK
[PUSH_CTRL] 2731 2.18438 3.57133 TRACK
[PUSH_CTRL] 2732 2.25216 3.57133 TRACK
[PUSH_CTRL] 2733 2.24627 3.57133 TRACK
[PUSH_CTRL] 2734 2.23892 3.57133 TRACK
[PUSH_CTRL] 2735 2.23119 3.57133 TRACK
[PUSH_CTRL] 2736 2.22362 3.57133 TRACK
[PUSH_CTRL] 2737 2.21695 3.57133 TRACK
[PUSH_CTRL] 2738 2.21107 3.57133 TRACK
[PUSH_CTRL] 2739 2.20599 3.57133 TRACK
[PUSH_CTRL] 2740 2.20072 3.57133 TRACK
[PUSH_CTRL] 2741 2.19526 3.57133 TRACK
[PUSH_CTRL] 2742 2.26024 3.57133 TRACK
[PUSH_CTRL] 2743 2.25258 3.57133 TRACK
[PUSH_CTRL] 2744 2.24416 3.57133 TRACK
[PUSH_CTRL] 2745 2.23566 3.57133 TRACK
[PUSH_CTRL] 2746 2.22756 3.57133 TRACK
[PUSH_CTRL] 2747 2.21971 3.57133 TRACK
[PUSH_CTRL] 2748 2.21213 3.57133 TRACK
[PUSH_CTRL] 2749 2.20471 3.57133 TRACK
[PUSH_CTRL] 2750 2.19764 3.57133 TRACK
[PUSH_CTRL] 2751 2.19108 3.57133 TRACK
[PUSH_CTRL] 2752 2.18506 3.57133 TRACK
[PUSH_CTRL] 2753 2.17966 3.57133 TRACK
[PUSH_CTRL] 2754 2.24539 3.57133 TRACK
[PUSH_CTRL] 2755 2.23837 3.57133 TRACK
[PUSH_CTRL] 2756 2.2313 3.57133 TRACK
[PUSH_CTRL] 2757 2.22386 3.57133 TRACK
[PUSH_CTRL] 2758 2.21697 3.57133 TRACK
[PUSH_CTRL] 2759 2.21129 3.57133 TRACK
[PUSH_CTRL] 2760 2.20579 3.57133 TRACK
[PUSH_CTRL] 2761 2.2006 3.57133 TRACK
[PUSH_CTRL] 2762 2.19541 3.57133 TRACK
[PUSH_CTRL] 2763 2.19036 3.57133 TRACK
[PUSH_CTRL] 2764 2.18588 3.57133 TRACK
[PUSH_CTRL] 2765 2.25247 3.57133 TRACK
[PUSH_CTRL] 2766 2.24616 3.57133 TRACK
[PUSH_CTRL] 2767 2.23815 3.57133 TRACK
[PUSH_CTRL] 2768 2.22939 3.57133 TRACK
[PUSH_CTRL] 2769 2.22019 3.57133 TRACK
[PUSH_CTRL] 2770 2.21151 3.57133 TRACK
[PUSH_CTRL] 2771 2.2035 3.57133 TRACK
[PUSH_CTRL] 2772 2.19571 3.57133 TRACK
[PUSH_CTRL] 2773 2.18835 3.57133 TRACK
[PUSH_CTRL] 2774 2.18165 3.57133 TRACK
[PUSH_CTRL] 2775 2.17563 3.57133 TRACK
[PUSH_CTRL] 2776 2.17022 3.57133 TRACK
[PUSH_CTRL] 2777 2.236 3.57133 TRACK
[PUSH_CTRL] 2778 2.22929 3.57133 TRACK
[PUSH_CTRL] 2779 2.22255 3.57133 TRACK
[PUSH_CTRL] 2780 2.21618 3.57133 TRACK
[PUSH_CTRL] 2781 2.2097 3.57133 TRACK
[PUSH_CTRL] 2782 2.2039 3.57133 TRACK
[PUSH_CTRL] 2783 2.19888 3.57133 TRACK
[PUSH_CTRL] 2784 2.19462 3.57133 TRACK
[PUSH_CTRL] 2785 2.19038 3.57133 TRACK
[PUSH_CTRL] 2786 2.18588 3.57133 TRACK
[PUSH_CTRL] 2787 2.1815 3.57133 TRACK
[PUSH_CTRL] 2788 2.24891 3.57133 TRACK
[PUSH_CTRL] 2789 2.24211 3.57133 TRACK
[PUSH_CTRL] 2790 2.23383 3.57133 TRACK
[PUSH_CTRL] 2791 2.22517 3.57133 TRACK
[PUSH_CTRL] 2792 2.21678 3.57133 TRACK
[PUSH_CTRL] 2793 2.20939 3.57133 TRACK
[PUSH_CTRL] 2794 2.20236 3.57133 TRACK
[PUSH_CTRL] 2795 2.19548 3.57133 TRACK
[PUSH_CTRL] 2796 2.18862 3.57133 TRACK
[PUSH_CTRL] 2797 2.1817 3.57133 TRACK
[PUSH_CTRL] 2798 2.1752 3.57133 TRACK
[PUSH_CTRL] 2799 2.16924 3.57133 TRACK
[PUSH_CTRL] 2800 2.23525 3.57133 TRACK
[PUSH_CTRL] 2801 2.22832 3.57133 TRACK
[PUSH_CTRL] 2802 2.21994 3.57133 TRACK
[PUSH_CTRL] 2803 2.21133 3.57133 TRACK
[PUSH_CTRL] 2804 2.2037 3.57133 TRACK
[PUSH_CTRL] 2805 2.19664 3.57133 TRACK
[PUSH_CTRL] 2806 2.18989 3.57133 TRACK
[PUSH_CTRL] 2807 2.18359 3.57133 TRACK
[PUSH_CTRL] 2808 2.17788 3.57133 TRACK
[PUSH_CTRL] 2809 2.17272 3.57133 TRACK
[PUSH_CTRL] 2810 2.16879 3.57133 TRACK
[PUSH_CTRL] 2811 2.23543 3.57133 TRACK
[PUSH_CTRL] 2812 2.22765 3.57133 TRACK
[PUSH_CTRL] 2813 2.21865 3.57133 TRACK
[PUSH_CTRL] 2814 2.20935 3.57133 TRACK
[PUSH_CTRL] 2815 2.20081 3.57133 TRACK
[PUSH_CTRL] 2816 2.19326 3.57133 TRACK
[PUSH_CTRL] 2817 2.18629 3.57133 TRACK
[PUSH_CTRL] 2818 2.17993 3.57133 TRACK
[PUSH_CTRL] 2819 2.17428 3.57133 TRACK
[PUSH_CTRL] 2820 2.16999 3.57133 TRACK
[PUSH_CTRL] 2821 2.16692 3.57133 TRACK
[PUSH_CTRL] 2822 2.23407 3.57133 TRACK
[PUSH_CTRL] 2823 2.22734 3.57133 TRACK
[PUSH_CTRL] 2824 2.22004 3.57133 TRACK
[PUSH_CTRL] 2825 2.21305 3.57133 TRACK
[PUSH_CTRL] 2826 2.20691 3.57133 TRACK
[PUSH_CTRL] 2827 2.2017 3.57133 TRACK
[PUSH_CTRL] 2828 2.19634 3.57133 TRACK
[PUSH_CTRL] 2829 2.19113 3.57133 TRACK
[PUSH_CTRL] 2830 2.18698 3.57133 TRACK
[PUSH_CTRL] 2831 2.18275 3.57133 TRACK
[PUSH_CTRL] 2832 2.17804 3.57133 TRACK
[PUSH_CTRL] 2833 2.24362 3.57133 TRACK
[PUSH_CTRL] 2834 2.23624 3.57133 TRACK
[PUSH_CTRL] 2835 2.2281 3.57133 TRACK
[PUSH_CTRL] 2836 2.22148 3.57133 TRACK
[PUSH_CTRL] 2837 2.21633 3.57133 TRACK
[PUSH_CTRL] 2838 2.21138 3.57133 TRACK
[PUSH_CTRL] 2839 2.20739 3.57133 TRACK
[PUSH_CTRL] 2840 2.20327 3.57133 TRACK
[PUSH_CTRL] 2841 2.19874 3.57133 TRACK
[PUSH_CTRL] 2842 2.19371 3.57133 TRACK
[PUSH_CTRL] 2843 2.25878 3.57133 TRACK
[PUSH_CTRL] 2844 2.25115 3.57133 TRACK
[PUSH_CTRL] 2845 2.24277 3.57133 TRACK
[PUSH_CTRL] 2846 2.23456 3.57133 TRACK
[PUSH_CTRL] 2847 2.2265 3.57133 TRACK
[PUSH_CTRL] 2848 2.21865 3.57133 TRACK
[PUSH_CTRL] 2849 2.21099 3.57133 TRACK
[PUSH_CTRL] 2850 2.20398 3.57133 TRACK
[PUSH_CTRL] 2851 2.19734 3.57133 TRACK
[PUSH_CTRL] 2852 2.19152 3.57133 TRACK
[PUSH_CTRL] 2853 2.18643 3.57133 TRACK
[PUSH_CTRL] 2854 2.25221 3.57133 TRACK
[PUSH_CTRL] 2855 2.24555 3.57133 TRACK
[PUSH_CTRL] 2856 2.23806 3.57133 TRACK
[PUSH_CTRL] 2857 2.23072 3.57133 TRACK
[PUSH_CTRL] 2858 2.22345 3.57133 TRACK
[PUSH_CTRL] 2859 2.2165 3.57133 TRACK
[PUSH_CTRL] 2860 2.2098 3.57133 TRACK
[PUSH_CTRL] 2861 2.20322 3.57133 TRACK
[PUSH_CTRL] 2862 2.19693 3.57133 TRACK
[PUSH_CTRL] 2863 2.19104 3.57133 TRACK
[PUSH_CTRL] 2864 2.18556 3.57133 TRACK
[PUSH_CTRL] 2865 2.18046 3.57133 TRACK
[PUSH_CTRL] 2866 2.24653 3.57133 TRACK
[PUSH_CTRL] 2867 2.23972 3.57133 TRACK
[PUSH_CTRL] 2868 2.23211 3.57133 TRACK
[PUSH_CTRL] 2869 2.22442 3.57133 TRACK
[PUSH_CTRL] 2870 2.2166 3.57133 TRACK
[PUSH_CTRL] 2871 2.20912 3.57133 TRACK
[PUSH_CTRL] 2872 2.20234 3.57133 TRACK
[PUSH_CTRL] 2873 2.1961 3.57133 TRACK
[PUSH_CTRL] 2874 2.19008 3.57133 TRACK
[PUSH_CTRL] 2875 2.1844 3.57133 TRACK
[PUSH_CTRL] 2876 2.17944 3.57133 TRACK
[PUSH_CTRL] 2877 2.24575 3.57133 TRACK
[PUSH_CTRL] 2878 2.23922 3.57133 TRACK
[PUSH_CTRL] 2879 2.23141 3.57133 TRACK
[PUSH_CTRL] 2880 2.22296 3.57133 TRACK
[PUSH_CTRL] 2881 2.21416 3.57133 TRACK
[PUSH_CTRL] 2882 2.20576 3.57133 TRACK
[PUSH_CTRL] 2883 2.1978 3.57133 TRACK
[PUSH_CTRL] 2884 2.19067 3.57133 TRACK
[PUSH_CTRL] 2885 2.18424 3.57133 TRACK
[PUSH_CTRL] 2886 2.17826 3.57133 TRACK
[PUSH_CTRL] 2887 2.17274 3.57133 TRACK
[PUSH_CTRL] 2888 2.16765 3.57133 TRACK
[PUSH_CTRL] 2889 2.23392 3.57133 TRACK
[PUSH_CTRL] 2890 2.22797 3.57133 TRACK
[PUSH_CTRL] 2891 2.2219 3.57133 TRACK
[PUSH_CTRL] 2892 2.2151 3.57133 TRACK
[PUSH_CTRL] 2893 2.20826 3.57133 TRACK
[PUSH_CTRL] 2894 2.20231 3.57133 TRACK
[PUSH_CTRL] 2895 2.19719 3.57133 TRACK
[PUSH_CTRL] 2896 2.19287 3.57133 TRACK
[PUSH_CTRL] 2897 2.18934 3.57133 TRACK
[PUSH_CTRL] 2898 2.18644 3.57133 TRACK
[PUSH_CTRL] 2899 2.2536 3.57133 TRACK
[PUSH_CTRL] 2900 2.24747 3.57133 TRACK
[PUSH_CTRL] 2901 2.23993 3.57133 TRACK
[PUSH_CTRL] 2902 2.23183 3.57133 TRACK
[PUSH_CTRL] 2903 2.22335 3.57133 TRACK
[PUSH_CTRL] 2904 2.21508 3.57133 TRACK
[PUSH_CTRL] 2905 2.20723 3.57133 TRACK
[PUSH_CTRL] 2906 2.20002 3.57133 TRACK
[PUSH_CTRL] 2907 2.19368 3.57133 TRACK
[PUSH_CTRL] 2908 2.18629 3.57133 TRACK
[PUSH_CTRL] 2909 2.17988 3.57133 TRACK
[PUSH_CTRL] 2910 2.17467 3.57133 TRACK
[PUSH_CTRL] 2911 2.24116 3.57133 TRACK
[PUSH_CTRL] 2912 2.23407 3.57133 TRACK
[PUSH_CTRL] 2913 2.2257 3.57133 TRACK
[PUSH_CTRL] 2914 2.21818 3.57133 TRACK
[PUSH_CTRL] 2915 2.21278 3.57133 TRACK
[PUSH_CTRL] 2916 2.20841 3.57133 TRACK
[PUSH_CTRL] 2917 2.20377 3.57133 TRACK
[PUSH_CTRL] 2918 2.199 3.57133 TRACK
[PUSH_CTRL] 2919 2.19413 3.57133 TRACK
[PUSH_CTRL] 2920 2.18929 3.57133 TRACK
[PUSH_CTRL] 2921 2.18393 3.57133 TRACK
[PUSH_CTRL] 2922 2.24861 3.57133 TRACK
[PUSH_CTRL] 2923 2.24056 3.57133 TRACK
[PUSH_CTRL] 2924 2.23184 3.57133 TRACK
[PUSH_CTRL] 2925 2.22401 3.57133 TRACK
[PUSH_CTRL] 2926 2.21811 3.57133 TRACK
[PUSH_CTRL] 2927 2.21257 3.57133 TRACK
[PUSH_CTRL] 2928 2.20682 3.57133 TRACK
[PUSH_CTRL] 2929 2.20106 3.57133 TRACK
[PUSH_CTRL] 2930 2.1955 3.57133 TRACK
[PUSH_CTRL] 2931 2.19103 3.57133 TRACK
[PUSH_CTRL] 2932 2.18754 3.57133 TRACK
[PUSH_CTRL] 2933 2.25557 3.57133 TRACK
[PUSH_CTRL] 2934 2.25172 3.57133 TRACK
[PUSH_CTRL] 2935 2.24662 3.57133 TRACK
[PUSH_CTRL] 2936 2.24025 3.57133 TRACK
[PUSH_CTRL] 2937 2.23328 3.57133 TRACK
[PUSH_CTRL] 2938 2.22625 3.57133 TRACK
[PUSH_CTRL] 2939 2.21949 3.57133 TRACK
[PUSH_CTRL] 2940 2.21317 3.57133 TRACK
[PUSH_CTRL] 2941 2.20732 3.57133 TRACK
[PUSH_CTRL] 2942 2.20194 3.57133 TRACK
[PUSH_CTRL] 2943 2.26713 3.57133 TRACK
[PUSH_CTRL] 2944 2.2593 3.57133 TRACK
[PUSH_CTRL] 2945 2.24992 3.57133 TRACK
[PUSH_CTRL] 2946 2.23989 3.57133 TRACK
[PUSH_CTRL] 2947 2.23045 3.57133 TRACK
[PUSH_CTRL] 2948 2.22172 3.57133 TRACK
[PUSH_CTRL] 2949 2.21357 3.57133 TRACK
[PUSH_CTRL] 2950 2.20614 3.57133 TRACK
[PUSH_CTRL] 2951 2.19946 3.57133 TRACK
[PUSH_CTRL] 2952 2.19347 3.57133 TRACK
[PUSH_CTRL] 2953 2.18808 3.57133 TRACK
[PUSH_CTRL] 2954 2.18354 3.57133 TRACK
[PUSH_CTRL] 2955 2.24988 3.57133 TRACK
[PUSH_CTRL] 2956 2.24257 3.57133 TRACK
[PUSH_CTRL] 2957 2.23346 3.57133 TRACK
[PUSH_CTRL] 2958 2.22448 3.57133 TRACK
[PUSH_CTRL] 2959 2.21648 3.57133 TRACK
[PUSH_CTRL] 2960 2.20902 3.57133 TRACK
[PUSH_CTRL] 2961 2.20193 3.57133 TRACK
[PUSH_CTRL] 2962 2.19536 3.57133 TRACK
[PUSH_CTRL] 2963 2.18934 3.57133 TRACK
[PUSH_CTRL] 2964 2.18385 3.57133 TRACK
[PUSH_CTRL] 2965 2.17971 3.57133 TRACK
[PUSH_CTRL] 2966 2.17559 3.57133 TRACK
[PUSH_CTRL] 2967 2.24155 3.57133 TRACK
[PUSH_CTRL] 2968 2.23474 3.57133 TRACK
[PUSH_CTRL] 2969 2.22689 3.57133 TRACK
[PUSH_CTRL] 2970 2.21899 3.57133 TRACK
[PUSH_CTRL] 2971 2.21158 3.57133 TRACK
[PUSH_CTRL] 2972 2.20484 3.57133 TRACK
[PUSH_CTRL] 2973 2.19883 3.57133 TRACK
[PUSH_CTRL] 2974 2.19431 3.57133 TRACK
[PUSH_CTRL] 2975 2.19101 3.57133 TRACK
[PUSH_CTRL] 2976 2.18856 3.57133 TRACK
[PUSH_CTRL] 2977 2.18566 3.57133 TRACK
[PUSH_CTRL] 2978 2.25234 3.57133 TRACK
[PUSH_CTRL] 2979 2.24582 3.57133 TRACK
[PUSH_CTRL] 2980 2.23829 3.57133 TRACK
[PUSH_CTRL] 2981 2.23074 3.57133 TRACK
[PUSH_CTRL] 2982 2.2233 3.57133 TRACK
[PUSH_CTRL] 2983 2.21664 3.57133 TRACK
[PUSH_CTRL] 2984 2.21155 3.57133 TRACK
[PUSH_CTRL] 2985 2.20775 3.57133 TRACK
[PUSH_CTRL] 2986 2.20382 3.57133 TRACK
[PUSH_CTRL] 2987 2.19978 3.57133 TRACK
[PUSH_CTRL] 2988 2.26543 3.57133 TRACK
[PUSH_CTRL] 2989 2.25841 3.57133 TRACK
[PUSH_CTRL] 2990 2.25063 3.57133 TRACK
[PUSH_CTRL] 2991 2.24288 3.57133 TRACK
[PUSH_CTRL] 2992 2.23633 3.57133 TRACK
[PUSH_CTRL] 2993 2.23081 3.57133 TRACK
[PUSH_CTRL] 2994 2.22522 3.57133 TRACK
[PUSH_CTRL] 2995 2.22003 3.57133 TRACK
[PUSH_CTRL] 2996 2.21455 3.57133 TRACK
[PUSH_CTRL] 2997 2.20902 3.57133 TRACK
[PUSH_CTRL] 2998 2.2036 3.57133 TRACK
[PUSH_CTRL] 2999 2.26845 3.57133 TRACK
[PUSH_CTRL] 3000 2.26104 3.57133 TRACK
[PUSH_CTRL] 3001 2.2526 3.57133 TRACK
[PUSH_CTRL] 3002 2.24374 3.57133 TRACK
[PUSH_CTRL] 3003 2.23479 3.57133 TRACK
[PUSH_CTRL] 3004 2.22591 3.57133 TRACK
[PUSH_CTRL] 3005 2.21783 3.57133 TRACK
[PUSH_CTRL] 3006 2.21087 3.57133 TRACK
[PUSH_CTRL] 3007 2.20433 3.57133 TRACK
[PUSH_CTRL] 3008 2.19837 3.57133 TRACK
[PUSH_CTRL] 3009 2.19399 3.57133 TRACK
[PUSH_CTRL] 3010 2.19065 3.57133 TRACK
[PUSH_CTRL] 3011 2.25828 3.57133 TRACK
[PUSH_CTRL] 3012 2.25262 3.57133 TRACK
[PUSH_CTRL] 3013 2.24533 3.57133 TRACK
[PUSH_CTRL] 3014 2.23722 3.57133 TRACK
[PUSH_CTRL] 3015 2.22921 3.57133 TRACK
[PUSH_CTRL] 3016 2.22162 3.57133 TRACK
[PUSH_CTRL] 3017 2.21427 3.57133 TRACK
[PUSH_CTRL] 3018 2.20793 3.57133 TRACK
[PUSH_CTRL] 3019 2.20185 3.57133 TRACK
[PUSH_CTRL] 3020 2.19612 3.57133 TRACK
[PUSH_CTRL] 3021 2.19168 3.57133 TRACK
[PUSH_CTRL] 3022 2.2582 3.57133 TRACK
[PUSH_CTRL] 3023 2.25341 3.57133 TRACK
[PUSH_CTRL] 3024 2.24648 3.57133 TRACK
[PUSH_CTRL] 3025 2.23927 3.57133 TRACK
[PUSH_CTRL] 3026 2.23193 3.57133 TRACK
[PUSH_CTRL] 3027 2.2246 3.57133 TRACK
[PUSH_CTRL] 3028 2.2176 3.57133 TRACK
[PUSH_CTRL] 3029 2.2111 3.57133 TRACK
[PUSH_CTRL] 3030 2.20526 3.57133 TRACK
[PUSH_CTRL] 3031 2.20109 3.57133 TRACK
[PUSH_CTRL] 3032 2.19809 3.57133 TRACK
[PUSH_CTRL] 3033 2.26645 3.57133 TRACK
[PUSH_CTRL] 3034 2.26283 3.57133 TRACK
[PUSH_CTRL] 3035 2.25728 3.57133 TRACK
[PUSH_CTRL] 3036 2.25116 3.57133 TRACK
[PUSH_CTRL] 3037 2.24468 3.57133 TRACK
[PUSH_CTRL] 3038 2.23818 3.57133 TRACK
[PUSH_CTRL] 3039 2.23167 3.57133 TRACK
[PUSH_CTRL] 3040 2.22498 3.57133 TRACK
[PUSH_CTRL] 3041 2.21862 3.57133 TRACK
[PUSH_CTRL] 3042 2.21274 3.57133 TRACK
[PUSH_CTRL] 3043 2.20691 3.57133 TRACK
[PUSH_CTRL] 3044 2.27112 3.57133 TRACK
[PUSH_CTRL] 3045 2.26385 3.57133 TRACK
[PUSH_CTRL] 3046 2.25624 3.57133 TRACK
[PUSH_CTRL] 3047 2.24987 3.57133 TRACK
[PUSH_CTRL] 3048 2.245 3.57133 TRACK
[PUSH_CTRL] 3049 2.23979 3.57133 TRACK
[PUSH_CTRL] 3050 2.23451 3.57133 TRACK
[PUSH_CTRL] 3051 2.22932 3.57133 TRACK
[PUSH_CTRL] 3052 2.22416 3.57133 TRACK
[PUSH_CTRL] 3053 2.21881 3.57133 TRACK
[PUSH_CTRL] 3054 2.28244 3.57133 TRACK
[PUSH_CTRL] 3055 2.27426 3.57133 TRACK
[PUSH_CTRL] 3056 2.2654 3.57133 TRACK
[PUSH_CTRL] 3057 2.25721 3.57133 TRACK
[PUSH_CTRL] 3058 2.25032 3.57133 TRACK
[PUSH_CTRL] 3059 2.24474 3.57133 TRACK
[PUSH_CTRL] 3060 2.23958 3.57133 TRACK
[PUSH_CTRL] 3061 2.23447 3.57133 TRACK
[PUSH_CTRL] 3062 2.23071 3.57133 TRACK
[PUSH_CTRL] 3063 2.22678 3.57133 TRACK
[PUSH_CTRL] 3064 2.22217 3.57133 TRACK
[PUSH_CTRL] 3065 2.28623 3.57133 TRACK
[PUSH_CTRL] 3066 2.27859 3.57133 TRACK
[PUSH_CTRL] 3067 2.27004 3.57133 TRACK
[PUSH_CTRL] 3068 2.26163 3.57133 TRACK
[PUSH_CTRL] 3069 2.25474 3.57133 TRACK
[PUSH_CTRL] 3070 2.24882 3.57133 TRACK
[PUSH_CTRL] 3071 2.24333 3.57133 TRACK
[PUSH_CTRL] 3072 2.23759 3.57133 TRACK
[PUSH_CTRL] 3073 2.23183 3.57133 TRACK
[PUSH_CTRL] 3074 2.22622 3.57133 TRACK
[PUSH_CTRL] 3075 2.22086 3.57133 TRACK
[PUSH_CTRL] 3076 2.28499 3.57133 TRACK
[PUSH_CTRL] 3077 2.27797 3.57133 TRACK
[PUSH_CTRL] 3078 2.27081 3.57133 TRACK
[PUSH_CTRL] 3079 2.26335 3.57133 TRACK
[PUSH_CTRL] 3080 2.25563 3.57133 TRACK
[PUSH_CTRL] 3081 2.24841 3.57133 TRACK
[PUSH_CTRL] 3082 2.24143 3.57133 TRACK
[PUSH_CTRL] 3083 2.23497 3.57133 TRACK
[PUSH_CTRL] 3084 2.22873 3.57133 TRACK
[PUSH_CTRL] 3085 2.22282 3.57133 TRACK
[PUSH_CTRL] 3086 2.2173 3.57133 TRACK
[PUSH_CTRL] 3087 2.28148 3.57133 TRACK
[PUSH_CTRL] 3088 2.27526 3.57133 TRACK
[PUSH_CTRL] 3089 2.2688 3.57133 TRACK
[PUSH_CTRL] 3090 2.26191 3.57133 TRACK
[PUSH_CTRL] 3091 2.25464 3.57133 TRACK
[PUSH_CTRL] 3092 2.24747 3.57133 TRACK
[PUSH_CTRL] 3093 2.24084 3.57133 TRACK
[PUSH_CTRL] 3094 2.23464 3.57133 TRACK
[PUSH_CTRL] 3095 2.22883 3.57133 TRACK
[PUSH_CTRL] 3096 2.22322 3.57133 TRACK
[PUSH_CTRL] 3097 2.21789 3.57133 TRACK
[PUSH_CTRL] 3098 2.28245 3.57133 TRACK
[PUSH_CTRL] 3099 2.27577 3.57133 TRACK
[PUSH_CTRL] 3100 2.26841 3.57133 TRACK
[PUSH_CTRL] 3101 2.26115 3.57133 TRACK
[PUSH_CTRL] 3102 2.25414 3.57133 TRACK
[PUSH_CTRL] 3103 2.24712 3.57133 TRACK
[PUSH_CTRL] 3104 2.24058 3.57133 TRACK
[PUSH_CTRL] 3105 2.23482 3.57133 TRACK
[PUSH_CTRL] 3106 2.2299 3.57133 TRACK
[PUSH_CTRL] 3107 2.22477 3.57133 TRACK
[PUSH_CTRL] 3108 2.21971 3.57133 TRACK
[PUSH_CTRL] 3109 2.28406 3.57133 TRACK
[PUSH_CTRL] 3110 2.27702 3.57133 TRACK
[PUSH_CTRL] 3111 2.26922 3.57133 TRACK
[PUSH_CTRL] 3112 2.26151 3.57133 TRACK
[PUSH_CTRL] 3113 2.25529 3.57133 TRACK
[PUSH_CTRL] 3114 2.24936 3.57133 TRACK
[PUSH_CTRL] 3115 2.24317 3.57133 TRACK
[PUSH_CTRL] 3116 2.23673 3.57133 TRACK
[PUSH_CTRL] 3117 2.23087 3.57133 TRACK
[PUSH_CTRL] 3118 2.22538 3.57133 TRACK
[PUSH_CTRL] 3119 2.21994 3.57133 TRACK
[PUSH_CTRL] 3120 2.28397 3.57133 TRACK
[PUSH_CTRL] 3121 2.27682 3.57133 TRACK
[PUSH_CTRL] 3122 2.26913 3.57133 TRACK
[PUSH_CTRL] 3123 2.26171 3.57133 TRACK
[PUSH_CTRL] 3124 2.25492 3.57133 TRACK
[PUSH_CTRL] 3125 2.24888 3.57133 TRACK
[PUSH_CTRL] 3126 2.24356 3.57133 TRACK
[PUSH_CTRL] 3127 2.23814 3.57133 TRACK
[PUSH_CTRL] 3128 2.23241 3.57133 TRACK
[PUSH_CTRL] 3129 2.22673 3.57133 TRACK
[PUSH_CTRL] 3130 2.22085 3.57133 TRACK
[PUSH_CTRL] 3131 2.28423 3.57133 TRACK
[PUSH_CTRL] 3132 2.27698 3.57133 TRACK
[PUSH_CTRL] 3133 2.26901 3.57133 TRACK
[PUSH_CTRL] 3134 2.26085 3.57133 TRACK
[PUSH_CTRL] 3135 2.25309 3.57133 TRACK
[PUSH_CTRL] 3136 2.24598 3.57133 TRACK
[PUSH_CTRL] 3137 2.23959 3.57133 TRACK
[PUSH_CTRL] 3138 2.23389 3.57133 TRACK
[PUSH_CTRL] 3139 2.22878 3.57133 TRACK
[PUSH_CTRL] 3140 2.22414 3.57133 TRACK
[PUSH_CTRL] 3141 2.22064 3.57133 TRACK
[PUSH_CTRL] 3142 2.28735 3.57133 TRACK
[PUSH_CTRL] 3143 2.28251 3.57133 TRACK
[PUSH_CTRL] 3144 2.27571 3.57133 TRACK
[PUSH_CTRL] 3145 2.26779 3.57133 TRACK
[PUSH_CTRL] 3146 2.26018 3.57133 TRACK
[PUSH_CTRL] 3147 2.25336 3.57133 TRACK
[PUSH_CTRL] 3148 2.24679 3.57133 TRACK
[PUSH_CTRL] 3149 2.24041 3.57133 TRACK
[PUSH_CTRL] 3150 2.23438 3.57133 TRACK
[PUSH_CTRL] 3151 2.22877 3.57133 TRACK
[PUSH_CTRL] 3152 2.22358 3.57133 TRACK
[PUSH_CTRL] 3153 2.28809 3.57133 TRACK
[PUSH_CTRL] 3154 2.28138 3.57133 TRACK
[PUSH_CTRL] 3155 2.27407 3.57133 TRACK
[PUSH_CTRL] 3156 2.26695 3.57133 TRACK
[PUSH_CTRL] 3157 2.26029 3.57133 TRACK
[PUSH_CTRL] 3158 2.25394 3.57133 TRACK
[PUSH_CTRL] 3159 2.24766 3.57133 TRACK
[PUSH_CTRL] 3160 2.24159 3.57133 TRACK
[PUSH_CTRL] 3161 2.23554 3.57133 TRACK
[PUSH_CTRL] 3162 2.2294 3.57133 TRACK
[PUSH_CTRL] 3163 2.22341 3.57133 TRACK
[PUSH_CTRL] 3164 2.28694 3.57133 TRACK
[PUSH_CTRL] 3165 2.27913 3.57133 TRACK
[PUSH_CTRL] 3166 2.27073 3.57133 TRACK
[PUSH_CTRL] 3167 2.26259 3.57133 TRACK
[PUSH_CTRL] 3168 2.25509 3.57133 TRACK
[PUSH_CTRL] 3169 2.24836 3.57133 TRACK
[PUSH_CTRL] 3170 2.24147 3.57133 TRACK
[PUSH_CTRL] 3171 2.23337 3.57133 TRACK
[PUSH_CTRL] 3172 2.22507 3.57133 TRACK
[PUSH_CTRL] 3173 2.21717 3.57133 TRACK
[PUSH_CTRL] 3174 2.20987 3.57133 TRACK
[PUSH_CTRL] 3175 2.27312 3.57133 TRACK
[PUSH_CTRL] 3176 2.26606 3.57133 TRACK
[PUSH_CTRL] 3177 2.25901 3.57133 TRACK
[PUSH_CTRL] 3178 2.25265 3.57133 TRACK
[PUSH_CTRL] 3179 2.2476 3.57133 TRACK
[PUSH_CTRL] 3180 2.24344 3.57133 TRACK
[PUSH_CTRL] 3181 2.2402 3.57133 TRACK
[PUSH_CTRL] 3182 2.23835 3.57133 TRACK
[PUSH_CTRL] 3183 2.23684 3.57133 TRACK
[PUSH_CTRL] 3184 2.23427 3.57133 TRACK
[PUSH_CTRL] 3185 2.29981 3.57133 TRACK
[PUSH_CTRL] 3186 2.29421 3.57133 TRACK
[PUSH_CTRL] 3187 2.28714 3.57133 TRACK
[PUSH_CTRL] 3188 2.27896 3.57133 TRACK
[PUSH_CTRL] 3189 2.27025 3.57133 TRACK
[PUSH_CTRL] 3190 2.2616 3.57133 TRACK
[PUSH_CTRL] 3191 2.25309 3.57133 TRACK
[PUSH_CTRL] 3192 2.24473 3.57133 TRACK
[PUSH_CTRL] 3193 2.23675 3.57133 TRACK
[PUSH_CTRL] 3194 2.22933 3.57133 TRACK
[PUSH_CTRL] 3195 2.22291 3.57133 TRACK
[PUSH_CTRL] 3196 2.21738 3.57133 TRACK
[PUSH_CTRL] 3197 2.2119 3.57133 TRACK
[PUSH_CTRL] 3198 2.27567 3.57133 TRACK
[PUSH_CTRL] 3199 2.26807 3.57133 TRACK
[PUSH_CTRL] 3200 2.26032 3.57133 TRACK
[PUSH_CTRL] 3201 2.25261 3.57133 TRACK
[PUSH_CTRL] 3202 2.24516 3.57133 TRACK
[PUSH_CTRL] 3203 2.23817 3.57133 TRACK
[PUSH_CTRL] 3204 2.23296 3.57133 TRACK
[PUSH_CTRL] 3205 2.2292 3.57133 TRACK
[PUSH_CTRL] 3206 2.22649 3.57133 TRACK
[PUSH_CTRL] 3207 2.22341 3.57133 TRACK
[PUSH_CTRL] 3208 2.2201 3.57133 TRACK
[PUSH_CTRL] 3209 2.28523 3.57133 TRACK
[PUSH_CTRL] 3210 2.27886 3.57133 TRACK
[PUSH_CTRL] 3211 2.27124 3.57133 TRACK
[PUSH_CTRL] 3212 2.26337 3.57133 TRACK
[PUSH_CTRL] 3213 2.25577 3.57133 TRACK
[PUSH_CTRL] 3214 2.24882 3.57133 TRACK
[PUSH_CTRL] 3215 2.24234 3.57133 TRACK
[PUSH_CTRL] 3216 2.23592 3.57133 TRACK
[PUSH_CTRL] 3217 2.22974 3.57133 TRACK
[PUSH_CTRL] 3218 2.22392 3.57133 TRACK
[PUSH_CTRL] 3219 2.28796 3.57133 TRACK
[PUSH_CTRL] 3220 2.28147 3.57133 TRACK
[PUSH_CTRL] 3221 2.27464 3.57133 TRACK
[PUSH_CTRL] 3222 2.26807 3.57133 TRACK
[PUSH_CTRL] 3223 2.26167 3.57133 TRACK
[PUSH_CTRL] 3224 2.25528 3.57133 TRACK
[PUSH_CTRL] 3225 2.24886 3.57133 TRACK
[PUSH_CTRL] 3226 2.24263 3.57133 TRACK
[PUSH_CTRL] 3227 2.23674 3.57133 TRACK
[PUSH_CTRL] 3228 2.23124 3.57133 TRACK
[PUSH_CTRL] 3229 2.22611 3.57133 TRACK
[PUSH_CTRL] 3230 2.29051 3.57133 TRACK
[PUSH_CTRL] 3231 2.28476 3.57133 TRACK
[PUSH_CTRL] 3232 2.27761 3.57133 TRACK
[PUSH_CTRL] 3233 2.26964 3.57133 TRACK
[PUSH_CTRL] 3234 2.26191 3.57133 TRACK
[PUSH_CTRL] 3235 2.25491 3.57133 TRACK
[PUSH_CTRL] 3236 2.24798 3.57133 TRACK
[PUSH_CTRL] 3237 2.24179 3.57133 TRACK
[PUSH_CTRL] 3238 2.23583 3.57133 TRACK
[PUSH_CTRL] 3239 2.23069 3.57133 TRACK
[PUSH_CTRL] 3240 2.22663 3.57133 TRACK
[PUSH_CTRL] 3241 2.2922 3.57133 TRACK
[PUSH_CTRL] 3242 2.28734 3.57133 TRACK
[PUSH_CTRL] 3243 2.28187 3.57133 TRACK
[PUSH_CTRL] 3244 2.27581 3.57133 TRACK
[PUSH_CTRL] 3245 2.26948 3.57133 TRACK
[PUSH_CTRL] 3246 2.2638 3.57133 TRACK
[PUSH_CTRL] 3247 2.2589 3.57133 TRACK
[PUSH_CTRL] 3248 2.25373 3.57133 TRACK
[PUSH_CTRL] 3249 2.24854 3.57133 TRACK
[PUSH_CTRL] 3250 2.24344 3.57133 TRACK
[PUSH_CTRL] 3251 2.30724 3.57133 TRACK
[PUSH_CTRL] 3252 2.30124 3.57133 TRACK
[PUSH_CTRL] 3253 2.2939 3.57133 TRACK
[PUSH_CTRL] 3254 2.2858 3.57133 TRACK
[PUSH_CTRL] 3255 2.27757 3.57133 TRACK
[PUSH_CTRL] 3256 2.26939 3.57133 TRACK
[PUSH_CTRL] 3257 2.26204 3.57133 TRACK
[PUSH_CTRL] 3258 2.25559 3.57133 TRACK
[PUSH_CTRL] 3259 2.24953 3.57133 TRACK
[PUSH_CTRL] 3260 2.24391 3.57133 TRACK
[PUSH_CTRL] 3261 2.2387 3.57133 TRACK
[PUSH_CTRL] 3262 2.30263 3.57133 TRACK
[PUSH_CTRL] 3263 2.29671 3.57133 TRACK
[PUSH_CTRL] 3264 2.29055 3.57133 TRACK
[PUSH_CTRL] 3265 2.28399 3.57133 TRACK
[PUSH_CTRL] 3266 2.27703 3.57133 TRACK
[PUSH_CTRL] 3267 2.27027 3.57133 TRACK
[PUSH_CTRL] 3268 2.2642 3.57133 TRACK
[PUSH_CTRL] 3269 2.25837 3.57133 TRACK
[PUSH_CTRL] 3270 2.25256 3.57133 TRACK
[PUSH_CTRL] 3271 2.24694 3.57133 TRACK
[PUSH_CTRL] 3272 2.2416 3.57133 TRACK
[PUSH_CTRL] 3273 2.30529 3.57133 TRACK
[PUSH_CTRL] 3274 2.29825 3.57133 TRACK
[PUSH_CTRL] 3275 2.2912 3.57133 TRACK
[PUSH_CTRL] 3276 2.28476 3.57133 TRACK
[PUSH_CTRL] 3277 2.27939 3.57133 TRACK
[PUSH_CTRL] 3278 2.27406 3.57133 TRACK
[PUSH_CTRL] 3279 2.26912 3.57133 TRACK
[PUSH_CTRL] 3280 2.26475 3.57133 TRACK
[PUSH_CTRL] 3281 2.26103 3.57133 TRACK
[PUSH_CTRL] 3282 2.25675 3.57133 TRACK
[PUSH_CTRL] 3283 2.32065 3.57133 TRACK
[PUSH_CTRL] 3284 2.31366 3.57133 TRACK
[PUSH_CTRL] 3285 2.30572 3.57133 TRACK
[PUSH_CTRL] 3286 2.29734 3.57133 TRACK
[PUSH_CTRL] 3287 2.28873 3.57133 TRACK
[PUSH_CTRL] 3288 2.27985 3.57133 TRACK
[PUSH_CTRL] 3289 2.27103 3.57133 TRACK
[PUSH_CTRL] 3290 2.2623 3.57133 TRACK
[PUSH_CTRL] 3291 2.25393 3.57133 TRACK
[PUSH_CTRL] 3292 2.246 3.57133 TRACK
[PUSH_CTRL] 3293 2.23911 3.57133 TRACK
[PUSH_CTRL] 3294 2.23277 3.57133 TRACK
[PUSH_CTRL] 3295 2.29592 3.57133 TRACK
[PUSH_CTRL] 3296 2.28876 3.57133 TRACK
[PUSH_CTRL] 3297 2.28026 3.57133 TRACK
[PUSH_CTRL] 3298 2.27166 3.57133 TRACK
[PUSH_CTRL] 3299 2.264 3.57133 TRACK
[PUSH_CTRL] 3300 2.25702 3.57133 TRACK
[PUSH_CTRL] 3301 2.25144 3.57133 TRACK
[PUSH_CTRL] 3302 2.24636 3.57133 TRACK
[PUSH_CTRL] 3303 2.24133 3.57133 TRACK
[PUSH_CTRL] 3304 2.23735 3.57133 TRACK
[PUSH_CTRL] 3305 2.23405 3.57133 TRACK
[PUSH_CTRL] 3306 2.29893 3.57133 TRACK
[PUSH_CTRL] 3307 2.29312 3.57133 TRACK
[PUSH_CTRL] 3308 2.28588 3.57133 TRACK
[PUSH_CTRL] 3309 2.27817 3.57133 TRACK
[PUSH_CTRL] 3310 2.2706 3.57133 TRACK
[PUSH_CTRL] 3311 2.26466 3.57133 TRACK
[PUSH_CTRL] 3312 2.26079 3.57133 TRACK
[PUSH_CTRL] 3313 2.25804 3.57133 TRACK
[PUSH_CTRL] 3314 2.25467 3.57133 TRACK
[PUSH_CTRL] 3315 2.25101 3.57133 TRACK
[PUSH_CTRL] 3316 2.31499 3.57133 TRACK
[PUSH_CTRL] 3317 2.30878 3.57133 TRACK
[PUSH_CTRL] 3318 2.30139 3.57133 TRACK
[PUSH_CTRL] 3319 2.29342 3.57133 TRACK
[PUSH_CTRL] 3320 2.28565 3.57133 TRACK
[PUSH_CTRL] 3321 2.2784 3.57133 TRACK
[PUSH_CTRL] 3322 2.2719 3.57133 TRACK
[PUSH_CTRL] 3323 2.26702 3.57133 TRACK
[PUSH_CTRL] 3324 2.2639 3.57133 TRACK
[PUSH_CTRL] 3325 2.26217 3.57133 TRACK
[PUSH_CTRL] 3326 2.26135 3.57133 TRACK
[PUSH_CTRL] 3327 2.32732 3.57133 TRACK
[PUSH_CTRL] 3328 2.32214 3.57133 TRACK
[PUSH_CTRL] 3329 2.31548 3.57133 TRACK
[PUSH_CTRL] 3330 2.30799 3.57133 TRACK
[PUSH_CTRL] 3331 2.30006 3.57133 TRACK
[PUSH_CTRL] 3332 2.29191 3.57133 TRACK
[PUSH_CTRL] 3333 2.28369 3.57133 TRACK
[PUSH_CTRL] 3334 2.27545 3.57133 TRACK
[PUSH_CTRL] 3335 2.26751 3.57133 TRACK
[PUSH_CTRL] 3336 2.26012 3.57133 TRACK
[PUSH_CTRL] 3337 2.2539 3.57133 TRACK
[PUSH_CTRL] 3338 2.31649 3.57133 TRACK
[PUSH_CTRL] 3339 2.30953 3.57133 TRACK
[PUSH_CTRL] 3340 2.30295 3.57133 TRACK
[PUSH_CTRL] 3341 2.2975 3.57133 TRACK
[PUSH_CTRL] 3342 2.292 3.57133 TRACK
[PUSH_CTRL] 3343 2.28679 3.57133 TRACK
[PUSH_CTRL] 3344 2.28196 3.57133 TRACK
[PUSH_CTRL] 3345 2.27742 3.57133 TRACK
[PUSH_CTRL] 3346 2.2729 3.57133 TRACK
[PUSH_CTRL] 3347 2.26824 3.57133 TRACK
[PUSH_CTRL] 3348 2.26293 3.57133 TRACK
[PUSH_CTRL] 3349 2.32528 3.57133 TRACK
[PUSH_CTRL] 3350 2.31734 3.57133 TRACK
[PUSH_CTRL] 3351 2.30851 3.57133 TRACK
[PUSH_CTRL] 3352 2.29976 3.57133 TRACK
[PUSH_CTRL] 3353 2.29245 3.57133 TRACK
[PUSH_CTRL] 3354 2.2868 3.57133 TRACK
[PUSH_CTRL] 3355 2.28125 3.57133 TRACK
[PUSH_CTRL] 3356 2.27588 3.57133 TRACK
[PUSH_CTRL] 3357 2.2706 3.57133 TRACK
[PUSH_CTRL] 3358 2.2654 3.57133 TRACK
[PUSH_CTRL] 3359 2.32795 3.57133 TRACK
[PUSH_CTRL] 3360 2.32071 3.57133 TRACK
[PUSH_CTRL] 3361 2.31325 3.57133 TRACK
[PUSH_CTRL] 3362 2.3054 3.57133 TRACK
[PUSH_CTRL] 3363 2.29724 3.57133 TRACK
[PUSH_CTRL] 3364 2.28906 3.57133 TRACK
[PUSH_CTRL] 3365 2.28137 3.57133 TRACK
[PUSH_CTRL] 3366 2.27404 3.57133 TRACK
[PUSH_CTRL] 3367 2.26722 3.57133 TRACK
[PUSH_CTRL] 3368 2.26098 3.57133 TRACK
[PUSH_CTRL] 3369 2.25529 3.57133 TRACK
[PUSH_CTRL] 3370 2.25008 3.57133 TRACK
[PUSH_CTRL] 3371 2.31312 3.57133 TRACK
[PUSH_CTRL] 3372 2.30756 3.57133 TRACK
[PUSH_CTRL] 3373 2.30167 3.57133 TRACK
[PUSH_CTRL] 3374 2.29529 3.57133 TRACK
[PUSH_CTRL] 3375 2.28842 3.57133 TRACK
[PUSH_CTRL] 3376 2.28179 3.57133 TRACK
[PUSH_CTRL] 3377 2.27522 3.57133 TRACK
[PUSH_CTRL] 3378 2.26865 3.57133 TRACK
[PUSH_CTRL] 3379 2.26231 3.57133 TRACK
[PUSH_CTRL] 3380 2.25632 3.57133 TRACK
[PUSH_CTRL] 3381 2.25074 3.57133 TRACK
[PUSH_CTRL] 3382 2.31341 3.57133 TRACK
[PUSH_CTRL] 3383 2.3061 3.57133 TRACK
[PUSH_CTRL] 3384 2.29803 3.57133 TRACK
[PUSH_CTRL] 3385 2.2896 3.57133 TRACK
[PUSH_CTRL] 3386 2.28124 3.57133 TRACK
[PUSH_CTRL] 3387 2.27286 3.57133 TRACK
[PUSH_CTRL] 3388 2.26463 3.57133 TRACK
[PUSH_CTRL] 3389 2.25676 3.57133 TRACK
[PUSH_CTRL] 3390 2.24978 3.57133 TRACK
[PUSH_CTRL] 3391 2.24329 3.57133 TRACK
[PUSH_CTRL] 3392 2.23732 3.57133 TRACK
[PUSH_CTRL] 3393 2.29961 3.57133 TRACK
[PUSH_CTRL] 3394 2.2921 3.57133 TRACK
[PUSH_CTRL] 3395 2.28491 3.57133 TRACK
[PUSH_CTRL] 3396 2.27844 3.57133 TRACK
[PUSH_CTRL] 3397 2.27198 3.57133 TRACK
[PUSH_CTRL] 3398 2.26532 3.57133 TRACK
[PUSH_CTRL] 3399 2.25862 3.57133 TRACK
[PUSH_CTRL] 3400 2.25184 3.57133 TRACK
[PUSH_CTRL] 3401 2.24526 3.57133 TRACK
[PUSH_CTRL] 3402 2.23904 3.57133 TRACK
[PUSH_CTRL] 3403 2.23325 3.57133 TRACK
[PUSH_CTRL] 3404 2.29565 3.57133 TRACK
[PUSH_CTRL] 3405 2.28826 3.57133 TRACK
[PUSH_CTRL] 3406 2.28018 3.57133 TRACK
[PUSH_CTRL] 3407 2.27329 3.57133 TRACK
[PUSH_CTRL] 3408 2.26653 3.57133 TRACK
[PUSH_CTRL] 3409 2.2601 3.57133 TRACK
[PUSH_CTRL] 3410 2.2546 3.57133 TRACK
[PUSH_CTRL] 3411 2.25005 3.57133 TRACK
[PUSH_CTRL] 3412 2.2452 3.57133 TRACK
[PUSH_CTRL] 3413 2.24026 3.57133 TRACK
[PUSH_CTRL] 3414 2.23531 3.57133 TRACK
[PUSH_CTRL] 3415 2.29773 3.57133 TRACK
[PUSH_CTRL] 3416 2.28966 3.57133 TRACK
[PUSH_CTRL] 3417 2.28017 3.57133 TRACK
[PUSH_CTRL] 3418 2.2699 3.57133 TRACK
[PUSH_CTRL] 3419 2.25992 3.57133 TRACK
[PUSH_CTRL] 3420 2.25049 3.57133 TRACK
[PUSH_CTRL] 3421 2.24222 3.57133 TRACK
[PUSH_CTRL] 3422 2.23472 3.57133 TRACK
[PUSH_CTRL] 3423 2.22801 3.57133 TRACK
[PUSH_CTRL] 3424 2.22202 3.57133 TRACK
[PUSH_CTRL] 3425 2.21676 3.57133 TRACK
[PUSH_CTRL] 3426 2.21167 3.57133 TRACK
[PUSH_CTRL] 3427 2.20681 3.57133 TRACK
[PUSH_CTRL] 3428 2.27057 3.57133 TRACK
[PUSH_CTRL] 3429 2.26474 3.57133 TRACK
[PUSH_CTRL] 3430 2.25852 3.57133 TRACK
[PUSH_CTRL] 3431 2.25159 3.57133 TRACK
[PUSH_CTRL] 3432 2.24578 3.57133 TRACK
[PUSH_CTRL] 3433 2.24115 3.57133 TRACK
[PUSH_CTRL] 3434 2.237 3.57133 TRACK
[PUSH_CTRL] 3435 2.23216 3.57133 TRACK
[PUSH_CTRL] 3436 2.22686 3.57133 TRACK
[PUSH_CTRL] 3437 2.2214 3.57133 TRACK
[PUSH_CTRL] 3438 2.28373 3.57133 TRACK
[PUSH_CTRL] 3439 2.27617 3.57133 TRACK
[PUSH_CTRL] 3440 2.26806 3.57133 TRACK
[PUSH_CTRL] 3441 2.26035 3.57133 TRACK
[PUSH_CTRL] 3442 2.253 3.57133 TRACK
[PUSH_CTRL] 3443 2.2461 3.57133 TRACK
[PUSH_CTRL] 3444 2.23926 3.57133 TRACK
[PUSH_CTRL] 3445 2.23235 3.57133 TRACK
[PUSH_CTRL] 3446 2.22555 3.57133 TRACK
[PUSH_CTRL] 3447 2.21899 3.57133 TRACK
[PUSH_CTRL] 3448 2.21328 3.57133 TRACK
[PUSH_CTRL] 3449 2.20787 3.57133 TRACK
[PUSH_CTRL] 3450 2.27094 3.57133 TRACK
[PUSH_CTRL] 3451 2.26371 3.57133 TRACK
[PUSH_CTRL] 3452 2.25645 3.57133 TRACK
[PUSH_CTRL] 3453 2.24896 3.57133 TRACK
[PUSH_CTRL] 3454 2.24125 3.57133 TRACK
[PUSH_CTRL] 3455 2.23403 3.57133 TRACK
[PUSH_CTRL] 3456 2.22709 3.57133 TRACK
[PUSH_CTRL] 3457 2.22034 3.57133 TRACK
[PUSH_CTRL] 3458 2.21394 3.57133 TRACK
[PUSH_CTRL] 3459 2.208 3.57133 TRACK
[PUSH_CTRL] 3460 2.20251 3.57133 TRACK
[PUSH_CTRL] 3461 2.26559 3.57133 TRACK
[PUSH_CTRL] 3462 2.25843 3.57133 TRACK
[PUSH_CTRL] 3463 2.25081 3.57133 TRACK
[PUSH_CTRL] 3464 2.24313 3.57133 TRACK
[PUSH_CTRL] 3465 2.23536 3.57133 TRACK
[PUSH_CTRL] 3466 2.22804 3.57133 TRACK
[PUSH_CTRL] 3467 2.22105 3.57133 TRACK
[PUSH_CTRL] 3468 2.21464 3.57133 TRACK
[PUSH_CTRL] 3469 2.2085 3.57133 TRACK
