[NAV_PATH] 0.2125,0.1025 0.2125,0.0975
[NAV_END]
[PUSH_PATH] 0 0.2125,0.0975 0.2147,0.21748 0.223867,0.717396
[PUSH_CTRL] 0 3.57133 3.57133 TRACK
[PUSH_CTRL] 1 3.57133 3.57133 TRACK
[PUSH_CTRL] 2 3.57133 3.57133 TRACK
[PUSH_CTRL] 3 3.57133 3.57133 TRACK
[PUSH_CTRL] 4 3.57133 3.57133 TRACK
[PUSH_CTRL] 5 3.57133 3.57133 TRACK
[PUSH_CTRL] 6 3.57133 3.57133 TRACK
[PUSH_CTRL] 7 3.57133 3.57133 TRACK
[PUSH_CTRL] 8 3.57133 3.57133 TRACK
[PUSH_CTRL] 9 3.57133 3.57133 TRACK
[PUSH_CTRL] 10 3.57133 3.57133 TRACK
[PUSH_CTRL] 11 3.57133 3.57133 TRACK
[PUSH_CTRL] 12 3.57133 3.57133 TRACK
[PUSH_CTRL] 13 3.57133 3.57133 TRACK
[PUSH_CTRL] 14 3.57133 3.57133 TRACK
[PUSH_CTRL] 15 3.57133 3.57133 TRACK
[PUSH_CTRL] 16 3.57133 3.57133 TRACK
[PUSH_CTRL] 17 3.57133 3.57133 TRACK
[PUSH_CTRL] 18 3.57133 3.57133 TRACK
[PUSH_CTRL] 19 3.57133 3.57133 TRACK
[PUSH_CTRL] 20 3.57133 3.57133 TRACK
[PUSH_CTRL] 21 3.57133 3.57133 TRACK
[PUSH_CTRL] 22 3.57133 3.57133 TRACK
[PUSH_CTRL] 23 3.57133 3.57133 TRACK
[PUSH_CTRL] 24 3.57133 3.57133 TRACK
[PUSH_CTRL] 25 3.57133 3.57133 TRACK
[PUSH_CTRL] 26 3.57133 3.57133 TRACK
[PUSH_CTRL] 27 3.57133 3.57133 TRACK
[PUSH_CTRL] 28 3.57133 3.57133 TRACK
[PUSH_CTRL] 29 3.57133 3.57133 TRACK
[PUSH_CTRL] 30 3.57133 3.57133 TRACK
[PUSH_CTRL] 31 3.57133 3.57133 TRACK
[PUSH_CTRL] 32 3.57133 3.57133 TRACK
[PUSH_CTRL] 33 3.57133 3.57133 TRACK
[PUSH_CTRL] 34 3.57133 3.57133 TRACK
[PUSH_CTRL] 35 3.57133 3.57133 TRACK
[PUSH_CTRL] 36 3.57133 3.57133 TRACK
[PUSH_CTRL] 37 3.57133 3.57133 TRACK
[PUSH_CTRL] 38 3.57133 3.57133 TRACK
[PUSH_CTRL] 39 3.57133 3.57133 TRACK
[PUSH_CTRL] 40 3.57133 3.57133 TRACK
[PUSH_CTRL] 41 3.57133 3.57133 TRACK
[PUSH_CTRL] 42 3.57133 3.57133 TRACK
[PUSH_CTRL] 43 3.57133 3.57133 TRACK
[PUSH_CTRL] 44 3.57133 3.57133 TRACK
[PUSH_CTRL] 45 3.57133 3.57133 TRACK
[PUSH_CTRL] 46 3.57133 3.57133 TRACK
[PUSH_CTRL] 47 3.57133 3.57133 TRACK
[PUSH_CTRL] 48 3.57133 3.57133 TRACK
[PUSH_CTRL] 49 3.57133 3.57133 TRACK
[PUSH_CTRL] 50 3.57133 3.57133 TRACK
[PUSH_CTRL] 51 3.57133 3.57133 TRACK
[PUSH_CTRL] 52 3.57133 3.57133 TRACK
[PUSH_CTRL] 53 3.57133 3.57133 TRACK
[PUSH_CTRL] 54 3.57133 3.57133 TRACK
[PUSH_CTRL] 55 3.57133 3.57133 TRACK
[PUSH_CTRL] 56 3.57133 3.57133 TRACK
[PUSH_CTRL] 57 3.57133 3.57133 TRACK
[PUSH_CTRL] 58 3.57133 3.57133 TRACK
[PUSH_CTRL] 59 3.57133 3.57133 TRACK
[PUSH_CTRL] 60 3.57133 3.57133 TRACK
[PUSH_CTRL] 61 3.57133 3.57133 TRACK
[PUSH_CTRL] 62 3.57133 3.57133 TRACK
[PUSH_CTRL] 63 3.57133 3.57133 TRACK
[PUSH_CTRL] 64 3.57133 3.57133 TRACK
[PUSH_CTRL] 65 3.57133 3.57133 TRACK
[PUSH_CTRL] 66 3.57133 3.57133 TRACK
[PUSH_CTRL] 67 3.57133 3.57133 TRACK
[PUSH_CTRL] 68 3.57133 3.57133 TRACK
[PUSH_CTRL] 69 3.57133 3.57133 TRACK
[PUSH_CTRL] 70 3.57133 3.57133 TRACK
[PUSH_CTRL] 71 3.57133 3.57133 TRACK
[PUSH_CTRL] 72 3.57133 3.57133 TRACK
[PUSH_CTRL] 73 3.57133 3.57133 TRACK
[PUSH_CTRL] 74 3.57133 3.57133 TRACK
[PUSH_CTRL] 75 3.57133 3.57133 TRACK
[PUSH_CTRL] 76 3.57133 3.57133 TRACK
[PUSH_CTRL] 77 3.57133 3.57133 TRACK
[PUSH_CTRL] 78 3.57133 3.57133 TRACK
[PUSH_CTRL] 79 3.57133 3.57133 TRACK
[PUSH_CTRL] 80 3.57133 3.57133 TRACK
[PUSH_CTRL] 81 3.57133 3.57133 TRACK
[PUSH_CTRL] 82 3.57133 3.57133 TRACK
[PUSH_CTRL] 83 3.57133 3.57133 TRACK
[PUSH_CTRL] 84 3.57133 3.57133 TRACK
[PUSH_CTRL] 85 3.57133 3.57133 TRACK
[PUSH_CTRL] 86 3.57133 3.57133 TRACK
[PUSH_CTRL] 87 3.57133 3.57133 TRACK
[PUSH_CTRL] 88 3.57133 3.57133 TRACK
[PUSH_CTRL] 89 3.57133 3.57133 TRACK
[PUSH_CTRL] 90 3.57133 3.57133 TRACK
[PUSH_CTRL] 91 3.57133 3.57133 TRACK
[PUSH_CTRL] 92 3.57133 3.57133 TRACK
[PUSH_CTRL] 93 3.57133 3.57133 TRACK
[PUSH_CTRL] 94 3.57133 3.57133 TRACK
[PUSH_CTRL] 95 3.57133 3.57133 TRACK
[PUSH_CTRL] 96 3.57133 3.57133 TRACK
[PUSH_CTRL] 97 3.57133 3.57133 TRACK
[PUSH_CTRL] 98 3.57133 3.57133 TRACK
[PUSH_CTRL] 99 3.57133 3.57133 TRACK
[PUSH_CTRL] 100 3.57133 3.57133 TRACK
[PUSH_CTRL] 101 3.57133 3.57133 TRACK
[PUSH_CTRL] 102 3.57133 3.57133 TRACK
[PUSH_CTRL] 103 3.57133 3.57133 TRACK
[PUSH_CTRL] 104 3.57133 3.57133 TRACK
[PUSH_CTRL] 105 3.57133 3.57133 TRACK
[PUSH_CTRL] 106 3.57133 3.57133 TRACK
[PUSH_CTRL] 107 3.57133 3.57133 TRACK
[PUSH_CTRL] 108 3.57133 3.57133 TRACK
[PUSH_CTRL] 109 3.57133 3.57133 TRACK
[PUSH_CTRL] 110 3.57133 3.57133 TRACK
[PUSH_CTRL] 111 3.57133 3.57133 TRACK
[PUSH_CTRL] 112 3.57133 3.57133 TRACK
[PUSH_CTRL] 113 3.57133 3.57133 TRACK
[PUSH_CTRL] 114 3.57133 3.57133 TRACK
[PUSH_CTRL] 115 3.57133 3.57133 TRACK
[PUSH_CTRL] 116 3.57133 3.57133 TRACK
[PUSH_CTRL] 117 3.57133 3.57133 TRACK
[PUSH_CTRL] 118 3.57133 3.57133 TRACK
[PUSH_CTRL] 119 3.57133 3.57133 TRACK
[PUSH_CTRL] 120 3.57133 3.57133 TRACK
[PUSH_CTRL] 121 3.57133 3.57133 TRACK
[PUSH_CTRL] 122 3.57133 3.57133 TRACK
[PUSH_CTRL] 123 3.57133 3.57133 TRACK
[PUSH_CTRL] 124 3.57133 3.57133 TRACK
[PUSH_CTRL] 125 3.57133 3.57133 TRACK
[PUSH_CTRL] 126 3.57133 3.57133 TRACK
[PUSH_CTRL] 127 3.57133 3.57133 TRACK
[PUSH_CTRL] 128 3.57133 3.57133 TRACK
[PUSH_CTRL] 129 3.57133 3.57133 TRACK
[PUSH_CTRL] 130 3.57133 3.57133 TRACK
[PUSH_CTRL] 131 3.57133 3.57133 TRACK
[PUSH_CTRL] 132 3.57133 3.57133 TRACK
[PUSH_CTRL] 133 3.57133 3.57133 TRACK
[PUSH_CTRL] 134 3.57133 3.57133 TRACK
[PUSH_CTRL] 135 3.57133 3.57133 TRACK
[PUSH_CTRL] 136 3.57133 3.57133 TRACK
[PUSH_CTRL] 137 3.57133 3.57133 TRACK
[PUSH_CTRL] 138 3.57133 3.57133 TRACK
[PUSH_CTRL] 139 3.57133 3.57133 TRACK
[PUSH_CTRL] 140 3.57133 3.57133 TRACK
[PUSH_CTRL] 141 3.57133 3.57133 TRACK
[PUSH_CTRL] 142 3.57133 3.57133 TRACK
[PUSH_CTRL] 143 3.57133 3.57133 TRACK
[PUSH_CTRL] 144 3.57133 3.57133 TRACK
[PUSH_CTRL] 145 3.57133 3.57133 TRACK
[PUSH_CTRL] 146 3.57133 3.57133 TRACK
[PUSH_CTRL] 147 3.57133 3.57133 TRACK
[PUSH_CTRL] 148 3.57133 3.57133 TRACK
[PUSH_CTRL] 149 3.57133 3.57133 TRACK
[PUSH_CTRL] 150 3.57133 3.57133 TRACK
[PUSH_CTRL] 151 3.57133 3.57133 TRACK
[PUSH_CTRL] 152 3.57133 3.57133 TRACK
[PUSH_CTRL] 153 3.57133 3.57133 TRACK
[PUSH_CTRL] 154 3.57128 3.57133 TRACK
[PUSH_CTRL] 155 3.57119 3.57133 TRACK
[PUSH_CTRL] 156 3.57107 3.57133 TRACK
[PUSH_CTRL] 157 3.57092 3.57133 TRACK
[PUSH_CTRL] 158 3.57076 3.57133 TRACK
[PUSH_CTRL] 159 3.57051 3.57133 TRACK
[PUSH_CTRL] 160 3.57027 3.57133 TRACK
[PUSH_CTRL] 161 3.57001 3.57133 TRACK
[PUSH_CTRL] 162 3.56976 3.57133 TRACK
[PUSH_CTRL] 163 3.56952 3.57133 TRACK
[PUSH_CTRL] 164 3.56924 3.57133 TRACK
[PUSH_CTRL] 165 3.56905 3.57133 TRACK
[PUSH_CTRL] 166 3.56881 3.57133 TRACK
[PUSH_CTRL] 167 3.56862 3.57133 TRACK
[PUSH_CTRL] 168 3.56844 3.57133 TRACK
[PUSH_CTRL] 169 3.56869 3.57133 TRACK
[PUSH_CTRL] 170 3.56622 3.57133 TRACK
[PUSH_CTRL] 171 3.56236 3.57133 TRACK
[PUSH_CTRL] 172 3.56039 3.57133 TRACK
[PUSH_CTRL] 173 3.55894 3.57133 TRACK
[PUSH_CTRL] 174 3.5578 3.57133 TRACK
[PUSH_CTRL] 175 3.55744 3.57133 TRACK
[PUSH_CTRL] 176 3.55682 3.57133 TRACK
[PUSH_CTRL] 177 3.5564 3.57133 TRACK
[PUSH_CTRL] 178 3.55611 3.57133 TRACK
[PUSH_CTRL] 179 3.55655 3.57133 TRACK
[PUSH_CTRL] 180 3.55648 3.57133 TRACK
[PUSH_CTRL] 181 3.55343 3.57133 TRACK
[PUSH_CTRL] 182 3.55064 3.57133 TRACK
[PUSH_CTRL] 183 3.54815 3.57133 TRACK
[PUSH_CTRL] 184 3.54663 3.57133 TRACK
[PUSH_CTRL] 185 3.5446 3.57133 TRACK
[PUSH_CTRL] 186 3.54281 3.57133 TRACK
[PUSH_CTRL] 187 3.5419 3.57133 TRACK
[PUSH_CTRL] 188 3.54136 3.57133 TRACK
[PUSH_CTRL] 189 3.54111 3.57133 TRACK
[PUSH_CTRL] 190 3.53908 3.57133 TRACK
[PUSH_CTRL] 191 3.53847 3.57133 TRACK
[PUSH_CTRL] 192 3.53802 3.57133 TRACK
[PUSH_CTRL] 193 3.53972 3.57133 TRACK
[PUSH_CTRL] 194 3.54349 3.57133 TRACK
[PUSH_CTRL] 195 3.54969 3.57133 TRACK
[PUSH_CTRL] 196 3.55408 3.57133 TRACK
[PUSH_CTRL] 197 3.55734 3.57133 TRACK
[PUSH_CTRL] 198 3.55972 3.57133 TRACK
[PUSH_CTRL] 199 3.56142 3.57133 TRACK
[PUSH_CTRL] 200 3.56326 3.57133 TRACK
[PUSH_CTRL] 201 3.56528 3.57133 TRACK
[PUSH_CTRL] 202 3.56714 3.57133 TRACK
[PUSH_CTRL] 203 3.56816 3.57133 TRACK
[PUSH_CTRL] 204 3.5687 3.57133 TRACK
[PUSH_CTRL] 205 3.56595 3.57133 TRACK
[PUSH_CTRL] 206 3.56414 3.57133 TRACK
[PUSH_CTRL] 207 3.56162 3.57133 TRACK
[PUSH_CTRL] 208 3.55924 3.57133 TRACK
[PUSH_CTRL] 209 3.55698 3.57133 TRACK
[PUSH_CTRL] 210 3.55482 3.57133 TRACK
[PUSH_CTRL] 211 3.55269 3.57133 TRACK
[PUSH_CTRL] 212 3.55124 3.57133 TRACK
[PUSH_CTRL] 213 3.55032 3.57133 TRACK
[PUSH_CTRL] 214 3.54728 3.57133 TRACK
[PUSH_CTRL] 215 3.54521 3.57133 TRACK
[PUSH_CTRL] 216 3.5449 3.57133 TRACK
[PUSH_CTRL] 217 3.54723 3.57133 TRACK
[PUSH_CTRL] 218 3.5495 3.57133 TRACK
[PUSH_CTRL] 219 3.55152 3.57133 TRACK
[PUSH_CTRL] 220 3.55289 3.57133 TRACK
[PUSH_CTRL] 221 3.55376 3.57133 TRACK
[PUSH_CTRL] 222 3.55491 3.57133 TRACK
[PUSH_CTRL] 223 3.55639 3.57133 TRACK
[PUSH_CTRL] 224 3.55805 3.57133 TRACK
[PUSH_CTRL] 225 3.55947 3.57133 TRACK
[PUSH_CTRL] 226 3.56037 3.57133 TRACK
[PUSH_CTRL] 227 3.56106 3.57133 TRACK
[PUSH_CTRL] 228 3.5621 3.57133 TRACK
[PUSH_CTRL] 229 3.56153 3.57133 TRACK
[PUSH_CTRL] 230 3.56059 3.57133 TRACK
[PUSH_CTRL] 231 3.55931 3.57133 TRACK
[PUSH_CTRL] 232 3.55793 3.57133 TRACK
[PUSH_CTRL] 233 3.55839 3.57133 TRACK
[PUSH_CTRL] 234 3.55941 3.57133 TRACK
[PUSH_CTRL] 235 3.56068 3.57133 TRACK
[PUSH_CTRL] 236 3.56197 3.57133 TRACK
[PUSH_CTRL] 237 3.56137 3.57133 TRACK
[PUSH_CTRL] 238 3.56044 3.57133 TRACK
[PUSH_CTRL] 239 3.56047 3.57133 TRACK
[PUSH_CTRL] 240 3.56154 3.57133 TRACK
[PUSH_CTRL] 241 3.56258 3.57133 TRACK
[PUSH_CTRL] 242 3.56456 3.57133 TRACK
[PUSH_CTRL] 243 3.56771 3.57133 TRACK
[PUSH_CTRL] 244 3.57075 3.57133 TRACK
[PUSH_CTRL] 245 3.57133 3.56856 TRACK
[PUSH_CTRL] 246 3.57133 3.56536 TRACK
[PUSH_CTRL] 247 3.57133 3.56248 TRACK
[PUSH_CTRL] 248 3.57133 3.55993 TRACK
[PUSH_CTRL] 249 3.57133 3.55749 TRACK
[PUSH_CTRL] 250 3.57133 3.55606 TRACK
[PUSH_CTRL] 251 3.57133 3.5546 TRACK
[PUSH_CTRL] 252 3.57133 3.55361 TRACK
[PUSH_CTRL] 253 3.57133 3.55253 TRACK
[PUSH_CTRL] 254 3.57133 3.55133 TRACK
[PUSH_CTRL] 255 3.57133 3.55015 TRACK
[PUSH_CTRL] 256 3.57133 3.55146 TRACK
[PUSH_CTRL] 257 3.57133 3.55259 TRACK
[PUSH_CTRL] 258 3.57133 3.55362 TRACK
[PUSH_CTRL] 259 3.57133 3.55442 TRACK
[PUSH_CTRL] 260 3.57133 3.5554 TRACK
[PUSH_CTRL] 261 3.57133 3.55643 TRACK
[PUSH_CTRL] 262 3.57133 3.55607 TRACK
[PUSH_CTRL] 263 3.57133 3.55476 TRACK
[PUSH_CTRL] 264 3.57133 3.55302 TRACK
[PUSH_CTRL] 265 3.57133 3.55129 TRACK
[PUSH_CTRL] 266 3.57133 3.55059 TRACK
[PUSH_CTRL] 267 3.57133 3.55034 TRACK
[PUSH_CTRL] 268 3.57133 3.55117 TRACK
[PUSH_CTRL] 269 3.57133 3.55103 TRACK
[PUSH_CTRL] 270 3.57133 3.54928 TRACK
[PUSH_CTRL] 271 3.57133 3.54703 TRACK
[PUSH_CTRL] 272 3.57133 3.54466 TRACK
[PUSH_CTRL] 273 3.57133 3.54205 TRACK
[PUSH_CTRL] 274 3.57133 3.53949 TRACK
[PUSH_CTRL] 275 3.57133 3.53714 TRACK
[PUSH_CTRL] 276 3.57133 3.53474 TRACK
[PUSH_CTRL] 277 3.57133 3.53238 TRACK
[PUSH_CTRL] 278 3.57133 3.53013 TRACK
[PUSH_CTRL] 279 3.57133 3.52913 TRACK
[PUSH_CTRL] 280 3.57133 3.52783 TRACK
[PUSH_CTRL] 281 3.57133 3.52671 TRACK
[PUSH_CTRL] 282 3.57133 3.52559 TRACK
[PUSH_CTRL] 283 3.57133 3.52461 TRACK
[PUSH_CTRL] 284 3.57133 3.5233 TRACK
[PUSH_CTRL] 285 3.57133 3.52142 TRACK
[PUSH_CTRL] 286 3.57133 3.51901 TRACK
[PUSH_CTRL] 287 3.57133 3.51772 TRACK
[PUSH_CTRL] 288 3.57133 3.51626 TRACK
[PUSH_CTRL] 289 3.57133 3.51568 TRACK
[PUSH_CTRL] 290 3.57133 3.51442 TRACK
[PUSH_CTRL] 291 3.57133 3.51568 TRACK
[PUSH_CTRL] 292 3.57133 3.517 TRACK
[PUSH_CTRL] 293 3.57133 3.518 TRACK
[PUSH_CTRL] 294 3.57133 3.51874 TRACK
[PUSH_CTRL] 295 3.57133 3.52092 TRACK
[PUSH_CTRL] 296 3.57133 3.52552 TRACK
[PUSH_CTRL] 297 3.57133 3.53082 TRACK
[PUSH_CTRL] 298 3.57133 3.53575 TRACK
[PUSH_CTRL] 299 3.57133 3.53897 TRACK
[PUSH_CTRL] 300 3.57133 3.54032 TRACK
[PUSH_CTRL] 301 3.57133 3.54099 TRACK
[PUSH_CTRL] 302 3.57133 3.5404 TRACK
[PUSH_CTRL] 303 3.57133 3.53918 TRACK
[PUSH_CTRL] 304 3.57133 3.53851 TRACK
[PUSH_CTRL] 305 3.57133 3.53685 TRACK
[PUSH_CTRL] 306 3.57133 3.53508 TRACK
[PUSH_CTRL] 307 3.57133 3.53364 TRACK
[PUSH_CTRL] 308 3.57133 3.53248 TRACK
[PUSH_CTRL] 309 3.57133 3.53241 TRACK
[PUSH_CTRL] 310 3.57133 3.53288 TRACK
[PUSH_CTRL] 311 3.57133 3.53356 TRACK
[PUSH_CTRL] 312 3.57133 3.53394 TRACK
[PUSH_CTRL] 313 3.57133 3.53448 TRACK
[PUSH_CTRL] 314 3.57133 3.53572 TRACK
[PUSH_CTRL] 315 3.57133 3.53583 TRACK
[PUSH_CTRL] 316 3.57133 3.53553 TRACK
[PUSH_CTRL] 317 3.57133 3.53499 TRACK
[PUSH_CTRL] 318 3.57133 3.53426 TRACK
[PUSH_CTRL] 319 3.57133 3.53359 TRACK
[PUSH_CTRL] 320 3.57133 3.53425 TRACK
[PUSH_CTRL] 321 3.57133 3.53637 TRACK
[PUSH_CTRL] 322 3.57133 3.54026 TRACK
[PUSH_CTRL] 323 3.57133 3.54391 TRACK
[PUSH_CTRL] 324 3.57133 3.5459 TRACK
[PUSH_CTRL] 325 3.57133 3.54584 TRACK
[PUSH_CTRL] 326 3.57133 3.54347 TRACK
[PUSH_CTRL] 327 3.57133 3.5402 TRACK
[PUSH_CTRL] 328 3.57133 3.53757 TRACK
[PUSH_CTRL] 329 3.57133 3.53547 TRACK
[PUSH_CTRL] 330 3.57133 3.53318 TRACK
[PUSH_CTRL] 331 3.57133 3.53121 TRACK
[PUSH_CTRL] 332 3.57133 3.52979 TRACK
[PUSH_CTRL] 333 3.57133 3.52901 TRACK
[PUSH_CTRL] 334 3.57133 3.53117 TRACK
[PUSH_CTRL] 335 3.57133 3.5367 TRACK
[PUSH_CTRL] 336 3.57133 3.54155 TRACK
[PUSH_CTRL] 337 3.57133 3.54571 TRACK
[PUSH_CTRL] 338 3.57133 3.54926 TRACK
[PUSH_CTRL] 339 3.57133 3.55291 TRACK
[PUSH_CTRL] 340 3.57133 3.55612 TRACK
[PUSH_CTRL] 341 3.57133 3.55868 TRACK
[PUSH_CTRL] 342 3.57133 3.55956 TRACK
[PUSH_CTRL] 343 3.57133 3.56127 TRACK
[PUSH_CTRL] 344 3.57133 3.563 TRACK
[PUSH_CTRL] 345 3.57133 3.56484 TRACK
[PUSH_CTRL] 346 3.57133 3.56667 TRACK
[PUSH_CTRL] 347 3.57133 3.56853 TRACK
[PUSH_CTRL] 348 3.57133 3.56919 TRACK
[PUSH_CTRL] 349 3.57133 3.5682 TRACK
[PUSH_CTRL] 350 3.57133 3.5667 TRACK
[PUSH_CTRL] 351 3.57133 3.56403 TRACK
[PUSH_CTRL] 352 3.57133 3.56152 TRACK
[PUSH_CTRL] 353 3.57133 3.55839 TRACK
[PUSH_CTRL] 354 3.57133 3.55653 TRACK
[PUSH_CTRL] 355 3.57133 3.55541 TRACK
[PUSH_CTRL] 356 3.57133 3.55463 TRACK
[PUSH_CTRL] 357 3.57133 3.55397 TRACK
[PUSH_CTRL] 358 3.57133 3.55341 TRACK
[PUSH_CTRL] 359 3.57133 3.55231 TRACK
[PUSH_CTRL] 360 3.57133 3.55173 TRACK
[PUSH_CTRL] 361 3.57133 3.5521 TRACK
[PUSH_CTRL] 362 3.57133 3.55273 TRACK
[PUSH_CTRL] 363 3.57133 3.55313 TRACK
[PUSH_CTRL] 364 3.57133 3.55317 TRACK
[PUSH_CTRL] 365 3.57133 3.55296 TRACK
[PUSH_CTRL] 366 3.57133 3.55261 TRACK
[PUSH_CTRL] 367 3.57133 3.55292 TRACK
[PUSH_CTRL] 368 3.57133 3.55319 TRACK
[PUSH_CTRL] 369 3.57133 3.5541 TRACK
[PUSH_CTRL] 370 3.57133 3.55551 TRACK
[PUSH_CTRL] 371 3.57133 3.55656 TRACK
[PUSH_CTRL] 372 3.57133 3.55532 TRACK
[PUSH_CTRL] 373 3.57133 3.55433 TRACK
[PUSH_CTRL] 374 3.57133 3.55372 TRACK
[PUSH_CTRL] 375 3.57133 3.55349 TRACK
[PUSH_CTRL] 376 3.57133 3.55351 TRACK
[PUSH_CTRL] 377 3.57133 3.55418 TRACK
[PUSH_CTRL] 378 3.57133 3.5545 TRACK
[PUSH_CTRL] 379 3.57133 3.55512 TRACK
[PUSH_CTRL] 380 3.57133 3.55582 TRACK
[PUSH_CTRL] 381 3.57133 3.55744 TRACK
[PUSH_CTRL] 382 3.57133 3.55902 TRACK
[PUSH_CTRL] 383 3.57133 3.56061 TRACK
[PUSH_CTRL] 384 3.57133 3.56195 TRACK
[PUSH_CTRL] 385 3.57133 3.56302 TRACK
[PUSH_CTRL] 386 3.57133 3.56344 TRACK
[PUSH_CTRL] 387 3.57133 3.56407 TRACK
[PUSH_CTRL] 388 3.57133 3.56465 TRACK
[PUSH_CTRL] 389 3.57133 3.56515 TRACK
[PUSH_CTRL] 390 3.57133 3.56462 TRACK
[PUSH_CTRL] 391 3.57133 3.56346 TRACK
[PUSH_CTRL] 392 3.57133 3.56285 TRACK
[PUSH_CTRL] 393 3.57133 3.56299 TRACK
[PUSH_CTRL] 394 3.57133 3.56292 TRACK
[PUSH_CTRL] 395 3.57133 3.56349 TRACK
[PUSH_CTRL] 396 3.57133 3.56428 TRACK
[PUSH_CTRL] 397 3.57133 3.56522 TRACK
[PUSH_CTRL] 398 3.57133 3.56417 TRACK
[PUSH_CTRL] 399 3.57133 3.56247 TRACK
[PUSH_CTRL] 400 3.57133 3.56102 TRACK
[PUSH_CTRL] 401 3.57133 3.55963 TRACK
[PUSH_CTRL] 402 3.57133 3.5583 TRACK
[PUSH_CTRL] 403 3.57133 3.557 TRACK
[PUSH_CTRL] 404 3.57133 3.556 TRACK
[PUSH_CTRL] 405 3.57133 3.55575 TRACK
[PUSH_CTRL] 406 3.57133 3.55686 TRACK
[PUSH_CTRL] 407 3.57133 3.55859 TRACK
[PUSH_CTRL] 408 3.57133 3.5609 TRACK
[PUSH_CTRL] 409 3.57133 3.56374 TRACK
[PUSH_CTRL] 410 3.57133 3.56653 TRACK
[PUSH_CTRL] 411 3.57133 3.56895 TRACK
[PUSH_CTRL] 412 3.57133 3.57065 TRACK
[PUSH_CTRL] 413 3.57083 3.57133 TRACK
[PUSH_CTRL] 414 3.57007 3.57133 TRACK
[PUSH_CTRL] 415 3.56973 3.57133 TRACK
[PUSH_CTRL] 416 3.56989 3.57133 TRACK
[PUSH_CTRL] 417 3.56999 3.57133 TRACK
[PUSH_CTRL] 418 3.57001 3.57133 TRACK
[PUSH_CTRL] 419 3.57031 3.57133 TRACK
[PUSH_CTRL] 420 3.57017 3.57133 TRACK
[PUSH_CTRL] 421 3.57 3.57133 TRACK
[PUSH_CTRL] 422 3.56981 3.57133 TRACK
[PUSH_CTRL] 423 3.56959 3.57133 TRACK
[PUSH_CTRL] 424 3.56935 3.57133 TRACK
[PUSH_CTRL] 425 3.56909 3.57133 TRACK
[PUSH_CTRL] 426 3.56887 3.57133 TRACK
[PUSH_CTRL] 427 3.56869 3.57133 TRACK
[PUSH_CTRL] 428 3.56897 3.57133 TRACK
[PUSH_CTRL] 429 3.56882 3.57133 TRACK
[PUSH_CTRL] 430 3.56868 3.57133 TRACK
[PUSH_CTRL] 431 3.56748 3.57133 TRACK
[PUSH_CTRL] 432 3.56778 3.57133 TRACK
[PUSH_CTRL] 433 3.56799 3.57133 TRACK
[PUSH_CTRL] 434 3.56812 3.57133 TRACK
[PUSH_CTRL] 435 3.56902 3.57133 TRACK
[PUSH_CTRL] 436 3.56879 3.57133 TRACK
[PUSH_CTRL] 437 3.56862 3.57133 TRACK
[PUSH_CTRL] 438 3.56846 3.57133 TRACK
[PUSH_CTRL] 439 3.56832 3.57133 TRACK
[PUSH_CTRL] 440 3.56819 3.57133 TRACK
[PUSH_CTRL] 441 3.56807 3.57133 TRACK
[PUSH_CTRL] 442 3.56796 3.57133 TRACK
[PUSH_CTRL] 443 3.56852 3.57133 TRACK
[PUSH_CTRL] 444 3.56956 3.57133 TRACK
[PUSH_CTRL] 445 3.5701 3.57133 TRACK
[PUSH_CTRL] 446 3.57062 3.57133 TRACK
[PUSH_CTRL] 447 3.57112 3.57133 TRACK
[PUSH_CTRL] 448 3.57133 3.57004 TRACK
[PUSH_CTRL] 449 3.57133 3.56858 TRACK
[PUSH_CTRL] 450 3.57133 3.56828 TRACK
[PUSH_CTRL] 451 3.57133 3.5692 TRACK
[PUSH_CTRL] 452 3.57133 3.57009 TRACK
[PUSH_CTRL] 453 3.57017 3.57133 TRACK
[PUSH_CTRL] 454 3.56807 3.57133 TRACK
[PUSH_CTRL] 455 3.56613 3.57133 TRACK
[PUSH_CTRL] 456 3.5648 3.57133 TRACK
[PUSH_CTRL] 457 3.56363 3.57133 TRACK
[PUSH_CTRL] 458 3.5622 3.57133 TRACK
[PUSH_CTRL] 459 3.56047 3.57133 TRACK
[PUSH_CTRL] 460 3.5593 3.57133 TRACK
[PUSH_CTRL] 461 3.55773 3.57133 TRACK
[PUSH_CTRL] 462 3.55628 3.57133 TRACK
[PUSH_CTRL] 463 3.55554 3.57133 TRACK
[PUSH_CTRL] 464 3.55511 3.57133 TRACK
[PUSH_CTRL] 465 3.55474 3.57133 TRACK
[PUSH_CTRL] 466 3.5563 3.57133 TRACK
[PUSH_CTRL] 467 3.55855 3.57133 TRACK
[PUSH_CTRL] 468 3.56015 3.57133 TRACK
[PUSH_CTRL] 469 3.5617 3.57133 TRACK
[PUSH_CTRL] 470 3.56296 3.57133 TRACK
[PUSH_CTRL] 471 3.5627 3.57133 TRACK
[PUSH_CTRL] 472 3.5611 3.57133 TRACK
[PUSH_CTRL] 473 3.55863 3.57133 TRACK
[PUSH_CTRL] 474 3.55553 3.57133 TRACK
[PUSH_CTRL] 475 3.5527 3.57133 TRACK
[PUSH_CTRL] 476 3.55095 3.57133 TRACK
[PUSH_CTRL] 477 3.54882 3.57133 TRACK
[PUSH_CTRL] 478 3.54709 3.57133 TRACK
[PUSH_CTRL] 479 3.5454 3.57133 TRACK
[PUSH_CTRL] 480 3.54373 3.57133 TRACK
[PUSH_CTRL] 481 3.54227 3.57133 TRACK
[PUSH_CTRL] 482 3.54109 3.57133 TRACK
[PUSH_CTRL] 483 3.54003 3.57133 TRACK
[PUSH_CTRL] 484 3.54035 3.57133 TRACK
[PUSH_CTRL] 485 3.53957 3.57133 TRACK
[PUSH_CTRL] 486 3.53887 3.57133 TRACK
[PUSH_CTRL] 487 3.53824 3.57133 TRACK
[PUSH_CTRL] 488 3.5376 3.57133 TRACK
[PUSH_CTRL] 489 3.53691 3.57133 TRACK
[PUSH_CTRL] 490 3.53616 3.57133 TRACK
[PUSH_CTRL] 491 3.5354 3.57133 TRACK
[PUSH_CTRL] 492 3.53604 3.57133 TRACK
[PUSH_CTRL] 493 3.5354 3.57133 TRACK
[PUSH_CTRL] 494 3.5348 3.57133 TRACK
[PUSH_CTRL] 495 3.53407 3.57133 TRACK
[PUSH_CTRL] 496 3.53342 3.57133 TRACK
[PUSH_CTRL] 497 3.53286 3.57133 TRACK
[PUSH_CTRL] 498 3.53238 3.57133 TRACK
[PUSH_CTRL] 499 3.53199 3.57133 TRACK
[PUSH_CTRL] 500 3.53165 3.57133 TRACK
[PUSH_CTRL] 501 3.53198 3.57133 TRACK
[PUSH_CTRL] 502 3.53087 3.57133 TRACK
[PUSH_CTRL] 503 3.52989 3.57133 TRACK
[PUSH_CTRL] 504 3.52918 3.57133 TRACK
[PUSH_CTRL] 505 3.52865 3.57133 TRACK
[PUSH_CTRL] 506 3.52838 3.57133 TRACK
[PUSH_CTRL] 507 3.52823 3.57133 TRACK
[PUSH_CTRL] 508 3.5299 3.57133 TRACK
[PUSH_CTRL] 509 3.53003 3.57133 TRACK
[PUSH_CTRL] 510 3.53017 3.57133 TRACK
[PUSH_CTRL] 511 3.52936 3.57133 TRACK
[PUSH_CTRL] 512 3.52855 3.57133 TRACK
[PUSH_CTRL] 513 3.52779 3.57133 TRACK
[PUSH_CTRL] 514 3.52712 3.57133 TRACK
[PUSH_CTRL] 515 3.52654 3.57133 TRACK
[PUSH_CTRL] 516 3.52777 3.57133 TRACK
[PUSH_CTRL] 517 3.52781 3.57133 TRACK
[PUSH_CTRL] 518 3.52523 3.57133 TRACK
[PUSH_CTRL] 519 3.52219 3.57133 TRACK
[PUSH_CTRL] 520 3.51921 3.57133 TRACK
[PUSH_CTRL] 521 3.51638 3.57133 TRACK
[PUSH_CTRL] 522 3.51349 3.57133 TRACK
[PUSH_CTRL] 523 3.51312 3.57133 TRACK
[PUSH_CTRL] 524 3.51078 3.57133 TRACK
[PUSH_CTRL] 525 3.50874 3.57133 TRACK
[PUSH_CTRL] 526 3.50689 3.57133 TRACK
[PUSH_CTRL] 527 3.50622 3.57133 TRACK
[PUSH_CTRL] 528 3.50572 3.57133 TRACK
[PUSH_CTRL] 529 3.5057 3.57133 TRACK
[PUSH_CTRL] 530 3.50601 3.57133 TRACK
[PUSH_CTRL] 531 3.50889 3.57133 TRACK
[PUSH_CTRL] 532 3.50985 3.57133 TRACK
[PUSH_CTRL] 533 3.51029 3.57133 TRACK
[PUSH_CTRL] 534 3.51125 3.57133 TRACK
[PUSH_CTRL] 535 3.51158 3.57133 TRACK
[PUSH_CTRL] 536 3.51037 3.57133 TRACK
[PUSH_CTRL] 537 3.509 3.57133 TRACK
[PUSH_CTRL] 538 3.50768 3.57133 TRACK
[PUSH_CTRL] 539 3.5086 3.57133 TRACK
[PUSH_CTRL] 540 3.50711 3.57133 TRACK
[PUSH_CTRL] 541 3.50551 3.57133 TRACK
[PUSH_CTRL] 542 3.50396 3.57133 TRACK
[PUSH_CTRL] 543 3.50254 3.57133 TRACK
[PUSH_CTRL] 544 3.50141 3.57133 TRACK
[PUSH_CTRL] 545 3.49958 3.57133 TRACK
[PUSH_CTRL] 546 3.50045 3.57133 TRACK
[PUSH_CTRL] 547 3.4989 3.57133 TRACK
[PUSH_CTRL] 548 3.49769 3.57133 TRACK
[PUSH_CTRL] 549 3.49672 3.57133 TRACK
[PUSH_CTRL] 550 3.49595 3.57133 TRACK
[PUSH_CTRL] 551 3.49535 3.57133 TRACK
[PUSH_CTRL] 552 3.49509 3.57133 TRACK
[PUSH_CTRL] 553 3.49578 3.57133 TRACK
[PUSH_CTRL] 554 3.49916 3.57133 TRACK
[PUSH_CTRL] 555 3.49923 3.57133 TRACK
[PUSH_CTRL] 556 3.49888 3.57133 TRACK
[PUSH_CTRL] 557 3.49784 3.57133 TRACK
[PUSH_CTRL] 558 3.49592 3.57133 TRACK
[PUSH_CTRL] 559 3.49448 3.57133 TRACK
[PUSH_CTRL] 560 3.49368 3.57133 TRACK
[PUSH_CTRL] 561 3.49626 3.57133 TRACK
[PUSH_CTRL] 562 3.4959 3.57133 TRACK
[PUSH_CTRL] 563 3.4955 3.57133 TRACK
[PUSH_CTRL] 564 3.49508 3.57133 TRACK
[PUSH_CTRL] 565 3.49465 3.57133 TRACK
[PUSH_CTRL] 566 3.49419 3.57133 TRACK
[PUSH_CTRL] 567 3.49297 3.57133 TRACK
[PUSH_CTRL] 568 3.49192 3.57133 TRACK
[PUSH_CTRL] 569 3.49509 3.57133 TRACK
[PUSH_CTRL] 570 3.49521 3.57133 TRACK
[PUSH_CTRL] 571 3.49525 3.57133 TRACK
[PUSH_CTRL] 572 3.49518 3.57133 TRACK
[PUSH_CTRL] 573 3.49502 3.57133 TRACK
[PUSH_CTRL] 574 3.49477 3.57133 TRACK
[PUSH_CTRL] 575 3.49466 3.57133 TRACK
[PUSH_CTRL] 576 3.49457 3.57133 TRACK
[PUSH_CTRL] 577 3.49447 3.57133 TRACK
[PUSH_CTRL] 578 3.49752 3.57133 TRACK
[PUSH_CTRL] 579 3.49745 3.57133 TRACK
[PUSH_CTRL] 580 3.49743 3.57133 TRACK
[PUSH_CTRL] 581 3.4973 3.57133 TRACK
[PUSH_CTRL] 582 3.49707 3.57133 TRACK
[PUSH_CTRL] 583 3.49675 3.57133 TRACK
[PUSH_CTRL] 584 3.49613 3.57133 TRACK
[PUSH_CTRL] 585 3.49849 3.57133 TRACK
[PUSH_CTRL] 586 3.49617 3.57133 TRACK
[PUSH_CTRL] 587 3.49257 3.57133 TRACK
[PUSH_CTRL] 588 3.48927 3.57133 TRACK
[PUSH_CTRL] 589 3.48642 3.57133 TRACK
[PUSH_CTRL] 590 3.48397 3.57133 TRACK
[PUSH_CTRL] 591 3.48171 3.57133 TRACK
[PUSH_CTRL] 592 3.4796 3.57133 TRACK
[PUSH_CTRL] 593 3.48123 3.57133 TRACK
[PUSH_CTRL] 594 3.47931 3.57133 TRACK
[PUSH_CTRL] 595 3.47752 3.57133 TRACK
[PUSH_CTRL] 596 3.47588 3.57133 TRACK
[PUSH_CTRL] 597 3.47454 3.57133 TRACK
[PUSH_CTRL] 598 3.4738 3.57133 TRACK
[PUSH_CTRL] 599 3.47318 3.57133 TRACK
[PUSH_CTRL] 600 3.47284 3.57133 TRACK
[PUSH_CTRL] 601 3.47654 3.57133 TRACK
[PUSH_CTRL] 602 3.4763 3.57133 TRACK
[PUSH_CTRL] 603 3.47665 3.57133 TRACK
[PUSH_CTRL] 604 3.47753 3.57133 TRACK
[PUSH_CTRL] 605 3.47928 3.57133 TRACK
[PUSH_CTRL] 606 3.48048 3.57133 TRACK
[PUSH_CTRL] 607 3.48121 3.57133 TRACK
[PUSH_CTRL] 608 3.48437 3.57133 TRACK
[PUSH_CTRL] 609 3.4838 3.57133 TRACK
[PUSH_CTRL] 610 3.48315 3.57133 TRACK
[PUSH_CTRL] 611 3.48243 3.57133 TRACK
[PUSH_CTRL] 612 3.48174 3.57133 TRACK
[PUSH_CTRL] 613 3.48112 3.57133 TRACK
[PUSH_CTRL] 614 3.48057 3.57133 TRACK
[PUSH_CTRL] 615 3.48008 3.57133 TRACK
[PUSH_CTRL] 616 3.48363 3.57133 TRACK
[PUSH_CTRL] 617 3.48329 3.57133 TRACK
[PUSH_CTRL] 618 3.48284 3.57133 TRACK
[PUSH_CTRL] 619 3.48202 3.57133 TRACK
[PUSH_CTRL] 620 3.48091 3.57133 TRACK
[PUSH_CTRL] 621 3.47984 3.57133 TRACK
[PUSH_CTRL] 622 3.4789 3.57133 TRACK
[PUSH_CTRL] 623 3.48201 3.57133 TRACK
[PUSH_CTRL] 624 3.48026 3.57133 TRACK
[PUSH_CTRL] 625 3.47893 3.57133 TRACK
[PUSH_CTRL] 626 3.47796 3.57133 TRACK
[PUSH_CTRL] 627 3.47712 3.57133 TRACK
[PUSH_CTRL] 628 3.47653 3.57133 TRACK
[PUSH_CTRL] 629 3.47635 3.57133 TRACK
[PUSH_CTRL] 630 3.48024 3.57133 TRACK
[PUSH_CTRL] 631 3.47998 3.57133 TRACK
[PUSH_CTRL] 632 3.47961 3.57133 TRACK
[PUSH_CTRL] 633 3.47914 3.57133 TRACK
[PUSH_CTRL] 634 3.47856 3.57133 TRACK
[PUSH_CTRL] 635 3.47764 3.57133 TRACK
[PUSH_CTRL] 636 3.47627 3.57133 TRACK
[PUSH_CTRL] 637 3.47554 3.57133 TRACK
[PUSH_CTRL] 638 3.4751 3.57133 TRACK
[PUSH_CTRL] 639 3.47884 3.57133 TRACK
[PUSH_CTRL] 640 3.47864 3.57133 TRACK
[PUSH_CTRL] 641 3.47875 3.57133 TRACK
[PUSH_CTRL] 642 3.47873 3.57133 TRACK
[PUSH_CTRL] 643 3.47856 3.57133 TRACK
[PUSH_CTRL] 644 3.47823 3.57133 TRACK
[PUSH_CTRL] 645 3.47798 3.57133 TRACK
[PUSH_CTRL] 646 3.48194 3.57133 TRACK
[PUSH_CTRL] 647 3.48194 3.57133 TRACK
[PUSH_CTRL] 648 3.48094 3.57133 TRACK
[PUSH_CTRL] 649 3.4803 3.57133 TRACK
[PUSH_CTRL] 650 3.47991 3.57133 TRACK
[PUSH_CTRL] 651 3.47952 3.57133 TRACK
[PUSH_CTRL] 652 3.47912 3.57133 TRACK
[PUSH_CTRL] 653 3.47875 3.57133 TRACK
[PUSH_CTRL] 654 3.48252 3.57133 TRACK
[PUSH_CTRL] 655 3.48203 3.57133 TRACK
[PUSH_CTRL] 656 3.48146 3.57133 TRACK
[PUSH_CTRL] 657 3.48081 3.57133 TRACK
[PUSH_CTRL] 658 3.48009 3.57133 TRACK
[PUSH_CTRL] 659 3.47932 3.57133 TRACK
[PUSH_CTRL] 660 3.47752 3.57133 TRACK
[PUSH_CTRL] 661 3.47477 3.57133 TRACK
[PUSH_CTRL] 662 3.47691 3.57133 TRACK
[PUSH_CTRL] 663 3.47488 3.57133 TRACK
[PUSH_CTRL] 664 3.47277 3.57133 TRACK
[PUSH_CTRL] 665 3.46994 3.57133 TRACK
[PUSH_CTRL] 666 3.46667 3.57133 TRACK
[PUSH_CTRL] 667 3.46403 3.57133 TRACK
[PUSH_CTRL] 668 3.46197 3.57133 TRACK
[PUSH_CTRL] 669 3.46518 3.57133 TRACK
[PUSH_CTRL] 670 3.4641 3.57133 TRACK
[PUSH_CTRL] 671 3.46334 3.57133 TRACK
[PUSH_CTRL] 672 3.46312 3.57133 TRACK
[PUSH_CTRL] 673 3.46291 3.57133 TRACK
[PUSH_CTRL] 674 3.46367 3.57133 TRACK
[PUSH_CTRL] 675 3.46412 3.57133 TRACK
[PUSH_CTRL] 676 3.4643 3.57133 TRACK
[PUSH_CTRL] 677 3.46903 3.57133 TRACK
[PUSH_CTRL] 678 3.46879 3.57133 TRACK
[PUSH_CTRL] 679 3.46841 3.57133 TRACK
[PUSH_CTRL] 680 3.46801 3.57133 TRACK
[PUSH_CTRL] 681 3.46765 3.57133 TRACK
[PUSH_CTRL] 682 3.46709 3.57133 TRACK
[PUSH_CTRL] 683 3.46645 3.57133 TRACK
[PUSH_CTRL] 684 3.47053 3.57133 TRACK
[PUSH_CTRL] 685 3.46981 3.57133 TRACK
[PUSH_CTRL] 686 3.46904 3.57133 TRACK
[PUSH_CTRL] 687 3.46828 3.57133 TRACK
[PUSH_CTRL] 688 3.46769 3.57133 TRACK
[PUSH_CTRL] 689 3.467 3.57133 TRACK
[PUSH_CTRL] 690 3.46658 3.57133 TRACK
[PUSH_CTRL] 691 3.46607 3.57133 TRACK
[PUSH_CTRL] 692 3.47033 3.57133 TRACK
[PUSH_CTRL] 693 3.46969 3.57133 TRACK
[PUSH_CTRL] 694 3.46898 3.57133 TRACK
[PUSH_CTRL] 695 3.46827 3.57133 TRACK
[PUSH_CTRL] 696 3.46758 3.57133 TRACK
[PUSH_CTRL] 697 3.46711 3.57133 TRACK
[PUSH_CTRL] 698 3.46682 3.57133 TRACK
[PUSH_CTRL] 699 3.47129 3.57133 TRACK
[PUSH_CTRL] 700 3.47036 3.57133 TRACK
[PUSH_CTRL] 701 3.46903 3.57133 TRACK
[PUSH_CTRL] 702 3.4674 3.57133 TRACK
[PUSH_CTRL] 703 3.46591 3.57133 TRACK
[PUSH_CTRL] 704 3.46392 3.57133 TRACK
[PUSH_CTRL] 705 3.4606 3.57133 TRACK
[PUSH_CTRL] 706 3.45704 3.57133 TRACK
[PUSH_CTRL] 707 3.45878 3.57133 TRACK
[PUSH_CTRL] 708 3.45551 3.57133 TRACK
[PUSH_CTRL] 709 3.45296 3.57133 TRACK
[PUSH_CTRL] 710 3.45162 3.57133 TRACK
[PUSH_CTRL] 711 3.45127 3.57133 TRACK
[PUSH_CTRL] 712 3.45071 3.57133 TRACK
[PUSH_CTRL] 713 3.45027 3.57133 TRACK
[PUSH_CTRL] 714 3.45003 3.57133 TRACK
[PUSH_CTRL] 715 3.45516 3.57133 TRACK
[PUSH_CTRL] 716 3.45465 3.57133 TRACK
[PUSH_CTRL] 717 3.45362 3.57133 TRACK
[PUSH_CTRL] 718 3.45231 3.57133 TRACK
[PUSH_CTRL] 719 3.45046 3.57133 TRACK
[PUSH_CTRL] 720 3.44914 3.57133 TRACK
[PUSH_CTRL] 721 3.44824 3.57133 TRACK
[PUSH_CTRL] 722 3.45331 3.57133 TRACK
[PUSH_CTRL] 723 3.45301 3.57133 TRACK
[PUSH_CTRL] 724 3.45261 3.57133 TRACK
[PUSH_CTRL] 725 3.4521 3.57133 TRACK
[PUSH_CTRL] 726 3.45149 3.57133 TRACK
[PUSH_CTRL] 727 3.45037 3.57133 TRACK
[PUSH_CTRL] 728 3.44889 3.57133 TRACK
[PUSH_CTRL] 729 3.44763 3.57133 TRACK
[PUSH_CTRL] 730 3.45237 3.57133 TRACK
[PUSH_CTRL] 731 3.45143 3.57133 TRACK
[PUSH_CTRL] 732 3.45057 3.57133 TRACK
[PUSH_CTRL] 733 3.44981 3.57133 TRACK
[PUSH_CTRL] 734 3.45011 3.57133 TRACK
[PUSH_CTRL] 735 3.45019 3.57133 TRACK
[PUSH_CTRL] 736 3.45007 3.57133 TRACK
[PUSH_CTRL] 737 3.45555 3.57133 TRACK
[PUSH_CTRL] 738 3.4551 3.57133 TRACK
[PUSH_CTRL] 739 3.45452 3.57133 TRACK
[PUSH_CTRL] 740 3.45396 3.57133 TRACK
[PUSH_CTRL] 741 3.45339 3.57133 TRACK
[PUSH_CTRL] 742 3.45274 3.57133 TRACK
[PUSH_CTRL] 743 3.45201 3.57133 TRACK
[PUSH_CTRL] 744 3.45697 3.57133 TRACK
[PUSH_CTRL] 745 3.45611 3.57133 TRACK
[PUSH_CTRL] 746 3.455 3.57133 TRACK
[PUSH_CTRL] 747 3.45367 3.57133 TRACK
[PUSH_CTRL] 748 3.45239 3.57133 TRACK
[PUSH_CTRL] 749 3.45135 3.57133 TRACK
[PUSH_CTRL] 750 3.45056 3.57133 TRACK
[PUSH_CTRL] 751 3.44974 3.57133 TRACK
[PUSH_CTRL] 752 3.45476 3.57133 TRACK
[PUSH_CTRL] 753 3.45387 3.57133 TRACK
[PUSH_CTRL] 754 3.45259 3.57133 TRACK
[PUSH_CTRL] 755 3.4513 3.57133 TRACK
[PUSH_CTRL] 756 3.4497 3.57133 TRACK
[PUSH_CTRL] 757 3.44769 3.57133 TRACK
[PUSH_CTRL] 758 3.44538 3.57133 TRACK
[PUSH_CTRL] 759 3.44284 3.57133 TRACK
[PUSH_CTRL] 760 3.44624 3.57133 TRACK
[PUSH_CTRL] 761 3.44356 3.57133 TRACK
[PUSH_CTRL] 762 3.44102 3.57133 TRACK
[PUSH_CTRL] 763 3.43857 3.57133 TRACK
[PUSH_CTRL] 764 3.4364 3.57133 TRACK
[PUSH_CTRL] 765 3.43456 3.57133 TRACK
[PUSH_CTRL] 766 3.43392 3.57133 TRACK
[PUSH_CTRL] 767 3.44012 3.57133 TRACK
[PUSH_CTRL] 768 3.43994 3.57133 TRACK
[PUSH_CTRL] 769 3.43984 3.57133 TRACK
[PUSH_CTRL] 770 3.43959 3.57133 TRACK
[PUSH_CTRL] 771 3.4392 3.57133 TRACK
[PUSH_CTRL] 772 3.4387 3.57133 TRACK
[PUSH_CTRL] 773 3.43788 3.57133 TRACK
[PUSH_CTRL] 774 3.43715 3.57133 TRACK
[PUSH_CTRL] 775 3.44284 3.57133 TRACK
[PUSH_CTRL] 776 3.44199 3.57133 TRACK
[PUSH_CTRL] 777 3.44097 3.57133 TRACK
[PUSH_CTRL] 778 3.43991 3.57133 TRACK
[PUSH_CTRL] 779 3.43885 3.57133 TRACK
[PUSH_CTRL] 780 3.43801 3.57133 TRACK
[PUSH_CTRL] 781 3.43739 3.57133 TRACK
[PUSH_CTRL] 782 3.44331 3.57133 TRACK
[PUSH_CTRL] 783 3.44286 3.57133 TRACK
[PUSH_CTRL] 784 3.44252 3.57133 TRACK
[PUSH_CTRL] 785 3.44229 3.57133 TRACK
[PUSH_CTRL] 786 3.44276 3.57133 TRACK
[PUSH_CTRL] 787 3.44291 3.57133 TRACK
[PUSH_CTRL] 788 3.44278 3.57133 TRACK
[PUSH_CTRL] 789 3.44243 3.57133 TRACK
[PUSH_CTRL] 790 3.44784 3.57133 TRACK
[PUSH_CTRL] 791 3.4469 3.57133 TRACK
[PUSH_CTRL] 792 3.44568 3.57133 TRACK
[PUSH_CTRL] 793 3.44445 3.57133 TRACK
[PUSH_CTRL] 794 3.44328 3.57133 TRACK
[PUSH_CTRL] 795 3.44225 3.57133 TRACK
[PUSH_CTRL] 796 3.44136 3.57133 TRACK
[PUSH_CTRL] 797 3.4472 3.57133 TRACK
[PUSH_CTRL] 798 3.44662 3.57133 TRACK
[PUSH_CTRL] 799 3.44606 3.57133 TRACK
[PUSH_CTRL] 800 3.44547 3.57133 TRACK
[PUSH_CTRL] 801 3.44479 3.57133 TRACK
[PUSH_CTRL] 802 3.44376 3.57133 TRACK
[PUSH_CTRL] 803 3.44272 3.57133 TRACK
[PUSH_CTRL] 804 3.44808 3.57133 TRACK
[PUSH_CTRL] 805 3.44702 3.57133 TRACK
[PUSH_CTRL] 806 3.44591 3.57133 TRACK
[PUSH_CTRL] 807 3.44478 3.57133 TRACK
[PUSH_CTRL] 808 3.44285 3.57133 TRACK
[PUSH_CTRL] 809 3.44022 3.57133 TRACK
[PUSH_CTRL] 810 3.43686 3.57133 TRACK
[PUSH_CTRL] 811 3.4333 3.57133 TRACK
[PUSH_CTRL] 812 3.43668 3.57133 TRACK
[PUSH_CTRL] 813 3.43334 3.57133 TRACK
[PUSH_CTRL] 814 3.42966 3.57133 TRACK
[PUSH_CTRL] 815 3.42589 3.57133 TRACK
[PUSH_CTRL] 816 3.42272 3.57133 TRACK
[PUSH_CTRL] 817 3.42003 3.57133 TRACK
[PUSH_CTRL] 818 3.41772 3.57133 TRACK
[PUSH_CTRL] 819 3.4157 3.57133 TRACK
[PUSH_CTRL] 820 3.42149 3.57133 TRACK
[PUSH_CTRL] 821 3.42011 3.57133 TRACK
[PUSH_CTRL] 822 3.41891 3.57133 TRACK
[PUSH_CTRL] 823 3.41789 3.57133 TRACK
[PUSH_CTRL] 824 3.41729 3.57133 TRACK
[PUSH_CTRL] 825 3.41701 3.57133 TRACK
[PUSH_CTRL] 826 3.4175 3.57133 TRACK
[PUSH_CTRL] 827 3.41718 3.57133 TRACK
[PUSH_CTRL] 828 3.42416 3.57133 TRACK
[PUSH_CTRL] 829 3.42358 3.57133 TRACK
[PUSH_CTRL] 830 3.42285 3.57133 TRACK
[PUSH_CTRL] 831 3.42202 3.57133 TRACK
[PUSH_CTRL] 832 3.42089 3.57133 TRACK
[PUSH_CTRL] 833 3.41921 3.57133 TRACK
[PUSH_CTRL] 834 3.418 3.57133 TRACK
[PUSH_CTRL] 835 3.42464 3.57133 TRACK
[PUSH_CTRL] 836 3.42408 3.57133 TRACK
[PUSH_CTRL] 837 3.42369 3.57133 TRACK
[PUSH_CTRL] 838 3.42345 3.57133 TRACK
[PUSH_CTRL] 839 3.42306 3.57133 TRACK
[PUSH_CTRL] 840 3.42252 3.57133 TRACK
[PUSH_CTRL] 841 3.42188 3.57133 TRACK
[PUSH_CTRL] 842 3.42856 3.57133 TRACK
[PUSH_CTRL] 843 3.42777 3.57133 TRACK
[PUSH_CTRL] 844 3.42688 3.57133 TRACK
[PUSH_CTRL] 845 3.42593 3.57133 TRACK
[PUSH_CTRL] 846 3.42516 3.57133 TRACK
[PUSH_CTRL] 847 3.4245 3.57133 TRACK
[PUSH_CTRL] 848 3.42289 3.57133 TRACK
[PUSH_CTRL] 849 3.42003 3.57133 TRACK
[PUSH_CTRL] 850 3.42473 3.57133 TRACK
[PUSH_CTRL] 851 3.42238 3.57133 TRACK
[PUSH_CTRL] 852 3.42036 3.57133 TRACK
[PUSH_CTRL] 853 3.41789 3.57133 TRACK
[PUSH_CTRL] 854 3.41512 3.57133 TRACK
[PUSH_CTRL] 855 3.41175 3.57133 TRACK
[PUSH_CTRL] 856 3.40867 3.57133 TRACK
[PUSH_CTRL] 857 3.40617 3.57133 TRACK
[PUSH_CTRL] 858 3.41221 3.57133 TRACK
[PUSH_CTRL] 859 3.41049 3.57133 TRACK
[PUSH_CTRL] 860 3.40987 3.57133 TRACK
[PUSH_CTRL] 861 3.40918 3.57133 TRACK
[PUSH_CTRL] 862 3.40851 3.57133 TRACK
[PUSH_CTRL] 863 3.40817 3.57133 TRACK
[PUSH_CTRL] 864 3.40863 3.57133 TRACK
[PUSH_CTRL] 865 3.41716 3.57133 TRACK
[PUSH_CTRL] 866 3.41774 3.57133 TRACK
[PUSH_CTRL] 867 3.41793 3.57133 TRACK
[PUSH_CTRL] 868 3.41735 3.57133 TRACK
[PUSH_CTRL] 869 3.41613 3.57133 TRACK
[PUSH_CTRL] 870 3.41471 3.57133 TRACK
[PUSH_CTRL] 871 3.4134 3.57133 TRACK
[PUSH_CTRL] 872 3.41129 3.57133 TRACK
[PUSH_CTRL] 873 3.41708 3.57133 TRACK
[PUSH_CTRL] 874 3.41474 3.57133 TRACK
[PUSH_CTRL] 875 3.41224 3.57133 TRACK
[PUSH_CTRL] 876 3.41024 3.57133 TRACK
[PUSH_CTRL] 877 3.40869 3.57133 TRACK
[PUSH_CTRL] 878 3.40754 3.57133 TRACK
[PUSH_CTRL] 879 3.40671 3.57133 TRACK
[PUSH_CTRL] 880 3.40645 3.57133 TRACK
[PUSH_CTRL] 881 3.41476 3.57133 TRACK
[PUSH_CTRL] 882 3.41461 3.57133 TRACK
[PUSH_CTRL] 883 3.41423 3.57133 TRACK
[PUSH_CTRL] 884 3.41368 3.57133 TRACK
[PUSH_CTRL] 885 3.41297 3.57133 TRACK
[PUSH_CTRL] 886 3.41213 3.57133 TRACK
[PUSH_CTRL] 887 3.41119 3.57133 TRACK
[PUSH_CTRL] 888 3.41833 3.57133 TRACK
[PUSH_CTRL] 889 3.4173 3.57133 TRACK
[PUSH_CTRL] 890 3.41642 3.57133 TRACK
[PUSH_CTRL] 891 3.41488 3.57133 TRACK
[PUSH_CTRL] 892 3.4126 3.57133 TRACK
[PUSH_CTRL] 893 3.40966 3.57133 TRACK
[PUSH_CTRL] 894 3.40675 3.57133 TRACK
[PUSH_CTRL] 895 3.4035 3.57133 TRACK
[PUSH_CTRL] 896 3.40912 3.57133 TRACK
[PUSH_CTRL] 897 3.40665 3.57133 TRACK
[PUSH_CTRL] 898 3.4047 3.57133 TRACK
[PUSH_CTRL] 899 3.40317 3.57133 TRACK
[PUSH_CTRL] 900 3.40187 3.57133 TRACK
[PUSH_CTRL] 901 3.40141 3.57133 TRACK
[PUSH_CTRL] 902 3.40076 3.57133 TRACK
[PUSH_CTRL] 903 3.40003 3.57133 TRACK
[PUSH_CTRL] 904 3.40788 3.57133 TRACK
[PUSH_CTRL] 905 3.40701 3.57133 TRACK
[PUSH_CTRL] 906 3.40613 3.57133 TRACK
[PUSH_CTRL] 907 3.4052 3.57133 TRACK
[PUSH_CTRL] 908 3.40435 3.57133 TRACK
[PUSH_CTRL] 909 3.40301 3.57133 TRACK
[PUSH_CTRL] 910 3.4013 3.57133 TRACK
[PUSH_CTRL] 911 3.40795 3.57133 TRACK
[PUSH_CTRL] 912 3.4058 3.57133 TRACK
[PUSH_CTRL] 913 3.40347 3.57133 TRACK
[PUSH_CTRL] 914 3.40071 3.57133 TRACK
[PUSH_CTRL] 915 3.39856 3.57133 TRACK
[PUSH_CTRL] 916 3.39695 3.57133 TRACK
[PUSH_CTRL] 917 3.39615 3.57133 TRACK
[PUSH_CTRL] 918 3.40474 3.57133 TRACK
[PUSH_CTRL] 919 3.40506 3.57133 TRACK
[PUSH_CTRL] 920 3.40517 3.57133 TRACK
[PUSH_CTRL] 921 3.40498 3.57133 TRACK
[PUSH_CTRL] 922 3.40418 3.57133 TRACK
[PUSH_CTRL] 923 3.40291 3.57133 TRACK
[PUSH_CTRL] 924 3.40186 3.57133 TRACK
[PUSH_CTRL] 925 3.40098 3.57133 TRACK
[PUSH_CTRL] 926 3.4091 3.57133 TRACK
[PUSH_CTRL] 927 3.40836 3.57133 TRACK
[PUSH_CTRL] 928 3.40759 3.57133 TRACK
[PUSH_CTRL] 929 3.407 3.57133 TRACK
[PUSH_CTRL] 930 3.40659 3.57133 TRACK
[PUSH_CTRL] 931 3.40612 3.57133 TRACK
[PUSH_CTRL] 932 3.40535 3.57133 TRACK
[PUSH_CTRL] 933 3.41278 3.57133 TRACK
[PUSH_CTRL] 934 3.41109 3.57133 TRACK
[PUSH_CTRL] 935 3.40906 3.57133 TRACK
[PUSH_CTRL] 936 3.40681 3.57133 TRACK
[PUSH_CTRL] 937 3.40442 3.57133 TRACK
[PUSH_CTRL] 938 3.40168 3.57133 TRACK
[PUSH_CTRL] 939 3.39957 3.57133 TRACK
[PUSH_CTRL] 940 3.39731 3.57133 TRACK
[PUSH_CTRL] 941 3.40333 3.57133 TRACK
[PUSH_CTRL] 942 3.3998 3.57133 TRACK
[PUSH_CTRL] 943 3.39652 3.57133 TRACK
[PUSH_CTRL] 944 3.39401 3.57133 TRACK
[PUSH_CTRL] 945 3.39209 3.57133 TRACK
[PUSH_CTRL] 946 3.39064 3.57133 TRACK
[PUSH_CTRL] 947 3.38924 3.57133 TRACK
[PUSH_CTRL] 948 3.38789 3.57133 TRACK
[PUSH_CTRL] 949 3.39617 3.57133 TRACK
[PUSH_CTRL] 950 3.39504 3.57133 TRACK
[PUSH_CTRL] 951 3.39444 3.57133 TRACK
[PUSH_CTRL] 952 3.39351 3.57133 TRACK
[PUSH_CTRL] 953 3.39245 3.57133 TRACK
[PUSH_CTRL] 954 3.39145 3.57133 TRACK
[PUSH_CTRL] 955 3.39063 3.57133 TRACK
[PUSH_CTRL] 956 3.39938 3.57133 TRACK
[PUSH_CTRL] 957 3.39855 3.57133 TRACK
[PUSH_CTRL] 958 3.39709 3.57133 TRACK
[PUSH_CTRL] 959 3.39559 3.57133 TRACK
[PUSH_CTRL] 960 3.39408 3.57133 TRACK
[PUSH_CTRL] 961 3.39255 3.57133 TRACK
[PUSH_CTRL] 962 3.39064 3.57133 TRACK
[PUSH_CTRL] 963 3.38846 3.57133 TRACK
[PUSH_CTRL] 964 3.39569 3.57133 TRACK
[PUSH_CTRL] 965 3.39378 3.57133 TRACK
[PUSH_CTRL] 966 3.39209 3.57133 TRACK
[PUSH_CTRL] 967 3.39066 3.57133 TRACK
[PUSH_CTRL] 968 3.38947 3.57133 TRACK
[PUSH_CTRL] 969 3.38852 3.57133 TRACK
[PUSH_CTRL] 970 3.38808 3.57133 TRACK
[PUSH_CTRL] 971 3.39755 3.57133 TRACK
[PUSH_CTRL] 972 3.39718 3.57133 TRACK
[PUSH_CTRL] 973 3.3969 3.57133 TRACK
[PUSH_CTRL] 974 3.39639 3.57133 TRACK
[PUSH_CTRL] 975 3.39568 3.57133 TRACK
[PUSH_CTRL] 976 3.39481 3.57133 TRACK
[PUSH_CTRL] 977 3.39382 3.57133 TRACK
[PUSH_CTRL] 978 3.39272 3.57133 TRACK
[PUSH_CTRL] 979 3.40113 3.57133 TRACK
[PUSH_CTRL] 980 3.39981 3.57133 TRACK
[PUSH_CTRL] 981 3.39847 3.57133 TRACK
[PUSH_CTRL] 982 3.39728 3.57133 TRACK
[PUSH_CTRL] 983 3.39612 3.57133 TRACK
[PUSH_CTRL] 984 3.39505 3.57133 TRACK
[PUSH_CTRL] 985 3.39354 3.57133 TRACK
[PUSH_CTRL] 986 3.40162 3.57133 TRACK
[PUSH_CTRL] 987 3.40031 3.57133 TRACK
[PUSH_CTRL] 988 3.39983 3.57133 TRACK
[PUSH_CTRL] 989 3.39941 3.57133 TRACK
[PUSH_CTRL] 990 3.39818 3.57133 TRACK
[PUSH_CTRL] 991 3.39755 3.57133 TRACK
[PUSH_CTRL] 992 3.39646 3.57133 TRACK
[PUSH_CTRL] 993 3.40447 3.57133 TRACK
[PUSH_CTRL] 994 3.40303 3.57133 TRACK
[PUSH_CTRL] 995 3.40156 3.57133 TRACK
[PUSH_CTRL] 996 3.40033 3.57133 TRACK
[PUSH_CTRL] 997 3.39948 3.57133 TRACK
[PUSH_CTRL] 998 3.39861 3.57133 TRACK
[PUSH_CTRL] 999 3.39778 3.57133 TRACK
[PUSH_CTRL] 1000 3.39726 3.57133 TRACK
[PUSH_CTRL] 1001 3.40616 3.57133 TRACK
[PUSH_CTRL] 1002 3.40535 3.57133 TRACK
[PUSH_CTRL] 1003 3.40438 3.57133 TRACK
[PUSH_CTRL] 1004 3.40311 3.57133 TRACK
[PUSH_CTRL] 1005 3.40192 3.57133 TRACK
[PUSH_CTRL] 1006 3.40079 3.57133 TRACK
[PUSH_CTRL] 1007 3.39977 3.57133 TRACK
[PUSH_CTRL] 1008 3.39925 3.57133 TRACK
[PUSH_CTRL] 1009 3.4082 3.57133 TRACK
[PUSH_CTRL] 1010 3.40731 3.57133 TRACK
[PUSH_CTRL] 1011 3.406 3.57133 TRACK
[PUSH_CTRL] 1012 3.40489 3.57133 TRACK
[PUSH_CTRL] 1013 3.40396 3.57133 TRACK
[PUSH_CTRL] 1014 3.40239 3.57133 TRACK
[PUSH_CTRL] 1015 3.40069 3.57133 TRACK
[PUSH_CTRL] 1016 3.40899 3.57133 TRACK
[PUSH_CTRL] 1017 3.40795 3.57133 TRACK
[PUSH_CTRL] 1018 3.4067 3.57133 TRACK
[PUSH_CTRL] 1019 3.4057 3.57133 TRACK
[PUSH_CTRL] 1020 3.4041 3.57133 TRACK
[PUSH_CTRL] 1021 3.40267 3.57133 TRACK
[PUSH_CTRL] 1022 3.40126 3.57133 TRACK
[PUSH_CTRL] 1023 3.40969 3.57133 TRACK
[PUSH_CTRL] 1024 3.40873 3.57133 TRACK
[PUSH_CTRL] 1025 3.40785 3.57133 TRACK
[PUSH_CTRL] 1026 3.40708 3.57133 TRACK
[PUSH_CTRL] 1027 3.40641 3.57133 TRACK
[PUSH_CTRL] 1028 3.40585 3.57133 TRACK
[PUSH_CTRL] 1029 3.40537 3.57133 TRACK
[PUSH_CTRL] 1030 3.40526 3.57133 TRACK
[PUSH_CTRL] 1031 3.4155 3.57133 TRACK
[PUSH_CTRL] 1032 3.41571 3.57133 TRACK
[PUSH_CTRL] 1033 3.41511 3.57133 TRACK
[PUSH_CTRL] 1034 3.4139 3.57133 TRACK
[PUSH_CTRL] 1035 3.41225 3.57133 TRACK
[PUSH_CTRL] 1036 3.41014 3.57133 TRACK
[PUSH_CTRL] 1037 3.4075 3.57133 TRACK
[PUSH_CTRL] 1038 3.41439 3.57133 TRACK
[PUSH_CTRL] 1039 3.41229 3.57133 TRACK
[PUSH_CTRL] 1040 3.41062 3.57133 TRACK
[PUSH_CTRL] 1041 3.40964 3.57133 TRACK
[PUSH_CTRL] 1042 3.40916 3.57133 TRACK
[PUSH_CTRL] 1043 3.40871 3.57133 TRACK
[PUSH_CTRL] 1044 3.40814 3.57133 TRACK
[PUSH_CTRL] 1045 3.41701 3.57133 TRACK
[PUSH_CTRL] 1046 3.41641 3.57133 TRACK
[PUSH_CTRL] 1047 3.41582 3.57133 TRACK
[PUSH_CTRL] 1048 3.41514 3.57133 TRACK
[PUSH_CTRL] 1049 3.41454 3.57133 TRACK
[PUSH_CTRL] 1050 3.41338 3.57133 TRACK
[PUSH_CTRL] 1051 3.41191 3.57133 TRACK
[PUSH_CTRL] 1052 3.41093 3.57133 TRACK
[PUSH_CTRL] 1053 3.42023 3.57133 TRACK
[PUSH_CTRL] 1054 3.41998 3.57133 TRACK
[PUSH_CTRL] 1055 3.4187 3.57133 TRACK
[PUSH_CTRL] 1056 3.41712 3.57133 TRACK
[PUSH_CTRL] 1057 3.41565 3.57133 TRACK
[PUSH_CTRL] 1058 3.41426 3.57133 TRACK
[PUSH_CTRL] 1059 3.41296 3.57133 TRACK
[PUSH_CTRL] 1060 3.42139 3.57133 TRACK
[PUSH_CTRL] 1061 3.42123 3.57133 TRACK
[PUSH_CTRL] 1062 3.42079 3.57133 TRACK
[PUSH_CTRL] 1063 3.42118 3.57133 TRACK
[PUSH_CTRL] 1064 3.42127 3.57133 TRACK
[PUSH_CTRL] 1065 3.42209 3.57133 TRACK
[PUSH_CTRL] 1066 3.4223 3.57133 TRACK
[PUSH_CTRL] 1067 3.43086 3.57133 TRACK
[PUSH_CTRL] 1068 3.42929 3.57133 TRACK
[PUSH_CTRL] 1069 3.42655 3.57133 TRACK
[PUSH_CTRL] 1070 3.42403 3.57133 TRACK
[PUSH_CTRL] 1071 3.42193 3.57133 TRACK
[PUSH_CTRL] 1072 3.42059 3.57133 TRACK
[PUSH_CTRL] 1073 3.42001 3.57133 TRACK
[PUSH_CTRL] 1074 3.42016 3.57133 TRACK
[PUSH_CTRL] 1075 3.42894 3.57133 TRACK
[PUSH_CTRL] 1076 3.42765 3.57133 TRACK
[PUSH_CTRL] 1077 3.42706 3.57133 TRACK
[PUSH_CTRL] 1078 3.42658 3.57133 TRACK
[PUSH_CTRL] 1079 3.426 3.57133 TRACK
[PUSH_CTRL] 1080 3.42532 3.57133 TRACK
[PUSH_CTRL] 1081 3.42471 3.57133 TRACK
[PUSH_CTRL] 1082 3.43335 3.57133 TRACK
[PUSH_CTRL] 1083 3.4327 3.57133 TRACK
[PUSH_CTRL] 1084 3.43202 3.57133 TRACK
[PUSH_CTRL] 1085 3.43084 3.57133 TRACK
[PUSH_CTRL] 1086 3.42925 3.57133 TRACK
[PUSH_CTRL] 1087 3.42736 3.57133 TRACK
[PUSH_CTRL] 1088 3.42525 3.57133 TRACK
[PUSH_CTRL] 1089 3.4324 3.57133 TRACK
[PUSH_CTRL] 1090 3.43047 3.57133 TRACK
[PUSH_CTRL] 1091 3.42867 3.57133 TRACK
[PUSH_CTRL] 1092 3.42719 3.57133 TRACK
[PUSH_CTRL] 1093 3.42608 3.57133 TRACK
[PUSH_CTRL] 1094 3.42512 3.57133 TRACK
[PUSH_CTRL] 1095 3.42416 3.57133 TRACK
[PUSH_CTRL] 1096 3.42317 3.57133 TRACK
[PUSH_CTRL] 1097 3.43151 3.57133 TRACK
[PUSH_CTRL] 1098 3.43073 3.57133 TRACK
[PUSH_CTRL] 1099 3.43005 3.57133 TRACK
[PUSH_CTRL] 1100 3.42923 3.57133 TRACK
[PUSH_CTRL] 1101 3.42886 3.57133 TRACK
[PUSH_CTRL] 1102 3.42862 3.57133 TRACK
[PUSH_CTRL] 1103 3.42825 3.57133 TRACK
[PUSH_CTRL] 1104 3.43685 3.57133 TRACK
[PUSH_CTRL] 1105 3.43579 3.57133 TRACK
[PUSH_CTRL] 1106 3.43464 3.57133 TRACK
[PUSH_CTRL] 1107 3.4335 3.57133 TRACK
[PUSH_CTRL] 1108 3.43259 3.57133 TRACK
[PUSH_CTRL] 1109 3.43191 3.57133 TRACK
[PUSH_CTRL] 1110 3.43112 3.57133 TRACK
[PUSH_CTRL] 1111 3.43024 3.57133 TRACK
[PUSH_CTRL] 1112 3.43844 3.57133 TRACK
[PUSH_CTRL] 1113 3.43743 3.57133 TRACK
[PUSH_CTRL] 1114 3.43635 3.57133 TRACK
[PUSH_CTRL] 1115 3.4353 3.57133 TRACK
[PUSH_CTRL] 1116 3.43429 3.57133 TRACK
[PUSH_CTRL] 1117 3.4336 3.57133 TRACK
[PUSH_CTRL] 1118 3.43317 3.57133 TRACK
[PUSH_CTRL] 1119 3.44173 3.57133 TRACK
[PUSH_CTRL] 1120 3.44069 3.57133 TRACK
[PUSH_CTRL] 1121 3.43955 3.57133 TRACK
[PUSH_CTRL] 1122 3.43835 3.57133 TRACK
[PUSH_CTRL] 1123 3.43712 3.57133 TRACK
[PUSH_CTRL] 1124 3.43587 3.57133 TRACK
[PUSH_CTRL] 1125 3.43426 3.57133 TRACK
[PUSH_CTRL] 1126 3.44112 3.57133 TRACK
[PUSH_CTRL] 1127 3.43932 3.57133 TRACK
[PUSH_CTRL] 1128 3.43779 3.57133 TRACK
[PUSH_CTRL] 1129 3.43654 3.57133 TRACK
[PUSH_CTRL] 1130 3.43579 3.57133 TRACK
[PUSH_CTRL] 1131 3.4354 3.57133 TRACK
[PUSH_CTRL] 1132 3.43526 3.57133 TRACK
[PUSH_CTRL] 1133 3.43492 3.57133 TRACK
[PUSH_CTRL] 1134 3.44346 3.57133 TRACK
[PUSH_CTRL] 1135 3.4428 3.57133 TRACK
[PUSH_CTRL] 1136 3.44197 3.57133 TRACK
[PUSH_CTRL] 1137 3.44103 3.57133 TRACK
[PUSH_CTRL] 1138 3.44002 3.57133 TRACK
[PUSH_CTRL] 1139 3.43896 3.57133 TRACK
[PUSH_CTRL] 1140 3.43805 3.57133 TRACK
[PUSH_CTRL] 1141 3.44525 3.57133 TRACK
[PUSH_CTRL] 1142 3.44205 3.57133 TRACK
[PUSH_CTRL] 1143 3.43879 3.57133 TRACK
[PUSH_CTRL] 1144 3.43563 3.57133 TRACK
[PUSH_CTRL] 1145 3.43258 3.57133 TRACK
[PUSH_CTRL] 1146 3.42962 3.57133 TRACK
[PUSH_CTRL] 1147 3.42707 3.57133 TRACK
[PUSH_CTRL] 1148 3.42451 3.57133 TRACK
[PUSH_CTRL] 1149 3.43164 3.57133 TRACK
[PUSH_CTRL] 1150 3.42942 3.57133 TRACK
[PUSH_CTRL] 1151 3.42741 3.57133 TRACK
[PUSH_CTRL] 1152 3.42568 3.57133 TRACK
[PUSH_CTRL] 1153 3.42409 3.57133 TRACK
[PUSH_CTRL] 1154 3.42263 3.57133 TRACK
[PUSH_CTRL] 1155 3.42144 3.57133 TRACK
[PUSH_CTRL] 1156 3.42092 3.57133 TRACK
[PUSH_CTRL] 1157 3.43093 3.57133 TRACK
[PUSH_CTRL] 1158 3.43204 3.57133 TRACK
[PUSH_CTRL] 1159 3.43258 3.57133 TRACK
[PUSH_CTRL] 1160 3.43284 3.57133 TRACK
[PUSH_CTRL] 1161 3.43192 3.57133 TRACK
[PUSH_CTRL] 1162 3.43058 3.57133 TRACK
[PUSH_CTRL] 1163 3.42923 3.57133 TRACK
[PUSH_CTRL] 1164 3.43727 3.57133 TRACK
[PUSH_CTRL] 1165 3.43602 3.57133 TRACK
[PUSH_CTRL] 1166 3.43491 3.57133 TRACK
[PUSH_CTRL] 1167 3.43422 3.57133 TRACK
[PUSH_CTRL] 1168 3.4337 3.57133 TRACK
[PUSH_CTRL] 1169 3.43297 3.57133 TRACK
[PUSH_CTRL] 1170 3.43254 3.57133 TRACK
[PUSH_CTRL] 1171 3.44089 3.57133 TRACK
[PUSH_CTRL] 1172 3.43986 3.57133 TRACK
[PUSH_CTRL] 1173 3.43865 3.57133 TRACK
[PUSH_CTRL] 1174 3.43739 3.57133 TRACK
[PUSH_CTRL] 1175 3.43698 3.57133 TRACK
[PUSH_CTRL] 1176 3.43642 3.57133 TRACK
[PUSH_CTRL] 1177 3.43558 3.57133 TRACK
[PUSH_CTRL] 1178 3.43378 3.57133 TRACK
[PUSH_CTRL] 1179 3.44066 3.57133 TRACK
[PUSH_CTRL] 1180 3.43891 3.57133 TRACK
[PUSH_CTRL] 1181 3.43756 3.57133 TRACK
[PUSH_CTRL] 1182 3.43632 3.57133 TRACK
[PUSH_CTRL] 1183 3.43557 3.57133 TRACK
[PUSH_CTRL] 1184 3.43572 3.57133 TRACK
[PUSH_CTRL] 1185 3.43566 3.57133 TRACK
[PUSH_CTRL] 1186 3.4442 3.57133 TRACK
[PUSH_CTRL] 1187 3.44339 3.57133 TRACK
[PUSH_CTRL] 1188 3.44232 3.57133 TRACK
[PUSH_CTRL] 1189 3.44116 3.57133 TRACK
[PUSH_CTRL] 1190 3.44003 3.57133 TRACK
[PUSH_CTRL] 1191 3.43908 3.57133 TRACK
[PUSH_CTRL] 1192 3.43836 3.57133 TRACK
[PUSH_CTRL] 1193 3.44653 3.57133 TRACK
[PUSH_CTRL] 1194 3.44577 3.57133 TRACK
[PUSH_CTRL] 1195 3.4449 3.57133 TRACK
[PUSH_CTRL] 1196 3.44396 3.57133 TRACK
[PUSH_CTRL] 1197 3.44297 3.57133 TRACK
[PUSH_CTRL] 1198 3.44195 3.57133 TRACK
[PUSH_CTRL] 1199 3.44091 3.57133 TRACK
[PUSH_CTRL] 1200 3.44076 3.57133 TRACK
[PUSH_CTRL] 1201 3.44922 3.57133 TRACK
[PUSH_CTRL] 1202 3.44861 3.57133 TRACK
[PUSH_CTRL] 1203 3.44781 3.57133 TRACK
[PUSH_CTRL] 1204 3.44699 3.57133 TRACK
[PUSH_CTRL] 1205 3.44626 3.57133 TRACK
[PUSH_CTRL] 1206 3.44631 3.57133 TRACK
[PUSH_CTRL] 1207 3.44613 3.57133 TRACK
[PUSH_CTRL] 1208 3.45434 3.57133 TRACK
[PUSH_CTRL] 1209 3.45359 3.57133 TRACK
[PUSH_CTRL] 1210 3.45269 3.57133 TRACK
[PUSH_CTRL] 1211 3.4517 3.57133 TRACK
[PUSH_CTRL] 1212 3.45054 3.57133 TRACK
[PUSH_CTRL] 1213 3.44924 3.57133 TRACK
[PUSH_CTRL] 1214 3.44803 3.57133 TRACK
[PUSH_CTRL] 1215 3.45546 3.57133 TRACK
[PUSH_CTRL] 1216 3.45439 3.57133 TRACK
[PUSH_CTRL] 1217 3.45333 3.57133 TRACK
[PUSH_CTRL] 1218 3.45235 3.57133 TRACK
[PUSH_CTRL] 1219 3.45164 3.57133 TRACK
[PUSH_CTRL] 1220 3.45118 3.57133 TRACK
[PUSH_CTRL] 1221 3.45062 3.57133 TRACK
[PUSH_CTRL] 1222 3.45835 3.57133 TRACK
[PUSH_CTRL] 1223 3.45763 3.57133 TRACK
[PUSH_CTRL] 1224 3.45678 3.57133 TRACK
[PUSH_CTRL] 1225 3.45585 3.57133 TRACK
[PUSH_CTRL] 1226 3.45485 3.57133 TRACK
[PUSH_CTRL] 1227 3.45391 3.57133 TRACK
[PUSH_CTRL] 1228 3.45305 3.57133 TRACK
[PUSH_CTRL] 1229 3.45232 3.57133 TRACK
[PUSH_CTRL] 1230 3.45923 3.57133 TRACK
[PUSH_CTRL] 1231 3.45805 3.57133 TRACK
[PUSH_CTRL] 1232 3.45713 3.57133 TRACK
[PUSH_CTRL] 1233 3.45623 3.57133 TRACK
[PUSH_CTRL] 1234 3.45627 3.57133 TRACK
[PUSH_CTRL] 1235 3.45556 3.57133 TRACK
[PUSH_CTRL] 1236 3.45427 3.57133 TRACK
[PUSH_CTRL] 1237 3.46152 3.57133 TRACK
[PUSH_CTRL] 1238 3.46074 3.57133 TRACK
[PUSH_CTRL] 1239 3.46004 3.57133 TRACK
[PUSH_CTRL] 1240 3.45944 3.57133 TRACK
[PUSH_CTRL] 1241 3.45892 3.57133 TRACK
[PUSH_CTRL] 1242 3.45835 3.57133 TRACK
[PUSH_CTRL] 1243 3.45772 3.57133 TRACK
[PUSH_CTRL] 1244 3.46542 3.57133 TRACK
[PUSH_CTRL] 1245 3.46482 3.57133 TRACK
[PUSH_CTRL] 1246 3.4641 3.57133 TRACK
[PUSH_CTRL] 1247 3.4633 3.57133 TRACK
[PUSH_CTRL] 1248 3.46208 3.57133 TRACK
[PUSH_CTRL] 1249 3.46054 3.57133 TRACK
[PUSH_CTRL] 1250 3.45889 3.57133 TRACK
[PUSH_CTRL] 1251 3.45759 3.57133 TRACK
[PUSH_CTRL] 1252 3.46408 3.57133 TRACK
[PUSH_CTRL] 1253 3.46196 3.57133 TRACK
[PUSH_CTRL] 1254 3.46041 3.57133 TRACK
[PUSH_CTRL] 1255 3.45932 3.57133 TRACK
[PUSH_CTRL] 1256 3.45945 3.57133 TRACK
[PUSH_CTRL] 1257 3.45946 3.57133 TRACK
[PUSH_CTRL] 1258 3.45934 3.57133 TRACK
[PUSH_CTRL] 1259 3.46713 3.57133 TRACK
[PUSH_CTRL] 1260 3.46663 3.57133 TRACK
[PUSH_CTRL] 1261 3.46685 3.57133 TRACK
[PUSH_CTRL] 1262 3.46668 3.57133 TRACK
[PUSH_CTRL] 1263 3.46629 3.57133 TRACK
[PUSH_CTRL] 1264 3.46553 3.57133 TRACK
[PUSH_CTRL] 1265 3.46445 3.57133 TRACK
[PUSH_CTRL] 1266 3.47129 3.57133 TRACK
[PUSH_CTRL] 1267 3.46969 3.57133 TRACK
[PUSH_CTRL] 1268 3.46798 3.57133 TRACK
[PUSH_CTRL] 1269 3.46634 3.57133 TRACK
[PUSH_CTRL] 1270 3.46481 3.57133 TRACK
[PUSH_CTRL] 1271 3.46336 3.57133 TRACK
[PUSH_CTRL] 1272 3.46218 3.57133 TRACK
[PUSH_CTRL] 1273 3.46128 3.57133 TRACK
[PUSH_CTRL] 1274 3.46867 3.57133 TRACK
[PUSH_CTRL] 1275 3.46808 3.57133 TRACK
[PUSH_CTRL] 1276 3.4675 3.57133 TRACK
[PUSH_CTRL] 1277 3.46695 3.57133 TRACK
[PUSH_CTRL] 1278 3.46646 3.57133 TRACK
[PUSH_CTRL] 1279 3.46521 3.57133 TRACK
[PUSH_CTRL] 1280 3.46351 3.57133 TRACK
[PUSH_CTRL] 1281 3.46934 3.57133 TRACK
[PUSH_CTRL] 1282 3.46763 3.57133 TRACK
[PUSH_CTRL] 1283 3.46621 3.57133 TRACK
[PUSH_CTRL] 1284 3.46433 3.57133 TRACK
[PUSH_CTRL] 1285 3.4623 3.57133 TRACK
[PUSH_CTRL] 1286 3.46034 3.57133 TRACK
[PUSH_CTRL] 1287 3.45854 3.57133 TRACK
[PUSH_CTRL] 1288 3.46533 3.57133 TRACK
[PUSH_CTRL] 1289 3.46498 3.57133 TRACK
[PUSH_CTRL] 1290 3.46574 3.57133 TRACK
[PUSH_CTRL] 1291 3.46663 3.57133 TRACK
[PUSH_CTRL] 1292 3.468 3.57133 TRACK
[PUSH_CTRL] 1293 3.46893 3.57133 TRACK
[PUSH_CTRL] 1294 3.46948 3.57133 TRACK
[PUSH_CTRL] 1295 3.47724 3.57133 TRACK
[PUSH_CTRL] 1296 3.47686 3.57133 TRACK
[PUSH_CTRL] 1297 3.47705 3.57133 TRACK
[PUSH_CTRL] 1298 3.47679 3.57133 TRACK
[PUSH_CTRL] 1299 3.47627 3.57133 TRACK
[PUSH_CTRL] 1300 3.47568 3.57133 TRACK
[PUSH_CTRL] 1301 3.47504 3.57133 TRACK
[PUSH_CTRL] 1302 3.47442 3.57133 TRACK
[PUSH_CTRL] 1303 3.4814 3.57133 TRACK
[PUSH_CTRL] 1304 3.47992 3.57133 TRACK
[PUSH_CTRL] 1305 3.47854 3.57133 TRACK
[PUSH_CTRL] 1306 3.47724 3.57133 TRACK
[PUSH_CTRL] 1307 3.476 3.57133 TRACK
[PUSH_CTRL] 1308 3.4748 3.57133 TRACK
[PUSH_CTRL] 1309 3.47376 3.57133 TRACK
[PUSH_CTRL] 1310 3.48037 3.57133 TRACK
[PUSH_CTRL] 1311 3.47953 3.57133 TRACK
[PUSH_CTRL] 1312 3.47886 3.57133 TRACK
[PUSH_CTRL] 1313 3.47907 3.57133 TRACK
[PUSH_CTRL] 1314 3.47927 3.57133 TRACK
[PUSH_CTRL] 1315 3.47933 3.57133 TRACK
[PUSH_CTRL] 1316 3.47919 3.57133 TRACK
[PUSH_CTRL] 1317 3.48614 3.57133 TRACK
[PUSH_CTRL] 1318 3.48551 3.57133 TRACK
[PUSH_CTRL] 1319 3.48469 3.57133 TRACK
[PUSH_CTRL] 1320 3.48381 3.57133 TRACK
[PUSH_CTRL] 1321 3.48294 3.57133 TRACK
[PUSH_CTRL] 1322 3.48215 3.57133 TRACK
[PUSH_CTRL] 1323 3.48146 3.57133 TRACK
[PUSH_CTRL] 1324 3.488 3.57133 TRACK
[PUSH_CTRL] 1325 3.48735 3.57133 TRACK
[PUSH_CTRL] 1326 3.48599 3.57133 TRACK
[PUSH_CTRL] 1327 3.48463 3.57133 TRACK
[PUSH_CTRL] 1328 3.48332 3.57133 TRACK
[PUSH_CTRL] 1329 3.48209 3.57133 TRACK
[PUSH_CTRL] 1330 3.48105 3.57133 TRACK
[PUSH_CTRL] 1331 3.48729 3.57133 TRACK
[PUSH_CTRL] 1332 3.48646 3.57133 TRACK
[PUSH_CTRL] 1333 3.48565 3.57133 TRACK
[PUSH_CTRL] 1334 3.48483 3.57133 TRACK
[PUSH_CTRL] 1335 3.484 3.57133 TRACK
[PUSH_CTRL] 1336 3.48337 3.57133 TRACK
[PUSH_CTRL] 1337 3.48274 3.57133 TRACK
[PUSH_CTRL] 1338 3.48221 3.57133 TRACK
[PUSH_CTRL] 1339 3.48883 3.57133 TRACK
[PUSH_CTRL] 1340 3.48832 3.57133 TRACK
[PUSH_CTRL] 1341 3.48781 3.57133 TRACK
[PUSH_CTRL] 1342 3.48737 3.57133 TRACK
[PUSH_CTRL] 1343 3.48684 3.57133 TRACK
[PUSH_CTRL] 1344 3.48623 3.57133 TRACK
[PUSH_CTRL] 1345 3.48556 3.57133 TRACK
[PUSH_CTRL] 1346 3.49174 3.57133 TRACK
[PUSH_CTRL] 1347 3.49098 3.57133 TRACK
[PUSH_CTRL] 1348 3.49014 3.57133 TRACK
[PUSH_CTRL] 1349 3.48931 3.57133 TRACK
[PUSH_CTRL] 1350 3.48855 3.57133 TRACK
[PUSH_CTRL] 1351 3.488 3.57133 TRACK
[PUSH_CTRL] 1352 3.48763 3.57133 TRACK
[PUSH_CTRL] 1353 3.49417 3.57133 TRACK
[PUSH_CTRL] 1354 3.49338 3.57133 TRACK
[PUSH_CTRL] 1355 3.49251 3.57133 TRACK
[PUSH_CTRL] 1356 3.49159 3.57133 TRACK
[PUSH_CTRL] 1357 3.49065 3.57133 TRACK
[PUSH_CTRL] 1358 3.48969 3.57133 TRACK
[PUSH_CTRL] 1359 3.48838 3.57133 TRACK
[PUSH_CTRL] 1360 3.48643 3.57133 TRACK
[PUSH_CTRL] 1361 3.49184 3.57133 TRACK
[PUSH_CTRL] 1362 3.49069 3.57133 TRACK
[PUSH_CTRL] 1363 3.48989 3.57133 TRACK
[PUSH_CTRL] 1364 3.48937 3.57133 TRACK
[PUSH_CTRL] 1365 3.48921 3.57133 TRACK
[PUSH_CTRL] 1366 3.48895 3.57133 TRACK
[PUSH_CTRL] 1367 3.48859 3.57133 TRACK
[PUSH_CTRL] 1368 3.49486 3.57133 TRACK
[PUSH_CTRL] 1369 3.49428 3.57133 TRACK
[PUSH_CTRL] 1370 3.49342 3.57133 TRACK
[PUSH_CTRL] 1371 3.49249 3.57133 TRACK
[PUSH_CTRL] 1372 3.49158 3.57133 TRACK
[PUSH_CTRL] 1373 3.49075 3.57133 TRACK
[PUSH_CTRL] 1374 3.49012 3.57133 TRACK
[PUSH_CTRL] 1375 3.4897 3.57133 TRACK
[PUSH_CTRL] 1376 3.496 3.57133 TRACK
[PUSH_CTRL] 1377 3.49552 3.57133 TRACK
[PUSH_CTRL] 1378 3.49492 3.57133 TRACK
[PUSH_CTRL] 1379 3.49389 3.57133 TRACK
[PUSH_CTRL] 1380 3.49286 3.57133 TRACK
[PUSH_CTRL] 1381 3.49184 3.57133 TRACK
[PUSH_CTRL] 1382 3.49092 3.57133 TRACK
[PUSH_CTRL] 1383 3.49595 3.57133 TRACK
[PUSH_CTRL] 1384 3.49469 3.57133 TRACK
[PUSH_CTRL] 1385 3.4938 3.57133 TRACK
[PUSH_CTRL] 1386 3.49297 3.57133 TRACK
[PUSH_CTRL] 1387 3.49215 3.57133 TRACK
[PUSH_CTRL] 1388 3.49133 3.57133 TRACK
[PUSH_CTRL] 1389 3.49049 3.57133 TRACK
[PUSH_CTRL] 1390 3.49633 3.57133 TRACK
[PUSH_CTRL] 1391 3.49558 3.57133 TRACK
[PUSH_CTRL] 1392 3.49483 3.57133 TRACK
[PUSH_CTRL] 1393 3.49413 3.57133 TRACK
[PUSH_CTRL] 1394 3.49437 3.57133 TRACK
[PUSH_CTRL] 1395 3.49441 3.57133 TRACK
[PUSH_CTRL] 1396 3.49389 3.57133 TRACK
[PUSH_CTRL] 1397 3.49966 3.57133 TRACK
[PUSH_CTRL] 1398 3.49889 3.57133 TRACK
[PUSH_CTRL] 1399 3.49804 3.57133 TRACK
[PUSH_CTRL] 1400 3.49713 3.57133 TRACK
[PUSH_CTRL] 1401 3.49617 3.57133 TRACK
[PUSH_CTRL] 1402 3.4958 3.57133 TRACK
[PUSH_CTRL] 1403 3.49547 3.57133 TRACK
[PUSH_CTRL] 1404 3.49518 3.57133 TRACK
[PUSH_CTRL] 1405 3.5023 3.57133 TRACK
[PUSH_CTRL] 1406 3.50273 3.57133 TRACK
[PUSH_CTRL] 1407 3.50282 3.57133 TRACK
[PUSH_CTRL] 1408 3.50245 3.57133 TRACK
[PUSH_CTRL] 1409 3.50179 3.57133 TRACK
[PUSH_CTRL] 1410 3.50034 3.57133 TRACK
[PUSH_CTRL] 1411 3.4991 3.57133 TRACK
[PUSH_CTRL] 1412 3.50411 3.57133 TRACK
[PUSH_CTRL] 1413 3.50325 3.57133 TRACK
[PUSH_CTRL] 1414 3.50252 3.57133 TRACK
[PUSH_CTRL] 1415 3.50191 3.57133 TRACK
[PUSH_CTRL] 1416 3.5016 3.57133 TRACK
[PUSH_CTRL] 1417 3.50149 3.57133 TRACK
[PUSH_CTRL] 1418 3.50123 3.57133 TRACK
[PUSH_CTRL] 1419 3.50687 3.57133 TRACK
[PUSH_CTRL] 1420 3.50639 3.57133 TRACK
[PUSH_CTRL] 1421 3.50578 3.57133 TRACK
[PUSH_CTRL] 1422 3.50508 3.57133 TRACK
[PUSH_CTRL] 1423 3.5044 3.57133 TRACK
[PUSH_CTRL] 1424 3.50388 3.57133 TRACK
[PUSH_CTRL] 1425 3.50262 3.57133 TRACK
[PUSH_CTRL] 1426 3.50786 3.57133 TRACK
[PUSH_CTRL] 1427 3.50634 3.57133 TRACK
[PUSH_CTRL] 1428 3.50464 3.57133 TRACK
[PUSH_CTRL] 1429 3.50315 3.57133 TRACK
[PUSH_CTRL] 1430 3.50183 3.57133 TRACK
[PUSH_CTRL] 1431 3.50119 3.57133 TRACK
[PUSH_CTRL] 1432 3.50111 3.57133 TRACK
[PUSH_CTRL] 1433 3.50132 3.57133 TRACK
[PUSH_CTRL] 1434 3.50733 3.57133 TRACK
[PUSH_CTRL] 1435 3.50721 3.57133 TRACK
[PUSH_CTRL] 1436 3.5066 3.57133 TRACK
[PUSH_CTRL] 1437 3.50539 3.57133 TRACK
[PUSH_CTRL] 1438 3.50427 3.57133 TRACK
[PUSH_CTRL] 1439 3.50328 3.57133 TRACK
[PUSH_CTRL] 1440 3.50244 3.57133 TRACK
[PUSH_CTRL] 1441 3.50778 3.57133 TRACK
[PUSH_CTRL] 1442 3.50718 3.57133 TRACK
[PUSH_CTRL] 1443 3.50653 3.57133 TRACK
[PUSH_CTRL] 1444 3.50585 3.57133 TRACK
[PUSH_CTRL] 1445 3.50514 3.57133 TRACK
[PUSH_CTRL] 1446 3.50443 3.57133 TRACK
[PUSH_CTRL] 1447 3.5037 3.57133 TRACK
[PUSH_CTRL] 1448 3.50312 3.57133 TRACK
[PUSH_CTRL] 1449 3.50829 3.57133 TRACK
[PUSH_CTRL] 1450 3.50762 3.57133 TRACK
[PUSH_CTRL] 1451 3.50699 3.57133 TRACK
[PUSH_CTRL] 1452 3.50632 3.57133 TRACK
[PUSH_CTRL] 1453 3.506 3.57133 TRACK
[PUSH_CTRL] 1454 3.50559 3.57133 TRACK
[PUSH_CTRL] 1455 3.50509 3.57133 TRACK
[PUSH_CTRL] 1456 3.51034 3.57133 TRACK
[PUSH_CTRL] 1457 3.50979 3.57133 TRACK
[PUSH_CTRL] 1458 3.50919 3.57133 TRACK
[PUSH_CTRL] 1459 3.5086 3.57133 TRACK
[PUSH_CTRL] 1460 3.50795 3.57133 TRACK
[PUSH_CTRL] 1461 3.50725 3.57133 TRACK
[PUSH_CTRL] 1462 3.50676 3.57133 TRACK
[PUSH_CTRL] 1463 3.5112 3.57133 TRACK
[PUSH_CTRL] 1464 3.51033 3.57133 TRACK
[PUSH_CTRL] 1465 3.50967 3.57133 TRACK
[PUSH_CTRL] 1466 3.50904 3.57133 TRACK
[PUSH_CTRL] 1467 3.50842 3.57133 TRACK
[PUSH_CTRL] 1468 3.508 3.57133 TRACK
[PUSH_CTRL] 1469 3.50689 3.57133 TRACK
[PUSH_CTRL] 1470 3.51147 3.57133 TRACK
[PUSH_CTRL] 1471 3.51079 3.57133 TRACK
[PUSH_CTRL] 1472 3.51023 3.57133 TRACK
[PUSH_CTRL] 1473 3.50979 3.57133 TRACK
[PUSH_CTRL] 1474 3.50944 3.57133 TRACK
[PUSH_CTRL] 1475 3.50934 3.57133 TRACK
[PUSH_CTRL] 1476 3.50999 3.57133 TRACK
[PUSH_CTRL] 1477 3.51575 3.57133 TRACK
[PUSH_CTRL] 1478 3.51587 3.57133 TRACK
[PUSH_CTRL] 1479 3.51543 3.57133 TRACK
[PUSH_CTRL] 1480 3.51434 3.57133 TRACK
[PUSH_CTRL] 1481 3.5133 3.57133 TRACK
[PUSH_CTRL] 1482 3.51235 3.57133 TRACK
[PUSH_CTRL] 1483 3.51162 3.57133 TRACK
[PUSH_CTRL] 1484 3.51109 3.57133 TRACK
[PUSH_CTRL] 1485 3.51588 3.57133 TRACK
[PUSH_CTRL] 1486 3.51484 3.57133 TRACK
[PUSH_CTRL] 1487 3.51382 3.57133 TRACK
[PUSH_CTRL] 1488 3.51284 3.57133 TRACK
[PUSH_CTRL] 1489 3.51191 3.57133 TRACK
[PUSH_CTRL] 1490 3.5111 3.57133 TRACK
[PUSH_CTRL] 1491 3.5105 3.57133 TRACK
[PUSH_CTRL] 1492 3.51545 3.57133 TRACK
[PUSH_CTRL] 1493 3.515 3.57133 TRACK
[PUSH_CTRL] 1494 3.51456 3.57133 TRACK
[PUSH_CTRL] 1495 3.51443 3.57133 TRACK
[PUSH_CTRL] 1496 3.51418 3.57133 TRACK
[PUSH_CTRL] 1497 3.5141 3.57133 TRACK
[PUSH_CTRL] 1498 3.51421 3.57133 TRACK
[PUSH_CTRL] 1499 3.51943 3.57133 TRACK
[PUSH_CTRL] 1500 3.51953 3.57133 TRACK
[PUSH_CTRL] 1501 3.5186 3.57133 TRACK
[PUSH_CTRL] 1502 3.5177 3.57133 TRACK
[PUSH_CTRL] 1503 3.51706 3.57133 TRACK
[PUSH_CTRL] 1504 3.51659 3.57133 TRACK
[PUSH_CTRL] 1505 3.51622 3.57133 TRACK
[PUSH_CTRL] 1506 3.51617 3.57133 TRACK
[PUSH_CTRL] 1507 3.5211 3.57133 TRACK
[PUSH_CTRL] 1508 3.52045 3.57133 TRACK
[PUSH_CTRL] 1509 3.51936 3.57133 TRACK
[PUSH_CTRL] 1510 3.51833 3.57133 TRACK
[PUSH_CTRL] 1511 3.51743 3.57133 TRACK
[PUSH_CTRL] 1512 3.51577 3.57133 TRACK
[PUSH_CTRL] 1513 3.5146 3.57133 TRACK
[PUSH_CTRL] 1514 3.51892 3.57133 TRACK
[PUSH_CTRL] 1515 3.51915 3.57133 TRACK
[PUSH_CTRL] 1516 3.51924 3.57133 TRACK
[PUSH_CTRL] 1517 3.51918 3.57133 TRACK
[PUSH_CTRL] 1518 3.51881 3.57133 TRACK
[PUSH_CTRL] 1519 3.51835 3.57133 TRACK
[PUSH_CTRL] 1520 3.51786 3.57133 TRACK
[PUSH_CTRL] 1521 3.52234 3.57133 TRACK
[PUSH_CTRL] 1522 3.52174 3.57133 TRACK
[PUSH_CTRL] 1523 3.52113 3.57133 TRACK
[PUSH_CTRL] 1524 3.52055 3.57133 TRACK
[PUSH_CTRL] 1525 3.51998 3.57133 TRACK
[PUSH_CTRL] 1526 3.51942 3.57133 TRACK
[PUSH_CTRL] 1527 3.51887 3.57133 TRACK
[PUSH_CTRL] 1528 3.52315 3.57133 TRACK
[PUSH_CTRL] 1529 3.52234 3.57133 TRACK
[PUSH_CTRL] 1530 3.5215 3.57133 TRACK
[PUSH_CTRL] 1531 3.5207 3.57133 TRACK
[PUSH_CTRL] 1532 3.52091 3.57133 TRACK
[PUSH_CTRL] 1533 3.52087 3.57133 TRACK
[PUSH_CTRL] 1534 3.52066 3.57133 TRACK
[PUSH_CTRL] 1535 3.5251 3.57133 TRACK
[PUSH_CTRL] 1536 3.52469 3.57133 TRACK
[PUSH_CTRL] 1537 3.52416 3.57133 TRACK
[PUSH_CTRL] 1538 3.5236 3.57133 TRACK
[PUSH_CTRL] 1539 3.52301 3.57133 TRACK
[PUSH_CTRL] 1540 3.5224 3.57133 TRACK
[PUSH_CTRL] 1541 3.52184 3.57133 TRACK
[PUSH_CTRL] 1542 3.52057 3.57133 TRACK
[PUSH_CTRL] 1543 3.52438 3.57133 TRACK
[PUSH_CTRL] 1544 3.52369 3.57133 TRACK
[PUSH_CTRL] 1545 3.52324 3.57133 TRACK
[PUSH_CTRL] 1546 3.52299 3.57133 TRACK
[PUSH_CTRL] 1547 3.52287 3.57133 TRACK
[PUSH_CTRL] 1548 3.52271 3.57133 TRACK
[PUSH_CTRL] 1549 3.52246 3.57133 TRACK
[PUSH_CTRL] 1550 3.52673 3.57133 TRACK
[PUSH_CTRL] 1551 3.52635 3.57133 TRACK
[PUSH_CTRL] 1552 3.52588 3.57133 TRACK
[PUSH_CTRL] 1553 3.52534 3.57133 TRACK
[PUSH_CTRL] 1554 3.52476 3.57133 TRACK
[PUSH_CTRL] 1555 3.52415 3.57133 TRACK
[PUSH_CTRL] 1556 3.5236 3.57133 TRACK
[PUSH_CTRL] 1557 3.5276 3.57133 TRACK
[PUSH_CTRL] 1558 3.5271 3.57133 TRACK
[PUSH_CTRL] 1559 3.52662 3.57133 TRACK
[PUSH_CTRL] 1560 3.52622 3.57133 TRACK
[PUSH_CTRL] 1561 3.52587 3.57133 TRACK
[PUSH_CTRL] 1562 3.52547 3.57133 TRACK
[PUSH_CTRL] 1563 3.52504 3.57133 TRACK
[PUSH_CTRL] 1564 3.52457 3.57133 TRACK
[PUSH_CTRL] 1565 3.52852 3.57133 TRACK
[PUSH_CTRL] 1566 3.528 3.57133 TRACK
[PUSH_CTRL] 1567 3.52745 3.57133 TRACK
[PUSH_CTRL] 1568 3.52693 3.57133 TRACK
[PUSH_CTRL] 1569 3.52653 3.57133 TRACK
[PUSH_CTRL] 1570 3.52623 3.57133 TRACK
[PUSH_CTRL] 1571 3.52521 3.57133 TRACK
[PUSH_CTRL] 1572 3.5283 3.57133 TRACK
[PUSH_CTRL] 1573 3.52717 3.57133 TRACK
[PUSH_CTRL] 1574 3.5261 3.57133 TRACK
[PUSH_CTRL] 1575 3.5251 3.57133 TRACK
[PUSH_CTRL] 1576 3.5238 3.57133 TRACK
[PUSH_CTRL] 1577 3.52288 3.57133 TRACK
[PUSH_CTRL] 1578 3.52221 3.57133 TRACK
[PUSH_CTRL] 1579 3.52617 3.57133 TRACK
[PUSH_CTRL] 1580 3.52578 3.57133 TRACK
[PUSH_CTRL] 1581 3.5255 3.57133 TRACK
[PUSH_CTRL] 1582 3.52533 3.57133 TRACK
[PUSH_CTRL] 1583 3.52523 3.57133 TRACK
[PUSH_CTRL] 1584 3.52503 3.57133 TRACK
[PUSH_CTRL] 1585 3.52473 3.57133 TRACK
[PUSH_CTRL] 1586 3.52866 3.57133 TRACK
[PUSH_CTRL] 1587 3.52824 3.57133 TRACK
[PUSH_CTRL] 1588 3.52742 3.57133 TRACK
[PUSH_CTRL] 1589 3.52632 3.57133 TRACK
[PUSH_CTRL] 1590 3.52556 3.57133 TRACK
[PUSH_CTRL] 1591 3.52499 3.57133 TRACK
[PUSH_CTRL] 1592 3.52456 3.57133 TRACK
[PUSH_CTRL] 1593 3.52441 3.57133 TRACK
[PUSH_CTRL] 1594 3.52872 3.57133 TRACK
[PUSH_CTRL] 1595 3.52861 3.57133 TRACK
[PUSH_CTRL] 1596 3.5284 3.57133 TRACK
[PUSH_CTRL] 1597 3.52809 3.57133 TRACK
[PUSH_CTRL] 1598 3.5277 3.57133 TRACK
[PUSH_CTRL] 1599 3.52723 3.57133 TRACK
[PUSH_CTRL] 1600 3.52673 3.57133 TRACK
[PUSH_CTRL] 1601 3.53039 3.57133 TRACK
[PUSH_CTRL] 1602 3.5296 3.57133 TRACK
[PUSH_CTRL] 1603 3.52874 3.57133 TRACK
[PUSH_CTRL] 1604 3.5279 3.57133 TRACK
[PUSH_CTRL] 1605 3.52723 3.57133 TRACK
[PUSH_CTRL] 1606 3.52667 3.57133 TRACK
[PUSH_CTRL] 1607 3.52626 3.57133 TRACK
[PUSH_CTRL] 1608 3.53013 3.57133 TRACK
[PUSH_CTRL] 1609 3.52996 3.57133 TRACK
[PUSH_CTRL] 1610 3.5297 3.57133 TRACK
[PUSH_CTRL] 1611 3.52936 3.57133 TRACK
[PUSH_CTRL] 1612 3.52897 3.57133 TRACK
[PUSH_CTRL] 1613 3.52853 3.57133 TRACK
[PUSH_CTRL] 1614 3.52805 3.57133 TRACK
[PUSH_CTRL] 1615 3.52755 3.57133 TRACK
[PUSH_CTRL] 1616 3.53042 3.57133 TRACK
[PUSH_CTRL] 1617 3.5278 3.57133 TRACK
[PUSH_CTRL] 1618 3.52467 3.57133 TRACK
[PUSH_CTRL] 1619 3.52167 3.57133 TRACK
[PUSH_CTRL] 1620 3.51918 3.57133 TRACK
[PUSH_CTRL] 1621 3.51692 3.57133 TRACK
[PUSH_CTRL] 1622 3.51496 3.57133 TRACK
[PUSH_CTRL] 1623 3.51326 3.57133 TRACK
[PUSH_CTRL] 1624 3.51634 3.57133 TRACK
[PUSH_CTRL] 1625 3.51483 3.57133 TRACK
[PUSH_CTRL] 1626 3.51244 3.57133 TRACK
[PUSH_CTRL] 1627 3.51115 3.57133 TRACK
[PUSH_CTRL] 1628 3.51073 3.57133 TRACK
[PUSH_CTRL] 1629 3.50991 3.57133 TRACK
[PUSH_CTRL] 1630 3.50991 3.57133 TRACK
[PUSH_CTRL] 1631 3.51476 3.57133 TRACK
[PUSH_CTRL] 1632 3.51492 3.57133 TRACK
[PUSH_CTRL] 1633 3.51476 3.57133 TRACK
[PUSH_CTRL] 1634 3.51374 3.57133 TRACK
[PUSH_CTRL] 1635 3.51247 3.57133 TRACK
[PUSH_CTRL] 1636 3.5113 3.57133 TRACK
[PUSH_CTRL] 1637 3.50967 3.57133 TRACK
[PUSH_CTRL] 1638 3.50827 3.57133 TRACK
[PUSH_CTRL] 1639 3.51189 3.57133 TRACK
[PUSH_CTRL] 1640 3.51137 3.57133 TRACK
[PUSH_CTRL] 1641 3.51108 3.57133 TRACK
[PUSH_CTRL] 1642 3.51136 3.57133 TRACK
[PUSH_CTRL] 1643 3.51101 3.57133 TRACK
[PUSH_CTRL] 1644 3.51009 3.57133 TRACK
[PUSH_CTRL] 1645 3.50887 3.57133 TRACK
[PUSH_CTRL] 1646 3.51188 3.57133 TRACK
[PUSH_CTRL] 1647 3.51078 3.57133 TRACK
[PUSH_CTRL] 1648 3.50921 3.57133 TRACK
[PUSH_CTRL] 1649 3.50833 3.57133 TRACK
[PUSH_CTRL] 1650 3.5075 3.57133 TRACK
[PUSH_CTRL] 1651 3.50673 3.57133 TRACK
[PUSH_CTRL] 1652 3.5056 3.57133 TRACK
[PUSH_CTRL] 1653 3.50905 3.57133 TRACK
[PUSH_CTRL] 1654 3.50822 3.57133 TRACK
[PUSH_CTRL] 1655 3.50771 3.57133 TRACK
[PUSH_CTRL] 1656 3.50742 3.57133 TRACK
[PUSH_CTRL] 1657 3.50728 3.57133 TRACK
[PUSH_CTRL] 1658 3.50744 3.57133 TRACK
[PUSH_CTRL] 1659 3.50772 3.57133 TRACK
[PUSH_CTRL] 1660 3.50804 3.57133 TRACK
[PUSH_CTRL] 1661 3.51277 3.57133 TRACK
[PUSH_CTRL] 1662 3.51229 3.57133 TRACK
[PUSH_CTRL] 1663 3.51171 3.57133 TRACK
[PUSH_CTRL] 1664 3.51108 3.57133 TRACK
[PUSH_CTRL] 1665 3.51006 3.57133 TRACK
[PUSH_CTRL] 1666 3.50911 3.57133 TRACK
[PUSH_CTRL] 1667 3.50821 3.57133 TRACK
[PUSH_CTRL] 1668 3.51205 3.57133 TRACK
[PUSH_CTRL] 1669 3.51133 3.57133 TRACK
[PUSH_CTRL] 1670 3.51069 3.57133 TRACK
[PUSH_CTRL] 1671 3.51018 3.57133 TRACK
[PUSH_CTRL] 1672 3.50972 3.57133 TRACK
[PUSH_CTRL] 1673 3.50931 3.57133 TRACK
[PUSH_CTRL] 1674 3.50886 3.57133 TRACK
[PUSH_CTRL] 1675 3.51292 3.57133 TRACK
[PUSH_CTRL] 1676 3.51239 3.57133 TRACK
[PUSH_CTRL] 1677 3.5118 3.57133 TRACK
[PUSH_CTRL] 1678 3.51121 3.57133 TRACK
[PUSH_CTRL] 1679 3.51066 3.57133 TRACK
[PUSH_CTRL] 1680 3.51027 3.57133 TRACK
[PUSH_CTRL] 1681 3.51001 3.57133 TRACK
[PUSH_CTRL] 1682 3.50969 3.57133 TRACK
[PUSH_CTRL] 1683 3.51383 3.57133 TRACK
[PUSH_CTRL] 1684 3.51334 3.57133 TRACK
[PUSH_CTRL] 1685 3.5124 3.57133 TRACK
[PUSH_CTRL] 1686 3.5115 3.57133 TRACK
[PUSH_CTRL] 1687 3.51069 3.57133 TRACK
[PUSH_CTRL] 1688 3.50999 3.57133 TRACK
[PUSH_CTRL] 1689 3.50953 3.57133 TRACK
[PUSH_CTRL] 1690 3.51377 3.57133 TRACK
[PUSH_CTRL] 1691 3.51413 3.57133 TRACK
[PUSH_CTRL] 1692 3.51426 3.57133 TRACK
[PUSH_CTRL] 1693 3.51421 3.57133 TRACK
[PUSH_CTRL] 1694 3.51402 3.57133 TRACK
[PUSH_CTRL] 1695 3.5137 3.57133 TRACK
[PUSH_CTRL] 1696 3.51309 3.57133 TRACK
[PUSH_CTRL] 1697 3.51682 3.57133 TRACK
[PUSH_CTRL] 1698 3.51613 3.57133 TRACK
[PUSH_CTRL] 1699 3.51542 3.57133 TRACK
[PUSH_CTRL] 1700 3.51476 3.57133 TRACK
[PUSH_CTRL] 1701 3.51423 3.57133 TRACK
[PUSH_CTRL] 1702 3.51384 3.57133 TRACK
[PUSH_CTRL] 1703 3.51343 3.57133 TRACK
[PUSH_CTRL] 1704 3.51731 3.57133 TRACK
[PUSH_CTRL] 1705 3.51716 3.57133 TRACK
[PUSH_CTRL] 1706 3.51688 3.57133 TRACK
[PUSH_CTRL] 1707 3.51648 3.57133 TRACK
[PUSH_CTRL] 1708 3.516 3.57133 TRACK
[PUSH_CTRL] 1709 3.51527 3.57133 TRACK
[PUSH_CTRL] 1710 3.51454 3.57133 TRACK
[PUSH_CTRL] 1711 3.51387 3.57133 TRACK
[PUSH_CTRL] 1712 3.51765 3.57133 TRACK
[PUSH_CTRL] 1713 3.5171 3.57133 TRACK
[PUSH_CTRL] 1714 3.51659 3.57133 TRACK
[PUSH_CTRL] 1715 3.51604 3.57133 TRACK
[PUSH_CTRL] 1716 3.51544 3.57133 TRACK
[PUSH_CTRL] 1717 3.51481 3.57133 TRACK
[PUSH_CTRL] 1718 3.51376 3.57133 TRACK
[PUSH_CTRL] 1719 3.51706 3.57133 TRACK
[PUSH_CTRL] 1720 3.51617 3.57133 TRACK
[PUSH_CTRL] 1721 3.51558 3.57133 TRACK
[PUSH_CTRL] 1722 3.51511 3.57133 TRACK
[PUSH_CTRL] 1723 3.51476 3.57133 TRACK
[PUSH_CTRL] 1724 3.51464 3.57133 TRACK
[PUSH_CTRL] 1725 3.51465 3.57133 TRACK
[PUSH_CTRL] 1726 3.51463 3.57133 TRACK
[PUSH_CTRL] 1727 3.51881 3.57133 TRACK
[PUSH_CTRL] 1728 3.51861 3.57133 TRACK
[PUSH_CTRL] 1729 3.51829 3.57133 TRACK
[PUSH_CTRL] 1730 3.51789 3.57133 TRACK
[PUSH_CTRL] 1731 3.51742 3.57133 TRACK
[PUSH_CTRL] 1732 3.51696 3.57133 TRACK
[PUSH_CTRL] 1733 3.51654 3.57133 TRACK
[PUSH_CTRL] 1734 3.5204 3.57133 TRACK
[PUSH_CTRL] 1735 3.52005 3.57133 TRACK
[PUSH_CTRL] 1736 3.51962 3.57133 TRACK
[PUSH_CTRL] 1737 3.51912 3.57133 TRACK
[PUSH_CTRL] 1738 3.51855 3.57133 TRACK
[PUSH_CTRL] 1739 3.51758 3.57133 TRACK
[PUSH_CTRL] 1740 3.51666 3.57133 TRACK
[PUSH_CTRL] 1741 3.51999 3.57133 TRACK
[PUSH_CTRL] 1742 3.51926 3.57133 TRACK
[PUSH_CTRL] 1743 3.51839 3.57133 TRACK
[PUSH_CTRL] 1744 3.51777 3.57133 TRACK
[PUSH_CTRL] 1745 3.51715 3.57133 TRACK
[PUSH_CTRL] 1746 3.51654 3.57133 TRACK
[PUSH_CTRL] 1747 3.51592 3.57133 TRACK
[PUSH_CTRL] 1748 3.5192 3.57133 TRACK
[PUSH_CTRL] 1749 3.5183 3.57133 TRACK
[PUSH_CTRL] 1750 3.51736 3.57133 TRACK
[PUSH_CTRL] 1751 3.51652 3.57133 TRACK
[PUSH_CTRL] 1752 3.51571 3.57133 TRACK
[PUSH_CTRL] 1753 3.51494 3.57133 TRACK
[PUSH_CTRL] 1754 3.51448 3.57133 TRACK
[PUSH_CTRL] 1755 3.5141 3.57133 TRACK
[PUSH_CTRL] 1756 3.51854 3.57133 TRACK
[PUSH_CTRL] 1757 3.51841 3.57133 TRACK
[PUSH_CTRL] 1758 3.51789 3.57133 TRACK
[PUSH_CTRL] 1759 3.51724 3.57133 TRACK
[PUSH_CTRL] 1760 3.51655 3.57133 TRACK
[PUSH_CTRL] 1761 3.51541 3.57133 TRACK
[PUSH_CTRL] 1762 3.51396 3.57133 TRACK
[PUSH_CTRL] 1763 3.51681 3.57133 TRACK
[PUSH_CTRL] 1764 3.51564 3.57133 TRACK
[PUSH_CTRL] 1765 3.51459 3.57133 TRACK
[PUSH_CTRL] 1766 3.51237 3.57133 TRACK
[PUSH_CTRL] 1767 3.5101 3.57133 TRACK
[PUSH_CTRL] 1768 3.50803 3.57133 TRACK
[PUSH_CTRL] 1769 3.50614 3.57133 TRACK
[PUSH_CTRL] 1770 3.50413 3.57133 TRACK
[PUSH_CTRL] 1771 3.50709 3.57133 TRACK
[PUSH_CTRL] 1772 3.50604 3.57133 TRACK
[PUSH_CTRL] 1773 3.50506 3.57133 TRACK
[PUSH_CTRL] 1774 3.50315 3.57133 TRACK
[PUSH_CTRL] 1775 3.50225 3.57133 TRACK
[PUSH_CTRL] 1776 3.50134 3.57133 TRACK
[PUSH_CTRL] 1777 3.50065 3.57133 TRACK
[PUSH_CTRL] 1778 3.50496 3.57133 TRACK
[PUSH_CTRL] 1779 3.50572 3.57133 TRACK
[PUSH_CTRL] 1780 3.50619 3.57133 TRACK
[PUSH_CTRL] 1781 3.50654 3.57133 TRACK
[PUSH_CTRL] 1782 3.50689 3.57133 TRACK
[PUSH_CTRL] 1783 3.50691 3.57133 TRACK
[PUSH_CTRL] 1784 3.50657 3.57133 TRACK
[PUSH_CTRL] 1785 3.5061 3.57133 TRACK
[PUSH_CTRL] 1786 3.50936 3.57133 TRACK
[PUSH_CTRL] 1787 3.50772 3.57133 TRACK
[PUSH_CTRL] 1788 3.50583 3.57133 TRACK
[PUSH_CTRL] 1789 3.50405 3.57133 TRACK
[PUSH_CTRL] 1790 3.50245 3.57133 TRACK
[PUSH_CTRL] 1791 3.50101 3.57133 TRACK
[PUSH_CTRL] 1792 3.49934 3.57133 TRACK
[PUSH_CTRL] 1793 3.50206 3.57133 TRACK
[PUSH_CTRL] 1794 3.50054 3.57133 TRACK
[PUSH_CTRL] 1795 3.49894 3.57133 TRACK
[PUSH_CTRL] 1796 3.49713 3.57133 TRACK
[PUSH_CTRL] 1797 3.49531 3.57133 TRACK
[PUSH_CTRL] 1798 3.49358 3.57133 TRACK
[PUSH_CTRL] 1799 3.49211 3.57133 TRACK
[PUSH_CTRL] 1800 3.4907 3.57133 TRACK
[PUSH_CTRL] 1801 3.494 3.57133 TRACK
[PUSH_CTRL] 1802 3.49244 3.57133 TRACK
[PUSH_CTRL] 1803 3.49072 3.57133 TRACK
[PUSH_CTRL] 1804 3.4881 3.57133 TRACK
[PUSH_CTRL] 1805 3.48631 3.57133 TRACK
[PUSH_CTRL] 1806 3.48566 3.57133 TRACK
[PUSH_CTRL] 1807 3.48501 3.57133 TRACK
[PUSH_CTRL] 1808 3.49009 3.57133 TRACK
[PUSH_CTRL] 1809 3.49057 3.57133 TRACK
[PUSH_CTRL] 1810 3.49012 3.57133 TRACK
[PUSH_CTRL] 1811 3.49008 3.57133 TRACK
[PUSH_CTRL] 1812 3.48995 3.57133 TRACK
[PUSH_CTRL] 1813 3.49007 3.57133 TRACK
[PUSH_CTRL] 1814 3.49002 3.57133 TRACK
[PUSH_CTRL] 1815 3.48958 3.57133 TRACK
[PUSH_CTRL] 1816 3.49379 3.57133 TRACK
[PUSH_CTRL] 1817 3.49306 3.57133 TRACK
[PUSH_CTRL] 1818 3.49229 3.57133 TRACK
[PUSH_CTRL] 1819 3.49141 3.57133 TRACK
[PUSH_CTRL] 1820 3.49053 3.57133 TRACK
[PUSH_CTRL] 1821 3.48996 3.57133 TRACK
[PUSH_CTRL] 1822 3.48916 3.57133 TRACK
[PUSH_CTRL] 1823 3.49314 3.57133 TRACK
[PUSH_CTRL] 1824 3.49234 3.57133 TRACK
[PUSH_CTRL] 1825 3.49158 3.57133 TRACK
[PUSH_CTRL] 1826 3.4916 3.57133 TRACK
[PUSH_CTRL] 1827 3.49145 3.57133 TRACK
[PUSH_CTRL] 1828 3.49117 3.57133 TRACK
[PUSH_CTRL] 1829 3.49079 3.57133 TRACK
[PUSH_CTRL] 1830 3.49505 3.57133 TRACK
[PUSH_CTRL] 1831 3.49456 3.57133 TRACK
[PUSH_CTRL] 1832 3.49403 3.57133 TRACK
[PUSH_CTRL] 1833 3.49355 3.57133 TRACK
[PUSH_CTRL] 1834 3.49303 3.57133 TRACK
[PUSH_CTRL] 1835 3.49245 3.57133 TRACK
[PUSH_CTRL] 1836 3.49182 3.57133 TRACK
[PUSH_CTRL] 1837 3.49148 3.57133 TRACK
[PUSH_CTRL] 1838 3.49573 3.57133 TRACK
[PUSH_CTRL] 1839 3.49521 3.57133 TRACK
[PUSH_CTRL] 1840 3.49465 3.57133 TRACK
[PUSH_CTRL] 1841 3.49413 3.57133 TRACK
[PUSH_CTRL] 1842 3.49372 3.57133 TRACK
[PUSH_CTRL] 1843 3.49341 3.57133 TRACK
[PUSH_CTRL] 1844 3.49302 3.57133 TRACK
[PUSH_CTRL] 1845 3.49714 3.57133 TRACK
[PUSH_CTRL] 1846 3.49656 3.57133 TRACK
[PUSH_CTRL] 1847 3.49589 3.57133 TRACK
[PUSH_CTRL] 1848 3.49516 3.57133 TRACK
[PUSH_CTRL] 1849 3.49469 3.57133 TRACK
[PUSH_CTRL] 1850 3.49414 3.57133 TRACK
[PUSH_CTRL] 1851 3.49362 3.57133 TRACK
[PUSH_CTRL] 1852 3.49313 3.57133 TRACK
[PUSH_CTRL] 1853 3.49744 3.57133 TRACK
[PUSH_CTRL] 1854 3.49706 3.57133 TRACK
[PUSH_CTRL] 1855 3.49662 3.57133 TRACK
[PUSH_CTRL] 1856 3.49618 3.57133 TRACK
[PUSH_CTRL] 1857 3.49566 3.57133 TRACK
[PUSH_CTRL] 1858 3.49507 3.57133 TRACK
[PUSH_CTRL] 1859 3.49443 3.57133 TRACK
[PUSH_CTRL] 1860 3.49834 3.57133 TRACK
[PUSH_CTRL] 1861 3.4968 3.57133 TRACK
[PUSH_CTRL] 1862 3.49557 3.57133 TRACK
[PUSH_CTRL] 1863 3.49479 3.57133 TRACK
[PUSH_CTRL] 1864 3.49436 3.57133 TRACK
[PUSH_CTRL] 1865 3.49388 3.57133 TRACK
[PUSH_CTRL] 1866 3.49335 3.57133 TRACK
[PUSH_CTRL] 1867 3.49736 3.57133 TRACK
[PUSH_CTRL] 1868 3.49674 3.57133 TRACK
[PUSH_CTRL] 1869 3.49607 3.57133 TRACK
[PUSH_CTRL] 1870 3.49564 3.57133 TRACK
[PUSH_CTRL] 1871 3.49529 3.57133 TRACK
[PUSH_CTRL] 1872 3.49516 3.57133 TRACK
[PUSH_CTRL] 1873 3.49518 3.57133 TRACK
[PUSH_CTRL] 1874 3.49966 3.57133 TRACK
[PUSH_CTRL] 1875 3.4995 3.57133 TRACK
[PUSH_CTRL] 1876 3.49923 3.57133 TRACK
[PUSH_CTRL] 1877 3.49883 3.57133 TRACK
[PUSH_CTRL] 1878 3.49835 3.57133 TRACK
[PUSH_CTRL] 1879 3.49743 3.57133 TRACK
[PUSH_CTRL] 1880 3.49618 3.57133 TRACK
[PUSH_CTRL] 1881 3.49429 3.57133 TRACK
[PUSH_CTRL] 1882 3.49777 3.57133 TRACK
[PUSH_CTRL] 1883 3.49696 3.57133 TRACK
[PUSH_CTRL] 1884 3.49621 3.57133 TRACK
[PUSH_CTRL] 1885 3.49546 3.57133 TRACK
[PUSH_CTRL] 1886 3.49505 3.57133 TRACK
[PUSH_CTRL] 1887 3.49459 3.57133 TRACK
[PUSH_CTRL] 1888 3.49435 3.57133 TRACK
[PUSH_CTRL] 1889 3.49878 3.57133 TRACK
[PUSH_CTRL] 1890 3.49858 3.57133 TRACK
[PUSH_CTRL] 1891 3.4984 3.57133 TRACK
[PUSH_CTRL] 1892 3.49827 3.57133 TRACK
[PUSH_CTRL] 1893 3.49809 3.57133 TRACK
[PUSH_CTRL] 1894 3.4978 3.57133 TRACK
[PUSH_CTRL] 1895 3.49742 3.57133 TRACK
[PUSH_CTRL] 1896 3.50145 3.57133 TRACK
[PUSH_CTRL] 1897 3.50088 3.57133 TRACK
[PUSH_CTRL] 1898 3.50028 3.57133 TRACK
[PUSH_CTRL] 1899 3.4997 3.57133 TRACK
[PUSH_CTRL] 1900 3.49915 3.57133 TRACK
[PUSH_CTRL] 1901 3.49879 3.57133 TRACK
[PUSH_CTRL] 1902 3.49838 3.57133 TRACK
[PUSH_CTRL] 1903 3.49748 3.57133 TRACK
[PUSH_CTRL] 1904 3.50114 3.57133 TRACK
[PUSH_CTRL] 1905 3.50027 3.57133 TRACK
[PUSH_CTRL] 1906 3.49943 3.57133 TRACK
[PUSH_CTRL] 1907 3.49867 3.57133 TRACK
[PUSH_CTRL] 1908 3.49801 3.57133 TRACK
[PUSH_CTRL] 1909 3.49746 3.57133 TRACK
[PUSH_CTRL] 1910 3.49784 3.57133 TRACK
[PUSH_CTRL] 1911 3.5025 3.57133 TRACK
[PUSH_CTRL] 1912 3.50247 3.57133 TRACK
[PUSH_CTRL] 1913 3.50205 3.57133 TRACK
[PUSH_CTRL] 1914 3.50146 3.57133 TRACK
[PUSH_CTRL] 1915 3.50081 3.57133 TRACK
[PUSH_CTRL] 1916 3.50016 3.57133 TRACK
[PUSH_CTRL] 1917 3.49963 3.57133 TRACK
[PUSH_CTRL] 1918 3.50283 3.57133 TRACK
[PUSH_CTRL] 1919 3.50139 3.57133 TRACK
[PUSH_CTRL] 1920 3.50006 3.57133 TRACK
[PUSH_CTRL] 1921 3.49903 3.57133 TRACK
[PUSH_CTRL] 1922 3.4983 3.57133 TRACK
[PUSH_CTRL] 1923 3.49786 3.57133 TRACK
[PUSH_CTRL] 1924 3.49765 3.57133 TRACK
[PUSH_CTRL] 1925 3.50229 3.57133 TRACK
[PUSH_CTRL] 1926 3.50244 3.57133 TRACK
[PUSH_CTRL] 1927 3.50156 3.57133 TRACK
[PUSH_CTRL] 1928 3.50045 3.57133 TRACK
[PUSH_CTRL] 1929 3.49947 3.57133 TRACK
[PUSH_CTRL] 1930 3.49859 3.57133 TRACK
[PUSH_CTRL] 1931 3.49803 3.57133 TRACK
[PUSH_CTRL] 1932 3.49812 3.57133 TRACK
[PUSH_CTRL] 1933 3.5032 3.57133 TRACK
[PUSH_CTRL] 1934 3.50375 3.57133 TRACK
[PUSH_CTRL] 1935 3.50397 3.57133 TRACK
[PUSH_CTRL] 1936 3.5038 3.57133 TRACK
[PUSH_CTRL] 1937 3.50334 3.57133 TRACK
[PUSH_CTRL] 1938 3.50255 3.57133 TRACK
[PUSH_CTRL] 1939 3.50167 3.57133 TRACK
[PUSH_CTRL] 1940 3.50521 3.57133 TRACK
[PUSH_CTRL] 1941 3.50426 3.57133 TRACK
[PUSH_CTRL] 1942 3.50403 3.57133 TRACK
[PUSH_CTRL] 1943 3.50368 3.57133 TRACK
[PUSH_CTRL] 1944 3.50325 3.57133 TRACK
[PUSH_CTRL] 1945 3.50301 3.57133 TRACK
[PUSH_CTRL] 1946 3.50284 3.57133 TRACK
[PUSH_CTRL] 1947 3.50707 3.57133 TRACK
[PUSH_CTRL] 1948 3.50689 3.57133 TRACK
[PUSH_CTRL] 1949 3.5067 3.57133 TRACK
[PUSH_CTRL] 1950 3.50568 3.57133 TRACK
[PUSH_CTRL] 1951 3.50478 3.57133 TRACK
[PUSH_CTRL] 1952 3.50394 3.57133 TRACK
[PUSH_CTRL] 1953 3.50312 3.57133 TRACK
[PUSH_CTRL] 1954 3.50666 3.57133 TRACK
[PUSH_CTRL] 1955 3.50588 3.57133 TRACK
[PUSH_CTRL] 1956 3.50515 3.57133 TRACK
[PUSH_CTRL] 1957 3.50448 3.57133 TRACK
[PUSH_CTRL] 1958 3.50401 3.57133 TRACK
[PUSH_CTRL] 1959 3.50379 3.57133 TRACK
[PUSH_CTRL] 1960 3.50372 3.57133 TRACK
[PUSH_CTRL] 1961 3.50824 3.57133 TRACK
[PUSH_CTRL] 1962 3.50842 3.57133 TRACK
[PUSH_CTRL] 1963 3.50844 3.57133 TRACK
[PUSH_CTRL] 1964 3.50832 3.57133 TRACK
[PUSH_CTRL] 1965 3.50807 3.57133 TRACK
[PUSH_CTRL] 1966 3.50741 3.57133 TRACK
[PUSH_CTRL] 1967 3.50661 3.57133 TRACK
[PUSH_CTRL] 1968 3.50584 3.57133 TRACK
[PUSH_CTRL] 1969 3.50945 3.57133 TRACK
[PUSH_CTRL] 1970 3.50879 3.57133 TRACK
[PUSH_CTRL] 1971 3.50815 3.57133 TRACK
[PUSH_CTRL] 1972 3.50764 3.57133 TRACK
[PUSH_CTRL] 1973 3.50788 3.57133 TRACK
[PUSH_CTRL] 1974 3.50791 3.57133 TRACK
[PUSH_CTRL] 1975 3.50777 3.57133 TRACK
[PUSH_CTRL] 1976 3.51171 3.57133 TRACK
[PUSH_CTRL] 1977 3.51134 3.57133 TRACK
[PUSH_CTRL] 1978 3.51066 3.57133 TRACK
[PUSH_CTRL] 1979 3.5099 3.57133 TRACK
[PUSH_CTRL] 1980 3.50912 3.57133 TRACK
[PUSH_CTRL] 1981 3.5084 3.57133 TRACK
[PUSH_CTRL] 1982 3.50776 3.57133 TRACK
[PUSH_CTRL] 1983 3.51142 3.57133 TRACK
[PUSH_CTRL] 1984 3.51091 3.57133 TRACK
[PUSH_CTRL] 1985 3.51045 3.57133 TRACK
[PUSH_CTRL] 1986 3.50998 3.57133 TRACK
[PUSH_CTRL] 1987 3.50933 3.57133 TRACK
[PUSH_CTRL] 1988 3.50862 3.57133 TRACK
[PUSH_CTRL] 1989 3.50787 3.57133 TRACK
[PUSH_CTRL] 1990 3.51129 3.57133 TRACK
[PUSH_CTRL] 1991 3.5105 3.57133 TRACK
[PUSH_CTRL] 1992 3.5099 3.57133 TRACK
[PUSH_CTRL] 1993 3.50938 3.57133 TRACK
[PUSH_CTRL] 1994 3.50895 3.57133 TRACK
[PUSH_CTRL] 1995 3.50872 3.57133 TRACK
[PUSH_CTRL] 1996 3.50863 3.57133 TRACK
[PUSH_CTRL] 1997 3.50852 3.57133 TRACK
[PUSH_CTRL] 1998 3.51247 3.57133 TRACK
[PUSH_CTRL] 1999 3.51214 3.57133 TRACK
[PUSH_CTRL] 2000 3.51167 3.57133 TRACK
[PUSH_CTRL] 2001 3.51113 3.57133 TRACK
[PUSH_CTRL] 2002 3.51059 3.57133 TRACK
[PUSH_CTRL] 2003 3.5101 3.57133 TRACK
[PUSH_CTRL] 2004 3.50966 3.57133 TRACK
[PUSH_CTRL] 2005 3.51353 3.57133 TRACK
[PUSH_CTRL] 2006 3.5132 3.57133 TRACK
[PUSH_CTRL] 2007 3.51239 3.57133 TRACK
[PUSH_CTRL] 2008 3.51157 3.57133 TRACK
[PUSH_CTRL] 2009 3.51075 3.57133 TRACK
[PUSH_CTRL] 2010 3.50956 3.57133 TRACK
[PUSH_CTRL] 2011 3.50847 3.57133 TRACK
[PUSH_CTRL] 2012 3.51163 3.57133 TRACK
[PUSH_CTRL] 2013 3.5107 3.57133 TRACK
[PUSH_CTRL] 2014 3.50989 3.57133 TRACK
[PUSH_CTRL] 2015 3.50924 3.57133 TRACK
[PUSH_CTRL] 2016 3.50868 3.57133 TRACK
[PUSH_CTRL] 2017 3.5082 3.57133 TRACK
[PUSH_CTRL] 2018 3.50782 3.57133 TRACK
[PUSH_CTRL] 2019 3.51157 3.57133 TRACK
[PUSH_CTRL] 2020 3.51104 3.57133 TRACK
[PUSH_CTRL] 2021 3.51041 3.57133 TRACK
[PUSH_CTRL] 2022 3.5098 3.57133 TRACK
[PUSH_CTRL] 2023 3.50924 3.57133 TRACK
[PUSH_CTRL] 2024 3.50868 3.57133 TRACK
[PUSH_CTRL] 2025 3.50808 3.57133 TRACK
[PUSH_CTRL] 2026 3.50745 3.57133 TRACK
[PUSH_CTRL] 2027 3.51111 3.57133 TRACK
[PUSH_CTRL] 2028 3.51054 3.57133 TRACK
[PUSH_CTRL] 2029 3.50998 3.57133 TRACK
[PUSH_CTRL] 2030 3.50953 3.57133 TRACK
[PUSH_CTRL] 2031 3.50921 3.57133 TRACK
[PUSH_CTRL] 2032 3.50887 3.57133 TRACK
[PUSH_CTRL] 2033 3.50847 3.57133 TRACK
[PUSH_CTRL] 2034 3.51219 3.57133 TRACK
[PUSH_CTRL] 2035 3.51168 3.57133 TRACK
[PUSH_CTRL] 2036 3.51109 3.57133 TRACK
[PUSH_CTRL] 2037 3.51051 3.57133 TRACK
[PUSH_CTRL] 2038 3.50997 3.57133 TRACK
[PUSH_CTRL] 2039 3.50949 3.57133 TRACK
[PUSH_CTRL] 2040 3.50907 3.57133 TRACK
[PUSH_CTRL] 2041 3.51298 3.57133 TRACK
[PUSH_CTRL] 2042 3.51271 3.57133 TRACK
[PUSH_CTRL] 2043 3.51242 3.57133 TRACK
[PUSH_CTRL] 2044 3.51207 3.57133 TRACK
[PUSH_CTRL] 2045 3.51165 3.57133 TRACK
[PUSH_CTRL] 2046 3.51114 3.57133 TRACK
[PUSH_CTRL] 2047 3.51057 3.57133 TRACK
[PUSH_CTRL] 2048 3.51369 3.57133 TRACK
[PUSH_CTRL] 2049 3.51244 3.57133 TRACK
[PUSH_CTRL] 2050 3.51126 3.57133 TRACK
[PUSH_CTRL] 2051 3.51016 3.57133 TRACK
[PUSH_CTRL] 2052 3.50913 3.57133 TRACK
[PUSH_CTRL] 2053 3.50831 3.57133 TRACK
[PUSH_CTRL] 2054 3.50749 3.57133 TRACK
[PUSH_CTRL] 2055 3.50697 3.57133 TRACK
[PUSH_CTRL] 2056 3.51079 3.57133 TRACK
[PUSH_CTRL] 2057 3.51038 3.57133 TRACK
[PUSH_CTRL] 2058 3.50996 3.57133 TRACK
[PUSH_CTRL] 2059 3.50966 3.57133 TRACK
[PUSH_CTRL] 2060 3.50946 3.57133 TRACK
[PUSH_CTRL] 2061 3.50875 3.57133 TRACK
[PUSH_CTRL] 2062 3.50803 3.57133 TRACK
[PUSH_CTRL] 2063 3.5115 3.57133 TRACK
[PUSH_CTRL] 2064 3.51038 3.57133 TRACK
[PUSH_CTRL] 2065 3.50931 3.57133 TRACK
[PUSH_CTRL] 2066 3.50829 3.57133 TRACK
[PUSH_CTRL] 2067 3.50731 3.57133 TRACK
[PUSH_CTRL] 2068 3.50614 3.57133 TRACK
[PUSH_CTRL] 2069 3.50503 3.57133 TRACK
[PUSH_CTRL] 2070 3.50409 3.57133 TRACK
[PUSH_CTRL] 2071 3.50766 3.57133 TRACK
[PUSH_CTRL] 2072 3.50693 3.57133 TRACK
[PUSH_CTRL] 2073 3.50625 3.57133 TRACK
[PUSH_CTRL] 2074 3.50566 3.57133 TRACK
[PUSH_CTRL] 2075 3.50528 3.57133 TRACK
[PUSH_CTRL] 2076 3.50486 3.57133 TRACK
[PUSH_CTRL] 2077 3.50437 3.57133 TRACK
[PUSH_CTRL] 2078 3.50814 3.57133 TRACK
[PUSH_CTRL] 2079 3.50751 3.57133 TRACK
[PUSH_CTRL] 2080 3.5068 3.57133 TRACK
[PUSH_CTRL] 2081 3.50605 3.57133 TRACK
[PUSH_CTRL] 2082 3.50535 3.57133 TRACK
[PUSH_CTRL] 2083 3.50473 3.57133 TRACK
[PUSH_CTRL] 2084 3.50432 3.57133 TRACK
[PUSH_CTRL] 2085 3.50838 3.57133 TRACK
[PUSH_CTRL] 2086 3.50805 3.57133 TRACK
[PUSH_CTRL] 2087 3.50762 3.57133 TRACK
[PUSH_CTRL] 2088 3.5071 3.57133 TRACK
[PUSH_CTRL] 2089 3.50652 3.57133 TRACK
[PUSH_CTRL] 2090 3.50585 3.57133 TRACK
[PUSH_CTRL] 2091 3.50522 3.57133 TRACK
[PUSH_CTRL] 2092 3.50893 3.57133 TRACK
[PUSH_CTRL] 2093 3.50838 3.57133 TRACK
[PUSH_CTRL] 2094 3.50788 3.57133 TRACK
[PUSH_CTRL] 2095 3.50749 3.57133 TRACK
[PUSH_CTRL] 2096 3.50708 3.57133 TRACK
[PUSH_CTRL] 2097 3.50659 3.57133 TRACK
[PUSH_CTRL] 2098 3.50604 3.57133 TRACK
[PUSH_CTRL] 2099 3.50541 3.57133 TRACK
[PUSH_CTRL] 2100 3.50868 3.57133 TRACK
[PUSH_CTRL] 2101 3.50771 3.57133 TRACK
[PUSH_CTRL] 2102 3.50678 3.57133 TRACK
[PUSH_CTRL] 2103 3.50596 3.57133 TRACK
[PUSH_CTRL] 2104 3.50536 3.57133 TRACK
[PUSH_CTRL] 2105 3.50497 3.57133 TRACK
[PUSH_CTRL] 2106 3.50474 3.57133 TRACK
[PUSH_CTRL] 2107 3.5087 3.57133 TRACK
[PUSH_CTRL] 2108 3.50827 3.57133 TRACK
[PUSH_CTRL] 2109 3.50774 3.57133 TRACK
[PUSH_CTRL] 2110 3.50679 3.57133 TRACK
[PUSH_CTRL] 2111 3.50553 3.57133 TRACK
[PUSH_CTRL] 2112 3.50436 3.57133 TRACK
[PUSH_CTRL] 2113 3.5035 3.57133 TRACK
[PUSH_CTRL] 2114 3.50721 3.57133 TRACK
[PUSH_CTRL] 2115 3.50665 3.57133 TRACK
[PUSH_CTRL] 2116 3.50626 3.57133 TRACK
[PUSH_CTRL] 2117 3.506 3.57133 TRACK
[PUSH_CTRL] 2118 3.50574 3.57133 TRACK
[PUSH_CTRL] 2119 3.5055 3.57133 TRACK
[PUSH_CTRL] 2120 3.5054 3.57133 TRACK
[PUSH_CTRL] 2121 3.50476 3.57133 TRACK
[PUSH_CTRL] 2122 3.50802 3.57133 TRACK
[PUSH_CTRL] 2123 3.50663 3.57133 TRACK
[PUSH_CTRL] 2124 3.50498 3.57133 TRACK
[PUSH_CTRL] 2125 3.50345 3.57133 TRACK
[PUSH_CTRL] 2126 3.50173 3.57133 TRACK
[PUSH_CTRL] 2127 3.50017 3.57133 TRACK
[PUSH_CTRL] 2128 3.49888 3.57133 TRACK
[PUSH_CTRL] 2129 3.5024 3.57133 TRACK
[PUSH_CTRL] 2130 3.50149 3.57133 TRACK
[PUSH_CTRL] 2131 3.50064 3.57133 TRACK
[PUSH_CTRL] 2132 3.49993 3.57133 TRACK
[PUSH_CTRL] 2133 3.49921 3.57133 TRACK
[PUSH_CTRL] 2134 3.49847 3.57133 TRACK
[PUSH_CTRL] 2135 3.49772 3.57133 TRACK
[PUSH_CTRL] 2136 3.50155 3.57133 TRACK
[PUSH_CTRL] 2137 3.50106 3.57133 TRACK
[PUSH_CTRL] 2138 3.50057 3.57133 TRACK
[PUSH_CTRL] 2139 3.50027 3.57133 TRACK
[PUSH_CTRL] 2140 3.50011 3.57133 TRACK
[PUSH_CTRL] 2141 3.50023 3.57133 TRACK
[PUSH_CTRL] 2142 3.50006 3.57133 TRACK
[PUSH_CTRL] 2143 3.49971 3.57133 TRACK
[PUSH_CTRL] 2144 3.50378 3.57133 TRACK
[PUSH_CTRL] 2145 3.50321 3.57133 TRACK
[PUSH_CTRL] 2146 3.50258 3.57133 TRACK
[PUSH_CTRL] 2147 3.502 3.57133 TRACK
[PUSH_CTRL] 2148 3.50217 3.57133 TRACK
[PUSH_CTRL] 2149 3.50214 3.57133 TRACK
[PUSH_CTRL] 2150 3.50194 3.57133 TRACK
[PUSH_CTRL] 2151 3.50584 3.57133 TRACK
[PUSH_CTRL] 2152 3.50498 3.57133 TRACK
[PUSH_CTRL] 2153 3.50395 3.57133 TRACK
[PUSH_CTRL] 2154 3.5029 3.57133 TRACK
[PUSH_CTRL] 2155 3.50191 3.57133 TRACK
[PUSH_CTRL] 2156 3.5011 3.57133 TRACK
[PUSH_CTRL] 2157 3.50039 3.57133 TRACK
[PUSH_CTRL] 2158 3.50415 3.57133 TRACK
[PUSH_CTRL] 2159 3.50344 3.57133 TRACK
[PUSH_CTRL] 2160 3.50265 3.57133 TRACK
[PUSH_CTRL] 2161 3.50183 3.57133 TRACK
[PUSH_CTRL] 2162 3.50099 3.57133 TRACK
[PUSH_CTRL] 2163 3.50023 3.57133 TRACK
[PUSH_CTRL] 2164 3.49957 3.57133 TRACK
[PUSH_CTRL] 2165 3.49902 3.57133 TRACK
[PUSH_CTRL] 2166 3.50324 3.57133 TRACK
[PUSH_CTRL] 2167 3.50281 3.57133 TRACK
[PUSH_CTRL] 2168 3.50229 3.57133 TRACK
[PUSH_CTRL] 2169 3.5017 3.57133 TRACK
[PUSH_CTRL] 2170 3.50106 3.57133 TRACK
[PUSH_CTRL] 2171 3.50045 3.57133 TRACK
[PUSH_CTRL] 2172 3.4999 3.57133 TRACK
[PUSH_CTRL] 2173 3.50391 3.57133 TRACK
[PUSH_CTRL] 2174 3.50345 3.57133 TRACK
[PUSH_CTRL] 2175 3.50303 3.57133 TRACK
[PUSH_CTRL] 2176 3.50254 3.57133 TRACK
[PUSH_CTRL] 2177 3.50197 3.57133 TRACK
[PUSH_CTRL] 2178 3.50136 3.57133 TRACK
[PUSH_CTRL] 2179 3.5007 3.57133 TRACK
[PUSH_CTRL] 2180 3.50446 3.57133 TRACK
[PUSH_CTRL] 2181 3.50372 3.57133 TRACK
[PUSH_CTRL] 2182 3.503 3.57133 TRACK
[PUSH_CTRL] 2183 3.50233 3.57133 TRACK
[PUSH_CTRL] 2184 3.50184 3.57133 TRACK
[PUSH_CTRL] 2185 3.5013 3.57133 TRACK
[PUSH_CTRL] 2186 3.50033 3.57133 TRACK
[PUSH_CTRL] 2187 3.49904 3.57133 TRACK
[PUSH_CTRL] 2188 3.5025 3.57133 TRACK
[PUSH_CTRL] 2189 3.50155 3.57133 TRACK
[PUSH_CTRL] 2190 3.50076 3.57133 TRACK
[PUSH_CTRL] 2191 3.5 3.57133 TRACK
[PUSH_CTRL] 2192 3.49923 3.57133 TRACK
[PUSH_CTRL] 2193 3.49843 3.57133 TRACK
[PUSH_CTRL] 2194 3.49762 3.57133 TRACK
[PUSH_CTRL] 2195 3.50141 3.57133 TRACK
[PUSH_CTRL] 2196 3.50061 3.57133 TRACK
[PUSH_CTRL] 2197 3.49983 3.57133 TRACK
[PUSH_CTRL] 2198 3.4992 3.57133 TRACK
[PUSH_CTRL] 2199 3.49873 3.57133 TRACK
[PUSH_CTRL] 2200 3.4983 3.57133 TRACK
[PUSH_CTRL] 2201 3.4978 3.57133 TRACK
[PUSH_CTRL] 2202 3.50181 3.57133 TRACK
[PUSH_CTRL] 2203 3.5012 3.57133 TRACK
[PUSH_CTRL] 2204 3.50048 3.57133 TRACK
[PUSH_CTRL] 2205 3.49995 3.57133 TRACK
[PUSH_CTRL] 2206 3.49953 3.57133 TRACK
[PUSH_CTRL] 2207 3.49919 3.57133 TRACK
[PUSH_CTRL] 2208 3.49893 3.57133 TRACK
[PUSH_CTRL] 2209 3.4989 3.57133 TRACK
[PUSH_CTRL] 2210 3.50352 3.57133 TRACK
[PUSH_CTRL] 2211 3.50291 3.57133 TRACK
[PUSH_CTRL] 2212 3.50181 3.57133 TRACK
[PUSH_CTRL] 2213 3.50073 3.57133 TRACK
[PUSH_CTRL] 2214 3.49932 3.57133 TRACK
[PUSH_CTRL] 2215 3.49768 3.57133 TRACK
[PUSH_CTRL] 2216 3.4962 3.57133 TRACK
[PUSH_CTRL] 2217 3.49973 3.57133 TRACK
[PUSH_CTRL] 2218 3.49874 3.57133 TRACK
[PUSH_CTRL] 2219 3.49784 3.57133 TRACK
[PUSH_CTRL] 2220 3.49703 3.57133 TRACK
[PUSH_CTRL] 2221 3.49622 3.57133 TRACK
[PUSH_CTRL] 2222 3.49542 3.57133 TRACK
[PUSH_CTRL] 2223 3.49471 3.57133 TRACK
[PUSH_CTRL] 2224 3.4941 3.57133 TRACK
[PUSH_CTRL] 2225 3.49851 3.57133 TRACK
[PUSH_CTRL] 2226 3.49803 3.57133 TRACK
[PUSH_CTRL] 2227 3.49743 3.57133 TRACK
[PUSH_CTRL] 2228 3.49676 3.57133 TRACK
[PUSH_CTRL] 2229 3.49603 3.57133 TRACK
[PUSH_CTRL] 2230 3.49534 3.57133 TRACK
[PUSH_CTRL] 2231 3.49472 3.57133 TRACK
[PUSH_CTRL] 2232 3.49894 3.57133 TRACK
[PUSH_CTRL] 2233 3.49837 3.57133 TRACK
[PUSH_CTRL] 2234 3.49752 3.57133 TRACK
[PUSH_CTRL] 2235 3.49663 3.57133 TRACK
[PUSH_CTRL] 2236 3.49577 3.57133 TRACK
[PUSH_CTRL] 2237 3.495 3.57133 TRACK
[PUSH_CTRL] 2238 3.49446 3.57133 TRACK
[PUSH_CTRL] 2239 3.49796 3.57133 TRACK
[PUSH_CTRL] 2240 3.4968 3.57133 TRACK
[PUSH_CTRL] 2241 3.4957 3.57133 TRACK
[PUSH_CTRL] 2242 3.49464 3.57133 TRACK
[PUSH_CTRL] 2243 3.49384 3.57133 TRACK
[PUSH_CTRL] 2244 3.4933 3.57133 TRACK
[PUSH_CTRL] 2245 3.49296 3.57133 TRACK
[PUSH_CTRL] 2246 3.49752 3.57133 TRACK
[PUSH_CTRL] 2247 3.49732 3.57133 TRACK
[PUSH_CTRL] 2248 3.49702 3.57133 TRACK
[PUSH_CTRL] 2249 3.49689 3.57133 TRACK
[PUSH_CTRL] 2250 3.49685 3.57133 TRACK
[PUSH_CTRL] 2251 3.49602 3.57133 TRACK
[PUSH_CTRL] 2252 3.49521 3.57133 TRACK
[PUSH_CTRL] 2253 3.4991 3.57133 TRACK
[PUSH_CTRL] 2254 3.49829 3.57133 TRACK
[PUSH_CTRL] 2255 3.4971 3.57133 TRACK
[PUSH_CTRL] 2256 3.49564 3.57133 TRACK
[PUSH_CTRL] 2257 3.49411 3.57133 TRACK
[PUSH_CTRL] 2258 3.49223 3.57133 TRACK
[PUSH_CTRL] 2259 3.49091 3.57133 TRACK
[PUSH_CTRL] 2260 3.49003 3.57133 TRACK
[PUSH_CTRL] 2261 3.49471 3.57133 TRACK
[PUSH_CTRL] 2262 3.49461 3.57133 TRACK
[PUSH_CTRL] 2263 3.49516 3.57133 TRACK
[PUSH_CTRL] 2264 3.49543 3.57133 TRACK
[PUSH_CTRL] 2265 3.49504 3.57133 TRACK
[PUSH_CTRL] 2266 3.49417 3.57133 TRACK
[PUSH_CTRL] 2267 3.49294 3.57133 TRACK
[PUSH_CTRL] 2268 3.49617 3.57133 TRACK
[PUSH_CTRL] 2269 3.49466 3.57133 TRACK
[PUSH_CTRL] 2270 3.4933 3.57133 TRACK
[PUSH_CTRL] 2271 3.49213 3.57133 TRACK
[PUSH_CTRL] 2272 3.49129 3.57133 TRACK
[PUSH_CTRL] 2273 3.49074 3.57133 TRACK
[PUSH_CTRL] 2274 3.49042 3.57133 TRACK
[PUSH_CTRL] 2275 3.49539 3.57133 TRACK
[PUSH_CTRL] 2276 3.49523 3.57133 TRACK
[PUSH_CTRL] 2277 3.49488 3.57133 TRACK
[PUSH_CTRL] 2278 3.4944 3.57133 TRACK
[PUSH_CTRL] 2279 3.49382 3.57133 TRACK
[PUSH_CTRL] 2280 3.49318 3.57133 TRACK
[PUSH_CTRL] 2281 3.4925 3.57133 TRACK
[PUSH_CTRL] 2282 3.49179 3.57133 TRACK
[PUSH_CTRL] 2283 3.49607 3.57133 TRACK
[PUSH_CTRL] 2284 3.49531 3.57133 TRACK
[PUSH_CTRL] 2285 3.49463 3.57133 TRACK
[PUSH_CTRL] 2286 3.49408 3.57133 TRACK
[PUSH_CTRL] 2287 3.49368 3.57133 TRACK
[PUSH_CTRL] 2288 3.4933 3.57133 TRACK
[PUSH_CTRL] 2289 3.49284 3.57133 TRACK
[PUSH_CTRL] 2290 3.49721 3.57133 TRACK
[PUSH_CTRL] 2291 3.49662 3.57133 TRACK
[PUSH_CTRL] 2292 3.49563 3.57133 TRACK
[PUSH_CTRL] 2293 3.49466 3.57133 TRACK
[PUSH_CTRL] 2294 3.49377 3.57133 TRACK
[PUSH_CTRL] 2295 3.49301 3.57133 TRACK
[PUSH_CTRL] 2296 3.4925 3.57133 TRACK
[PUSH_CTRL] 2297 3.49219 3.57133 TRACK
[PUSH_CTRL] 2298 3.49775 3.57133 TRACK
[PUSH_CTRL] 2299 3.4976 3.57133 TRACK
[PUSH_CTRL] 2300 3.49684 3.57133 TRACK
[PUSH_CTRL] 2301 3.49564 3.57133 TRACK
[PUSH_CTRL] 2302 3.49467 3.57133 TRACK
[PUSH_CTRL] 2303 3.49372 3.57133 TRACK
[PUSH_CTRL] 2304 3.49302 3.57133 TRACK
[PUSH_CTRL] 2305 3.49711 3.57133 TRACK
[PUSH_CTRL] 2306 3.49569 3.57133 TRACK
[PUSH_CTRL] 2307 3.49468 3.57133 TRACK
[PUSH_CTRL] 2308 3.49425 3.57133 TRACK
[PUSH_CTRL] 2309 3.49418 3.57133 TRACK
[PUSH_CTRL] 2310 3.49414 3.57133 TRACK
[PUSH_CTRL] 2311 3.49397 3.57133 TRACK
[PUSH_CTRL] 2312 3.49859 3.57133 TRACK
[PUSH_CTRL] 2313 3.49821 3.57133 TRACK
[PUSH_CTRL] 2314 3.49773 3.57133 TRACK
[PUSH_CTRL] 2315 3.49722 3.57133 TRACK
[PUSH_CTRL] 2316 3.4968 3.57133 TRACK
[PUSH_CTRL] 2317 3.49648 3.57133 TRACK
[PUSH_CTRL] 2318 3.49572 3.57133 TRACK
[PUSH_CTRL] 2319 3.49459 3.57133 TRACK
[PUSH_CTRL] 2320 3.49813 3.57133 TRACK
[PUSH_CTRL] 2321 3.49655 3.57133 TRACK
[PUSH_CTRL] 2322 3.49518 3.57133 TRACK
[PUSH_CTRL] 2323 3.49405 3.57133 TRACK
[PUSH_CTRL] 2324 3.49327 3.57133 TRACK
[PUSH_CTRL] 2325 3.4928 3.57133 TRACK
[PUSH_CTRL] 2326 3.49228 3.57133 TRACK
[PUSH_CTRL] 2327 3.49675 3.57133 TRACK
[PUSH_CTRL] 2328 3.49614 3.57133 TRACK
[PUSH_CTRL] 2329 3.49546 3.57133 TRACK
[PUSH_CTRL] 2330 3.49474 3.57133 TRACK
[PUSH_CTRL] 2331 3.49406 3.57133 TRACK
[PUSH_CTRL] 2332 3.49263 3.57133 TRACK
[PUSH_CTRL] 2333 3.48996 3.57133 TRACK
[PUSH_CTRL] 2334 3.48776 3.57133 TRACK
[PUSH_CTRL] 2335 3.49118 3.57133 TRACK
[PUSH_CTRL] 2336 3.48983 3.57133 TRACK
[PUSH_CTRL] 2337 3.48881 3.57133 TRACK
[PUSH_CTRL] 2338 3.48792 3.57133 TRACK
[PUSH_CTRL] 2339 3.48675 3.57133 TRACK
[PUSH_CTRL] 2340 3.48499 3.57133 TRACK
[PUSH_CTRL] 2341 3.48316 3.57133 TRACK
[PUSH_CTRL] 2342 3.48681 3.57133 TRACK
[PUSH_CTRL] 2343 3.48534 3.57133 TRACK
[PUSH_CTRL] 2344 3.48401 3.57133 TRACK
[PUSH_CTRL] 2345 3.48302 3.57133 TRACK
[PUSH_CTRL] 2346 3.48239 3.57133 TRACK
[PUSH_CTRL] 2347 3.48293 3.57133 TRACK
[PUSH_CTRL] 2348 3.48389 3.57133 TRACK
[PUSH_CTRL] 2349 3.48563 3.57133 TRACK
[PUSH_CTRL] 2350 3.49149 3.57133 TRACK
[PUSH_CTRL] 2351 3.4914 3.57133 TRACK
[PUSH_CTRL] 2352 3.49093 3.57133 TRACK
[PUSH_CTRL] 2353 3.48971 3.57133 TRACK
[PUSH_CTRL] 2354 3.48828 3.57133 TRACK
[PUSH_CTRL] 2355 3.48677 3.57133 TRACK
[PUSH_CTRL] 2356 3.48554 3.57133 TRACK
[PUSH_CTRL] 2357 3.48984 3.57133 TRACK
[PUSH_CTRL] 2358 3.48927 3.57133 TRACK
[PUSH_CTRL] 2359 3.48884 3.57133 TRACK
[PUSH_CTRL] 2360 3.48872 3.57133 TRACK
[PUSH_CTRL] 2361 3.48878 3.57133 TRACK
[PUSH_CTRL] 2362 3.48868 3.57133 TRACK
[PUSH_CTRL] 2363 3.48846 3.57133 TRACK
[PUSH_CTRL] 2364 3.49284 3.57133 TRACK
[PUSH_CTRL] 2365 3.4918 3.57133 TRACK
[PUSH_CTRL] 2366 3.49046 3.57133 TRACK
[PUSH_CTRL] 2367 3.489 3.57133 TRACK
[PUSH_CTRL] 2368 3.48764 3.57133 TRACK
[PUSH_CTRL] 2369 3.48645 3.57133 TRACK
[PUSH_CTRL] 2370 3.48555 3.57133 TRACK
[PUSH_CTRL] 2371 3.48493 3.57133 TRACK
[PUSH_CTRL] 2372 3.4898 3.57133 TRACK
[PUSH_CTRL] 2373 3.48935 3.57133 TRACK
[PUSH_CTRL] 2374 3.48883 3.57133 TRACK
[PUSH_CTRL] 2375 3.48824 3.57133 TRACK
[PUSH_CTRL] 2376 3.4876 3.57133 TRACK
[PUSH_CTRL] 2377 3.48692 3.57133 TRACK
[PUSH_CTRL] 2378 3.48622 3.57133 TRACK
[PUSH_CTRL] 2379 3.49071 3.57133 TRACK
[PUSH_CTRL] 2380 3.48997 3.57133 TRACK
[PUSH_CTRL] 2381 3.48922 3.57133 TRACK
[PUSH_CTRL] 2382 3.48856 3.57133 TRACK
[PUSH_CTRL] 2383 3.48737 3.57133 TRACK
[PUSH_CTRL] 2384 3.48559 3.57133 TRACK
[PUSH_CTRL] 2385 3.48359 3.57133 TRACK
[PUSH_CTRL] 2386 3.48166 3.57133 TRACK
[PUSH_CTRL] 2387 3.48502 3.57133 TRACK
[PUSH_CTRL] 2388 3.48255 3.57133 TRACK
[PUSH_CTRL] 2389 3.48001 3.57133 TRACK
[PUSH_CTRL] 2390 3.47774 3.57133 TRACK
[PUSH_CTRL] 2391 3.47578 3.57133 TRACK
[PUSH_CTRL] 2392 3.47408 3.57133 TRACK
[PUSH_CTRL] 2393 3.47261 3.57133 TRACK
[PUSH_CTRL] 2394 3.47157 3.57133 TRACK
[PUSH_CTRL] 2395 3.47728 3.57133 TRACK
[PUSH_CTRL] 2396 3.47712 3.57133 TRACK
[PUSH_CTRL] 2397 3.47681 3.57133 TRACK
[PUSH_CTRL] 2398 3.4765 3.57133 TRACK
[PUSH_CTRL] 2399 3.47622 3.57133 TRACK
[PUSH_CTRL] 2400 3.47583 3.57133 TRACK
[PUSH_CTRL] 2401 3.47534 3.57133 TRACK
[PUSH_CTRL] 2402 3.48033 3.57133 TRACK
[PUSH_CTRL] 2403 3.47968 3.57133 TRACK
[PUSH_CTRL] 2404 3.47895 3.57133 TRACK
[PUSH_CTRL] 2405 3.47816 3.57133 TRACK
[PUSH_CTRL] 2406 3.47715 3.57133 TRACK
[PUSH_CTRL] 2407 3.47635 3.57133 TRACK
[PUSH_CTRL] 2408 3.47574 3.57133 TRACK
[PUSH_CTRL] 2409 3.48084 3.57133 TRACK
[PUSH_CTRL] 2410 3.48047 3.57133 TRACK
[PUSH_CTRL] 2411 3.48016 3.57133 TRACK
[PUSH_CTRL] 2412 3.47992 3.57133 TRACK
[PUSH_CTRL] 2413 3.47956 3.57133 TRACK
[PUSH_CTRL] 2414 3.4791 3.57133 TRACK
[PUSH_CTRL] 2415 3.47856 3.57133 TRACK
[PUSH_CTRL] 2416 3.47797 3.57133 TRACK
[PUSH_CTRL] 2417 3.48287 3.57133 TRACK
[PUSH_CTRL] 2418 3.48221 3.57133 TRACK
[PUSH_CTRL] 2419 3.48149 3.57133 TRACK
[PUSH_CTRL] 2420 3.48098 3.57133 TRACK
[PUSH_CTRL] 2421 3.48057 3.57133 TRACK
[PUSH_CTRL] 2422 3.48038 3.57133 TRACK
[PUSH_CTRL] 2423 3.48036 3.57133 TRACK
[PUSH_CTRL] 2424 3.48548 3.57133 TRACK
[PUSH_CTRL] 2425 3.48512 3.57133 TRACK
[PUSH_CTRL] 2426 3.48381 3.57133 TRACK
[PUSH_CTRL] 2427 3.48304 3.57133 TRACK
[PUSH_CTRL] 2428 3.48239 3.57133 TRACK
[PUSH_CTRL] 2429 3.48175 3.57133 TRACK
[PUSH_CTRL] 2430 3.48107 3.57133 TRACK
[PUSH_CTRL] 2431 3.48579 3.57133 TRACK
[PUSH_CTRL] 2432 3.48506 3.57133 TRACK
[PUSH_CTRL] 2433 3.48429 3.57133 TRACK
[PUSH_CTRL] 2434 3.48351 3.57133 TRACK
[PUSH_CTRL] 2435 3.48278 3.57133 TRACK
[PUSH_CTRL] 2436 3.48214 3.57133 TRACK
[PUSH_CTRL] 2437 3.48159 3.57133 TRACK
[PUSH_CTRL] 2438 3.48127 3.57133 TRACK
[PUSH_CTRL] 2439 3.48656 3.57133 TRACK
[PUSH_CTRL] 2440 3.48627 3.57133 TRACK
[PUSH_CTRL] 2441 3.48585 3.57133 TRACK
[PUSH_CTRL] 2442 3.48534 3.57133 TRACK
[PUSH_CTRL] 2443 3.48476 3.57133 TRACK
[PUSH_CTRL] 2444 3.48413 3.57133 TRACK
[PUSH_CTRL] 2445 3.48347 3.57133 TRACK
[PUSH_CTRL] 2446 3.48814 3.57133 TRACK
[PUSH_CTRL] 2447 3.48769 3.57133 TRACK
[PUSH_CTRL] 2448 3.48726 3.57133 TRACK
[PUSH_CTRL] 2449 3.48683 3.57133 TRACK
[PUSH_CTRL] 2450 3.48659 3.57133 TRACK
[PUSH_CTRL] 2451 3.48647 3.57133 TRACK
[PUSH_CTRL] 2452 3.48644 3.57133 TRACK
[PUSH_CTRL] 2453 3.48628 3.57133 TRACK
[PUSH_CTRL] 2454 3.49129 3.57133 TRACK
[PUSH_CTRL] 2455 3.49087 3.57133 TRACK
[PUSH_CTRL] 2456 3.49032 3.57133 TRACK
[PUSH_CTRL] 2457 3.48933 3.57133 TRACK
[PUSH_CTRL] 2458 3.48836 3.57133 TRACK
[PUSH_CTRL] 2459 3.48718 3.57133 TRACK
[PUSH_CTRL] 2460 3.48606 3.57133 TRACK
[PUSH_CTRL] 2461 3.48971 3.57133 TRACK
[PUSH_CTRL] 2462 3.48664 3.57133 TRACK
[PUSH_CTRL] 2463 3.48314 3.57133 TRACK
[PUSH_CTRL] 2464 3.47968 3.57133 TRACK
[PUSH_CTRL] 2465 3.47668 3.57133 TRACK
[PUSH_CTRL] 2466 3.47411 3.57133 TRACK
[PUSH_CTRL] 2467 3.47191 3.57133 TRACK
[PUSH_CTRL] 2468 3.46983 3.57133 TRACK
[PUSH_CTRL] 2469 3.47309 3.57133 TRACK
[PUSH_CTRL] 2470 3.47155 3.57133 TRACK
[PUSH_CTRL] 2471 3.47087 3.57133 TRACK
[PUSH_CTRL] 2472 3.47005 3.57133 TRACK
[PUSH_CTRL] 2473 3.46923 3.57133 TRACK
[PUSH_CTRL] 2474 3.46922 3.57133 TRACK
[PUSH_CTRL] 2475 3.46899 3.57133 TRACK
[PUSH_CTRL] 2476 3.47443 3.57133 TRACK
[PUSH_CTRL] 2477 3.47388 3.57133 TRACK
[PUSH_CTRL] 2478 3.47319 3.57133 TRACK
[PUSH_CTRL] 2479 3.47224 3.57133 TRACK
[PUSH_CTRL] 2480 3.471 3.57133 TRACK
[PUSH_CTRL] 2481 3.46975 3.57133 TRACK
[PUSH_CTRL] 2482 3.46859 3.57133 TRACK
[PUSH_CTRL] 2483 3.46766 3.57133 TRACK
[PUSH_CTRL] 2484 3.47292 3.57133 TRACK
[PUSH_CTRL] 2485 3.47249 3.57133 TRACK
[PUSH_CTRL] 2486 3.47191 3.57133 TRACK
[PUSH_CTRL] 2487 3.47141 3.57133 TRACK
[PUSH_CTRL] 2488 3.471 3.57133 TRACK
[PUSH_CTRL] 2489 3.47049 3.57133 TRACK
[PUSH_CTRL] 2490 3.47012 3.57133 TRACK
[PUSH_CTRL] 2491 3.47565 3.57133 TRACK
[PUSH_CTRL] 2492 3.47531 3.57133 TRACK
[PUSH_CTRL] 2493 3.47493 3.57133 TRACK
[PUSH_CTRL] 2494 3.47467 3.57133 TRACK
[PUSH_CTRL] 2495 3.47452 3.57133 TRACK
[PUSH_CTRL] 2496 3.47378 3.57133 TRACK
[PUSH_CTRL] 2497 3.47257 3.57133 TRACK
[PUSH_CTRL] 2498 3.47681 3.57133 TRACK
[PUSH_CTRL] 2499 3.47505 3.57133 TRACK
[PUSH_CTRL] 2500 3.47309 3.57133 TRACK
[PUSH_CTRL] 2501 3.47133 3.57133 TRACK
[PUSH_CTRL] 2502 3.46982 3.57133 TRACK
[PUSH_CTRL] 2503 3.46875 3.57133 TRACK
[PUSH_CTRL] 2504 3.46737 3.57133 TRACK
[PUSH_CTRL] 2505 3.46548 3.57133 TRACK
[PUSH_CTRL] 2506 3.46968 3.57133 TRACK
[PUSH_CTRL] 2507 3.46788 3.57133 TRACK
[PUSH_CTRL] 2508 3.46615 3.57133 TRACK
[PUSH_CTRL] 2509 3.46431 3.57133 TRACK
[PUSH_CTRL] 2510 3.46206 3.57133 TRACK
[PUSH_CTRL] 2511 3.45914 3.57133 TRACK
[PUSH_CTRL] 2512 3.4569 3.57133 TRACK
[PUSH_CTRL] 2513 3.45533 3.57133 TRACK
[PUSH_CTRL] 2514 3.46063 3.57133 TRACK
[PUSH_CTRL] 2515 3.45956 3.57133 TRACK
[PUSH_CTRL] 2516 3.45813 3.57133 TRACK
[PUSH_CTRL] 2517 3.45692 3.57133 TRACK
[PUSH_CTRL] 2518 3.45648 3.57133 TRACK
[PUSH_CTRL] 2519 3.45673 3.57133 TRACK
[PUSH_CTRL] 2520 3.45701 3.57133 TRACK
[PUSH_CTRL] 2521 3.46345 3.57133 TRACK
[PUSH_CTRL] 2522 3.4634 3.57133 TRACK
[PUSH_CTRL] 2523 3.46321 3.57133 TRACK
[PUSH_CTRL] 2524 3.46315 3.57133 TRACK
[PUSH_CTRL] 2525 3.46308 3.57133 TRACK
[PUSH_CTRL] 2526 3.46215 3.57133 TRACK
[PUSH_CTRL] 2527 3.46078 3.57133 TRACK
[PUSH_CTRL] 2528 3.4591 3.57133 TRACK
[PUSH_CTRL] 2529 3.46361 3.57133 TRACK
[PUSH_CTRL] 2530 3.46169 3.57133 TRACK
[PUSH_CTRL] 2531 3.45934 3.57133 TRACK
[PUSH_CTRL] 2532 3.4576 3.57133 TRACK
[PUSH_CTRL] 2533 3.45637 3.57133 TRACK
[PUSH_CTRL] 2534 3.45588 3.57133 TRACK
[PUSH_CTRL] 2535 3.45636 3.57133 TRACK
[PUSH_CTRL] 2536 3.46387 3.57133 TRACK
[PUSH_CTRL] 2537 3.4645 3.57133 TRACK
[PUSH_CTRL] 2538 3.46478 3.57133 TRACK
[PUSH_CTRL] 2539 3.46442 3.57133 TRACK
[PUSH_CTRL] 2540 3.46379 3.57133 TRACK
[PUSH_CTRL] 2541 3.46285 3.57133 TRACK
[PUSH_CTRL] 2542 3.46184 3.57133 TRACK
[PUSH_CTRL] 2543 3.46725 3.57133 TRACK
[PUSH_CTRL] 2544 3.46625 3.57133 TRACK
[PUSH_CTRL] 2545 3.46526 3.57133 TRACK
[PUSH_CTRL] 2546 3.4644 3.57133 TRACK
[PUSH_CTRL] 2547 3.46374 3.57133 TRACK
[PUSH_CTRL] 2548 3.46326 3.57133 TRACK
[PUSH_CTRL] 2549 3.4627 3.57133 TRACK
[PUSH_CTRL] 2550 3.46882 3.57133 TRACK
[PUSH_CTRL] 2551 3.46843 3.57133 TRACK
[PUSH_CTRL] 2552 3.46788 3.57133 TRACK
[PUSH_CTRL] 2553 3.46754 3.57133 TRACK
[PUSH_CTRL] 2554 3.46708 3.57133 TRACK
[PUSH_CTRL] 2555 3.46652 3.57133 TRACK
[PUSH_CTRL] 2556 3.46589 3.57133 TRACK
[PUSH_CTRL] 2557 3.46606 3.57133 TRACK
[PUSH_CTRL] 2558 3.47246 3.57133 TRACK
[PUSH_CTRL] 2559 3.47239 3.57133 TRACK
[PUSH_CTRL] 2560 3.47213 3.57133 TRACK
[PUSH_CTRL] 2561 3.47177 3.57133 TRACK
[PUSH_CTRL] 2562 3.47135 3.57133 TRACK
[PUSH_CTRL] 2563 3.47069 3.57133 TRACK
[PUSH_CTRL] 2564 3.46917 3.57133 TRACK
[PUSH_CTRL] 2565 3.47327 3.57133 TRACK
[PUSH_CTRL] 2566 3.47164 3.57133 TRACK
[PUSH_CTRL] 2567 3.47038 3.57133 TRACK
[PUSH_CTRL] 2568 3.46945 3.57133 TRACK
[PUSH_CTRL] 2569 3.46883 3.57133 TRACK
[PUSH_CTRL] 2570 3.46845 3.57133 TRACK
[PUSH_CTRL] 2571 3.46822 3.57133 TRACK
[PUSH_CTRL] 2572 3.47452 3.57133 TRACK
[PUSH_CTRL] 2573 3.47527 3.57133 TRACK
[PUSH_CTRL] 2574 3.476 3.57133 TRACK
[PUSH_CTRL] 2575 3.47642 3.57133 TRACK
[PUSH_CTRL] 2576 3.47655 3.57133 TRACK
[PUSH_CTRL] 2577 3.47596 3.57133 TRACK
[PUSH_CTRL] 2578 3.47533 3.57133 TRACK
[PUSH_CTRL] 2579 3.47493 3.57133 TRACK
[PUSH_CTRL] 2580 3.48061 3.57133 TRACK
[PUSH_CTRL] 2581 3.48009 3.57133 TRACK
[PUSH_CTRL] 2582 3.47898 3.57133 TRACK
[PUSH_CTRL] 2583 3.47748 3.57133 TRACK
[PUSH_CTRL] 2584 3.47569 3.57133 TRACK
[PUSH_CTRL] 2585 3.4737 3.57133 TRACK
[PUSH_CTRL] 2586 3.47159 3.57133 TRACK
[PUSH_CTRL] 2587 3.47614 3.57133 TRACK
[PUSH_CTRL] 2588 3.47488 3.57133 TRACK
[PUSH_CTRL] 2589 3.4738 3.57133 TRACK
[PUSH_CTRL] 2590 3.47283 3.57133 TRACK
[PUSH_CTRL] 2591 3.47225 3.57133 TRACK
[PUSH_CTRL] 2592 3.47178 3.57133 TRACK
[PUSH_CTRL] 2593 3.47125 3.57133 TRACK
[PUSH_CTRL] 2594 3.47683 3.57133 TRACK
[PUSH_CTRL] 2595 3.47618 3.57133 TRACK
[PUSH_CTRL] 2596 3.47525 3.57133 TRACK
[PUSH_CTRL] 2597 3.4734 3.57133 TRACK
[PUSH_CTRL] 2598 3.4719 3.57133 TRACK
[PUSH_CTRL] 2599 3.47072 3.57133 TRACK
[PUSH_CTRL] 2600 3.47005 3.57133 TRACK
[PUSH_CTRL] 2601 3.46974 3.57133 TRACK
[PUSH_CTRL] 2602 3.47577 3.57133 TRACK
[PUSH_CTRL] 2603 3.47542 3.57133 TRACK
[PUSH_CTRL] 2604 3.47493 3.57133 TRACK
[PUSH_CTRL] 2605 3.47397 3.57133 TRACK
[PUSH_CTRL] 2606 3.47302 3.57133 TRACK
[PUSH_CTRL] 2607 3.47207 3.57133 TRACK
[PUSH_CTRL] 2608 3.47199 3.57133 TRACK
[PUSH_CTRL] 2609 3.47804 3.57133 TRACK
[PUSH_CTRL] 2610 3.47777 3.57133 TRACK
[PUSH_CTRL] 2611 3.4774 3.57133 TRACK
[PUSH_CTRL] 2612 3.47698 3.57133 TRACK
[PUSH_CTRL] 2613 3.47655 3.57133 TRACK
[PUSH_CTRL] 2614 3.47624 3.57133 TRACK
[PUSH_CTRL] 2615 3.47598 3.57133 TRACK
[PUSH_CTRL] 2616 3.482 3.57133 TRACK
[PUSH_CTRL] 2617 3.48211 3.57133 TRACK
[PUSH_CTRL] 2618 3.48198 3.57133 TRACK
[PUSH_CTRL] 2619 3.48162 3.57133 TRACK
[PUSH_CTRL] 2620 3.48127 3.57133 TRACK
[PUSH_CTRL] 2621 3.4809 3.57133 TRACK
[PUSH_CTRL] 2622 3.48053 3.57133 TRACK
[PUSH_CTRL] 2623 3.48596 3.57133 TRACK
[PUSH_CTRL] 2624 3.4855 3.57133 TRACK
[PUSH_CTRL] 2625 3.48503 3.57133 TRACK
[PUSH_CTRL] 2626 3.48447 3.57133 TRACK
[PUSH_CTRL] 2627 3.48384 3.57133 TRACK
[PUSH_CTRL] 2628 3.48314 3.57133 TRACK
[PUSH_CTRL] 2629 3.4824 3.57133 TRACK
[PUSH_CTRL] 2630 3.48162 3.57133 TRACK
[PUSH_CTRL] 2631 3.48667 3.57133 TRACK
[PUSH_CTRL] 2632 3.48561 3.57133 TRACK
[PUSH_CTRL] 2633 3.48442 3.57133 TRACK
[PUSH_CTRL] 2634 3.48348 3.57133 TRACK
[PUSH_CTRL] 2635 3.48266 3.57133 TRACK
[PUSH_CTRL] 2636 3.48191 3.57133 TRACK
[PUSH_CTRL] 2637 3.48124 3.57133 TRACK
[PUSH_CTRL] 2638 3.48651 3.57133 TRACK
[PUSH_CTRL] 2639 3.48596 3.57133 TRACK
[PUSH_CTRL] 2640 3.48549 3.57133 TRACK
[PUSH_CTRL] 2641 3.48474 3.57133 TRACK
[PUSH_CTRL] 2642 3.48381 3.57133 TRACK
[PUSH_CTRL] 2643 3.48294 3.57133 TRACK
[PUSH_CTRL] 2644 3.48175 3.57133 TRACK
[PUSH_CTRL] 2645 3.48061 3.57133 TRACK
[PUSH_CTRL] 2646 3.48557 3.57133 TRACK
[PUSH_CTRL] 2647 3.48379 3.57133 TRACK
[PUSH_CTRL] 2648 3.4824 3.57133 TRACK
[PUSH_CTRL] 2649 3.48164 3.57133 TRACK
[PUSH_CTRL] 2650 3.48126 3.57133 TRACK
[PUSH_CTRL] 2651 3.48088 3.57133 TRACK
[PUSH_CTRL] 2652 3.48043 3.57133 TRACK
[PUSH_CTRL] 2653 3.48582 3.57133 TRACK
[PUSH_CTRL] 2654 3.48483 3.57133 TRACK
[PUSH_CTRL] 2655 3.48399 3.57133 TRACK
[PUSH_CTRL] 2656 3.48336 3.57133 TRACK
[PUSH_CTRL] 2657 3.482 3.57133 TRACK
[PUSH_CTRL] 2658 3.48107 3.57133 TRACK
[PUSH_CTRL] 2659 3.48047 3.57133 TRACK
[PUSH_CTRL] 2660 3.48602 3.57133 TRACK
[PUSH_CTRL] 2661 3.48571 3.57133 TRACK
[PUSH_CTRL] 2662 3.48552 3.57133 TRACK
[PUSH_CTRL] 2663 3.48449 3.57133 TRACK
[PUSH_CTRL] 2664 3.48363 3.57133 TRACK
[PUSH_CTRL] 2665 3.48278 3.57133 TRACK
[PUSH_CTRL] 2666 3.48195 3.57133 TRACK
[PUSH_CTRL] 2667 3.487 3.57133 TRACK
[PUSH_CTRL] 2668 3.48641 3.57133 TRACK
[PUSH_CTRL] 2669 3.48588 3.57133 TRACK
[PUSH_CTRL] 2670 3.48541 3.57133 TRACK
[PUSH_CTRL] 2671 3.48501 3.57133 TRACK
[PUSH_CTRL] 2672 3.48468 3.57133 TRACK
[PUSH_CTRL] 2673 3.48457 3.57133 TRACK
[PUSH_CTRL] 2674 3.49034 3.57133 TRACK
[PUSH_CTRL] 2675 3.49087 3.57133 TRACK
[PUSH_CTRL] 2676 3.49063 3.57133 TRACK
[PUSH_CTRL] 2677 3.49021 3.57133 TRACK
[PUSH_CTRL] 2678 3.48967 3.57133 TRACK
[PUSH_CTRL] 2679 3.48903 3.57133 TRACK
[PUSH_CTRL] 2680 3.48797 3.57133 TRACK
[PUSH_CTRL] 2681 3.48661 3.57133 TRACK
[PUSH_CTRL] 2682 3.49122 3.57133 TRACK
[PUSH_CTRL] 2683 3.49017 3.57133 TRACK
[PUSH_CTRL] 2684 3.48921 3.57133 TRACK
[PUSH_CTRL] 2685 3.48846 3.57133 TRACK
[PUSH_CTRL] 2686 3.48793 3.57133 TRACK
[PUSH_CTRL] 2687 3.48759 3.57133 TRACK
[PUSH_CTRL] 2688 3.48715 3.57133 TRACK
[PUSH_CTRL] 2689 3.49236 3.57133 TRACK
[PUSH_CTRL] 2690 3.49177 3.57133 TRACK
[PUSH_CTRL] 2691 3.49109 3.57133 TRACK
[PUSH_CTRL] 2692 3.49003 3.57133 TRACK
[PUSH_CTRL] 2693 3.4887 3.57133 TRACK
[PUSH_CTRL] 2694 3.48745 3.57133 TRACK
[PUSH_CTRL] 2695 3.48638 3.57133 TRACK
[PUSH_CTRL] 2696 3.49137 3.57133 TRACK
[PUSH_CTRL] 2697 3.4908 3.57133 TRACK
[PUSH_CTRL] 2698 3.49022 3.57133 TRACK
[PUSH_CTRL] 2699 3.48879 3.57133 TRACK
[PUSH_CTRL] 2700 3.48694 3.57133 TRACK
[PUSH_CTRL] 2701 3.48605 3.57133 TRACK
[PUSH_CTRL] 2702 3.48543 3.57133 TRACK
[PUSH_CTRL] 2703 3.48521 3.57133 TRACK
[PUSH_CTRL] 2704 3.49107 3.57133 TRACK
[PUSH_CTRL] 2705 3.49156 3.57133 TRACK
[PUSH_CTRL] 2706 3.4927 3.57133 TRACK
[PUSH_CTRL] 2707 3.49341 3.57133 TRACK
[PUSH_CTRL] 2708 3.49377 3.57133 TRACK
[PUSH_CTRL] 2709 3.49389 3.57133 TRACK
[PUSH_CTRL] 2710 3.49354 3.57133 TRACK
[PUSH_CTRL] 2711 3.49855 3.57133 TRACK
[PUSH_CTRL] 2712 3.49758 3.57133 TRACK
[PUSH_CTRL] 2713 3.49623 3.57133 TRACK
[PUSH_CTRL] 2714 3.49495 3.57133 TRACK
[PUSH_CTRL] 2715 3.49382 3.57133 TRACK
[PUSH_CTRL] 2716 3.49296 3.57133 TRACK
[PUSH_CTRL] 2717 3.49236 3.57133 TRACK
[PUSH_CTRL] 2718 3.49692 3.57133 TRACK
[PUSH_CTRL] 2719 3.49565 3.57133 TRACK
[PUSH_CTRL] 2720 3.49409 3.57133 TRACK
[PUSH_CTRL] 2721 3.49295 3.57133 TRACK
[PUSH_CTRL] 2722 3.49209 3.57133 TRACK
[PUSH_CTRL] 2723 3.49148 3.57133 TRACK
[PUSH_CTRL] 2724 3.49125 3.57133 TRACK
[PUSH_CTRL] 2725 3.49681 3.57133 TRACK
[PUSH_CTRL] 2726 3.49668 3.57133 TRACK
[PUSH_CTRL] 2727 3.49638 3.57133 TRACK
[PUSH_CTRL] 2728 3.49597 3.57133 TRACK
[PUSH_CTRL] 2729 3.49545 3.57133 TRACK
[PUSH_CTRL] 2730 3.49463 3.57133 TRACK
[PUSH_CTRL] 2731 3.49377 3.57133 TRACK
[PUSH_CTRL] 2732 3.49299 3.57133 TRACK
[PUSH_CTRL] 2733 3.49789 3.57133 TRACK
[PUSH_CTRL] 2734 3.49722 3.57133 TRACK
[PUSH_CTRL] 2735 3.49649 3.57133 TRACK
[PUSH_CTRL] 2736 3.49572 3.57133 TRACK
[PUSH_CTRL] 2737 3.49493 3.57133 TRACK
[PUSH_CTRL] 2738 3.49438 3.57133 TRACK
[PUSH_CTRL] 2739 3.49394 3.57133 TRACK
[PUSH_CTRL] 2740 3.49924 3.57133 TRACK
[PUSH_CTRL] 2741 3.499 3.57133 TRACK
[PUSH_CTRL] 2742 3.49863 3.57133 TRACK
[PUSH_CTRL] 2743 3.49778 3.57133 TRACK
[PUSH_CTRL] 2744 3.49692 3.57133 TRACK
[PUSH_CTRL] 2745 3.49553 3.57133 TRACK
[PUSH_CTRL] 2746 3.49428 3.57133 TRACK
[PUSH_CTRL] 2747 3.49323 3.57133 TRACK
[PUSH_CTRL] 2748 3.49803 3.57133 TRACK
[PUSH_CTRL] 2749 3.49732 3.57133 TRACK
[PUSH_CTRL] 2750 3.49658 3.57133 TRACK
[PUSH_CTRL] 2751 3.49581 3.57133 TRACK
[PUSH_CTRL] 2752 3.49503 3.57133 TRACK
[PUSH_CTRL] 2753 3.49425 3.57133 TRACK
[PUSH_CTRL] 2754 3.49371 3.57133 TRACK
[PUSH_CTRL] 2755 3.49936 3.57133 TRACK
[PUSH_CTRL] 2756 3.4991 3.57133 TRACK
[PUSH_CTRL] 2757 3.49861 3.57133 TRACK
[PUSH_CTRL] 2758 3.49712 3.57133 TRACK
[PUSH_CTRL] 2759 3.49584 3.57133 TRACK
[PUSH_CTRL] 2760 3.49468 3.57133 TRACK
[PUSH_CTRL] 2761 3.49361 3.57133 TRACK
[PUSH_CTRL] 2762 3.49835 3.57133 TRACK
[PUSH_CTRL] 2763 3.49775 3.57133 TRACK
[PUSH_CTRL] 2764 3.49731 3.57133 TRACK
[PUSH_CTRL] 2765 3.49703 3.57133 TRACK
[PUSH_CTRL] 2766 3.49657 3.57133 TRACK
[PUSH_CTRL] 2767 3.49603 3.57133 TRACK
[PUSH_CTRL] 2768 3.49544 3.57133 TRACK
[PUSH_CTRL] 2769 3.4948 3.57133 TRACK
[PUSH_CTRL] 2770 3.49961 3.57133 TRACK
[PUSH_CTRL] 2771 3.49875 3.57133 TRACK
[PUSH_CTRL] 2772 3.49787 3.57133 TRACK
[PUSH_CTRL] 2773 3.49711 3.57133 TRACK
[PUSH_CTRL] 2774 3.49636 3.57133 TRACK
[PUSH_CTRL] 2775 3.4956 3.57133 TRACK
[PUSH_CTRL] 2776 3.49482 3.57133 TRACK
[PUSH_CTRL] 2777 3.49973 3.57133 TRACK
[PUSH_CTRL] 2778 3.49929 3.57133 TRACK
[PUSH_CTRL] 2779 3.49843 3.57133 TRACK
[PUSH_CTRL] 2780 3.49731 3.57133 TRACK
[PUSH_CTRL] 2781 3.49618 3.57133 TRACK
[PUSH_CTRL] 2782 3.49517 3.57133 TRACK
[PUSH_CTRL] 2783 3.49429 3.57133 TRACK
[PUSH_CTRL] 2784 3.49882 3.57133 TRACK
[PUSH_CTRL] 2785 3.49799 3.57133 TRACK
[PUSH_CTRL] 2786 3.49741 3.57133 TRACK
[PUSH_CTRL] 2787 3.49707 3.57133 TRACK
[PUSH_CTRL] 2788 3.49678 3.57133 TRACK
[PUSH_CTRL] 2789 3.49668 3.57133 TRACK
[PUSH_CTRL] 2790 3.49647 3.57133 TRACK
[PUSH_CTRL] 2791 3.49614 3.57133 TRACK
[PUSH_CTRL] 2792 3.501 3.57133 TRACK
[PUSH_CTRL] 2793 3.50047 3.57133 TRACK
[PUSH_CTRL] 2794 3.49962 3.57133 TRACK
[PUSH_CTRL] 2795 3.49864 3.57133 TRACK
[PUSH_CTRL] 2796 3.4977 3.57133 TRACK
[PUSH_CTRL] 2797 3.49685 3.57133 TRACK
[PUSH_CTRL] 2798 3.49623 3.57133 TRACK
[PUSH_CTRL] 2799 3.50166 3.57133 TRACK
[PUSH_CTRL] 2800 3.50162 3.57133 TRACK
[PUSH_CTRL] 2801 3.50099 3.57133 TRACK
[PUSH_CTRL] 2802 3.50028 3.57133 TRACK
[PUSH_CTRL] 2803 3.49936 3.57133 TRACK
[PUSH_CTRL] 2804 3.49847 3.57133 TRACK
[PUSH_CTRL] 2805 3.49766 3.57133 TRACK
[PUSH_CTRL] 2806 3.50217 3.57133 TRACK
[PUSH_CTRL] 2807 3.5015 3.57133 TRACK
[PUSH_CTRL] 2808 3.50088 3.57133 TRACK
[PUSH_CTRL] 2809 3.49945 3.57133 TRACK
[PUSH_CTRL] 2810 3.49821 3.57133 TRACK
[PUSH_CTRL] 2811 3.49708 3.57133 TRACK
[PUSH_CTRL] 2812 3.49602 3.57133 TRACK
[PUSH_CTRL] 2813 3.49501 3.57133 TRACK
[PUSH_CTRL] 2814 3.49957 3.57133 TRACK
[PUSH_CTRL] 2815 3.49888 3.57133 TRACK
[PUSH_CTRL] 2816 3.49823 3.57133 TRACK
[PUSH_CTRL] 2817 3.49767 3.57133 TRACK
[PUSH_CTRL] 2818 3.49718 3.57133 TRACK
[PUSH_CTRL] 2819 3.49693 3.57133 TRACK
[PUSH_CTRL] 2820 3.49746 3.57133 TRACK
[PUSH_CTRL] 2821 3.5029 3.57133 TRACK
[PUSH_CTRL] 2822 3.50291 3.57133 TRACK
[PUSH_CTRL] 2823 3.50272 3.57133 TRACK
[PUSH_CTRL] 2824 3.50236 3.57133 TRACK
[PUSH_CTRL] 2825 3.50168 3.57133 TRACK
[PUSH_CTRL] 2826 3.50092 3.57133 TRACK
[PUSH_CTRL] 2827 3.50015 3.57133 TRACK
[PUSH_CTRL] 2828 3.50454 3.57133 TRACK
[PUSH_CTRL] 2829 3.50382 3.57133 TRACK
[PUSH_CTRL] 2830 3.50327 3.57133 TRACK
[PUSH_CTRL] 2831 3.50276 3.57133 TRACK
[PUSH_CTRL] 2832 3.50234 3.57133 TRACK
[PUSH_CTRL] 2833 3.5019 3.57133 TRACK
[PUSH_CTRL] 2834 3.50142 3.57133 TRACK
[PUSH_CTRL] 2835 3.50591 3.57133 TRACK
[PUSH_CTRL] 2836 3.5053 3.57133 TRACK
[PUSH_CTRL] 2837 3.5046 3.57133 TRACK
[PUSH_CTRL] 2838 3.50384 3.57133 TRACK
[PUSH_CTRL] 2839 3.50304 3.57133 TRACK
[PUSH_CTRL] 2840 3.50221 3.57133 TRACK
[PUSH_CTRL] 2841 3.50145 3.57133 TRACK
[PUSH_CTRL] 2842 3.49991 3.57133 TRACK
[PUSH_CTRL] 2843 3.50391 3.57133 TRACK
[PUSH_CTRL] 2844 3.50308 3.57133 TRACK
[PUSH_CTRL] 2845 3.50242 3.57133 TRACK
[PUSH_CTRL] 2846 3.50192 3.57133 TRACK
[PUSH_CTRL] 2847 3.50172 3.57133 TRACK
[PUSH_CTRL] 2848 3.50153 3.57133 TRACK
[PUSH_CTRL] 2849 3.50125 3.57133 TRACK
[PUSH_CTRL] 2850 3.50592 3.57133 TRACK
[PUSH_CTRL] 2851 3.50548 3.57133 TRACK
[PUSH_CTRL] 2852 3.50494 3.57133 TRACK
[PUSH_CTRL] 2853 3.50432 3.57133 TRACK
[PUSH_CTRL] 2854 3.50364 3.57133 TRACK
[PUSH_CTRL] 2855 3.50316 3.57133 TRACK
[PUSH_CTRL] 2856 3.50277 3.57133 TRACK
[PUSH_CTRL] 2857 3.50739 3.57133 TRACK
[PUSH_CTRL] 2858 3.50705 3.57133 TRACK
[PUSH_CTRL] 2859 3.50573 3.57133 TRACK
[PUSH_CTRL] 2860 3.50478 3.57133 TRACK
[PUSH_CTRL] 2861 3.50433 3.57133 TRACK
[PUSH_CTRL] 2862 3.50398 3.57133 TRACK
[PUSH_CTRL] 2863 3.50363 3.57133 TRACK
[PUSH_CTRL] 2864 3.50812 3.57133 TRACK
[PUSH_CTRL] 2865 3.50769 3.57133 TRACK
[PUSH_CTRL] 2866 3.50719 3.57133 TRACK
[PUSH_CTRL] 2867 3.50664 3.57133 TRACK
[PUSH_CTRL] 2868 3.50611 3.57133 TRACK
[PUSH_CTRL] 2869 3.50563 3.57133 TRACK
[PUSH_CTRL] 2870 3.5052 3.57133 TRACK
[PUSH_CTRL] 2871 3.50485 3.57133 TRACK
[PUSH_CTRL] 2872 3.50952 3.57133 TRACK
[PUSH_CTRL] 2873 3.50924 3.57133 TRACK
[PUSH_CTRL] 2874 3.5085 3.57133 TRACK
[PUSH_CTRL] 2875 3.5083 3.57133 TRACK
[PUSH_CTRL] 2876 3.50801 3.57133 TRACK
[PUSH_CTRL] 2877 3.50763 3.57133 TRACK
[PUSH_CTRL] 2878 3.50716 3.57133 TRACK
[PUSH_CTRL] 2879 3.5114 3.57133 TRACK
[PUSH_CTRL] 2880 3.51081 3.57133 TRACK
[PUSH_CTRL] 2881 3.51014 3.57133 TRACK
[PUSH_CTRL] 2882 3.5097 3.57133 TRACK
[PUSH_CTRL] 2883 3.50935 3.57133 TRACK
[PUSH_CTRL] 2884 3.50923 3.57133 TRACK
[PUSH_CTRL] 2885 3.50924 3.57133 TRACK
[PUSH_CTRL] 2886 3.51423 3.57133 TRACK
[PUSH_CTRL] 2887 3.51431 3.57133 TRACK
[PUSH_CTRL] 2888 3.51435 3.57133 TRACK
[PUSH_CTRL] 2889 3.51442 3.57133 TRACK
[PUSH_CTRL] 2890 3.51436 3.57133 TRACK
[PUSH_CTRL] 2891 3.51426 3.57133 TRACK
[PUSH_CTRL] 2892 3.5133 3.57133 TRACK
[PUSH_CTRL] 2893 3.51713 3.57133 TRACK
[PUSH_CTRL] 2894 3.51672 3.57133 TRACK
[PUSH_CTRL] 2895 3.51632 3.57133 TRACK
[PUSH_CTRL] 2896 3.51587 3.57133 TRACK
[PUSH_CTRL] 2897 3.51539 3.57133 TRACK
[PUSH_CTRL] 2898 3.51488 3.57133 TRACK
[PUSH_CTRL] 2899 3.51433 3.57133 TRACK
[PUSH_CTRL] 2900 3.51827 3.57133 TRACK
[PUSH_CTRL] 2901 3.51775 3.57133 TRACK
[PUSH_CTRL] 2902 3.51722 3.57133 TRACK
[PUSH_CTRL] 2903 3.51672 3.57133 TRACK
[PUSH_CTRL] 2904 3.51634 3.57133 TRACK
[PUSH_CTRL] 2905 3.51599 3.57133 TRACK
[PUSH_CTRL] 2906 3.5156 3.57133 TRACK
[PUSH_CTRL] 2907 3.51517 3.57133 TRACK
[PUSH_CTRL] 2908 3.51912 3.57133 TRACK
[PUSH_CTRL] 2909 3.51859 3.57133 TRACK
[PUSH_CTRL] 2910 3.51799 3.57133 TRACK
[PUSH_CTRL] 2911 3.51758 3.57133 TRACK
[PUSH_CTRL] 2912 3.51724 3.57133 TRACK
[PUSH_CTRL] 2913 3.51697 3.57133 TRACK
[PUSH_CTRL] 2914 3.51587 3.57133 TRACK
[PUSH_CTRL] 2915 3.51977 3.57133 TRACK
[PUSH_CTRL] 2916 3.51947 3.57133 TRACK
[PUSH_CTRL] 2917 3.51912 3.57133 TRACK
[PUSH_CTRL] 2918 3.51872 3.57133 TRACK
[PUSH_CTRL] 2919 3.51828 3.57133 TRACK
[PUSH_CTRL] 2920 3.5178 3.57133 TRACK
[PUSH_CTRL] 2921 3.51731 3.57133 TRACK
[PUSH_CTRL] 2922 3.52108 3.57133 TRACK
[PUSH_CTRL] 2923 3.52052 3.57133 TRACK
[PUSH_CTRL] 2924 3.51995 3.57133 TRACK
[PUSH_CTRL] 2925 3.51924 3.57133 TRACK
[PUSH_CTRL] 2926 3.51872 3.57133 TRACK
[PUSH_CTRL] 2927 3.51837 3.57133 TRACK
[PUSH_CTRL] 2928 3.51807 3.57133 TRACK
[PUSH_CTRL] 2929 3.52197 3.57133 TRACK
[PUSH_CTRL] 2930 3.52194 3.57133 TRACK
[PUSH_CTRL] 2931 3.52209 3.57133 TRACK
[PUSH_CTRL] 2932 3.52237 3.57133 TRACK
[PUSH_CTRL] 2933 3.52328 3.57133 TRACK
[PUSH_CTRL] 2934 3.52384 3.57133 TRACK
[PUSH_CTRL] 2935 3.52404 3.57133 TRACK
[PUSH_CTRL] 2936 3.52401 3.57133 TRACK
[PUSH_CTRL] 2937 3.52784 3.57133 TRACK
[PUSH_CTRL] 2938 3.52753 3.57133 TRACK
[PUSH_CTRL] 2939 3.52711 3.57133 TRACK
[PUSH_CTRL] 2940 3.5266 3.57133 TRACK
[PUSH_CTRL] 2941 3.52603 3.57133 TRACK
[PUSH_CTRL] 2942 3.52543 3.57133 TRACK
[PUSH_CTRL] 2943 3.52399 3.57133 TRACK
[PUSH_CTRL] 2944 3.52695 3.57133 TRACK
[PUSH_CTRL] 2945 3.52616 3.57133 TRACK
[PUSH_CTRL] 2946 3.52556 3.57133 TRACK
[PUSH_CTRL] 2947 3.5251 3.57133 TRACK
[PUSH_CTRL] 2948 3.5249 3.57133 TRACK
[PUSH_CTRL] 2949 3.52487 3.57133 TRACK
[PUSH_CTRL] 2950 3.5248 3.57133 TRACK
[PUSH_CTRL] 2951 3.52859 3.57133 TRACK
[PUSH_CTRL] 2952 3.52837 3.57133 TRACK
[PUSH_CTRL] 2953 3.52765 3.57133 TRACK
[PUSH_CTRL] 2954 3.52693 3.57133 TRACK
[PUSH_CTRL] 2955 3.52621 3.57133 TRACK
[PUSH_CTRL] 2956 3.5255 3.57133 TRACK
[PUSH_CTRL] 2957 3.52502 3.57133 TRACK
[PUSH_CTRL] 2958 3.52773 3.57133 TRACK
[PUSH_CTRL] 2959 3.52688 3.57133 TRACK
[PUSH_CTRL] 2960 3.52627 3.57133 TRACK
[PUSH_CTRL] 2961 3.52586 3.57133 TRACK
[PUSH_CTRL] 2962 3.52559 3.57133 TRACK
[PUSH_CTRL] 2963 3.52556 3.57133 TRACK
[PUSH_CTRL] 2964 3.52567 3.57133 TRACK
[PUSH_CTRL] 2965 3.53033 3.57133 TRACK
[PUSH_CTRL] 2966 3.53089 3.57133 TRACK
[PUSH_CTRL] 2967 3.53121 3.57133 TRACK
[PUSH_CTRL] 2968 3.5315 3.57133 TRACK
[PUSH_CTRL] 2969 3.53162 3.57133 TRACK
[PUSH_CTRL] 2970 3.53158 3.57133 TRACK
[PUSH_CTRL] 2971 3.53127 3.57133 TRACK
[PUSH_CTRL] 2972 3.53089 3.57133 TRACK
[PUSH_CTRL] 2973 3.53416 3.57133 TRACK
[PUSH_CTRL] 2974 3.53459 3.57133 TRACK
[PUSH_CTRL] 2975 3.53465 3.57133 TRACK
[PUSH_CTRL] 2976 3.53448 3.57133 TRACK
[PUSH_CTRL] 2977 3.53411 3.57133 TRACK
[PUSH_CTRL] 2978 3.53289 3.57133 TRACK
[PUSH_CTRL] 2979 3.53179 3.57133 TRACK
[PUSH_CTRL] 2980 3.53443 3.57133 TRACK
[PUSH_CTRL] 2981 3.53357 3.57133 TRACK
[PUSH_CTRL] 2982 3.53277 3.57133 TRACK
[PUSH_CTRL] 2983 3.53206 3.57133 TRACK
[PUSH_CTRL] 2984 3.53147 3.57133 TRACK
[PUSH_CTRL] 2985 3.53098 3.57133 TRACK
[PUSH_CTRL] 2986 3.53059 3.57133 TRACK
[PUSH_CTRL] 2987 3.53377 3.57133 TRACK
[PUSH_CTRL] 2988 3.53344 3.57133 TRACK
[PUSH_CTRL] 2989 3.53318 3.57133 TRACK
[PUSH_CTRL] 2990 3.5329 3.57133 TRACK
[PUSH_CTRL] 2991 3.53259 3.57133 TRACK
[PUSH_CTRL] 2992 3.53223 3.57133 TRACK
[PUSH_CTRL] 2993 3.53182 3.57133 TRACK
[PUSH_CTRL] 2994 3.53487 3.57133 TRACK
[PUSH_CTRL] 2995 3.53436 3.57133 TRACK
[PUSH_CTRL] 2996 3.5338 3.57133 TRACK
[PUSH_CTRL] 2997 3.53327 3.57133 TRACK
[PUSH_CTRL] 2998 3.53279 3.57133 TRACK
[PUSH_CTRL] 2999 3.53237 3.57133 TRACK
[PUSH_CTRL] 3000 3.53211 3.57133 TRACK
[PUSH_CTRL] 3001 3.53197 3.57133 TRACK
[PUSH_CTRL] 3002 3.53541 3.57133 TRACK
[PUSH_CTRL] 3003 3.53526 3.57133 TRACK
[PUSH_CTRL] 3004 3.53501 3.57133 TRACK
[PUSH_CTRL] 3005 3.53469 3.57133 TRACK
[PUSH_CTRL] 3006 3.5343 3.57133 TRACK
[PUSH_CTRL] 3007 3.53386 3.57133 TRACK
[PUSH_CTRL] 3008 3.53338 3.57133 TRACK
[PUSH_CTRL] 3009 3.53654 3.57133 TRACK
[PUSH_CTRL] 3010 3.53631 3.57133 TRACK
[PUSH_CTRL] 3011 3.53609 3.57133 TRACK
[PUSH_CTRL] 3012 3.53595 3.57133 TRACK
[PUSH_CTRL] 3013 3.53588 3.57133 TRACK
[PUSH_CTRL] 3014 3.53585 3.57133 TRACK
[PUSH_CTRL] 3015 3.53483 3.57133 TRACK
[PUSH_CTRL] 3016 3.53738 3.57133 TRACK
[PUSH_CTRL] 3017 3.53667 3.57133 TRACK
[PUSH_CTRL] 3018 3.536 3.57133 TRACK
[PUSH_CTRL] 3019 3.53497 3.57133 TRACK
[PUSH_CTRL] 3020 3.53404 3.57133 TRACK
[PUSH_CTRL] 3021 3.5332 3.57133 TRACK
[PUSH_CTRL] 3022 3.53271 3.57133 TRACK
[PUSH_CTRL] 3023 3.5324 3.57133 TRACK
[PUSH_CTRL] 3024 3.53577 3.57133 TRACK
[PUSH_CTRL] 3025 3.53572 3.57133 TRACK
[PUSH_CTRL] 3026 3.53565 3.57133 TRACK
[PUSH_CTRL] 3027 3.53555 3.57133 TRACK
[PUSH_CTRL] 3028 3.53536 3.57133 TRACK
[PUSH_CTRL] 3029 3.53511 3.57133 TRACK
[PUSH_CTRL] 3030 3.5348 3.57133 TRACK
[PUSH_CTRL] 3031 3.53775 3.57133 TRACK
[PUSH_CTRL] 3032 3.5381 3.57133 TRACK
[PUSH_CTRL] 3033 3.53814 3.57133 TRACK
[PUSH_CTRL] 3034 3.53798 3.57133 TRACK
[PUSH_CTRL] 3035 3.53768 3.57133 TRACK
[PUSH_CTRL] 3036 3.53734 3.57133 TRACK
[PUSH_CTRL] 3037 3.53695 3.57133 TRACK
[PUSH_CTRL] 3038 3.53971 3.57133 TRACK
[PUSH_CTRL] 3039 3.53923 3.57133 TRACK
[PUSH_CTRL] 3040 3.5387 3.57133 TRACK
[PUSH_CTRL] 3041 3.53813 3.57133 TRACK
[PUSH_CTRL] 3042 3.53753 3.57133 TRACK
[PUSH_CTRL] 3043 3.53693 3.57133 TRACK
[PUSH_CTRL] 3044 3.5364 3.57133 TRACK
[PUSH_CTRL] 3045 3.53594 3.57133 TRACK
[PUSH_CTRL] 3046 3.53878 3.57133 TRACK
[PUSH_CTRL] 3047 3.53843 3.57133 TRACK
[PUSH_CTRL] 3048 3.53812 3.57133 TRACK
[PUSH_CTRL] 3049 3.53788 3.57133 TRACK
[PUSH_CTRL] 3050 3.53756 3.57133 TRACK
[PUSH_CTRL] 3051 3.5372 3.57133 TRACK
[PUSH_CTRL] 3052 3.53678 3.57133 TRACK
[PUSH_CTRL] 3053 3.53948 3.57133 TRACK
[PUSH_CTRL] 3054 3.53901 3.57133 TRACK
[PUSH_CTRL] 3055 3.53849 3.57133 TRACK
[PUSH_CTRL] 3056 3.53773 3.57133 TRACK
[PUSH_CTRL] 3057 3.53694 3.57133 TRACK
[PUSH_CTRL] 3058 3.53621 3.57133 TRACK
[PUSH_CTRL] 3059 3.53559 3.57133 TRACK
[PUSH_CTRL] 3060 3.53829 3.57133 TRACK
[PUSH_CTRL] 3061 3.53783 3.57133 TRACK
[PUSH_CTRL] 3062 3.53691 3.57133 TRACK
[PUSH_CTRL] 3063 3.53608 3.57133 TRACK
[PUSH_CTRL] 3064 3.5353 3.57133 TRACK
[PUSH_CTRL] 3065 3.53456 3.57133 TRACK
[PUSH_CTRL] 3066 3.53386 3.57133 TRACK
[PUSH_CTRL] 3067 3.5332 3.57133 TRACK
[PUSH_CTRL] 3068 3.53589 3.57133 TRACK
[PUSH_CTRL] 3069 3.53537 3.57133 TRACK
[PUSH_CTRL] 3070 3.53479 3.57133 TRACK
[PUSH_CTRL] 3071 3.53436 3.57133 TRACK
[PUSH_CTRL] 3072 3.53408 3.57133 TRACK
[PUSH_CTRL] 3073 3.533 3.57133 TRACK
[PUSH_CTRL] 3074 3.53206 3.57133 TRACK
[PUSH_CTRL] 3075 3.53483 3.57133 TRACK
[PUSH_CTRL] 3076 3.53434 3.57133 TRACK
[PUSH_CTRL] 3077 3.5338 3.57133 TRACK
[PUSH_CTRL] 3078 3.53322 3.57133 TRACK
[PUSH_CTRL] 3079 3.5327 3.57133 TRACK
[PUSH_CTRL] 3080 3.53224 3.57133 TRACK
[PUSH_CTRL] 3081 3.53185 3.57133 TRACK
[PUSH_CTRL] 3082 3.53468 3.57133 TRACK
[PUSH_CTRL] 3083 3.53436 3.57133 TRACK
[PUSH_CTRL] 3084 3.53481 3.57133 TRACK
[PUSH_CTRL] 3085 3.53502 3.57133 TRACK
[PUSH_CTRL] 3086 3.53506 3.57133 TRACK
[PUSH_CTRL] 3087 3.53498 3.57133 TRACK
[PUSH_CTRL] 3088 3.53479 3.57133 TRACK
[PUSH_CTRL] 3089 3.53428 3.57133 TRACK
[PUSH_CTRL] 3090 3.53684 3.57133 TRACK
[PUSH_CTRL] 3091 3.53621 3.57133 TRACK
[PUSH_CTRL] 3092 3.53556 3.57133 TRACK
[PUSH_CTRL] 3093 3.53496 3.57133 TRACK
[PUSH_CTRL] 3094 3.53445 3.57133 TRACK
[PUSH_CTRL] 3095 3.53406 3.57133 TRACK
[PUSH_CTRL] 3096 3.53289 3.57133 TRACK
[PUSH_CTRL] 3097 3.53512 3.57133 TRACK
[PUSH_CTRL] 3098 3.53431 3.57133 TRACK
[PUSH_CTRL] 3099 3.53352 3.57133 TRACK
[PUSH_CTRL] 3100 3.53276 3.57133 TRACK
[PUSH_CTRL] 3101 3.53202 3.57133 TRACK
[PUSH_CTRL] 3102 3.53159 3.57133 TRACK
[PUSH_CTRL] 3103 3.5312 3.57133 TRACK
[PUSH_CTRL] 3104 3.53402 3.57133 TRACK
[PUSH_CTRL] 3105 3.53366 3.57133 TRACK
[PUSH_CTRL] 3106 3.53334 3.57133 TRACK
[PUSH_CTRL] 3107 3.53308 3.57133 TRACK
[PUSH_CTRL] 3108 3.5329 3.57133 TRACK
[PUSH_CTRL] 3109 3.53264 3.57133 TRACK
[PUSH_CTRL] 3110 3.5323 3.57133 TRACK
[PUSH_CTRL] 3111 3.535 3.57133 TRACK
[PUSH_CTRL] 3112 3.53457 3.57133 TRACK
[PUSH_CTRL] 3113 3.53375 3.57133 TRACK
[PUSH_CTRL] 3114 3.53266 3.57133 TRACK
[PUSH_CTRL] 3115 3.53167 3.57133 TRACK
[PUSH_CTRL] 3116 3.53101 3.57133 TRACK
[PUSH_CTRL] 3117 3.53068 3.57133 TRACK
[PUSH_CTRL] 3118 3.53031 3.57133 TRACK
[PUSH_CTRL] 3119 3.53336 3.57133 TRACK
[PUSH_CTRL] 3120 3.53323 3.57133 TRACK
[PUSH_CTRL] 3121 3.53306 3.57133 TRACK
[PUSH_CTRL] 3122 3.53288 3.57133 TRACK
[PUSH_CTRL] 3123 3.53277 3.57133 TRACK
[PUSH_CTRL] 3124 3.53242 3.57133 TRACK
[PUSH_CTRL] 3125 3.532 3.57133 TRACK
[PUSH_CTRL] 3126 3.53443 3.57133 TRACK
[PUSH_CTRL] 3127 3.53366 3.57133 TRACK
[PUSH_CTRL] 3128 3.53288 3.57133 TRACK
[PUSH_CTRL] 3129 3.53212 3.57133 TRACK
[PUSH_CTRL] 3130 3.53143 3.57133 TRACK
[PUSH_CTRL] 3131 3.53082 3.57133 TRACK
[PUSH_CTRL] 3132 3.53031 3.57133 TRACK
[PUSH_CTRL] 3133 3.53311 3.57133 TRACK
[PUSH_CTRL] 3134 3.5328 3.57133 TRACK
[PUSH_CTRL] 3135 3.53248 3.57133 TRACK
[PUSH_CTRL] 3136 3.5321 3.57133 TRACK
[PUSH_CTRL] 3137 3.53165 3.57133 TRACK
[PUSH_CTRL] 3138 3.53117 3.57133 TRACK
[PUSH_CTRL] 3139 3.53066 3.57133 TRACK
[PUSH_CTRL] 3140 3.5301 3.57133 TRACK
[PUSH_CTRL] 3141 3.53271 3.57133 TRACK
[PUSH_CTRL] 3142 3.53221 3.57133 TRACK
[PUSH_CTRL] 3143 3.53155 3.57133 TRACK
[PUSH_CTRL] 3144 3.53107 3.57133 TRACK
[PUSH_CTRL] 3145 3.53075 3.57133 TRACK
[PUSH_CTRL] 3146 3.53043 3.57133 TRACK
[PUSH_CTRL] 3147 3.53005 3.57133 TRACK
[PUSH_CTRL] 3148 3.53273 3.57133 TRACK
[PUSH_CTRL] 3149 3.53225 3.57133 TRACK
[PUSH_CTRL] 3150 3.53204 3.57133 TRACK
[PUSH_CTRL] 3151 3.53174 3.57133 TRACK
[PUSH_CTRL] 3152 3.53142 3.57133 TRACK
[PUSH_CTRL] 3153 3.53122 3.57133 TRACK
[PUSH_CTRL] 3154 3.53106 3.57133 TRACK
[PUSH_CTRL] 3155 3.53398 3.57133 TRACK
[PUSH_CTRL] 3156 3.53376 3.57133 TRACK
[PUSH_CTRL] 3157 3.53345 3.57133 TRACK
[PUSH_CTRL] 3158 3.53306 3.57133 TRACK
[PUSH_CTRL] 3159 3.53259 3.57133 TRACK
[PUSH_CTRL] 3160 3.53169 3.57133 TRACK
[PUSH_CTRL] 3161 3.53047 3.57133 TRACK
[PUSH_CTRL] 3162 3.53244 3.57133 TRACK
[PUSH_CTRL] 3163 3.53148 3.57133 TRACK
[PUSH_CTRL] 3164 3.53062 3.57133 TRACK
[PUSH_CTRL] 3165 3.52989 3.57133 TRACK
[PUSH_CTRL] 3166 3.52929 3.57133 TRACK
[PUSH_CTRL] 3167 3.52892 3.57133 TRACK
[PUSH_CTRL] 3168 3.52872 3.57133 TRACK
[PUSH_CTRL] 3169 3.52865 3.57133 TRACK
[PUSH_CTRL] 3170 3.53166 3.57133 TRACK
[PUSH_CTRL] 3171 3.53148 3.57133 TRACK
[PUSH_CTRL] 3172 3.5312 3.57133 TRACK
[PUSH_CTRL] 3173 3.53046 3.57133 TRACK
[PUSH_CTRL] 3174 3.52939 3.57133 TRACK
[PUSH_CTRL] 3175 3.52841 3.57133 TRACK
[PUSH_CTRL] 3176 3.5275 3.57133 TRACK
[PUSH_CTRL] 3177 3.52995 3.57133 TRACK
[PUSH_CTRL] 3178 3.52929 3.57133 TRACK
[PUSH_CTRL] 3179 3.52866 3.57133 TRACK
[PUSH_CTRL] 3180 3.52813 3.57133 TRACK
[PUSH_CTRL] 3181 3.52758 3.57133 TRACK
[PUSH_CTRL] 3182 3.52702 3.57133 TRACK
[PUSH_CTRL] 3183 3.52622 3.57133 TRACK
[PUSH_CTRL] 3184 3.52542 3.57133 TRACK
[PUSH_CTRL] 3185 3.52793 3.57133 TRACK
[PUSH_CTRL] 3186 3.52722 3.57133 TRACK
[PUSH_CTRL] 3187 3.52641 3.57133 TRACK
[PUSH_CTRL] 3188 3.52561 3.57133 TRACK
[PUSH_CTRL] 3189 3.52485 3.57133 TRACK
[PUSH_CTRL] 3190 3.52413 3.57133 TRACK
[PUSH_CTRL] 3191 3.52343 3.57133 TRACK
[PUSH_CTRL] 3192 3.52605 3.57133 TRACK
[PUSH_CTRL] 3193 3.52534 3.57133 TRACK
[PUSH_CTRL] 3194 3.52464 3.57133 TRACK
[PUSH_CTRL] 3195 3.52393 3.57133 TRACK
[PUSH_CTRL] 3196 3.52345 3.57133 TRACK
[PUSH_CTRL] 3197 3.52309 3.57133 TRACK
[PUSH_CTRL] 3198 3.5238 3.57133 TRACK
[PUSH_CTRL] 3199 3.52739 3.57133 TRACK
[PUSH_CTRL] 3200 3.52697 3.57133 TRACK
[PUSH_CTRL] 3201 3.52541 3.57133 TRACK
[PUSH_CTRL] 3202 3.52405 3.57133 TRACK
[PUSH_CTRL] 3203 3.52297 3.57133 TRACK
[PUSH_CTRL] 3204 3.52198 3.57133 TRACK
[PUSH_CTRL] 3205 3.52105 3.57133 TRACK
[PUSH_CTRL] 3206 3.5204 3.57133 TRACK
[PUSH_CTRL] 3207 3.52335 3.57133 TRACK
[PUSH_CTRL] 3208 3.52311 3.57133 TRACK
[PUSH_CTRL] 3209 3.52309 3.57133 TRACK
[PUSH_CTRL] 3210 3.52321 3.57133 TRACK
[PUSH_CTRL] 3211 3.52325 3.57133 TRACK
[PUSH_CTRL] 3212 3.52334 3.57133 TRACK
[PUSH_CTRL] 3213 3.52355 3.57133 TRACK
[PUSH_CTRL] 3214 3.52681 3.57133 TRACK
[PUSH_CTRL] 3215 3.52673 3.57133 TRACK
[PUSH_CTRL] 3216 3.52669 3.57133 TRACK
[PUSH_CTRL] 3217 3.52658 3.57133 TRACK
[PUSH_CTRL] 3218 3.5267 3.57133 TRACK
[PUSH_CTRL] 3219 3.52677 3.57133 TRACK
[PUSH_CTRL] 3220 3.52624 3.57133 TRACK
[PUSH_CTRL] 3221 3.52838 3.57133 TRACK
[PUSH_CTRL] 3222 3.52709 3.57133 TRACK
[PUSH_CTRL] 3223 3.52584 3.57133 TRACK
[PUSH_CTRL] 3224 3.52435 3.57133 TRACK
[PUSH_CTRL] 3225 3.52229 3.57133 TRACK
[PUSH_CTRL] 3226 3.52001 3.57133 TRACK
[PUSH_CTRL] 3227 3.51846 3.57133 TRACK
[PUSH_CTRL] 3228 3.51747 3.57133 TRACK
[PUSH_CTRL] 3229 3.52069 3.57133 TRACK
[PUSH_CTRL] 3230 3.52069 3.57133 TRACK
[PUSH_CTRL] 3231 3.52066 3.57133 TRACK
[PUSH_CTRL] 3232 3.52008 3.57133 TRACK
[PUSH_CTRL] 3233 3.51947 3.57133 TRACK
[PUSH_CTRL] 3234 3.51885 3.57133 TRACK
[PUSH_CTRL] 3235 3.51821 3.57133 TRACK
[PUSH_CTRL] 3236 3.52103 3.57133 TRACK
[PUSH_CTRL] 3237 3.5204 3.57133 TRACK
[PUSH_CTRL] 3238 3.52 3.57133 TRACK
[PUSH_CTRL] 3239 3.51969 3.57133 TRACK
[PUSH_CTRL] 3240 3.51945 3.57133 TRACK
[PUSH_CTRL] 3241 3.51928 3.57133 TRACK
[PUSH_CTRL] 3242 3.51914 3.57133 TRACK
[PUSH_CTRL] 3243 3.52256 3.57133 TRACK
[PUSH_CTRL] 3244 3.52249 3.57133 TRACK
[PUSH_CTRL] 3245 3.52237 3.57133 TRACK
[PUSH_CTRL] 3246 3.52217 3.57133 TRACK
[PUSH_CTRL] 3247 3.52189 3.57133 TRACK
[PUSH_CTRL] 3248 3.5211 3.57133 TRACK
[PUSH_CTRL] 3249 3.52032 3.57133 TRACK
[PUSH_CTRL] 3250 3.52294 3.57133 TRACK
[PUSH_CTRL] 3251 3.52219 3.57133 TRACK
[PUSH_CTRL] 3252 3.52143 3.57133 TRACK
[PUSH_CTRL] 3253 3.52094 3.57133 TRACK
[PUSH_CTRL] 3254 3.52048 3.57133 TRACK
[PUSH_CTRL] 3255 3.52007 3.57133 TRACK
[PUSH_CTRL] 3256 3.51971 3.57133 TRACK
[PUSH_CTRL] 3257 3.51941 3.57133 TRACK
[PUSH_CTRL] 3258 3.52268 3.57133 TRACK
[PUSH_CTRL] 3259 3.52249 3.57133 TRACK
[PUSH_CTRL] 3260 3.52228 3.57133 TRACK
[PUSH_CTRL] 3261 3.52201 3.57133 TRACK
[PUSH_CTRL] 3262 3.52168 3.57133 TRACK
[PUSH_CTRL] 3263 3.52127 3.57133 TRACK
[PUSH_CTRL] 3264 3.52079 3.57133 TRACK
[PUSH_CTRL] 3265 3.52361 3.57133 TRACK
[PUSH_CTRL] 3266 3.52304 3.57133 TRACK
[PUSH_CTRL] 3267 3.52207 3.57133 TRACK
[PUSH_CTRL] 3268 3.52116 3.57133 TRACK
[PUSH_CTRL] 3269 3.52054 3.57133 TRACK
[PUSH_CTRL] 3270 3.52009 3.57133 TRACK
[PUSH_CTRL] 3271 3.51977 3.57133 TRACK
[PUSH_CTRL] 3272 3.52291 3.57133 TRACK
[PUSH_CTRL] 3273 3.52269 3.57133 TRACK
[PUSH_CTRL] 3274 3.52254 3.57133 TRACK
[PUSH_CTRL] 3275 3.52244 3.57133 TRACK
[PUSH_CTRL] 3276 3.52238 3.57133 TRACK
[PUSH_CTRL] 3277 3.52149 3.57133 TRACK
[PUSH_CTRL] 3278 3.52068 3.57133 TRACK
[PUSH_CTRL] 3279 3.52325 3.57133 TRACK
[PUSH_CTRL] 3280 3.52214 3.57133 TRACK
[PUSH_CTRL] 3281 3.52109 3.57133 TRACK
[PUSH_CTRL] 3282 3.52009 3.57133 TRACK
[PUSH_CTRL] 3283 3.51883 3.57133 TRACK
[PUSH_CTRL] 3284 3.51737 3.57133 TRACK
[PUSH_CTRL] 3285 3.51632 3.57133 TRACK
[PUSH_CTRL] 3286 3.51555 3.57133 TRACK
[PUSH_CTRL] 3287 3.51854 3.57133 TRACK
[PUSH_CTRL] 3288 3.51811 3.57133 TRACK
[PUSH_CTRL] 3289 3.51785 3.57133 TRACK
[PUSH_CTRL] 3290 3.51773 3.57133 TRACK
[PUSH_CTRL] 3291 3.51769 3.57133 TRACK
[PUSH_CTRL] 3292 3.51761 3.57133 TRACK
[PUSH_CTRL] 3293 3.51741 3.57133 TRACK
[PUSH_CTRL] 3294 3.52059 3.57133 TRACK
[PUSH_CTRL] 3295 3.51985 3.57133 TRACK
[PUSH_CTRL] 3296 3.51876 3.57133 TRACK
[PUSH_CTRL] 3297 3.51775 3.57133 TRACK
[PUSH_CTRL] 3298 3.51699 3.57133 TRACK
[PUSH_CTRL] 3299 3.51719 3.57133 TRACK
[PUSH_CTRL] 3300 3.51748 3.57133 TRACK
[PUSH_CTRL] 3301 3.51771 3.57133 TRACK
[PUSH_CTRL] 3302 3.52134 3.57133 TRACK
[PUSH_CTRL] 3303 3.52136 3.57133 TRACK
[PUSH_CTRL] 3304 3.52105 3.57133 TRACK
[PUSH_CTRL] 3305 3.52039 3.57133 TRACK
[PUSH_CTRL] 3306 3.51968 3.57133 TRACK
[PUSH_CTRL] 3307 3.51802 3.57133 TRACK
[PUSH_CTRL] 3308 3.5166 3.57133 TRACK
[PUSH_CTRL] 3309 3.51906 3.57133 TRACK
[PUSH_CTRL] 3310 3.51834 3.57133 TRACK
[PUSH_CTRL] 3311 3.51791 3.57133 TRACK
[PUSH_CTRL] 3312 3.51769 3.57133 TRACK
[PUSH_CTRL] 3313 3.51762 3.57133 TRACK
[PUSH_CTRL] 3314 3.51763 3.57133 TRACK
[PUSH_CTRL] 3315 3.51788 3.57133 TRACK
[PUSH_CTRL] 3316 3.52164 3.57133 TRACK
[PUSH_CTRL] 3317 3.52174 3.57133 TRACK
[PUSH_CTRL] 3318 3.52122 3.57133 TRACK
[PUSH_CTRL] 3319 3.52024 3.57133 TRACK
[PUSH_CTRL] 3320 3.51929 3.57133 TRACK
[PUSH_CTRL] 3321 3.51836 3.57133 TRACK
[PUSH_CTRL] 3322 3.51747 3.57133 TRACK
[PUSH_CTRL] 3323 3.51627 3.57133 TRACK
[PUSH_CTRL] 3324 3.51806 3.57133 TRACK
[PUSH_CTRL] 3325 3.51671 3.57133 TRACK
[PUSH_CTRL] 3326 3.51568 3.57133 TRACK
[PUSH_CTRL] 3327 3.51493 3.57133 TRACK
[PUSH_CTRL] 3328 3.51459 3.57133 TRACK
[PUSH_CTRL] 3329 3.51452 3.57133 TRACK
[PUSH_CTRL] 3330 3.51523 3.57133 TRACK
[PUSH_CTRL] 3331 3.51923 3.57133 TRACK
[PUSH_CTRL] 3332 3.51941 3.57133 TRACK
[PUSH_CTRL] 3333 3.51938 3.57133 TRACK
[PUSH_CTRL] 3334 3.5192 3.57133 TRACK
[PUSH_CTRL] 3335 3.5189 3.57133 TRACK
[PUSH_CTRL] 3336 3.51851 3.57133 TRACK
[PUSH_CTRL] 3337 3.51787 3.57133 TRACK
[PUSH_CTRL] 3338 3.52073 3.57133 TRACK
[PUSH_CTRL] 3339 3.52007 3.57133 TRACK
[PUSH_CTRL] 3340 3.51941 3.57133 TRACK
[PUSH_CTRL] 3341 3.51881 3.57133 TRACK
[PUSH_CTRL] 3342 3.51828 3.57133 TRACK
[PUSH_CTRL] 3343 3.51792 3.57133 TRACK
[PUSH_CTRL] 3344 3.51769 3.57133 TRACK
[PUSH_CTRL] 3345 3.52018 3.57133 TRACK
[PUSH_CTRL] 3346 3.51932 3.57133 TRACK
[PUSH_CTRL] 3347 3.51851 3.57133 TRACK
[PUSH_CTRL] 3348 3.51775 3.57133 TRACK
[PUSH_CTRL] 3349 3.517 3.57133 TRACK
[PUSH_CTRL] 3350 3.51625 3.57133 TRACK
[PUSH_CTRL] 3351 3.51551 3.57133 TRACK
[PUSH_CTRL] 3352 3.515 3.57133 TRACK
[PUSH_CTRL] 3353 3.51833 3.57133 TRACK
[PUSH_CTRL] 3354 3.51812 3.57133 TRACK
[PUSH_CTRL] 3355 3.51795 3.57133 TRACK
[PUSH_CTRL] 3356 3.5178 3.57133 TRACK
[PUSH_CTRL] 3357 3.51768 3.57133 TRACK
[PUSH_CTRL] 3358 3.51768 3.57133 TRACK
[PUSH_CTRL] 3359 3.51776 3.57133 TRACK
[PUSH_CTRL] 3360 3.52136 3.57133 TRACK
[PUSH_CTRL] 3361 3.52129 3.57133 TRACK
[PUSH_CTRL] 3362 3.52108 3.57133 TRACK
[PUSH_CTRL] 3363 3.52033 3.57133 TRACK
[PUSH_CTRL] 3364 3.51958 3.57133 TRACK
[PUSH_CTRL] 3365 3.51881 3.57133 TRACK
[PUSH_CTRL] 3366 3.51805 3.57133 TRACK
[PUSH_CTRL] 3367 3.52079 3.57133 TRACK
[PUSH_CTRL] 3368 3.51974 3.57133 TRACK
[PUSH_CTRL] 3369 3.51878 3.57133 TRACK
[PUSH_CTRL] 3370 3.51796 3.57133 TRACK
[PUSH_CTRL] 3371 3.51727 3.57133 TRACK
[PUSH_CTRL] 3372 3.51672 3.57133 TRACK
[PUSH_CTRL] 3373 3.51643 3.57133 TRACK
[PUSH_CTRL] 3374 3.51984 3.57133 TRACK
[PUSH_CTRL] 3375 3.51966 3.57133 TRACK
[PUSH_CTRL] 3376 3.51937 3.57133 TRACK
[PUSH_CTRL] 3377 3.519 3.57133 TRACK
[PUSH_CTRL] 3378 3.51855 3.57133 TRACK
[PUSH_CTRL] 3379 3.51805 3.57133 TRACK
[PUSH_CTRL] 3380 3.51752 3.57133 TRACK
[PUSH_CTRL] 3381 3.51695 3.57133 TRACK
[PUSH_CTRL] 3382 3.51992 3.57133 TRACK
[PUSH_CTRL] 3383 3.51931 3.57133 TRACK
[PUSH_CTRL] 3384 3.51872 3.57133 TRACK
[PUSH_CTRL] 3385 3.518 3.57133 TRACK
[PUSH_CTRL] 3386 3.51752 3.57133 TRACK
[PUSH_CTRL] 3387 3.51622 3.57133 TRACK
[PUSH_CTRL] 3388 3.51533 3.57133 TRACK
[PUSH_CTRL] 3389 3.51761 3.57133 TRACK
[PUSH_CTRL] 3390 3.51686 3.57133 TRACK
[PUSH_CTRL] 3391 3.51615 3.57133 TRACK
[PUSH_CTRL] 3392 3.51544 3.57133 TRACK
[PUSH_CTRL] 3393 3.51475 3.57133 TRACK
[PUSH_CTRL] 3394 3.51415 3.57133 TRACK
[PUSH_CTRL] 3395 3.51375 3.57133 TRACK
[PUSH_CTRL] 3396 3.51715 3.57133 TRACK
[PUSH_CTRL] 3397 3.51685 3.57133 TRACK
[PUSH_CTRL] 3398 3.51664 3.57133 TRACK
[PUSH_CTRL] 3399 3.51636 3.57133 TRACK
[PUSH_CTRL] 3400 3.516 3.57133 TRACK
[PUSH_CTRL] 3401 3.51584 3.57133 TRACK
[PUSH_CTRL] 3402 3.51576 3.57133 TRACK
[PUSH_CTRL] 3403 3.51589 3.57133 TRACK
[PUSH_CTRL] 3404 3.51969 3.57133 TRACK
[PUSH_CTRL] 3405 3.51931 3.57133 TRACK
[PUSH_CTRL] 3406 3.51846 3.57133 TRACK
[PUSH_CTRL] 3407 3.51727 3.57133 TRACK
[PUSH_CTRL] 3408 3.51582 3.57133 TRACK
[PUSH_CTRL] 3409 3.51462 3.57133 TRACK
[PUSH_CTRL] 3410 3.51364 3.57133 TRACK
[PUSH_CTRL] 3411 3.51673 3.57133 TRACK
[PUSH_CTRL] 3412 3.51623 3.57133 TRACK
[PUSH_CTRL] 3413 3.51561 3.57133 TRACK
[PUSH_CTRL] 3414 3.51496 3.57133 TRACK
[PUSH_CTRL] 3415 3.51429 3.57133 TRACK
[PUSH_CTRL] 3416 3.51361 3.57133 TRACK
[PUSH_CTRL] 3417 3.51293 3.57133 TRACK
[PUSH_CTRL] 3418 3.51604 3.57133 TRACK
[PUSH_CTRL] 3419 3.51543 3.57133 TRACK
[PUSH_CTRL] 3420 3.51488 3.57133 TRACK
[PUSH_CTRL] 3421 3.51438 3.57133 TRACK
[PUSH_CTRL] 3422 3.51349 3.57133 TRACK
[PUSH_CTRL] 3423 3.51266 3.57133 TRACK
[PUSH_CTRL] 3424 3.5119 3.57133 TRACK
[PUSH_CTRL] 3425 3.51117 3.57133 TRACK
[PUSH_CTRL] 3426 3.51437 3.57133 TRACK
[PUSH_CTRL] 3427 3.51382 3.57133 TRACK
[PUSH_CTRL] 3428 3.51336 3.57133 TRACK
[PUSH_CTRL] 3429 3.51286 3.57133 TRACK
[PUSH_CTRL] 3430 3.51232 3.57133 TRACK
[PUSH_CTRL] 3431 3.51176 3.57133 TRACK
[PUSH_CTRL] 3432 3.51124 3.57133 TRACK
[PUSH_CTRL] 3433 3.51459 3.57133 TRACK
[PUSH_CTRL] 3434 3.51426 3.57133 TRACK
[PUSH_CTRL] 3435 3.51392 3.57133 TRACK
[PUSH_CTRL] 3436 3.51362 3.57133 TRACK
[PUSH_CTRL] 3437 3.51325 3.57133 TRACK
[PUSH_CTRL] 3438 3.51281 3.57133 TRACK
[PUSH_CTRL] 3439 3.51229 3.57133 TRACK
[PUSH_CTRL] 3440 3.51546 3.57133 TRACK
[PUSH_CTRL] 3441 3.51483 3.57133 TRACK
[PUSH_CTRL] 3442 3.51415 3.57133 TRACK
[PUSH_CTRL] 3443 3.51342 3.57133 TRACK
[PUSH_CTRL] 3444 3.5125 3.57133 TRACK
[PUSH_CTRL] 3445 3.5118 3.57133 TRACK
[PUSH_CTRL] 3446 3.51129 3.57133 TRACK
[PUSH_CTRL] 3447 3.51093 3.57133 TRACK
[PUSH_CTRL] 3448 3.51465 3.57133 TRACK
[PUSH_CTRL] 3449 3.51455 3.57133 TRACK
[PUSH_CTRL] 3450 3.51443 3.57133 TRACK
[PUSH_CTRL] 3451 3.5142 3.57133 TRACK
[PUSH_CTRL] 3452 3.51386 3.57133 TRACK
[PUSH_CTRL] 3453 3.51345 3.57133 TRACK
[PUSH_CTRL] 3454 3.51296 3.57133 TRACK
[PUSH_CTRL] 3455 3.51617 3.57133 TRACK
[PUSH_CTRL] 3456 3.5156 3.57133 TRACK
[PUSH_CTRL] 3457 3.51524 3.57133 TRACK
[PUSH_CTRL] 3458 3.51495 3.57133 TRACK
[PUSH_CTRL] 3459 3.51483 3.57133 TRACK
[PUSH_CTRL] 3460 3.51482 3.57133 TRACK
[PUSH_CTRL] 3461 3.51477 3.57133 TRACK
[PUSH_CTRL] 3462 3.51835 3.57133 TRACK
[PUSH_CTRL] 3463 3.51817 3.57133 TRACK
[PUSH_CTRL] 3464 3.51739 3.57133 TRACK
[PUSH_CTRL] 3465 3.51651 3.57133 TRACK
[PUSH_CTRL] 3466 3.51556 3.57133 TRACK
[PUSH_CTRL] 3467 3.51462 3.57133 TRACK
[PUSH_CTRL] 3468 3.51388 3.57133 TRACK
[PUSH_CTRL] 3469 3.5134 3.57133 TRACK
